channel_id,channel_name,channel_category,creator_country,primary_language,channel_created_date,subscriber_band,content_rating
C00001,Pixel League,Sports,Japan,Japanese,2010-08-18,<10K,General
C00002,Urban Sessions,Music,South Korea,English,2017-04-08,<10K,General
C00003,Maria Institute,Education,India,Hindi,2025-09-15,100K-1M,General
C00004,Central Maria,Entertainment,Brazil,Portuguese,2019-10-08,<10K,Teen
C00005,Nova Explained,Education,Canada,French,2013-04-22,<10K,General
C00006,Daily Comedy,Comedy,South Korea,Korean,2012-06-08,1M-10M,General
C00007,WanderExplained,Education,India,Hindi,2023-04-03,<10K,General
C00008,TheFitness,Sports,France,French,2023-07-25,<10K,General
C00009,Tech Prime,Technology,Nigeria,English,2023-12-07,10K-100K,General
C00010,Hub Sam,Entertainment,Australia,English,2016-01-23,100K-1M,General
C00011,Sessions Global,Music,Turkey,Turkish,2011-12-17,10K-100K,Teen
C00012,True Arena,Gaming,Brazil,Portuguese,2021-09-28,<10K,General
C00013,Academy Wander,Education,Japan,Japanese,2012-10-07,10K-100K,General
C00014,RealDiaries,Lifestyle,Germany,German,2010-02-27,1M-10M,General
C00015,Wander Central,Entertainment,Canada,English,2021-05-24,100K-1M,General
C00016,AlexCo,Lifestyle,Indonesia,Indonesian,2021-08-13,100K-1M,General
C00017,DailyLeague,Sports,Indonesia,Indonesian,2024-08-12,<10K,General
C00018,NovaShow,Comedy,United States,English,2025-11-25,100K-1M,General
C00019,Real Vibes,Music,Indonesia,English,2013-12-29,<10K,General
C00020,North Zone,Gaming,Indonesia,Indonesian,2018-09-26,10K-100K,General
C00021,Laughs Global,Comedy,Nigeria,English,2021-06-25,10K-100K,General
C00022,Labs Indie,Technology,India,Hindi,2010-01-28,<10K,General
C00023,Nova Learn,Education,United Kingdom,English,2019-02-24,<10K,General
C00024,NextUnfiltered,Comedy,Indonesia,Indonesian,2018-10-01,100K-1M,General
C00025,Now Maria,News,Thailand,Thai,2017-09-14,100K-1M,General
C00026,Priya Hub,Entertainment,India,Tamil,2012-10-18,<10K,General
C00027,Fresh Reviews,Technology,Turkey,Turkish,2010-03-13,<10K,Teen
C00028,True News,News,Indonesia,Indonesian,2018-09-22,10K-100K,Teen
C00029,Global Squad,Gaming,Thailand,Thai,2024-02-10,<10K,General
C00030,Fresh Athletics,Sports,Nigeria,English,2024-06-15,<10K,General
C00031,DailyLab,Education,Vietnam,English,2013-03-11,10K-100K,Mature
C00032,NorthSquad,Gaming,Indonesia,English,2015-09-21,10K-100K,General
C00033,Sessions Priya,Music,India,Hindi,2015-11-17,<10K,General
C00034,Sessions Maria,Music,Mexico,English,2018-01-12,100K-1M,General
C00035,WanderZone,Gaming,India,Hindi,2020-04-12,1M-10M,Teen
C00036,Sam Plays,Gaming,India,Hindi,2018-08-11,10K-100K,General
C00037,Priya Explained,Education,Brazil,English,2016-10-01,10K-100K,Mature
C00038,Fresh Studio,Music,India,Hindi,2010-06-29,<10K,General
C00039,Global Studio,Entertainment,Vietnam,Vietnamese,2019-06-22,100K-1M,General
C00040,Records Priya,Music,Nigeria,English,2013-01-25,10K-100K,General
C00041,NorthLearn,Education,Canada,English,2018-08-14,10K-100K,Teen
C00042,DailyLearn,Education,India,Tamil,2017-01-18,<10K,General
C00043,Nova Vibes,Entertainment,Nigeria,English,2012-07-14,10K-100K,General
C00044,Prime Live,Entertainment,India,Hindi,2018-04-09,10K-100K,General
C00045,LOL Indie,Comedy,India,Hindi,2012-11-15,<10K,General
C00046,TheBeats,Music,Germany,German,2026-02-01,<10K,General
C00047,True Sounds,Music,Indonesia,English,2011-11-09,10M+,General
C00048,AlexExplained,Education,Germany,German,2010-09-16,<10K,Teen
C00049,PrimeGG,Gaming,India,Hindi,2012-08-14,<10K,Teen
C00050,Indie Arena,Sports,Indonesia,Indonesian,2010-01-24,<10K,General
C00051,DailyArena,Gaming,Nigeria,English,2026-02-15,10K-100K,General
C00052,True Vibes,Music,Spain,Spanish,2013-03-18,10K-100K,General
C00053,Wander Forge,Gaming,Turkey,Turkish,2025-03-02,100K-1M,General
C00054,Co Prime,Lifestyle,India,Tamil,2018-12-30,<10K,General
C00055,Studio Wander,Entertainment,Vietnam,,2017-05-22,100K-1M,General
C00056,PixelAthletics,Sports,Indonesia,Indonesian,2023-06-04,<10K,General
C00057,Academy Pixel,Education,France,French,2018-03-30,<10K,General
C00058,TrueFitness,Sports,Philippines,Filipino,2017-08-15,10K-100K,Teen
C00059,Nova Sports,Sports,Brazil,Portuguese,2011-11-29,<10K,Mature
C00060,WanderVibes,Entertainment,Italy,Italian,2022-04-03,<10K,General
C00061,Urban Co,Lifestyle,India,,2011-10-31,10K-100K,General
C00062,PrimeDigital,Technology,Indonesia,Indonesian,2016-09-27,10K-100K,General
C00063,GG Kenji,Gaming,United States,English,2021-09-07,<10K,General
C00064,Sports Raj,Sports,India,Kannada,2015-02-02,10K-100K,General
C00065,PriyaNews,News,India,Bengali,2018-05-17,10K-100K,Teen
C00066,Live The,Entertainment,United States,English,2013-12-01,<10K,General
C00067,Urban Zone,Entertainment,South Korea,Korean,2019-11-25,<10K,General
C00068,Pixel Live,Entertainment,India,Hindi,2017-04-06,100K-1M,Teen
C00069,Kenji Circuit,Technology,India,Marathi,2014-05-03,<10K,General
C00070,Co Wander,Lifestyle,Germany,,2024-05-31,<10K,General
C00071,Institute Priya,Education,Brazil,English,2026-03-08,<10K,General
C00072,SamSkits,Comedy,Vietnam,English,2018-07-29,<10K,General
C00073,GG North,Gaming,United States,Spanish,2010-01-28,100K-1M,Teen
C00074,NorthVibes,Music,Philippines,English,2017-11-11,<10K,General
C00075,Arena Daily,Sports,Brazil,Portuguese,2016-11-21,10K-100K,Mature
C00076,RealByte,Technology,Philippines,Filipino,2024-06-21,<10K,General
C00077,True Unfiltered,Comedy,Thailand,Thai,2016-11-12,10K-100K,Teen
C00078,PriyaDaily,Sports,India,Hindi,2012-04-12,100K-1M,Teen
C00079,Prime Forge,Gaming,Brazil,Portuguese,2023-03-08,100K-1M,General
C00080,GG Fresh,Gaming,Brazil,English,2017-08-31,<10K,General
C00081,NorthSports,Sports,Japan,English,2025-04-03,10K-100K,General
C00082,Sounds Urban,Music,Thailand,Thai,2026-06-02,<10K,General
C00083,Learn Prime,Education,Indonesia,English,2022-10-24,<10K,General
C00084,Priya Central,Entertainment,India,Hindi,2022-05-08,<10K,General
C00085,SamUnfiltered,Comedy,Indonesia,Indonesian,2012-02-06,<10K,General
C00086,Fitness Metro,Sports,India,Hindi,2011-01-23,10K-100K,Teen
C00087,KenjiTimes,News,Indonesia,Indonesian,2022-05-13,100K-1M,Teen
C00088,Squad Next,Gaming,India,Kannada,2022-09-04,10K-100K,General
C00089,BrightByte,Technology,Indonesia,Indonesian,2010-01-03,100K-1M,General
C00090,Mentor The,Education,Canada,English,2016-10-09,1M-10M,General
C00091,IndieVibes,Entertainment,Japan,Japanese,2010-05-17,<10K,General
C00092,Sam Daily,Sports,United Kingdom,English,2010-05-04,<10K,General
C00093,Co Priya,Lifestyle,Philippines,Filipino,2025-10-11,<10K,Teen
C00094,Circuit Bright,Technology,Vietnam,English,2014-10-24,100K-1M,General
C00095,NovaVibes,Music,India,Hindi,2017-07-04,<10K,Teen
C00096,DailyForge,Gaming,Philippines,Filipino,2016-01-12,<10K,General
C00097,Nova GG,Gaming,Brazil,Portuguese,2016-10-04,<10K,General
C00098,Daily Unfiltered,Comedy,Pakistan,Urdu,2019-06-18,<10K,General
C00099,FreshLive,Entertainment,United States,Spanish,2012-12-31,10K-100K,Mature
C00100,Kenji Arena,Gaming,Turkey,Turkish,2010-11-09,<10K,General
C00101,Bright Zone,Entertainment,United States,English,2014-10-15,<10K,Teen
C00102,RealCircuit,Technology,Mexico,Spanish,2020-06-30,<10K,General
C00103,Kenji Studio,Music,United Kingdom,English,2011-07-07,1M-10M,General
C00104,IndieZone,Entertainment,Nigeria,English,2023-01-28,10K-100K,General
C00105,KenjiForge,Gaming,Philippines,English,2011-11-25,10K-100K,Mature
C00106,Zone Wander,Gaming,Turkey,,2015-05-26,<10K,General
C00107,Sam Now,News,Italy,,2010-08-09,100K-1M,General
C00108,TheArena,Sports,United Kingdom,English,2020-07-20,10K-100K,General
C00109,Laughs Metro,Comedy,Vietnam,Vietnamese,2010-09-07,<10K,General
C00110,Diaries Maria,Lifestyle,Canada,French,2012-06-30,10K-100K,General
C00111,Metro Zone,Entertainment,France,French,2017-06-13,<10K,Teen
C00112,Squad The,Gaming,Philippines,Filipino,2018-12-22,10K-100K,General
C00113,The Records,Music,Brazil,Portuguese,2011-07-16,<10K,General
C00114,FreshSquad,Gaming,United States,English,2010-05-29,<10K,Teen
C00115,PixelSkits,Comedy,Canada,French,2019-03-20,<10K,General
C00116,FreshUnfiltered,Comedy,Brazil,Portuguese,2023-02-19,100K-1M,General
C00117,Live North,Entertainment,Pakistan,English,2010-10-14,10K-100K,General
C00118,Hub Fresh,Entertainment,India,Hindi,2016-12-17,<10K,General
C00119,Global Institute,Education,Japan,English,2011-04-10,10K-100K,General
C00120,Bright Vibes,Entertainment,Canada,English,2023-01-13,10K-100K,Teen
C00121,Sounds Priya,Music,India,Hindi,2016-04-21,10K-100K,Teen
C00122,Daily Journal,Lifestyle,United States,English,2022-11-15,<10K,General
C00123,Kenji Beats,Music,Indonesia,Indonesian,2010-06-19,<10K,General
C00124,Real Sounds,Music,United States,English,2017-11-30,<10K,Teen
C00125,Next League,Sports,Indonesia,Indonesian,2025-09-28,<10K,Teen
C00126,KenjiSessions,Music,Turkey,English,2019-10-11,<10K,Teen
C00127,Pixel Wire,News,United Kingdom,English,2014-04-10,<10K,General
C00128,Arena Next,Sports,Canada,English,2021-02-23,<10K,Teen
C00129,Prime Learn,Education,India,Hindi,2019-01-04,<10K,General
C00130,GlobalAthletics,Sports,Germany,German,2017-06-21,<10K,General
C00131,Pixel Circuit,Technology,Australia,English,2016-01-01,10K-100K,General
C00132,Priya Beats,Music,United States,English,2016-06-20,10K-100K,Teen
C00133,Bright News,News,Germany,English,2018-08-09,10K-100K,General
C00134,Lab Next,Education,India,Marathi,2014-09-28,10K-100K,General
C00135,Learn Real,Education,Philippines,Filipino,2021-07-21,10K-100K,General
C00136,Explained Metro,Education,Nigeria,English,2021-01-11,10K-100K,General
C00137,Studio Next,Entertainment,Brazil,English,2018-08-08,10K-100K,General
C00138,Living Wander,Lifestyle,Turkey,Turkish,2015-02-27,<10K,General
C00139,The Films,Film,India,Hindi,2019-01-19,100K-1M,General
C00140,True Forge,Gaming,Turkey,Turkish,2017-09-28,<10K,General
C00141,Hub Metro,Entertainment,United States,English,2017-05-16,<10K,Teen
C00142,Real Living,Lifestyle,Japan,Japanese,2023-04-24,10K-100K,General
C00143,Next Explained,Education,South Korea,Korean,2026-03-06,10K-100K,Teen
C00144,PriyaExplained,Education,Germany,German,2020-09-18,100K-1M,General
C00145,Central Global,Entertainment,United States,English,2014-07-14,<10K,Teen
C00146,Sounds Global,Music,India,Hindi,2014-02-19,<10K,General
C00147,Nova Beats,Music,Pakistan,Urdu,2012-04-20,<10K,General
C00148,Byte Raj,Technology,Philippines,English,2011-05-05,100K-1M,General
C00149,PrimeSquad,Gaming,India,Hindi,2025-12-25,<10K,General
C00150,Bright Learn,Education,India,English,2025-01-01,<10K,General
C00151,RajVibes,Entertainment,India,Tamil,2015-09-21,<10K,General
C00152,Indie GG,Gaming,Brazil,Portuguese,2015-04-26,10K-100K,Teen
C00153,Studios Next,Film,United Kingdom,English,2021-08-24,<10K,Mature
C00154,Prime Arena,Gaming,Canada,English,2022-01-21,10K-100K,Teen
C00155,Raj Labs,Technology,Brazil,English,2019-04-21,100K-1M,Teen
C00156,DailyStudio,Music,Vietnam,English,2010-06-02,100K-1M,Teen
C00157,RealCircuit 2,Technology,Indonesia,Indonesian,2023-05-27,<10K,General
C00158,Fresh Vibes,Music,Japan,Japanese,2018-02-25,10K-100K,General
C00159,Nova Zone,Gaming,United States,English,2015-10-06,10K-100K,Teen
C00160,DailyHub,Entertainment,Germany,German,2020-11-08,<10K,General
C00161,Pixel Sounds,Music,Nigeria,English,2014-06-05,<10K,General
C00162,Pictures Nova,Film,Philippines,English,2016-06-10,<10K,General
C00163,True Studio,Entertainment,United States,English,2015-06-02,10K-100K,Mature
C00164,Sam Records,Music,Mexico,Spanish,2020-01-15,<10K,General
C00165,Metro League,Sports,India,Hindi,2023-10-27,<10K,General
C00166,MariaAcademy,Education,Indonesia,Indonesian,2018-07-20,<10K,General
C00167,Metro Sports,Sports,Italy,Italian,2020-10-19,10K-100K,General
C00168,True Zone,Gaming,Philippines,Filipino,2021-05-14,1M-10M,General
C00169,Next Daily,Sports,United States,English,2013-06-04,10K-100K,General
C00170,IndieLab,Education,France,French,2022-06-03,<10K,General
C00171,RealReviews,Technology,Philippines,Filipino,2011-02-16,100K-1M,Mature
C00172,TrueReviews,Technology,India,Hindi,2011-09-06,10K-100K,General
C00173,Kenji Zone,Gaming,Brazil,Portuguese,2011-01-09,100K-1M,Teen
C00174,IndieForge,Gaming,Indonesia,Indonesian,2016-04-15,<10K,General
C00175,Nova Squad,Gaming,Turkey,Turkish,2011-03-05,100K-1M,General
C00176,Beats Priya,Music,Spain,Spanish,2023-08-21,<10K,General
C00177,Kenji League,Sports,Spain,Spanish,2013-12-09,1M-10M,Teen
C00178,Forge Metro,Gaming,Canada,French,2011-08-29,10K-100K,Teen
C00179,AlexExplained 2,Education,Spain,English,2018-06-04,100K-1M,General
C00180,Next Forge,Gaming,Spain,Spanish,2012-03-06,100K-1M,General
C00181,Life Bright,Lifestyle,Brazil,Portuguese,2012-06-02,10M+,General
C00182,TrueSounds,Music,Brazil,Portuguese,2012-04-25,10K-100K,Teen
C00183,Fresh Arena,Gaming,United States,English,2019-06-30,<10K,General
C00184,True Central,Entertainment,Spain,English,2012-01-02,10K-100K,General
C00185,GlobalForge,Gaming,Spain,,2016-04-18,1M-10M,Teen
C00186,UrbanArena,Sports,Nigeria,English,2021-09-05,10M+,General
C00187,MariaLab,Education,Philippines,Filipino,2022-10-26,<10K,Teen
C00188,Alex Times,News,India,Hindi,2022-01-23,<10K,General
C00189,Institute Indie,Education,India,Hindi,2012-12-15,<10K,General
C00190,Athletics Daily,Sports,United States,English,2022-08-30,<10K,General
C00191,RajDigital,Technology,Canada,French,2017-05-10,100K-1M,General
C00192,UrbanLive,Entertainment,United States,English,2011-01-09,<10K,General
C00193,PixelPictures,Film,Mexico,Spanish,2010-12-11,10K-100K,General
C00194,Alex Plays,Gaming,India,Hindi,2010-01-17,10K-100K,General
C00195,WanderTech,Technology,United States,English,2023-11-22,10K-100K,General
C00196,Pixel Skits,Comedy,India,,2020-10-16,1M-10M,General
C00197,BrightArena,Gaming,Philippines,English,2019-09-10,<10K,Teen
C00198,NextPlays,Gaming,India,Hindi,2011-10-29,<10K,General
C00199,PixelForge,Gaming,South Korea,Korean,2018-10-30,10K-100K,General
C00200,Metro Mentor,Education,United States,English,2011-09-26,10K-100K,General
C00201,Maria Now,News,Italy,Italian,2018-08-02,<10K,General
C00202,PixelLab,Education,Nigeria,English,2020-06-08,<10K,General
C00203,LOL Urban,Comedy,Brazil,Portuguese,2015-07-15,<10K,General
C00204,True Daily,Sports,Nigeria,English,2016-03-20,1M-10M,General
C00205,Beats Raj,Music,Germany,German,2018-10-07,<10K,General
C00206,Squad Daily,Gaming,Mexico,Spanish,2019-05-06,10K-100K,General
C00207,Learn Maria,Education,Mexico,Spanish,2010-08-21,10K-100K,General
C00208,Laughs Wander,Comedy,Mexico,Spanish,2019-10-28,100K-1M,General
C00209,PriyaSessions,Music,Brazil,Portuguese,2020-07-17,10K-100K,General
C00210,PixelHub,Entertainment,United States,English,2023-09-25,10K-100K,General
C00211,Wander Central 2,Entertainment,Brazil,Portuguese,2013-06-29,10K-100K,General
C00212,Plays Metro,Gaming,United States,English,2026-03-19,<10K,General
C00213,Zone Metro,Gaming,United Kingdom,English,2016-08-30,<10K,General
C00214,NextSounds,Music,Nigeria,English,2024-01-17,<10K,General
C00215,Real Records,Music,United States,English,2015-05-08,10K-100K,General
C00216,Lab True,Education,Indonesia,Indonesian,2011-12-09,<10K,Teen
C00217,Kenji Plays,Gaming,Germany,German,2010-06-27,<10K,General
C00218,KenjiStudio,Music,United States,English,2024-06-05,10K-100K,General
C00219,Pictures Indie,Film,United States,English,2024-02-02,<10K,General
C00220,NovaInstitute,Education,Nigeria,English,2017-10-02,<10K,General
C00221,Studio Bright,Entertainment,France,French,2017-06-21,<10K,Teen
C00222,Tech Real,Technology,India,Hindi,2016-01-28,<10K,Teen
C00223,PixelLive,Entertainment,Japan,,2011-08-30,10K-100K,Teen
C00224,PrimeSkits,Comedy,South Korea,English,2023-02-18,10K-100K,Teen
C00225,Arena Fresh,Sports,United States,English,2022-07-30,<10K,General
C00226,GlobalWire,News,Brazil,Portuguese,2010-06-20,<10K,General
C00227,Alex Reviews,Technology,Mexico,English,2015-05-05,100K-1M,General
C00228,Indie Skits,Comedy,United States,English,2015-12-08,<10K,Teen
C00229,NovaZone,Gaming,India,Hindi,2015-06-21,<10K,Teen
C00230,SamPictures,Film,India,Hindi,2016-11-17,100K-1M,General
C00231,SamAcademy,Education,India,English,2018-04-01,10K-100K,General
C00232,Mentor Prime,Education,India,Hindi,2022-05-18,<10K,General
C00233,Academy Pixel 2,Education,United Kingdom,English,2017-08-05,<10K,General
C00234,Sports The,Sports,United Kingdom,English,2026-02-21,10K-100K,Teen
C00235,Records Fresh,Music,Nigeria,English,2015-12-31,<10K,General
C00236,NovaZone 2,Gaming,India,Hindi,2016-09-22,<10K,General
C00237,Kenji Mentor,Education,Vietnam,Vietnamese,2010-12-05,10K-100K,Teen
C00238,Sam Squad,Gaming,Thailand,Thai,2018-10-20,<10K,General
C00239,NextCircuit,Technology,Spain,Spanish,2022-10-29,<10K,General
C00240,IndieVibes 2,Entertainment,India,Hindi,2023-01-21,<10K,General
C00241,AlexRecords,Music,Thailand,English,2014-03-10,<10K,General
C00242,SamLaughs,Comedy,Vietnam,Vietnamese,2022-04-20,<10K,General
C00243,Vibes Daily,Music,Spain,Spanish,2014-06-24,1M-10M,Mature
C00244,Fitness Bright,Sports,Mexico,Spanish,2011-12-11,<10K,General
C00245,Fitness Metro 2,Sports,India,Hindi,2010-01-06,100K-1M,
C00246,BrightArena 2,Gaming,United States,English,2012-10-07,<10K,General
C00247,MetroArena,Sports,Australia,English,2025-11-25,1M-10M,General
C00248,Vibes Maria,Music,Brazil,Portuguese,2013-07-13,<10K,General
C00249,Co Nova,Lifestyle,Nigeria,English,2022-04-14,<10K,General
C00250,Explained Global,Education,India,Hindi,2019-09-07,<10K,General
C00251,GlobalSquad,Gaming,Vietnam,English,2015-08-31,<10K,General
C00252,Circuit Indie,Technology,Indonesia,Indonesian,2010-07-30,10K-100K,General
C00253,Urban Circuit,Technology,Nigeria,English,2024-04-03,<10K,General
C00254,Urban Zone 2,Gaming,United Kingdom,English,2020-11-06,100K-1M,General
C00255,TrueSkits,Comedy,France,English,2012-04-15,10K-100K,Teen
C00256,Maria Living,Lifestyle,United States,English,2022-09-06,1M-10M,General
C00257,Circuit Urban,Technology,Philippines,Filipino,2015-12-10,100K-1M,General
C00258,Global Learn,Education,India,Hindi,2020-04-04,10K-100K,Mature
C00259,Studio Nova,Entertainment,Brazil,Portuguese,2014-12-30,10K-100K,General
C00260,Hub Urban,Entertainment,Brazil,Portuguese,2017-07-10,100K-1M,Teen
C00261,TheDigital,Technology,Vietnam,Vietnamese,2012-03-09,10M+,Teen
C00262,Priya Zone,Gaming,India,Hindi,2023-01-04,10K-100K,General
C00263,Labs Nova,Technology,India,Hindi,2023-03-07,<10K,Teen
C00264,Nova Living,Lifestyle,United States,Spanish,2015-09-22,10K-100K,General
C00265,Fresh Beats,Music,Indonesia,Indonesian,2022-09-20,1M-10M,General
C00266,MariaByte,Technology,India,Hindi,2012-02-25,<10K,General
C00267,SamForge,Gaming,Nigeria,English,2010-10-18,<10K,General
C00268,Mentor Priya,Education,United States,Spanish,2024-02-10,10K-100K,General
C00269,IndieDiaries,Lifestyle,Nigeria,English,2025-04-21,<10K,General
C00270,NextExplained,Education,India,Hindi,2018-08-15,<10K,General
C00271,Studio Wander 2,Entertainment,Pakistan,English,2013-05-07,<10K,General
C00272,Live Alex,Entertainment,Brazil,English,2011-09-05,<10K,General
C00273,WanderAthletics,Sports,United States,Spanish,2015-05-07,<10K,Mature
C00274,KenjiByte,Technology,United States,English,2025-10-03,<10K,General
C00275,MariaSounds,Music,Vietnam,Vietnamese,2020-03-08,<10K,General
C00276,North Athletics,Sports,United States,English,2019-02-11,<10K,General
C00277,Urban Athletics,Sports,Mexico,Spanish,2020-02-19,<10K,General
C00278,Mentor Kenji,Education,United States,English,2019-03-18,<10K,General
C00279,Next Hub,Entertainment,India,Hindi,2013-12-06,<10K,General
C00280,PixelHub 2,Entertainment,Turkey,English,2019-12-23,<10K,General
C00281,IndieForge 2,Gaming,South Korea,Korean,2010-01-04,<10K,General
C00282,Daily Real,News,Turkey,Turkish,2010-03-05,<10K,General
C00283,NorthLiving,Lifestyle,India,Bengali,2010-03-21,<10K,General
C00284,Arena Wander,Sports,United States,English,2010-01-28,<10K,General
C00285,The Digital,Technology,Brazil,Portuguese,2025-07-03,100K-1M,General
C00286,Live Urban,Entertainment,India,Hindi,2016-02-17,10K-100K,General
C00287,Priya Zone 2,Gaming,South Korea,Korean,2016-03-17,100K-1M,General
C00288,True Labs,Technology,Vietnam,English,2010-09-07,100K-1M,General
C00289,PixelSounds,Music,Australia,English,2016-12-10,10K-100K,General
C00290,Fresh Arena 2,Gaming,Philippines,Filipino,2017-06-28,10K-100K,General
C00291,Global Central,Entertainment,United States,English,2018-01-13,<10K,General
C00292,PixelLabs,Technology,Philippines,Filipino,2017-01-03,<10K,General
C00293,RealExplained,Education,Japan,Japanese,2019-11-16,<10K,General
C00294,Sam Hub,Entertainment,Mexico,Spanish,2012-07-13,<10K,General
C00295,NovaLive,Entertainment,South Korea,Korean,2010-04-05,<10K,General
C00296,Priya News,News,India,Hindi,2021-08-08,10K-100K,General
C00297,NorthByte,Technology,India,Hindi,2010-07-14,<10K,General
C00298,Prime Plays,Gaming,Spain,Spanish,2019-02-20,<10K,General
C00299,Raj Zone,Gaming,United Kingdom,English,2025-10-07,10K-100K,General
C00300,IndieVibes 3,Music,Brazil,,2020-11-01,<10K,General
C00301,Daily Wander,Sports,India,Hindi,2016-07-28,<10K,Teen
C00302,FreshCo,Lifestyle,United States,English,2019-02-08,100K-1M,General
C00303,PriyaVibes,Entertainment,Turkey,Turkish,2014-05-07,10K-100K,General
C00304,GG Priya,Gaming,Indonesia,Indonesian,2020-12-13,<10K,General
C00305,Global Squad 2,Gaming,Italy,Italian,2013-08-02,10K-100K,Teen
C00306,NovaStyle,Lifestyle,Thailand,Thai,2022-09-22,10K-100K,General
C00307,Pixel Skits 2,Comedy,United States,Spanish,2020-01-18,<10K,General
C00308,WanderStudio,Entertainment,Germany,German,2013-12-31,<10K,General
C00309,Athletics Kenji,Sports,South Korea,Korean,2021-01-08,100K-1M,Teen
C00310,RajFilms,Film,India,Hindi,2025-03-28,100K-1M,General
C00311,MetroStyle,Lifestyle,Thailand,Thai,2019-08-10,<10K,General
C00312,Explained North,Education,Vietnam,Vietnamese,2012-07-15,<10K,General
C00313,SamArena,Sports,Indonesia,English,2026-05-24,<10K,General
C00314,Daily Urban,Sports,United States,English,2013-06-15,<10K,General
C00315,Alex Central,Entertainment,Brazil,English,2024-07-15,<10K,General
C00316,AlexTech,Technology,United States,Spanish,2024-10-14,<10K,General
C00317,Fresh Zone,Gaming,Japan,Japanese,2011-03-20,10K-100K,General
C00318,Tech Daily,Technology,Mexico,Spanish,2020-01-21,10K-100K,General
C00319,True Plays,Gaming,Spain,Spanish,2014-08-12,100K-1M,General
C00320,Sessions Real,Music,India,Hindi,2026-07-18,10K-100K,General
C00321,Real Skits,Comedy,United States,,2022-05-04,100K-1M,General
C00322,TheArena 2,Sports,India,Hindi,2017-07-23,10K-100K,General
C00323,Real Studio,Entertainment,Spain,English,2018-08-25,1M-10M,Teen
C00324,Sam Studio,Entertainment,India,Hindi,2025-12-22,100K-1M,General
C00325,Squad Indie,Gaming,Philippines,English,2017-06-24,10K-100K,General
C00326,GG Pixel,Gaming,Indonesia,English,2014-04-23,10K-100K,General
C00327,NovaLiving,Lifestyle,United States,English,2010-07-22,<10K,General
C00328,Prime LOL,Comedy,India,Hindi,2011-05-09,<10K,General
C00329,Metro Circuit,Technology,South Korea,Korean,2010-02-15,<10K,General
C00330,Next Records,Music,United States,English,2010-05-07,10K-100K,Mature
C00331,RealComedy,Comedy,Australia,English,2021-01-27,<10K,General
C00332,Alex Diaries,Lifestyle,India,Hindi,2014-02-14,<10K,General
C00333,Co Priya 2,Lifestyle,Nigeria,English,2015-08-26,10K-100K,General
C00334,Report Daily,News,Philippines,Filipino,2010-01-21,<10K,Teen
C00335,News Kenji,News,United States,English,2021-07-12,100K-1M,General
C00336,Real GG,Gaming,Indonesia,Indonesian,2024-03-23,10K-100K,General
C00337,Studios Maria,Film,Brazil,Portuguese,2014-11-02,10K-100K,Teen
C00338,Living Raj,Lifestyle,India,Hindi,2024-03-08,10K-100K,Teen
C00339,Global Learn 2,Education,Australia,English,2011-03-18,<10K,General
C00340,TheLearn,Education,Indonesia,English,2010-04-28,<10K,General
C00341,Real Sports,Sports,Nigeria,English,2020-02-08,<10K,General
C00342,Central Next,Entertainment,Mexico,English,2012-10-22,<10K,General
C00343,RajZone,Gaming,India,Kannada,2013-08-20,10K-100K,General
C00344,Daily Mentor,Education,India,Hindi,2017-05-28,10K-100K,General
C00345,Alex Studio,Music,Indonesia,Indonesian,2022-03-01,<10K,General
C00346,Lab Prime,Education,Pakistan,Urdu,2013-02-11,<10K,General
C00347,Fresh News,News,India,Hindi,2022-10-08,<10K,General
C00348,GlobalLabs,Technology,United Kingdom,English,2012-09-26,<10K,Teen
C00349,Learn Kenji,Education,Pakistan,Urdu,2017-06-15,<10K,Teen
C00350,Kenji Institute,Education,United States,English,2026-07-14,<10K,Teen
C00351,Sessions Fresh,Music,India,Hindi,2022-08-20,<10K,General
C00352,Sam Live,Entertainment,Mexico,English,2010-02-03,10K-100K,General
C00353,Metro GG,Gaming,India,Kannada,2017-11-18,10K-100K,General
C00354,Fitness Wander,Sports,India,Hindi,2024-08-24,10K-100K,General
C00355,Forge True,Gaming,Mexico,Spanish,2025-12-03,<10K,Mature
C00356,Labs Metro,Technology,United Kingdom,English,2013-12-20,<10K,General
C00357,Central True,Entertainment,Vietnam,Vietnamese,2024-12-13,<10K,General
C00358,Labs Wander,Technology,United States,Spanish,2014-05-26,10K-100K,Teen
C00359,WanderGG,Gaming,India,Marathi,2023-01-04,<10K,General
C00360,Live Prime,Entertainment,India,Hindi,2021-08-20,100K-1M,General
C00361,NovaReviews,Technology,Indonesia,Indonesian,2010-09-09,100K-1M,General
C00362,Metro Sessions,Music,India,Tamil,2012-07-05,<10K,Teen
C00363,Lab Global,Education,United Kingdom,English,2023-10-16,<10K,General
C00364,Sports Prime,Sports,India,Hindi,2010-01-18,<10K,Teen
C00365,Circuit Maria,Technology,United Kingdom,English,2015-06-24,1M-10M,General
C00366,Studio Wander 3,Entertainment,Germany,German,2020-10-18,<10K,General
C00367,League True,Sports,Pakistan,Urdu,2023-11-11,100K-1M,Teen
C00368,Pixel Labs,Technology,Brazil,English,2015-12-19,<10K,General
C00369,Arena Indie,Gaming,Brazil,Portuguese,2012-03-09,1M-10M,Teen
C00370,Zone Sam,Entertainment,Japan,English,2011-05-30,<10K,General
C00371,MariaLearn,Education,Australia,English,2015-07-27,100K-1M,
C00372,Wander Academy,Education,United States,English,2024-06-14,<10K,
C00373,Studio Priya,Music,United States,Spanish,2023-01-08,<10K,Teen
C00374,Learn Metro,Education,India,Hindi,2013-01-12,10K-100K,General
C00375,Explained Indie,Education,United Kingdom,English,2017-12-20,<10K,General
C00376,RealBeats,Music,United States,Spanish,2019-07-04,<10K,Mature
C00377,Sam League,Sports,Thailand,Thai,2025-12-10,10K-100K,Teen
C00378,Wander Labs,Technology,Philippines,Filipino,2010-02-26,10K-100K,General
C00379,SamAthletics,Sports,Philippines,Filipino,2010-02-10,<10K,General
C00380,Forge Wander,Gaming,Australia,English,2011-10-06,1M-10M,General
C00381,NorthSounds,Music,United States,Spanish,2024-10-26,<10K,General
C00382,MariaLabs,Technology,India,Kannada,2023-02-17,100K-1M,General
C00383,SamBeats,Music,Japan,English,2022-08-25,<10K,Teen
C00384,Priya News 2,News,United Kingdom,English,2016-06-24,<10K,General
C00385,Studio Fresh,Music,Turkey,Turkish,2016-09-11,10K-100K,General
C00386,NextAthletics,Sports,India,Hindi,2022-02-23,10K-100K,General
C00387,RajAcademy,Education,Brazil,English,2014-03-27,<10K,General
C00388,FreshHub,Entertainment,Indonesia,Indonesian,2010-02-16,<10K,General
C00389,Urban Central,Entertainment,United States,English,2019-01-25,100K-1M,General
C00390,Pixel Tech,Technology,Brazil,Portuguese,2013-06-02,10K-100K,General
C00391,Living Next,Lifestyle,India,Tamil,2025-07-31,10K-100K,General
C00392,Arena Priya,Sports,India,Bengali,2013-06-03,10K-100K,Teen
C00393,GlobalZone,Entertainment,United States,English,2010-12-19,<10K,General
C00394,AlexSessions,Music,South Korea,English,2017-03-29,10K-100K,Teen
C00395,Sounds The,Music,Indonesia,English,2023-03-27,<10K,General
C00396,Nova Records,Music,India,Bengali,2017-02-26,10K-100K,General
C00397,Co Indie,Lifestyle,France,French,2024-12-20,10K-100K,General
C00398,Priya GG,Gaming,Japan,Japanese,2018-11-26,<10K,General
C00399,Diaries Bright,Lifestyle,India,English,2021-09-24,10K-100K,General
C00400,Next Mentor,Education,Indonesia,Indonesian,2012-09-02,<10K,General
C00401,Studio Fresh 2,Music,Spain,Spanish,2022-05-17,10K-100K,Teen
C00402,Arena Pixel,Gaming,France,French,2016-06-16,<10K,General
C00403,Priya Daily,Sports,South Korea,Korean,2013-05-07,<10K,General
C00404,MariaGG,Gaming,United States,English,2020-11-24,10K-100K,General
C00405,NovaArena,Gaming,Indonesia,Indonesian,2011-10-17,<10K,General
C00406,Style True,Lifestyle,Canada,French,2023-05-09,10K-100K,General
C00407,True Life,Lifestyle,Nigeria,English,2019-02-04,<10K,General
C00408,NovaJournal,Lifestyle,India,Hindi,2010-10-05,10K-100K,General
C00409,Sessions Wander,Music,India,Hindi,2015-10-13,1M-10M,General
C00410,KenjiCircuit,Technology,United States,English,2023-05-20,100K-1M,General
C00411,Wander Hub,Entertainment,United Kingdom,English,2010-05-16,<10K,General
C00412,Next Zone,Gaming,Mexico,Spanish,2018-01-20,<10K,General
C00413,FreshRecords,Music,Brazil,Portuguese,2015-04-28,<10K,General
C00414,Zone Kenji,Entertainment,United States,English,2016-01-21,10K-100K,General
C00415,Vibes Real,Music,United States,English,2013-06-11,10K-100K,General
C00416,True Vibes 2,Entertainment,India,English,2021-01-04,10K-100K,Mature
C00417,MetroDigital,Technology,Brazil,Portuguese,2011-09-18,100K-1M,Teen
C00418,Sam Arena,Gaming,Italy,Italian,2015-12-23,100K-1M,Teen
C00419,Fresh Athletics 2,Sports,Turkey,Turkish,2021-01-17,<10K,General
C00420,RajUnfiltered,Comedy,Canada,English,2015-07-23,<10K,General
C00421,PrimeArena,Gaming,United States,English,2020-04-06,<10K,General
C00422,Beats Sam,Music,Brazil,English,2026-05-25,100K-1M,General
C00423,TheUnfiltered,Comedy,United States,English,2013-07-01,<10K,General
C00424,IndieInstitute,Education,India,Hindi,2011-09-17,10M+,General
C00425,WanderComedy,Comedy,India,Hindi,2014-04-18,<10K,General
C00426,DailyVibes,Music,South Korea,Korean,2024-05-10,<10K,General
C00427,Urban Studio,Entertainment,Nigeria,English,2017-08-25,1M-10M,General
C00428,Bright Plays,Gaming,Brazil,Portuguese,2013-08-23,<10K,General
C00429,News Bright,News,Indonesia,Indonesian,2012-08-18,<10K,General
C00430,Urban Mentor,Education,India,Hindi,2012-02-06,<10K,General
C00431,Next Vibes,Music,India,Tamil,2025-08-11,1M-10M,General
C00432,Studio Kenji,Music,Italy,Italian,2026-06-06,10K-100K,Teen
C00433,Unfiltered Indie,Comedy,Spain,Spanish,2024-12-08,<10K,General
C00434,Metro Sounds,Music,United Kingdom,English,2019-07-24,10K-100K,General
C00435,Maria Circuit,Technology,Australia,English,2015-03-14,10K-100K,General
C00436,IndieDigital,Technology,Philippines,English,2010-04-27,<10K,General
C00437,SamLOL,Comedy,Vietnam,Vietnamese,2023-10-16,<10K,General
C00438,Metro Studio,Music,Pakistan,Urdu,2019-06-20,<10K,Mature
C00439,Live Nova,Entertainment,India,Hindi,2024-09-28,<10K,General
C00440,Living Indie,Lifestyle,Turkey,Turkish,2010-05-06,10K-100K,General
C00441,Academy Sam,Education,Japan,Japanese,2019-01-19,<10K,General
C00442,Bright Mentor,Education,India,Tamil,2010-03-29,<10K,General
C00443,Sam Studio 2,Music,Mexico,Spanish,2024-06-01,1M-10M,Teen
C00444,Explained The,Education,United States,English,2010-08-18,<10K,General
C00445,Arena Urban,Gaming,Pakistan,Urdu,2011-12-02,<10K,General
C00446,Indie News,News,Japan,Japanese,2016-02-24,<10K,General
C00447,Comedy Daily,Comedy,Italy,Italian,2016-03-15,<10K,General
C00448,IndieByte,Technology,Pakistan,Urdu,2018-11-30,1M-10M,General
C00449,Kenji Journal,Lifestyle,Brazil,Portuguese,2014-03-26,1M-10M,
C00450,RajNews,News,United Kingdom,English,2021-04-01,100K-1M,General
C00451,Wander Beats,Music,Brazil,Portuguese,2020-06-08,<10K,General
C00452,Live Raj,Entertainment,South Korea,Korean,2012-10-10,10K-100K,General
C00453,Bright Plays 2,Gaming,Italy,Italian,2014-01-04,<10K,General
C00454,Cinema Bright,Film,Nigeria,English,2015-09-23,10K-100K,General
C00455,Diaries North,Lifestyle,South Korea,English,2015-03-30,100K-1M,General
C00456,PixelPictures 2,Film,Thailand,Thai,2020-04-01,<10K,General
C00457,Pixel Academy,Education,Brazil,Portuguese,2020-08-28,<10K,General
C00458,Kenji Academy,Education,United Kingdom,English,2013-12-11,<10K,General
C00459,North Academy,Education,Vietnam,Vietnamese,2014-01-17,10K-100K,General
C00460,Forge True 2,Gaming,United States,English,2018-04-11,<10K,General
C00461,Laughs Metro 2,Comedy,Germany,German,2017-04-24,<10K,General
C00462,NovaArena 2,Sports,United States,English,2010-01-26,<10K,Teen
C00463,North Comedy,Comedy,Turkey,English,2023-09-01,100K-1M,General
C00464,TheSports,Sports,Japan,,2010-09-16,<10K,General
C00465,RajJournal,Lifestyle,India,Hindi,2011-03-26,10M+,General
C00466,NorthZone,Entertainment,Brazil,Portuguese,2024-06-29,<10K,General
C00467,Central Fresh,Entertainment,United States,English,2010-10-09,<10K,General
C00468,News Priya,News,Turkey,Turkish,2017-03-25,10K-100K,General
C00469,PixelAthletics 2,Sports,France,English,2023-09-17,10K-100K,General
C00470,Raj Arena,Sports,Mexico,English,2010-06-04,10K-100K,General
C00471,True League,Sports,United States,English,2016-08-23,<10K,General
C00472,Studio North,Entertainment,Pakistan,Urdu,2012-05-26,10K-100K,General
C00473,Co Urban,Lifestyle,Mexico,Spanish,2013-11-12,<10K,General
C00474,NorthLab,Education,India,Marathi,2015-09-21,100K-1M,General
C00475,Fresh Show,Comedy,Vietnam,Vietnamese,2011-11-14,10K-100K,General
C00476,Next Plays,Gaming,United Kingdom,English,2016-11-09,<10K,General
C00477,Metro Diaries,Lifestyle,Nigeria,English,2010-01-30,<10K,Teen
C00478,Daily Circuit,Technology,India,Bengali,2018-07-11,10K-100K,General
C00479,Nova Learn 2,Education,Nigeria,English,2015-01-27,<10K,General
C00480,Kenji Vibes,Music,Mexico,Spanish,2022-02-11,10K-100K,General
C00481,Hub Nova,Entertainment,India,Hindi,2010-09-21,<10K,General
C00482,GG Prime,Gaming,Mexico,Spanish,2021-08-07,10K-100K,General
C00483,TrueWire,News,Pakistan,Urdu,2012-03-27,<10K,General
C00484,Nova Comedy,Comedy,Indonesia,Indonesian,2016-04-16,10K-100K,General
C00485,Kenji Journal 2,Lifestyle,Pakistan,Urdu,2025-01-27,10K-100K,General
C00486,NextSessions,Music,Philippines,Filipino,2014-04-23,10K-100K,General
C00487,BrightHub,Entertainment,Germany,German,2022-02-19,<10K,General
C00488,Fresh League,Sports,United States,English,2013-11-27,<10K,General
C00489,Records Prime,Music,Nigeria,English,2016-06-09,<10K,General
C00490,RajSquad,Gaming,India,,2026-02-15,<10K,Mature
C00491,GG North 2,Gaming,Australia,English,2013-01-09,10K-100K,General
C00492,Wander Journal,Lifestyle,United States,,2010-06-21,<10K,Mature
C00493,Show Priya,Comedy,Spain,Spanish,2013-03-10,<10K,General
C00494,Arena Bright,Gaming,United States,Spanish,2019-02-24,<10K,General
C00495,RajStudio,Entertainment,Germany,German,2016-10-09,<10K,General
C00496,Alex Diaries 2,Lifestyle,India,Hindi,2012-02-10,100K-1M,General
C00497,Skits True,Comedy,Brazil,Portuguese,2017-02-13,10K-100K,General
C00498,UrbanCircuit,Technology,India,Hindi,2011-10-21,<10K,General
C00499,IndieShow,Comedy,United States,English,2022-09-10,100K-1M,Mature
C00500,Live Alex 2,Entertainment,Thailand,English,2017-02-04,1M-10M,General
C00501,Arena North,Sports,India,Hindi,2023-07-05,100K-1M,General
C00502,The Squad,Gaming,United States,Spanish,2023-10-31,<10K,General
C00503,Bright Explained,Education,India,Hindi,2012-08-22,<10K,General
C00504,PixelCentral,Entertainment,Japan,Japanese,2014-09-05,<10K,General
C00505,Pixel Records,Music,Brazil,English,2010-09-02,<10K,General
C00506,Byte True,Technology,Germany,German,2010-08-22,<10K,General
C00507,Fitness Maria,Sports,France,English,2012-09-21,10K-100K,General
C00508,Priya Sessions,Music,India,English,2015-03-11,10K-100K,General
C00509,PrimeByte,Technology,Germany,German,2015-04-23,<10K,General
C00510,TheSports 2,Sports,France,French,2017-09-27,<10K,General
C00511,Plays Kenji,Gaming,United States,English,2022-09-05,<10K,Teen
C00512,Next Byte,Technology,United States,English,2021-01-22,100K-1M,General
C00513,Sessions Next,Music,United States,Spanish,2025-04-19,10K-100K,Teen
C00514,Wander Academy 2,Education,Germany,English,2018-09-25,100K-1M,General
C00515,NextLearn,Education,United States,Spanish,2016-08-12,<10K,General
C00516,Sessions Indie,Music,United States,Spanish,2020-05-12,10K-100K,General
C00517,Living The,Lifestyle,United States,Spanish,2014-04-01,<10K,General
C00518,True Skits,Comedy,United States,Spanish,2010-12-08,10K-100K,General
C00519,IndieRecords,Music,Pakistan,Urdu,2010-02-05,10K-100K,General
C00520,Sam Show,Comedy,France,French,2010-05-02,10M+,Teen
C00521,Indie Diaries,Lifestyle,Canada,English,2024-09-27,<10K,General
C00522,NorthLOL,Comedy,Japan,Japanese,2015-07-07,<10K,General
C00523,Comedy Wander,Comedy,Philippines,Filipino,2016-12-05,10K-100K,Teen
C00524,UrbanCentral,Entertainment,Mexico,English,2024-09-22,<10K,General
C00525,UrbanSquad,Gaming,Brazil,Portuguese,2011-08-21,<10K,General
C00526,UrbanStudio,Music,South Korea,English,2017-03-29,100K-1M,General
C00527,Maria Vibes,Entertainment,Germany,English,2010-09-17,100K-1M,General
C00528,The Now,News,India,Hindi,2026-01-21,<10K,General
C00529,Labs Raj,Technology,Pakistan,Urdu,2011-01-12,10K-100K,General
C00530,Indie Studio,Entertainment,Indonesia,Indonesian,2026-06-27,<10K,General
C00531,Nova Records 2,Music,Japan,Japanese,2024-09-21,10K-100K,General
C00532,Daily Indie,Sports,South Korea,Korean,2014-10-05,<10K,General
C00533,Daily Real 2,Sports,India,Hindi,2025-04-11,<10K,General
C00534,True Journal,Lifestyle,Indonesia,Indonesian,2018-09-30,<10K,Teen
C00535,Living Bright,Lifestyle,Canada,English,2011-10-13,10K-100K,General
C00536,Maria Life,Lifestyle,India,Kannada,2022-02-23,<10K,
C00537,UrbanStudios,Film,Vietnam,Vietnamese,2012-01-28,<10K,General
C00538,NorthSports 2,Sports,Brazil,Portuguese,2018-02-05,<10K,General
C00539,Prime Show,Comedy,Turkey,Turkish,2025-09-02,<10K,Teen
C00540,Next Athletics,Sports,Vietnam,English,2020-02-02,100K-1M,General
C00541,Kenji Wire,News,Spain,Spanish,2025-01-21,<10K,General
C00542,Circuit Next,Technology,Spain,Spanish,2012-03-23,10K-100K,General
C00543,TheLabs,Technology,Brazil,English,2015-10-10,<10K,General
C00544,BrightSkits,Comedy,United States,English,2013-10-31,<10K,General
C00545,SamVibes,Music,Germany,German,2015-08-02,<10K,General
C00546,Priya Laughs,Comedy,Brazil,English,2017-05-18,10K-100K,General
C00547,KenjiDigital,Technology,Germany,German,2013-07-14,<10K,General
C00548,Bright Zone 2,Gaming,Brazil,English,2010-01-19,<10K,General
C00549,Report Next,News,Japan,Japanese,2013-11-11,1M-10M,General
C00550,Studio True,Entertainment,France,French,2022-02-15,10K-100K,General
C00551,SamArena 2,Gaming,Canada,English,2017-12-04,<10K,General
C00552,Hub Nova 2,Entertainment,Pakistan,Urdu,2020-05-14,10K-100K,General
C00553,RajByte,Technology,United States,English,2023-10-07,10K-100K,General
C00554,LOL Metro,Comedy,France,French,2012-01-29,<10K,General
C00555,WanderVibes 2,Entertainment,United States,Spanish,2018-07-07,1M-10M,General
C00556,BrightLab,Education,Philippines,Filipino,2026-05-17,<10K,General
C00557,Next Diaries,Lifestyle,India,Hindi,2018-02-06,<10K,General
C00558,Sam Squad 2,Gaming,India,Hindi,2013-04-26,10K-100K,General
C00559,DailyStudios,Film,India,Hindi,2012-10-22,10M+,Teen
C00560,Nova Life,Lifestyle,Indonesia,Indonesian,2012-05-04,<10K,General
C00561,Comedy Kenji,Comedy,Italy,Italian,2012-06-03,10K-100K,General
C00562,PrimeLeague,Sports,India,English,2016-01-24,<10K,General
C00563,Bright Records,Music,United States,English,2026-03-07,<10K,General
C00564,Studio Maria,Music,Japan,English,2010-02-03,<10K,General
C00565,Plays Metro 2,Gaming,Philippines,Filipino,2020-10-05,10K-100K,General
C00566,NextNews,News,Nigeria,English,2012-05-31,100K-1M,Teen
C00567,TheReviews,Technology,India,Hindi,2012-01-09,<10K,General
C00568,Report Real,News,Germany,German,2017-05-20,<10K,General
C00569,Arena Sam,Gaming,India,Bengali,2012-04-14,10K-100K,General
C00570,SamLaughs 2,Comedy,India,Hindi,2017-06-24,<10K,General
C00571,Byte Global,Technology,Brazil,Portuguese,2011-05-19,10K-100K,Teen
C00572,NorthAthletics,Sports,United States,English,2013-04-12,10K-100K,General
C00573,Global Zone,Entertainment,Vietnam,Vietnamese,2019-02-17,10K-100K,General
C00574,Living North,Lifestyle,United States,English,2017-09-24,<10K,General
C00575,Diaries Sam,Lifestyle,India,Tamil,2010-07-13,10K-100K,General
C00576,Digital Indie,Technology,France,French,2014-09-15,1M-10M,Mature
C00577,TrueDiaries,Lifestyle,Germany,German,2011-08-29,1M-10M,General
C00578,Global GG,Gaming,Indonesia,Indonesian,2013-03-24,10K-100K,General
C00579,True Live,Entertainment,United States,English,2020-03-25,<10K,General
C00580,PixelPlays,Gaming,Brazil,,2020-10-02,100K-1M,General
C00581,PixelInstitute,Education,Brazil,Portuguese,2010-12-26,100K-1M,General
C00582,Plays Pixel,Gaming,France,French,2014-09-02,100K-1M,Teen
C00583,Daily Bright,Sports,Brazil,Portuguese,2022-07-01,10M+,General
C00584,Priya Arena,Gaming,Indonesia,Indonesian,2011-03-13,<10K,General
C00585,IndieForge 3,Gaming,Brazil,Portuguese,2016-09-21,100K-1M,General
C00586,NovaMentor,Education,United States,English,2026-06-24,<10K,General
C00587,Kenji Fitness,Sports,South Korea,Korean,2016-07-09,<10K,General
C00588,SamLearn,Education,India,Hindi,2024-07-10,10K-100K,General
C00589,Arena Global,Gaming,United States,English,2011-02-24,1M-10M,General
C00590,Plays Prime,Gaming,India,Hindi,2018-11-11,<10K,General
C00591,Metro Arena,Gaming,Australia,English,2012-08-31,1M-10M,Teen
C00592,Metro Sessions 2,Music,United States,English,2010-01-16,10M+,General
C00593,Laughs Bright,Comedy,Brazil,Portuguese,2024-07-05,<10K,General
C00594,IndieHub,Entertainment,Turkey,Turkish,2015-09-17,10K-100K,General
C00595,Studio True 2,Music,Italy,Italian,2020-01-16,<10K,General
C00596,Studios Raj,Film,Vietnam,Vietnamese,2024-01-17,1M-10M,General
C00597,Nova Hub,Entertainment,United Kingdom,English,2019-02-05,10K-100K,
C00598,NovaLive 2,Entertainment,Nigeria,English,2019-03-08,<10K,General
C00599,Maria Wire,News,Spain,Spanish,2014-04-18,10K-100K,General
C00600,GG Real,Gaming,United States,English,2015-09-22,<10K,General
C00601,GlobalSquad 2,Gaming,Japan,Japanese,2010-11-30,100K-1M,General
C00602,Wander Sports,Sports,Brazil,Portuguese,2014-07-24,<10K,General
C00603,Real Hub,Entertainment,Philippines,Filipino,2011-05-31,10K-100K,General
C00604,Sam Plays 2,Gaming,India,Hindi,2021-09-04,<10K,General
C00605,Sam Lab,Education,United States,Spanish,2015-03-13,10K-100K,General
C00606,Urban Studio 2,Entertainment,India,Tamil,2023-09-12,10K-100K,General
C00607,Live Daily,Entertainment,India,Hindi,2021-07-17,<10K,General
C00608,KenjiSquad,Gaming,India,Hindi,2016-05-14,100K-1M,General
C00609,Prime Style,Lifestyle,India,Hindi,2023-10-17,10K-100K,General
C00610,NextStudio,Music,India,Hindi,2025-05-16,<10K,General
C00611,FreshReviews,Technology,Japan,Japanese,2012-07-17,<10K,
C00612,Academy North,Education,Vietnam,English,2019-10-22,<10K,General
C00613,Nova Studio,Entertainment,Thailand,English,2011-04-14,10K-100K,General
C00614,PriyaLeague,Sports,Australia,English,2018-04-28,<10K,General
C00615,Wander Reels,Film,India,Hindi,2022-01-04,<10K,General
C00616,RajCircuit,Technology,United States,English,2017-10-12,<10K,General
C00617,Next Laughs,Comedy,Australia,English,2021-01-23,<10K,General
C00618,GlobalLearn,Education,India,Hindi,2020-09-08,<10K,General
C00619,Fresh Studio 2,Entertainment,Spain,English,2015-08-11,100K-1M,General
C00620,Indie Unfiltered,Comedy,India,Hindi,2015-10-31,10K-100K,Teen
C00621,NorthLOL 2,Comedy,India,Telugu,2022-10-10,100K-1M,General
C00622,Zone Priya,Entertainment,Germany,German,2012-03-19,100K-1M,Teen
C00623,NextReport,News,Germany,German,2010-11-17,<10K,
C00624,Wander Byte,Technology,India,Hindi,2016-08-14,10K-100K,General
C00625,Pictures Bright,Film,Japan,Japanese,2023-11-17,100K-1M,General
C00626,Real Report,News,United States,English,2020-02-18,10M+,General
C00627,TheSessions,Music,Turkey,English,2015-05-30,<10K,General
C00628,BrightLearn,Education,Vietnam,English,2024-11-16,<10K,General
C00629,Maria Arena,Sports,Indonesia,Indonesian,2011-01-31,<10K,General
C00630,Indie Digital,Technology,India,Hindi,2013-07-05,<10K,General
C00631,TrueReviews 2,Technology,United States,English,2021-04-24,<10K,General
C00632,Fresh Central,Entertainment,India,Hindi,2015-11-08,<10K,General
C00633,NextSounds 2,Music,Vietnam,English,2017-04-28,10K-100K,General
C00634,North Plays,Gaming,United States,English,2015-10-29,<10K,General
C00635,GG Kenji 2,Gaming,United States,English,2017-08-02,100K-1M,Teen
C00636,League Raj,Sports,India,Hindi,2014-02-18,100K-1M,Teen
C00637,DailyZone,Entertainment,United States,English,2026-07-18,10K-100K,General
C00638,PixelStudio,Entertainment,India,Hindi,2012-07-18,<10K,General
C00639,Alex Laughs,Comedy,United Kingdom,English,2015-02-24,<10K,General
C00640,Living Nova,Lifestyle,South Korea,Korean,2020-12-10,<10K,General
C00641,AlexCircuit,Technology,United States,English,2018-10-14,<10K,General
C00642,MariaStudio,Music,Mexico,English,2025-08-15,100K-1M,Mature
C00643,Prime Show 2,Comedy,India,Hindi,2010-11-08,10K-100K,General
C00644,Diaries Metro,Lifestyle,Vietnam,Vietnamese,2025-10-08,10K-100K,Teen
C00645,TrueDiaries 2,Lifestyle,Germany,English,2017-06-23,<10K,Teen
C00646,Now Global,News,Brazil,English,2015-06-24,<10K,Teen
C00647,Alex Institute,Education,India,Hindi,2017-08-17,1M-10M,Mature
C00648,The Co,Lifestyle,Philippines,Filipino,2016-01-17,10K-100K,General
C00649,True Records,Music,United States,English,2022-11-24,<10K,General
C00650,NextExplained 2,Education,United Kingdom,English,2021-08-27,<10K,General
C00651,Co Next,Lifestyle,India,Hindi,2019-07-04,10K-100K,General
C00652,Alex Academy,Education,Germany,English,2023-08-15,1M-10M,General
C00653,Live Metro,Entertainment,United States,English,2024-12-12,1M-10M,General
C00654,Daily Wander 2,Sports,Italy,Italian,2018-03-19,10K-100K,General
C00655,Real Live,Entertainment,Philippines,Filipino,2023-03-25,100K-1M,General
C00656,NorthLiving 2,Lifestyle,United Kingdom,English,2022-01-26,10K-100K,General
C00657,Zone Daily,Gaming,Mexico,Spanish,2022-05-31,<10K,General
C00658,UrbanVibes,Entertainment,Turkey,Turkish,2018-06-09,100K-1M,General
C00659,Times Nova,News,Canada,English,2010-10-21,100K-1M,General
C00660,RealMentor,Education,United States,Spanish,2019-05-17,<10K,Mature
C00661,Fitness Bright 2,Sports,Germany,German,2024-07-31,10K-100K,General
C00662,MariaInstitute,Education,Indonesia,English,2012-08-10,<10K,General
C00663,PriyaMentor,Education,Vietnam,Vietnamese,2026-05-31,<10K,General
C00664,RealLearn,Education,United Kingdom,English,2021-11-14,<10K,General
C00665,FreshLife,Lifestyle,India,Hindi,2010-05-06,10K-100K,General
C00666,Bright Learn 2,Education,Mexico,Spanish,2024-07-21,10K-100K,General
C00667,WanderLife,Lifestyle,Philippines,Filipino,2026-07-05,<10K,General
C00668,Prime Labs,Technology,India,Hindi,2010-09-22,10K-100K,General
C00669,Reviews Bright,Technology,United States,Spanish,2014-04-17,10K-100K,General
C00670,Diaries Wander,Lifestyle,Japan,,2010-01-25,10K-100K,General
C00671,Raj Vibes,Entertainment,Spain,Spanish,2015-03-28,10K-100K,General
C00672,Records Maria,Music,France,French,2016-05-16,<10K,General
C00673,IndieCircuit,Technology,Germany,English,2023-01-09,10K-100K,General
C00674,Alex Sessions,Music,Germany,German,2017-03-12,10K-100K,General
C00675,Real Skits 2,Comedy,Brazil,Portuguese,2020-09-08,<10K,General
C00676,Indie Sports,Sports,Brazil,Portuguese,2011-05-30,1M-10M,General
C00677,RajDigital 2,Technology,United States,,2025-06-09,100K-1M,General
C00678,Records Kenji,Music,Brazil,Portuguese,2018-10-05,1M-10M,General
C00679,Metro Live,Entertainment,Japan,Japanese,2024-03-01,100K-1M,General
C00680,Pixel Mentor,Education,Vietnam,Vietnamese,2012-05-15,100K-1M,General
C00681,Lab Raj,Education,India,Hindi,2016-12-07,<10K,General
C00682,NovaDaily,Sports,Nigeria,English,2021-01-02,<10K,General
C00683,Real Byte,Technology,United States,Spanish,2021-01-31,10K-100K,Teen
C00684,TheAthletics,Sports,Brazil,Portuguese,2010-09-07,100K-1M,General
C00685,FreshLife 2,Lifestyle,India,Hindi,2012-04-17,10K-100K,General
C00686,Nova Sounds,Music,Brazil,Portuguese,2010-06-06,<10K,General
C00687,TheStudio,Music,Japan,Japanese,2014-03-18,<10K,General
C00688,PrimeLiving,Lifestyle,United States,English,2012-10-16,10K-100K,General
C00689,UrbanLive 2,Entertainment,Nigeria,English,2019-10-16,100K-1M,General
C00690,NorthDaily,Sports,Canada,English,2025-01-25,<10K,General
C00691,Indie Institute,Education,India,English,2011-10-29,<10K,General
C00692,WanderComedy 2,Comedy,United Kingdom,English,2023-07-03,<10K,Teen
C00693,Next Zone 2,Entertainment,India,Bengali,2016-12-31,10K-100K,Teen
C00694,NorthSports 3,Sports,Japan,Japanese,2024-02-12,1M-10M,General
C00695,Real Wire,News,Mexico,,2015-11-30,<10K,General
C00696,Digital Fresh,Technology,United States,English,2025-10-27,<10K,Teen
C00697,Report Global,News,United States,English,2026-06-23,10K-100K,Teen
C00698,Central North,Entertainment,Vietnam,English,2013-05-04,10K-100K,General
C00699,Studio North 2,Entertainment,United States,English,2024-12-10,10K-100K,General
C00700,KenjiBeats,Music,India,Hindi,2020-10-01,1M-10M,Teen
C00701,Byte Real,Technology,Nigeria,English,2021-03-31,10K-100K,General
C00702,The Studio,Entertainment,Philippines,Filipino,2011-10-19,10K-100K,General
C00703,Sam Screen,Film,United States,English,2022-03-21,10K-100K,General
C00704,Priya Studio,Entertainment,Indonesia,Indonesian,2023-10-30,100K-1M,Teen
C00705,Prime Studio,Entertainment,United Kingdom,English,2015-12-18,10K-100K,General
C00706,KenjiArena,Gaming,Mexico,Spanish,2018-05-19,100K-1M,General
C00707,RajCentral,Entertainment,Japan,Japanese,2015-02-20,<10K,Teen
C00708,Sam Sessions,Music,United States,English,2015-09-22,<10K,General
C00709,Next Hub 2,Entertainment,Spain,Spanish,2025-06-18,<10K,General
C00710,RealExplained 2,Education,Thailand,Thai,2015-07-10,<10K,General
C00711,Journal Alex,Lifestyle,United States,English,2012-03-23,<10K,Teen
C00712,WanderZone 2,Entertainment,Vietnam,Vietnamese,2018-07-24,<10K,General
C00713,Explained Global 2,Education,Thailand,Thai,2025-07-29,<10K,General
C00714,Diaries Nova,Lifestyle,India,Hindi,2022-08-03,<10K,General
C00715,IndieLab 2,Education,Vietnam,Vietnamese,2010-04-10,10K-100K,General
C00716,Maria Squad,Gaming,United States,English,2011-07-03,10K-100K,General
C00717,Indie Explained,Education,United States,Spanish,2013-01-11,<10K,General
C00718,Forge True 3,Gaming,Indonesia,English,2023-09-21,<10K,General
C00719,BrightInstitute,Education,Pakistan,English,2017-08-23,10K-100K,General
C00720,Prime Byte,Technology,India,Hindi,2014-11-14,<10K,Teen
C00721,SamDaily,Sports,South Korea,Korean,2012-08-11,10K-100K,Teen
C00722,Metro Institute,Education,India,Hindi,2019-01-31,<10K,General
C00723,Fresh Times,News,Turkey,Turkish,2010-03-01,10K-100K,General
C00724,FreshDigital,Technology,Mexico,Spanish,2024-04-21,<10K,General
C00725,MetroVibes,Entertainment,Japan,Japanese,2016-08-25,<10K,General
C00726,Explained Kenji,Education,Germany,German,2017-02-22,100K-1M,General
C00727,Forge Urban,Gaming,United States,Spanish,2020-01-27,<10K,General
C00728,Learn Maria 2,Education,Japan,Japanese,2013-09-26,10K-100K,General
C00729,MetroUnfiltered,Comedy,United Kingdom,English,2021-06-07,10K-100K,General
C00730,Daily Real 3,News,Mexico,Spanish,2023-10-24,10K-100K,Teen
C00731,Squad Indie 2,Gaming,Nigeria,English,2015-12-31,10K-100K,General
C00732,Nova Laughs,Comedy,Turkey,English,2024-08-16,<10K,General
C00733,Times Global,News,Brazil,Portuguese,2010-03-20,<10K,General
C00734,BrightLiving,Lifestyle,India,,2013-11-22,10K-100K,Teen
C00735,Labs Urban,Technology,United States,English,2012-01-04,100K-1M,General
C00736,Institute True,Education,Indonesia,Indonesian,2023-07-05,<10K,General
C00737,TheCentral,Entertainment,India,Telugu,2019-04-19,<10K,General
C00738,Daily Style,Lifestyle,United States,English,2023-01-10,1M-10M,General
C00739,North Labs,Technology,United States,English,2021-05-02,10K-100K,General
C00740,Living Wander 2,Lifestyle,United Kingdom,English,2011-01-15,<10K,General
C00741,MariaDiaries,Lifestyle,Philippines,Filipino,2024-05-08,<10K,General
C00742,Studio Daily,Entertainment,India,Kannada,2014-01-11,<10K,General
C00743,RajRecords,Music,United States,Spanish,2021-08-19,10K-100K,General
C00744,Fresh Skits,Comedy,Mexico,Spanish,2012-12-05,1M-10M,General
C00745,NextMentor,Education,Japan,,2014-03-09,10K-100K,General
C00746,Global Comedy,Comedy,France,French,2021-10-09,10K-100K,General
C00747,Priya Learn,Education,Brazil,English,2022-09-22,<10K,General
C00748,RajLiving,Lifestyle,Indonesia,English,2013-04-16,<10K,General
C00749,Real GG 2,Gaming,India,Hindi,2024-03-24,<10K,General
C00750,AlexFitness,Sports,Vietnam,Vietnamese,2010-10-10,100K-1M,General
C00751,Pictures Daily,Film,Philippines,English,2013-07-31,1M-10M,General
C00752,Maria LOL,Comedy,Indonesia,Indonesian,2014-02-09,1M-10M,General
C00753,Mentor Raj,Education,India,Hindi,2012-07-23,<10K,Teen
C00754,RealLife,Lifestyle,Indonesia,Indonesian,2018-03-05,<10K,General
C00755,Bright Institute,Education,United States,Spanish,2021-04-25,10K-100K,General
C00756,KenjiTech,Technology,Turkey,Turkish,2022-11-17,<10K,General
C00757,Alex Fitness,Sports,Brazil,Portuguese,2014-01-26,<10K,General
C00758,BrightSounds,Music,Pakistan,English,2013-03-26,<10K,General
C00759,Kenji Academy 2,Education,Australia,English,2021-01-11,<10K,General
C00760,Kenji Unfiltered,Comedy,United States,Spanish,2011-02-04,10K-100K,Mature
C00761,Records Next,Music,Japan,Japanese,2010-06-25,<10K,General
C00762,RealSounds,Music,South Korea,English,2021-06-04,<10K,General
C00763,PrimeShow,Comedy,France,French,2015-02-24,<10K,General
C00764,Metro Plays,Gaming,United States,English,2011-09-03,<10K,General
C00765,SamInstitute,Education,India,Hindi,2021-02-25,<10K,General
C00766,Real Tech,Technology,Indonesia,Indonesian,2024-10-20,100K-1M,Teen
C00767,Vibes Wander,Entertainment,Brazil,Portuguese,2024-11-15,10K-100K,General
C00768,NorthCinema,Film,Turkey,Turkish,2026-04-27,10K-100K,General
C00769,Alex Learn,Education,India,,2016-10-24,10M+,General
C00770,Next Mentor 2,Education,Vietnam,Vietnamese,2021-05-22,10K-100K,General
C00771,North Zone 2,Gaming,United States,English,2013-01-12,<10K,General
C00772,Kenji League 2,Sports,Brazil,Portuguese,2011-05-25,10K-100K,General
C00773,Wire Next,News,Canada,English,2019-02-26,100K-1M,General
C00774,Screen Daily,Film,Pakistan,English,2021-08-23,1M-10M,General
C00775,FreshStudio,Music,Indonesia,Indonesian,2021-04-30,<10K,General
C00776,Alex Journal,Lifestyle,Philippines,Filipino,2018-08-28,100K-1M,General
C00777,Tech Global,Technology,United Kingdom,English,2018-06-14,<10K,General
C00778,NextGG,Gaming,Australia,English,2013-07-25,<10K,General
C00779,Daily Daily,News,Philippines,English,2022-02-21,10K-100K,General
C00780,Living Kenji,Lifestyle,Thailand,Thai,2026-04-03,100K-1M,General
C00781,Journal Maria,Lifestyle,United States,English,2017-07-04,10K-100K,Teen
C00782,UrbanSessions,Music,India,Hindi,2010-09-21,<10K,General
C00783,RajAthletics,Sports,United Kingdom,English,2016-07-19,10K-100K,General
C00784,Plays Priya,Gaming,Pakistan,Urdu,2012-03-03,10K-100K,Teen
C00785,True Sounds 2,Music,Spain,Spanish,2018-03-12,10K-100K,General
C00786,Forge Nova,Gaming,South Korea,English,2017-02-20,100K-1M,Mature
C00787,Vibes Daily 2,Entertainment,India,Hindi,2020-07-30,<10K,Mature
C00788,IndieTech,Technology,India,Telugu,2010-02-24,<10K,Teen
C00789,Alex Zone,Entertainment,Germany,German,2017-04-22,<10K,General
C00790,AlexCo 2,Lifestyle,United Kingdom,English,2010-02-17,<10K,Teen
C00791,DailyZone 2,Gaming,India,Tamil,2010-03-09,10K-100K,General
C00792,Sounds Next,Music,Mexico,English,2012-09-23,<10K,General
C00793,SamHub,Entertainment,Brazil,English,2017-06-03,<10K,General
C00794,Beats The,Music,United States,English,2017-01-10,1M-10M,General
C00795,FreshCinema,Film,India,Tamil,2019-08-22,10K-100K,General
C00796,Journal North,Lifestyle,India,Hindi,2017-05-25,10K-100K,General
C00797,Priya Arena 2,Gaming,France,French,2025-10-07,<10K,General
C00798,Fitness Priya,Sports,India,Hindi,2022-08-20,<10K,General
C00799,Real Journal,Lifestyle,Germany,German,2017-03-17,10K-100K,Mature
C00800,NovaReviews 2,Technology,Japan,Japanese,2010-01-16,<10K,General
C00801,Pixel Fitness,Sports,Germany,German,2017-12-23,<10K,Mature
C00802,True Forge 2,Gaming,United States,English,2018-10-24,<10K,General
C00803,Maria Live,Entertainment,United States,English,2014-01-20,10K-100K,General
C00804,FreshArena,Gaming,United States,English,2011-02-21,10K-100K,General
C00805,MariaNow,News,United States,English,2019-11-04,10K-100K,Teen
C00806,Labs Prime,Technology,Brazil,Portuguese,2016-05-22,100K-1M,General
C00807,IndieLife,Lifestyle,Turkey,Turkish,2012-06-07,1M-10M,General
C00808,The Journal,Lifestyle,Indonesia,Indonesian,2020-05-10,10K-100K,Teen
C00809,Central Urban,Entertainment,France,English,2026-06-08,10K-100K,Teen
C00810,PixelBeats,Music,France,French,2025-01-31,10K-100K,General
C00811,PrimeZone,Gaming,Indonesia,Indonesian,2019-12-26,10K-100K,General
C00812,Kenji Institute 2,Education,Philippines,Filipino,2015-09-05,1M-10M,General
C00813,AlexVibes,Music,India,Bengali,2022-03-11,10K-100K,General
C00814,FreshZone,Entertainment,India,Hindi,2022-05-28,<10K,General
C00815,Forge Prime,Gaming,Germany,German,2012-05-30,<10K,General
C00816,DailyLife,Lifestyle,United States,Spanish,2025-04-01,<10K,General
C00817,Hub Next,Entertainment,United States,English,2010-11-12,<10K,General
C00818,Indie LOL,Comedy,Mexico,Spanish,2017-12-11,100K-1M,General
C00819,PrimeStyle,Lifestyle,United States,English,2012-09-17,<10K,General
C00820,MetroArena 2,Sports,Australia,English,2021-03-25,100K-1M,Teen
C00821,Nova Tech,Technology,India,Hindi,2024-03-10,<10K,General
C00822,UrbanVibes 2,Entertainment,Philippines,Filipino,2011-05-24,10K-100K,General
C00823,RajZone 2,Entertainment,Turkey,Turkish,2015-11-17,<10K,General
C00824,Daily Arena,Sports,Nigeria,English,2015-10-01,<10K,General
C00825,Diaries Priya,Lifestyle,Vietnam,Vietnamese,2014-07-07,10K-100K,General
C00826,Report Raj,News,Turkey,,2021-06-10,10K-100K,General
C00827,Comedy Urban,Comedy,Japan,Japanese,2015-11-12,<10K,General
C00828,Records Raj,Music,Turkey,English,2024-12-05,<10K,General
C00829,Explained Bright,Education,India,Hindi,2014-10-19,10K-100K,General
C00830,PriyaLeague 2,Sports,United States,English,2010-01-21,10K-100K,Mature
C00831,DailyDaily,Sports,Thailand,English,2013-09-22,<10K,General
C00832,Fresh Tech,Technology,United States,English,2011-10-19,10K-100K,General
C00833,Next Zone 3,Entertainment,United States,Spanish,2024-02-15,<10K,General
C00834,PrimeForge,Gaming,Vietnam,Vietnamese,2012-01-09,10K-100K,
C00835,Real Now,News,United States,Spanish,2014-10-28,10K-100K,General
C00836,TrueCo,Lifestyle,United Kingdom,English,2015-08-15,<10K,General
C00837,PriyaSports,Sports,United States,English,2014-03-19,10K-100K,General
C00838,SamHub 2,Entertainment,India,Hindi,2010-01-27,<10K,Teen
C00839,Sounds Next 2,Music,Germany,German,2013-11-07,10K-100K,Teen
C00840,NextLOL,Comedy,Philippines,English,2010-12-28,10K-100K,General
C00841,Raj Learn,Education,Turkey,Turkish,2011-12-25,<10K,General
C00842,Next Times,News,India,Kannada,2010-01-23,<10K,General
C00843,Sam Mentor,Education,India,Hindi,2011-05-11,100K-1M,Teen
C00844,Pixel Explained,Education,Nigeria,English,2011-11-30,<10K,General
C00845,Daily Alex,Sports,India,Kannada,2023-07-03,<10K,Teen
C00846,Vibes Raj,Music,United States,English,2012-01-28,<10K,General
C00847,Co The,Lifestyle,Japan,English,2010-02-01,10K-100K,Teen
C00848,GG Bright,Gaming,United Kingdom,English,2025-12-16,10K-100K,General
C00849,Sam Studio 3,Music,Germany,German,2010-01-27,10K-100K,General
C00850,Daily Studio,Entertainment,Mexico,Spanish,2017-07-20,<10K,General
C00851,Show North,Comedy,Brazil,English,2014-11-16,<10K,General
C00852,Metro Zone 2,Gaming,Vietnam,Vietnamese,2020-05-08,10K-100K,General
C00853,Maria Vibes 2,Entertainment,India,Hindi,2010-03-16,<10K,General
C00854,Maria Lab,Education,United States,English,2018-12-09,<10K,Teen
C00855,RealDiaries 2,Lifestyle,Indonesia,Indonesian,2018-09-18,100K-1M,General
C00856,PixelInstitute 2,Education,Indonesia,English,2016-08-25,10K-100K,General
C00857,PixelAthletics 3,Sports,India,Hindi,2013-01-09,<10K,Mature
C00858,Next Journal,Lifestyle,South Korea,English,2024-02-04,100K-1M,General
C00859,IndieStudio,Entertainment,Indonesia,English,2011-04-13,<10K,General
C00860,Indie Life,Lifestyle,Thailand,Thai,2012-12-04,10K-100K,General
C00861,PixelDaily,News,United States,English,2012-04-24,10K-100K,Mature
C00862,WanderForge,Gaming,India,Tamil,2023-04-24,10K-100K,General
C00863,BrightExplained,Education,India,,2013-06-23,<10K,General
C00864,Live North 2,Entertainment,India,Hindi,2022-10-03,<10K,General
C00865,Forge Real,Gaming,Mexico,Spanish,2010-01-31,1M-10M,General
C00866,MetroLearn,Education,United States,Spanish,2012-09-17,10K-100K,General
C00867,Alex Arena,Gaming,India,Hindi,2021-01-12,<10K,General
C00868,BrightArena 3,Sports,Vietnam,Vietnamese,2021-05-19,10K-100K,General
C00869,Byte Sam,Technology,Japan,Japanese,2012-04-11,<10K,General
C00870,RealRecords,Music,India,Hindi,2017-04-30,<10K,General
C00871,Alex Living,Lifestyle,Japan,Japanese,2013-07-12,100K-1M,General
C00872,RajStudio 2,Music,Nigeria,English,2012-07-05,<10K,General
C00873,WanderLearn,Education,United States,English,2011-01-18,<10K,General
C00874,Wander Tech,Technology,Nigeria,English,2019-03-17,<10K,Teen
C00875,Athletics Sam,Sports,Mexico,Spanish,2013-10-02,<10K,General
C00876,WanderDaily,Sports,Turkey,English,2010-11-09,100K-1M,Teen
C00877,The Zone,Gaming,United States,English,2015-11-16,100K-1M,General
C00878,Reviews Fresh,Technology,Italy,Italian,2015-01-07,10K-100K,General
C00879,TrueLife,Lifestyle,Brazil,Portuguese,2026-02-28,<10K,Teen
C00880,NovaLive 3,Entertainment,United States,Spanish,2012-01-12,<10K,General
C00881,Live Fresh,Entertainment,India,Hindi,2015-11-30,<10K,General
C00882,Daily Academy,Education,Indonesia,Indonesian,2025-05-19,<10K,General
C00883,News Urban,News,Vietnam,Vietnamese,2015-07-21,<10K,Mature
C00884,PriyaLabs,Technology,Indonesia,Indonesian,2026-03-06,<10K,General
C00885,Live North 3,Entertainment,India,Hindi,2012-02-26,<10K,Teen
C00886,Alex Circuit,Technology,United Kingdom,English,2015-05-05,<10K,General
C00887,SamFilms,Film,United States,English,2019-01-25,10K-100K,General
C00888,KenjiArena 2,Gaming,India,Hindi,2014-08-31,10K-100K,General
C00889,RajAthletics 2,Sports,Germany,German,2022-03-29,<10K,General
C00890,Daily News,News,Thailand,English,2025-08-03,<10K,General
C00891,BrightVibes,Entertainment,South Korea,Korean,2012-03-07,10M+,Teen
C00892,The Unfiltered,Comedy,Germany,German,2024-01-20,10K-100K,General
C00893,Sounds Maria,Music,Thailand,Thai,2015-04-04,10K-100K,General
C00894,Indie Arena 2,Gaming,Brazil,Portuguese,2024-11-19,<10K,General
C00895,WanderSquad,Gaming,United States,,2025-11-24,10K-100K,General
C00896,Next Studio,Entertainment,Japan,Japanese,2021-12-08,<10K,General
C00897,FreshLearn,Education,Turkey,Turkish,2015-03-11,<10K,General
C00898,WanderLabs,Technology,Brazil,Portuguese,2021-12-25,<10K,General
C00899,Sam Fitness,Sports,Brazil,English,2015-06-05,10K-100K,General
C00900,Vibes Bright,Music,Thailand,Thai,2024-04-22,<10K,General
C00901,TheDiaries,Lifestyle,India,English,2023-03-21,<10K,General
C00902,The Forge,Gaming,Germany,German,2023-02-19,10K-100K,Mature
C00903,Alex Pictures,Film,Australia,English,2014-08-24,10M+,General
C00904,Digital Raj,Technology,Indonesia,English,2022-09-03,<10K,General
C00905,Maria Live 2,Entertainment,Indonesia,English,2023-08-19,<10K,General
C00906,Circuit Bright 2,Technology,United States,English,2010-03-04,10K-100K,Teen
C00907,North Studio,Music,South Korea,Korean,2019-05-08,<10K,Teen
C00908,TheZone,Gaming,Brazil,English,2011-06-16,<10K,General
C00909,Institute Fresh,Education,Germany,German,2014-05-10,1M-10M,Teen
C00910,Nova Now,News,Germany,German,2022-08-16,<10K,General
C00911,Labs Wander 2,Technology,Germany,German,2014-04-17,<10K,General
C00912,North Sessions,Music,Japan,English,2016-03-14,<10K,Teen
C00913,Studio The,Entertainment,India,Hindi,2021-09-04,<10K,General
C00914,BrightShow,Comedy,India,Bengali,2015-03-04,1M-10M,Teen
C00915,Nova Daily,Sports,South Korea,Korean,2014-06-20,<10K,General
C00916,BrightArena 4,Gaming,United States,English,2023-12-02,100K-1M,General
C00917,Sam Studio 4,Music,United States,English,2016-03-15,<10K,Teen
C00918,Daily Hub,Entertainment,Mexico,Spanish,2023-06-27,<10K,General
C00919,Byte Global 2,Technology,Mexico,Spanish,2010-03-05,100K-1M,General
C00920,Beats Daily,Music,Pakistan,Urdu,2014-10-03,10K-100K,Mature
C00921,AlexVibes 2,Entertainment,Indonesia,Indonesian,2021-04-18,10K-100K,General
C00922,Real Zone,Gaming,France,French,2017-09-06,<10K,General
C00923,Zone Sam 2,Entertainment,India,Hindi,2015-06-18,<10K,General
C00924,Unfiltered The,Comedy,Japan,Japanese,2017-04-22,10K-100K,Mature
C00925,Studio Metro,Music,Thailand,Thai,2013-04-22,10K-100K,Mature
C00926,Prime Athletics,Sports,India,Hindi,2020-04-29,<10K,General
C00927,TrueVibes,Entertainment,Japan,Japanese,2026-06-20,10K-100K,General
C00928,Global News,News,Brazil,Portuguese,2014-03-27,1M-10M,General
C00929,IndiePlays,Gaming,Indonesia,Indonesian,2014-02-23,10K-100K,Mature
C00930,PixelShow,Comedy,Japan,Japanese,2024-10-17,10K-100K,General
C00931,SamDaily 2,Sports,Brazil,Portuguese,2023-07-15,10K-100K,General
C00932,PriyaStudio,Music,Germany,German,2013-02-23,<10K,General
C00933,PriyaByte,Technology,Brazil,Portuguese,2014-07-23,<10K,General
C00934,Sports Daily,Sports,Indonesia,Indonesian,2010-12-05,10K-100K,General
C00935,RealStudio,Entertainment,United Kingdom,English,2023-02-15,<10K,General
C00936,Maria Mentor,Education,Brazil,English,2018-04-10,<10K,General
C00937,Maria Plays,Gaming,Japan,Japanese,2016-12-10,100K-1M,Teen
C00938,Pixel Life,Lifestyle,India,Hindi,2022-07-05,<10K,Teen
C00939,Diaries Real,Lifestyle,Thailand,English,2025-01-12,<10K,General
C00940,Studio North 3,Entertainment,United States,English,2023-12-29,<10K,General
C00941,FreshMentor,Education,United States,English,2013-01-20,10K-100K,General
C00942,The Plays,Gaming,Philippines,Filipino,2022-02-22,<10K,General
C00943,Wander Wire,News,Italy,Italian,2020-10-21,<10K,Teen
C00944,PrimeSessions,Music,Italy,Italian,2023-04-26,<10K,General
C00945,Now Global 2,News,Philippines,Filipino,2012-05-18,<10K,General
C00946,Indie Central,Entertainment,United Kingdom,English,2022-09-16,<10K,Mature
C00947,Wander Forge 2,Gaming,Turkey,English,2020-03-27,10K-100K,General
C00948,Vibes Sam,Entertainment,India,Marathi,2019-09-17,100K-1M,General
C00949,Raj Show,Comedy,Japan,Japanese,2022-06-28,10K-100K,General
C00950,UrbanLive 3,Entertainment,Indonesia,English,2018-05-09,<10K,General
C00951,NorthFitness,Sports,United States,English,2013-04-08,<10K,General
C00952,Indie Reviews,Technology,Turkey,Turkish,2010-08-21,<10K,General
C00953,FreshStudio 2,Entertainment,United Kingdom,English,2026-06-17,<10K,General
C00954,The Daily,Sports,South Korea,Korean,2010-06-05,<10K,Teen
C00955,Arena True,Gaming,Pakistan,Urdu,2019-11-07,10K-100K,Mature
C00956,Skits Global,Comedy,Philippines,Filipino,2010-12-24,<10K,General
C00957,Style The,Lifestyle,India,,2012-12-17,<10K,General
C00958,FreshDigital 2,Technology,Vietnam,Vietnamese,2010-08-17,10K-100K,General
C00959,Raj Studio,Music,India,Hindi,2017-06-06,<10K,General
C00960,FreshSquad 2,Gaming,Vietnam,Vietnamese,2026-01-29,10K-100K,General
C00961,True Arena 2,Sports,United States,English,2013-02-12,<10K,Mature
C00962,Athletics Daily 2,Sports,Vietnam,Vietnamese,2021-01-10,<10K,General
C00963,Kenji Arena 2,Sports,United States,English,2015-12-05,<10K,Teen
C00964,Raj Explained,Education,Indonesia,Indonesian,2019-04-25,<10K,General
C00965,Skits True 2,Comedy,United States,English,2014-01-30,10K-100K,General
C00966,Learn Daily,Education,India,Bengali,2012-09-26,10K-100K,General
C00967,Journal Raj,Lifestyle,Vietnam,Vietnamese,2017-01-31,<10K,General
C00968,NorthStudio,Music,Philippines,Filipino,2016-04-19,<10K,General
C00969,Co Pixel,Lifestyle,Indonesia,Indonesian,2018-04-08,<10K,General
C00970,SamCentral,Entertainment,India,Hindi,2012-07-10,10K-100K,Teen
C00971,Records North,Music,India,Hindi,2015-09-29,<10K,General
C00972,MetroPlays,Gaming,Japan,English,2012-11-18,<10K,Teen
C00973,Institute Metro,Education,Brazil,Portuguese,2010-01-19,10K-100K,General
C00974,Sessions The,Music,Japan,Japanese,2011-08-01,<10K,Teen
C00975,MariaReport,News,United States,Spanish,2014-07-25,100K-1M,General
C00976,Sounds Prime,Music,India,Bengali,2021-11-18,<10K,General
C00977,Films Real,Film,United States,English,2024-08-12,1M-10M,General
C00978,PixelRecords,Music,Vietnam,Vietnamese,2015-04-18,<10K,General
C00979,RealArena,Sports,United States,English,2014-05-20,10K-100K,General
C00980,Sam Athletics,Sports,Pakistan,Urdu,2016-01-02,<10K,General
C00981,NextJournal,Lifestyle,Brazil,Portuguese,2012-11-06,<10K,General
C00982,Style Sam,Lifestyle,India,Hindi,2013-08-28,<10K,General
C00983,RealLab,Education,Indonesia,Indonesian,2017-03-26,<10K,General
C00984,FreshReviews 2,Technology,United States,English,2013-07-11,<10K,General
C00985,Prime Beats,Music,South Korea,Korean,2010-03-04,10K-100K,General
C00986,Vibes Real 2,Music,United States,English,2011-02-06,<10K,General
C00987,Reviews Maria,Technology,United States,English,2018-05-11,<10K,General
C00988,TrueGG,Gaming,Philippines,Filipino,2010-11-10,<10K,Teen
C00989,Daily Bright 2,Sports,Canada,French,2022-01-25,10K-100K,General
C00990,Arena Maria,Gaming,Australia,English,2010-03-08,<10K,General
C00991,TheLaughs,Comedy,Mexico,English,2010-01-20,<10K,General
C00992,TheSessions 2,Music,India,Tamil,2014-08-26,10K-100K,General
C00993,TheJournal,Lifestyle,Nigeria,English,2017-12-04,10K-100K,General
C00994,Central Pixel,Entertainment,India,Hindi,2014-03-24,<10K,General
C00995,Reviews Prime,Technology,Germany,German,2010-11-29,<10K,Teen
C00996,KenjiStyle,Lifestyle,Brazil,Portuguese,2022-04-03,<10K,General
C00997,The Studio 2,Entertainment,Philippines,Filipino,2023-12-27,10K-100K,General
C00998,AlexZone,Entertainment,India,Hindi,2015-09-11,<10K,Teen
C00999,FreshJournal,Lifestyle,Germany,English,2014-05-22,10K-100K,Mature
C01000,MariaSkits,Comedy,United States,Spanish,2018-03-28,<10K,General
C01001,League Sam,Sports,United States,Spanish,2021-10-21,<10K,General
C01002,Sam Records 2,Music,United States,English,2023-03-25,<10K,General
C01003,Bright Learn 3,Education,United Kingdom,English,2012-07-12,10K-100K,General
C01004,KenjiDigital 2,Technology,Nigeria,English,2010-01-04,<10K,General
C01005,Global Sessions,Music,India,Hindi,2011-08-13,100K-1M,General
C01006,Raj Athletics,Sports,Indonesia,Indonesian,2013-07-24,<10K,General
C01007,KenjiFilms,Film,United States,Spanish,2023-12-27,10M+,General
C01008,DailyLab 2,Education,Vietnam,Vietnamese,2012-04-26,<10K,General
C01009,Pixel Academy 2,Education,United States,Spanish,2012-12-26,<10K,General
C01010,Living Prime,Lifestyle,India,Hindi,2014-06-29,<10K,General
C01011,RealCo,Lifestyle,India,Kannada,2025-06-29,<10K,General
C01012,Sam Hub 2,Entertainment,India,Hindi,2011-09-22,1M-10M,General
C01013,NextStudio 2,Entertainment,United States,Spanish,2014-05-30,1M-10M,General
C01014,BrightTech,Technology,Philippines,English,2012-03-17,10K-100K,Teen
C01015,Lab Priya,Education,India,Hindi,2010-02-26,10K-100K,General
C01016,TheNow,News,Pakistan,Urdu,2010-05-02,100K-1M,General
C01017,MariaVibes,Music,United States,English,2010-11-25,<10K,General
C01018,North Byte,Technology,Vietnam,English,2020-01-26,<10K,General
C01019,Arena Raj,Gaming,Vietnam,English,2011-02-08,<10K,General
C01020,Nova Plays,Gaming,India,Hindi,2018-02-16,1M-10M,Mature
C01021,True Diaries,Lifestyle,India,Hindi,2010-07-11,<10K,General
C01022,Forge Raj,Gaming,Canada,English,2015-08-05,<10K,General
C01023,IndieStudio 2,Entertainment,Indonesia,Indonesian,2024-10-13,100K-1M,General
C01024,Kenji Explained,Education,India,Hindi,2012-04-19,<10K,Mature
C01025,NovaLeague,Sports,United Kingdom,English,2015-03-02,100K-1M,Teen
C01026,SamVibes 2,Entertainment,Vietnam,Vietnamese,2022-06-27,10K-100K,General
C01027,MetroStudio,Entertainment,United States,English,2013-03-16,100K-1M,General
C01028,Fitness Next,Sports,India,Hindi,2020-08-15,100K-1M,Teen
C01029,Kenji Studio 2,Music,Philippines,Filipino,2010-01-14,<10K,General
C01030,PixelLaughs,Comedy,United States,English,2015-07-25,10K-100K,General
C01031,RajDaily,Sports,United States,English,2018-05-04,1M-10M,General
C01032,GG Wander,Gaming,Brazil,Portuguese,2021-11-21,10K-100K,General
C01033,Next Digital,Technology,Vietnam,Vietnamese,2011-07-22,<10K,General
C01034,Laughs Maria,Comedy,Australia,English,2015-04-28,10K-100K,General
C01035,Fresh Journal,Lifestyle,Brazil,Portuguese,2021-10-14,10K-100K,General
C01036,Times Metro,News,Indonesia,Indonesian,2010-07-04,<10K,General
C01037,Studio True 3,Music,Germany,German,2025-04-15,10K-100K,General
C01038,Next Wire,News,India,Hindi,2011-12-28,<10K,General
C01039,DailyDiaries,Lifestyle,United States,English,2017-04-19,100K-1M,Teen
C01040,Raj Institute,Education,Brazil,Portuguese,2013-12-27,<10K,Teen
C01041,MetroCinema,Film,United States,English,2019-11-16,<10K,General
C01042,NorthNow,News,Canada,English,2022-12-24,<10K,General
C01043,MariaCentral,Entertainment,United States,English,2016-08-18,<10K,General
C01044,Nova Times,News,Italy,Italian,2025-11-23,<10K,Teen
C01045,TrueLive,Entertainment,Vietnam,Vietnamese,2020-03-30,1M-10M,General
C01046,NorthNow 2,News,United States,English,2016-11-19,<10K,General
C01047,NovaCinema,Film,India,Telugu,2022-06-28,10K-100K,General
C01048,Hub Raj,Entertainment,United States,English,2010-11-14,<10K,General
C01049,Alex Arena 2,Gaming,Indonesia,,2013-07-07,10K-100K,General
C01050,Style The 2,Lifestyle,United States,English,2018-04-30,<10K,Mature
C01051,NorthLabs,Technology,Pakistan,Urdu,2013-12-19,<10K,General
C01052,MariaSounds 2,Music,India,Telugu,2020-04-01,<10K,General
C01053,BrightComedy,Comedy,Nigeria,English,2018-05-25,<10K,General
C01054,Global Plays,Gaming,Philippines,Filipino,2023-12-13,10K-100K,General
C01055,Zone The,Gaming,United States,English,2019-09-24,<10K,General
C01056,Screen Daily 2,Film,India,Hindi,2024-05-11,<10K,General
C01057,GlobalBeats,Music,Brazil,English,2024-07-22,<10K,General
C01058,Maria GG,Gaming,South Korea,Korean,2020-02-05,10K-100K,General
C01059,Plays Indie,Gaming,Australia,English,2015-05-17,<10K,Teen
C01060,MetroJournal,Lifestyle,Australia,English,2022-11-09,100K-1M,Teen
C01061,Global GG 2,Gaming,Germany,German,2022-04-09,<10K,Mature
C01062,Forge Maria,Gaming,India,Kannada,2025-03-22,<10K,General
C01063,Style Daily,Lifestyle,Pakistan,Urdu,2021-12-02,10K-100K,General
C01064,Institute Raj,Education,Thailand,Thai,2011-04-13,<10K,Teen
C01065,TrueBeats,Music,Mexico,Spanish,2019-07-21,<10K,General
C01066,Circuit Nova,Technology,United States,English,2010-10-20,100K-1M,General
C01067,BrightTimes,News,United States,English,2011-09-26,<10K,Mature
C01068,BrightMentor,Education,United States,Spanish,2025-10-04,<10K,General
C01069,Life Kenji,Lifestyle,Brazil,Portuguese,2010-01-05,<10K,Teen
C01070,SamExplained,Education,Indonesia,Indonesian,2022-03-26,100K-1M,General
C01071,PrimeSounds,Music,United States,English,2014-05-17,1M-10M,General
C01072,Explained Nova,Education,India,Hindi,2025-03-10,100K-1M,Teen
C01073,RajByte 2,Technology,South Korea,English,2020-05-07,10K-100K,General
C01074,Journal The,Lifestyle,France,French,2017-09-21,<10K,General
C01075,Fresh Show 2,Comedy,Germany,German,2024-07-30,1M-10M,General
C01076,North Central,Entertainment,United States,English,2021-02-24,100K-1M,Teen
C01077,Urban Laughs,Comedy,United States,Spanish,2023-05-21,<10K,General
C01078,Kenji Zone 2,Entertainment,India,Bengali,2013-04-17,10K-100K,General
C01079,FreshRecords 2,Music,Japan,English,2010-08-07,<10K,General
C01080,DailyBeats,Music,Germany,German,2010-01-16,<10K,
C01081,Pixel Arena,Gaming,France,French,2015-07-15,10K-100K,General
C01082,Beats Priya 2,Music,India,Hindi,2010-05-13,<10K,General
C01083,Urban Tech,Technology,Mexico,Spanish,2024-07-15,<10K,General
C01084,RajZone 3,Entertainment,United Kingdom,English,2012-07-03,10K-100K,General
C01085,League Metro,Sports,United States,English,2017-07-23,1M-10M,General
C01086,PriyaPlays,Gaming,Indonesia,Indonesian,2025-03-09,10K-100K,General
C01087,Wander Hub 2,Entertainment,Brazil,English,2013-03-16,<10K,Teen
C01088,PrimeJournal,Lifestyle,India,Hindi,2019-11-24,10K-100K,General
C01089,KenjiLearn,Education,Nigeria,English,2011-02-28,100K-1M,Mature
C01090,Laughs Sam,Comedy,France,French,2012-08-08,<10K,General
C01091,Central Fresh 2,Entertainment,United States,Spanish,2020-07-01,10K-100K,General
C01092,Reels Wander,Film,Brazil,Portuguese,2013-10-04,100K-1M,General
C01093,Learn Pixel,Education,India,Hindi,2018-04-09,<10K,General
C01094,NovaHub,Entertainment,India,Hindi,2016-04-16,10K-100K,General
C01095,UrbanLeague,Sports,United States,English,2010-01-16,100K-1M,General
C01096,Raj Mentor,Education,Vietnam,Vietnamese,2022-10-05,<10K,General
C01097,Sounds Bright,Music,Japan,Japanese,2021-05-28,<10K,General
C01098,Athletics Bright,Sports,Philippines,Filipino,2024-10-14,10K-100K,General
C01099,True Reviews,Technology,United States,English,2011-01-31,10K-100K,General
C01100,Athletics Next,Sports,United States,English,2017-10-21,<10K,General
C01101,Prime Learn 2,Education,Brazil,Portuguese,2013-03-06,<10K,General
C01102,Institute Global,Education,Japan,Japanese,2018-04-20,<10K,General
C01103,Prime Mentor,Education,United States,English,2020-07-14,<10K,Mature
C01104,NextDiaries,Lifestyle,Germany,German,2023-01-26,<10K,General
C01105,UrbanTech,Technology,Japan,Japanese,2012-06-20,<10K,General
C01106,Films Global,Film,United Kingdom,English,2010-02-02,<10K,Teen
C01107,BrightJournal,Lifestyle,Germany,German,2025-01-02,<10K,General
C01108,Sessions Pixel,Music,United States,English,2015-10-06,<10K,General
C01109,Journal Nova,Lifestyle,United Kingdom,English,2019-04-28,100K-1M,General
C01110,Global Sessions 2,Music,Brazil,,2021-12-10,100K-1M,General
C01111,Next Studio 2,Music,Vietnam,English,2010-10-31,1M-10M,General
C01112,Kenji Digital,Technology,United States,English,2018-11-09,<10K,General
C01113,Vibes Urban,Music,India,Hindi,2023-08-26,<10K,General
C01114,PriyaStudio 2,Entertainment,India,Kannada,2023-04-19,<10K,General
C01115,Show Prime,Comedy,Mexico,English,2012-03-07,10K-100K,General
C01116,PixelLaughs 2,Comedy,Germany,German,2025-08-21,10K-100K,General
C01117,Reviews Pixel,Technology,Brazil,Portuguese,2017-10-02,100K-1M,General
C01118,Sounds Priya 2,Music,United Kingdom,English,2011-04-19,10K-100K,General
C01119,Circuit Alex,Technology,India,Hindi,2012-11-30,100K-1M,General
C01120,Prime Live 2,Entertainment,United States,English,2026-03-18,<10K,General
C01121,GlobalPlays,Gaming,Brazil,Portuguese,2018-03-13,100K-1M,General
C01122,PixelCinema,Film,Nigeria,English,2013-06-26,<10K,General
C01123,IndieScreen,Film,India,Marathi,2024-05-23,10K-100K,General
C01124,NorthVibes 2,Entertainment,United States,Spanish,2014-09-02,10K-100K,General
C01125,SamRecords,Music,Germany,English,2011-12-27,<10K,General
C01126,The Life,Lifestyle,India,Hindi,2012-12-30,10K-100K,General
C01127,Now Maria 2,News,Indonesia,English,2010-01-21,<10K,General
C01128,Squad Global,Gaming,France,English,2011-08-04,<10K,General
C01129,GG Real 2,Gaming,India,Hindi,2010-06-14,<10K,Teen
C01130,UrbanStyle,Lifestyle,Pakistan,Urdu,2012-01-24,10K-100K,General
C01131,Bright Live,Entertainment,Brazil,Portuguese,2011-10-29,10K-100K,General
C01132,Alex Studios,Film,India,Hindi,2017-07-31,10M+,General
C01133,MariaExplained,Education,Italy,Italian,2019-01-02,10K-100K,Teen
C01134,Laughs Wander 2,Comedy,United States,Spanish,2018-10-05,<10K,General
C01135,Wire Prime,News,Italy,English,2018-06-08,100K-1M,General
C01136,Daily The,News,Germany,German,2018-09-08,100K-1M,General
C01137,Learn Raj,Education,United States,English,2011-12-19,100K-1M,General
C01138,Sam Reviews,Technology,United States,Spanish,2025-05-16,<10K,General
C01139,True Live 2,Entertainment,Mexico,Spanish,2011-10-23,<10K,General
C01140,Maria Vibes 3,Music,Australia,English,2013-08-09,<10K,General
C01141,Sam Digital,Technology,Indonesia,Indonesian,2026-05-20,10K-100K,General
C01142,SamShow,Comedy,United States,Spanish,2017-01-20,<10K,Mature
C01143,WanderCircuit,Technology,United States,English,2013-01-26,<10K,General
C01144,Living Kenji 2,Lifestyle,United States,English,2010-04-24,100K-1M,Teen
C01145,NovaGG,Gaming,Pakistan,Urdu,2025-08-22,<10K,Mature
C01146,NovaLabs,Technology,Japan,Japanese,2012-12-13,<10K,General
C01147,Alex Reviews 2,Technology,France,French,2019-08-18,10K-100K,General
C01148,Nova Mentor,Education,Brazil,Portuguese,2017-04-25,<10K,General
C01149,BrightLOL,Comedy,Indonesia,Indonesian,2012-10-12,10K-100K,General
C01150,Live Pixel,Entertainment,Turkey,English,2022-06-04,<10K,General
C01151,Style Fresh,Lifestyle,India,Hindi,2023-08-19,<10K,General
C01152,AlexVibes 3,Music,Canada,English,2025-10-24,<10K,General
C01153,Kenji Sessions,Music,India,Hindi,2020-01-09,10K-100K,General
C01154,Indie Sounds,Music,Italy,Italian,2016-04-06,<10K,Teen
C01155,KenjiAthletics,Sports,Brazil,Portuguese,2013-03-19,<10K,General
C01156,RajReels,Film,Nigeria,English,2019-01-06,10K-100K,General
C01157,MariaForge,Gaming,India,Hindi,2010-09-21,<10K,Teen
C01158,NovaScreen,Film,Japan,Japanese,2010-02-28,<10K,General
C01159,Zone Bright,Gaming,Vietnam,English,2017-01-22,<10K,
C01160,Urban Beats,Music,India,Hindi,2018-06-08,<10K,General
C01161,Forge Global,Gaming,Mexico,Spanish,2020-03-07,100K-1M,General
C01162,Wander News,News,Mexico,Spanish,2010-04-22,10K-100K,Teen
C01163,The Studios,Film,Brazil,English,2010-04-30,<10K,General
C01164,Daily Show,Comedy,India,Hindi,2021-03-24,10K-100K,Teen
C01165,PrimeSquad 2,Gaming,United States,English,2024-02-29,<10K,General
C01166,Circuit Kenji,Technology,United States,English,2021-08-03,<10K,General
C01167,Labs Global,Technology,Canada,English,2025-10-03,10K-100K,General
C01168,Real Living 2,Lifestyle,Philippines,,2012-07-26,<10K,General
C01169,Now Global 3,News,Germany,German,2011-02-01,10K-100K,General
C01170,Now Prime,News,Nigeria,English,2021-03-11,100K-1M,General
C01171,GlobalByte,Technology,United States,English,2013-01-31,<10K,General
C01172,PixelLiving,Lifestyle,Canada,English,2015-01-02,<10K,General
C01173,FreshRecords 3,Music,Japan,English,2018-11-12,100K-1M,
C01174,PriyaSounds,Music,Italy,English,2024-11-11,100K-1M,General
C01175,Daily League,Sports,Thailand,Thai,2019-07-10,<10K,General
C01176,News Alex,News,United Kingdom,English,2013-04-12,<10K,General
C01177,UrbanReport,News,Brazil,English,2017-05-02,<10K,Teen
C01178,Live Prime 2,Entertainment,India,Hindi,2016-02-12,<10K,General
C01179,Urban Living,Lifestyle,Italy,Italian,2012-03-20,<10K,General
C01180,WanderSounds,Music,South Korea,Korean,2011-07-11,1M-10M,General
C01181,Raj Vibes 2,Entertainment,United States,English,2023-07-02,<10K,General
C01182,Diaries The,Lifestyle,Brazil,Portuguese,2022-03-11,<10K,General
C01183,Prime Lab,Education,Brazil,Portuguese,2010-04-11,10K-100K,General
C01184,Pixel Records 2,Music,Pakistan,Urdu,2019-01-21,1M-10M,General
C01185,Nova Academy,Education,South Korea,Korean,2020-09-02,10K-100K,General
C01186,Next Athletics 2,Sports,Pakistan,English,2010-09-14,10K-100K,Teen
C01187,UrbanArena 2,Gaming,Brazil,Portuguese,2010-01-12,100K-1M,Teen
C01188,Style Fresh 2,Lifestyle,Brazil,Portuguese,2025-09-30,<10K,General
C01189,Diaries Wander 2,Lifestyle,France,French,2021-07-06,100K-1M,Teen
C01190,Style Nova,Lifestyle,Vietnam,Vietnamese,2013-08-29,<10K,Teen
C01191,NextVibes,Entertainment,India,Hindi,2010-05-16,100K-1M,General
C01192,Indie League,Sports,Philippines,Filipino,2010-09-13,10K-100K,General
C01193,DailyFitness,Sports,France,French,2015-05-27,<10K,General
C01194,MetroTimes,News,Germany,German,2019-08-12,100K-1M,General
C01195,NorthMentor,Education,Spain,English,2022-01-02,10K-100K,General
C01196,Next Zone 4,Gaming,Pakistan,Urdu,2025-03-27,10K-100K,General
C01197,Fresh Journal 2,Lifestyle,India,Hindi,2010-03-25,10K-100K,General
C01198,Pixel Skits 3,Comedy,India,Hindi,2025-04-12,10K-100K,General
C01199,Hub Prime,Entertainment,United States,English,2010-07-02,10K-100K,General
C01200,Real Arena,Sports,United States,Spanish,2022-06-20,1M-10M,General
C01201,Studio Fresh 3,Music,Canada,English,2021-07-06,<10K,General
C01202,Raj Academy,Education,Japan,Japanese,2019-07-01,<10K,General
C01203,NextVibes 2,Music,India,Hindi,2011-10-23,10K-100K,General
C01204,NextCinema,Film,Indonesia,English,2026-07-20,100K-1M,Mature
C01205,Unfiltered North,Comedy,India,Hindi,2010-05-23,100K-1M,General
C01206,Sam Records 3,Music,Thailand,Thai,2023-03-29,<10K,Teen
C01207,Show Nova,Comedy,Australia,English,2020-08-15,<10K,Mature
C01208,North Academy 2,Education,United States,Spanish,2021-07-02,10K-100K,Teen
C01209,KenjiUnfiltered,Comedy,India,Hindi,2023-03-06,<10K,General
C01210,RajLab,Education,United States,Spanish,2014-09-09,<10K,General
C01211,North Reviews,Technology,France,English,2020-06-03,<10K,Teen
C01212,Live Kenji,Entertainment,Australia,English,2012-06-19,100K-1M,Teen
C01213,IndieDigital 2,Technology,Philippines,Filipino,2018-06-02,100K-1M,General
C01214,Mentor Maria,Education,India,Hindi,2010-01-29,100K-1M,Teen
C01215,Prime Fitness,Sports,United Kingdom,English,2016-02-17,10K-100K,General
C01216,Alex Central 2,Entertainment,United Kingdom,English,2025-05-15,<10K,General
C01217,RealStudio 2,Music,South Korea,English,2019-04-28,<10K,General
C01218,Indie Live,Entertainment,South Korea,Korean,2015-02-20,100K-1M,General
C01219,Hub Prime 2,Entertainment,Germany,English,2023-09-17,100K-1M,General
C01220,North Hub,Entertainment,Germany,German,2010-03-19,<10K,General
C01221,Bright Explained 2,Education,Mexico,English,2016-05-17,10K-100K,General
C01222,Laughs Fresh,Comedy,India,English,2015-09-04,<10K,General
C01223,The Lab,Education,Nigeria,English,2012-06-28,10K-100K,General
C01224,Prime Arena 2,Gaming,Brazil,Portuguese,2019-10-14,100K-1M,General
C01225,NorthPlays,Gaming,Indonesia,Indonesian,2011-10-28,10K-100K,General
C01226,Pixel Reels,Film,Australia,English,2023-10-18,<10K,General
C01227,True Living,Lifestyle,Pakistan,English,2018-05-17,<10K,Mature
C01228,TrueStyle,Lifestyle,India,English,2011-08-10,<10K,General
C01229,Mentor Real,Education,Brazil,Portuguese,2018-03-03,<10K,General
C01230,Zone Bright 2,Gaming,Brazil,English,2021-07-14,100K-1M,General
C01231,The Labs,Technology,United States,English,2025-11-16,100K-1M,General
C01232,SamZone,Gaming,United States,Spanish,2026-02-01,<10K,Teen
C01233,Digital Global,Technology,United States,Spanish,2024-10-08,10M+,General
C01234,Sports Pixel,Sports,India,Hindi,2012-08-23,<10K,Teen
C01235,Nova Comedy 2,Comedy,Canada,English,2016-03-23,100K-1M,General
C01236,Prime League,Sports,United States,Spanish,2013-11-28,<10K,Teen
C01237,The Live,Entertainment,Brazil,Portuguese,2011-06-06,<10K,General
C01238,Diaries Raj,Lifestyle,Mexico,Spanish,2013-02-09,10K-100K,General
C01239,Priya League,Sports,Brazil,Portuguese,2024-06-27,10K-100K,General
C01240,MariaCentral 2,Entertainment,Japan,English,2011-05-09,<10K,General
C01241,Plays Global,Gaming,India,Hindi,2012-09-11,<10K,General
C01242,Studio Bright 2,Entertainment,India,Hindi,2011-02-18,<10K,Mature
C01243,Indie Squad,Gaming,Canada,English,2021-01-20,<10K,General
C01244,Lab Alex,Education,Spain,Spanish,2020-05-26,10K-100K,General
C01245,WanderFitness,Sports,United Kingdom,English,2020-04-07,10K-100K,Teen
C01246,Mentor True,Education,Mexico,Spanish,2021-08-17,10K-100K,General
C01247,Co Raj,Lifestyle,United Kingdom,English,2011-04-01,10M+,General
C01248,MariaStyle,Lifestyle,United States,English,2023-01-29,10K-100K,General
C01249,Vibes Maria 2,Entertainment,Brazil,Portuguese,2013-05-09,1M-10M,Teen
C01250,Hub Real,Entertainment,Nigeria,English,2018-11-05,100K-1M,General
C01251,BrightStudio,Entertainment,Pakistan,Urdu,2011-12-30,<10K,General
C01252,KenjiSquad 2,Gaming,United States,English,2024-07-02,<10K,General
C01253,Alex Style,Lifestyle,Turkey,Turkish,2013-04-21,<10K,General
C01254,FreshStudio 3,Music,India,Hindi,2013-06-19,10K-100K,General
C01255,Bright LOL,Comedy,Germany,German,2022-12-02,<10K,General
C01256,Alex Studio 2,Entertainment,United States,Spanish,2021-05-21,10K-100K,General
C01257,DailyForge 2,Gaming,Canada,French,2015-07-05,100K-1M,General
C01258,PriyaBeats,Music,India,Hindi,2017-02-19,<10K,General
C01259,Metro Lab,Education,Brazil,English,2010-01-01,<10K,General
C01260,Maria Squad 2,Gaming,United States,Spanish,2024-07-24,10K-100K,General
C01261,Living Fresh,Lifestyle,Germany,German,2010-09-26,100K-1M,General
C01262,RajCo,Lifestyle,India,Hindi,2014-07-23,10K-100K,Mature
C01263,Sounds Sam,Music,Brazil,Portuguese,2012-02-10,<10K,Teen
C01264,Journal Maria 2,Lifestyle,Brazil,Portuguese,2010-03-27,<10K,General
C01265,NorthStudio 2,Entertainment,Vietnam,Vietnamese,2017-04-08,<10K,Mature
C01266,IndieReport,News,India,Hindi,2021-03-28,<10K,General
C01267,Zone The 2,Gaming,France,,2018-02-24,100K-1M,General
C01268,Screen Metro,Film,United States,English,2013-12-25,1M-10M,General
C01269,Daily Pictures,Film,India,Hindi,2020-03-05,<10K,General
C01270,Metro Sports 2,Sports,France,French,2014-11-15,10K-100K,General
C01271,Prime Central,Entertainment,United States,English,2025-09-08,10K-100K,General
C01272,Zone Bright 3,Gaming,India,English,2020-06-16,<10K,General
C01273,Next Arena,Gaming,South Korea,English,2013-06-23,<10K,General
C01274,The Explained,Education,United States,English,2019-05-08,100K-1M,General
C01275,RajVibes 2,Music,Australia,English,2011-02-12,<10K,General
C01276,Squad Raj,Gaming,Mexico,English,2022-07-11,10K-100K,General
C01277,FreshByte,Technology,United States,English,2017-02-16,<10K,General
C01278,MetroArena 3,Gaming,Australia,English,2010-05-01,<10K,General
C01279,Nova Show,Comedy,Australia,English,2011-09-08,10K-100K,General
C01280,IndieZone 2,Entertainment,Brazil,English,2017-04-06,<10K,Teen
C01281,NorthLiving 3,Lifestyle,Germany,German,2023-02-25,10K-100K,General
C01282,TheSounds,Music,Canada,English,2023-12-13,<10K,General
C01283,Nova Times 2,News,United States,Spanish,2023-12-04,<10K,General
C01284,True News 2,News,Indonesia,Indonesian,2021-09-12,10K-100K,General
C01285,IndieFitness,Sports,Indonesia,English,2018-09-29,<10K,General
C01286,Prime Zone,Gaming,India,Hindi,2011-08-05,<10K,General
C01287,WanderCinema,Film,Pakistan,Urdu,2011-06-25,<10K,General
C01288,DailyVibes 2,Entertainment,Brazil,English,2021-12-24,10K-100K,Teen
C01289,Indie Learn,Education,India,Hindi,2012-01-30,100K-1M,Teen
C01290,ThePlays,Gaming,Vietnam,Vietnamese,2016-11-10,<10K,General
C01291,UrbanShow,Comedy,Brazil,Portuguese,2015-12-06,100K-1M,General
C01292,RealByte 2,Technology,India,Hindi,2010-10-06,<10K,General
C01293,Maria Arena 2,Sports,Philippines,Filipino,2019-01-10,10K-100K,General
C01294,Pixel Co,Lifestyle,India,Hindi,2011-08-15,100K-1M,General
C01295,Pixel Co 2,Lifestyle,Brazil,Portuguese,2015-06-06,10K-100K,Teen
C01296,UrbanJournal,Lifestyle,Mexico,Spanish,2011-10-12,<10K,General
C01297,TrueExplained,Education,United States,English,2017-09-06,10K-100K,General
C01298,MariaCentral 3,Entertainment,Philippines,Filipino,2011-01-20,100K-1M,General
C01299,The Times,News,Japan,Japanese,2015-09-27,<10K,General
C01300,Hub Global,Entertainment,United Kingdom,English,2013-04-08,<10K,General
C01301,True Comedy,Comedy,Japan,Japanese,2021-09-25,<10K,General
C01302,TrueSports,Sports,South Korea,Korean,2011-01-06,10K-100K,General
C01303,SamLearn 2,Education,Pakistan,Urdu,2024-08-01,<10K,General
C01304,Urban Forge,Gaming,Pakistan,English,2024-11-16,100K-1M,General
C01305,TrueArena,Gaming,United States,English,2016-06-27,100K-1M,General
C01306,NovaLOL,Comedy,United States,English,2010-03-10,100K-1M,General
C01307,Metro Records,Music,South Korea,English,2013-12-27,10K-100K,General
C01308,True Diaries 2,Lifestyle,United States,English,2012-05-08,100K-1M,Teen
C01309,KenjiLiving,Lifestyle,Australia,English,2011-01-26,10K-100K,General
C01310,TheCentral 2,Entertainment,Spain,Spanish,2012-02-05,<10K,General
C01311,Bright Vibes 2,Entertainment,Brazil,Portuguese,2014-04-20,<10K,General
C01312,Now North,News,Japan,Japanese,2023-07-06,<10K,General
C01313,Nova Forge,Gaming,France,French,2025-12-22,<10K,Teen
C01314,Bright Style,Lifestyle,India,Hindi,2011-04-20,<10K,General
C01315,Alex Plays 2,Gaming,United States,English,2011-11-10,10K-100K,General
C01316,Studio North 4,Music,Turkey,Turkish,2022-09-03,10K-100K,General
C01317,Labs Wander 3,Technology,Indonesia,Indonesian,2020-10-23,<10K,General
C01318,BrightReport,News,Vietnam,Vietnamese,2012-12-09,<10K,General
C01319,SamZone 2,Entertainment,Thailand,Thai,2023-10-19,10K-100K,General
C01320,LOL Global,Comedy,United States,Spanish,2021-10-15,100K-1M,Mature
C01321,FreshLive 2,Entertainment,India,Hindi,2026-04-08,10K-100K,General
C01322,Next Studio 3,Entertainment,Vietnam,Vietnamese,2023-07-19,<10K,General
C01323,Metro Comedy,Comedy,Philippines,Filipino,2014-04-29,<10K,General
C01324,Bright Journal,Lifestyle,India,Marathi,2011-08-21,100K-1M,Teen
C01325,Maria Vibes 4,Entertainment,Brazil,Portuguese,2013-04-25,100K-1M,General
C01326,NorthLabs 2,Technology,Australia,English,2017-02-23,<10K,General
C01327,Maria Sounds,Music,India,Hindi,2015-11-26,100K-1M,General
C01328,Hub Metro 2,Entertainment,Australia,English,2011-09-23,10K-100K,Teen
C01329,Maria Squad 3,Gaming,Mexico,Spanish,2016-04-02,<10K,General
C01330,Lab Sam,Education,United States,English,2019-08-20,<10K,General
C01331,True Beats,Music,India,Hindi,2011-01-06,<10K,General
C01332,Daily Hub 2,Entertainment,Brazil,English,2021-03-28,<10K,General
C01333,KenjiZone,Entertainment,Indonesia,Indonesian,2019-09-25,<10K,General
C01334,Fresh Labs,Technology,India,Hindi,2010-09-06,10K-100K,General
C01335,Sports Alex,Sports,Japan,Japanese,2010-01-24,10K-100K,General
C01336,Nova Labs,Technology,Pakistan,Urdu,2026-02-20,10K-100K,Teen
C01337,NovaZone 3,Entertainment,Turkey,Turkish,2013-11-02,<10K,General
C01338,TheLabs 2,Technology,Brazil,English,2020-01-23,10K-100K,General
C01339,Nova Fitness,Sports,United Kingdom,English,2011-03-30,10K-100K,General
C01340,Urban Lab,Education,United States,Spanish,2016-08-04,<10K,General
C01341,Alex Unfiltered,Comedy,Mexico,English,2015-09-09,<10K,Mature
C01342,Alex Digital,Technology,United States,English,2019-08-23,<10K,General
C01343,RajByte 3,Technology,Canada,English,2018-01-12,10K-100K,General
C01344,Priya LOL,Comedy,United States,English,2025-02-02,100K-1M,Teen
C01345,Laughs Bright 2,Comedy,United States,English,2018-07-10,<10K,General
C01346,Now Maria 3,News,United States,English,2022-06-17,1M-10M,General
C01347,Sam Vibes,Entertainment,India,Hindi,2011-10-22,<10K,General
C01348,GlobalZone 2,Entertainment,France,English,2015-06-06,1M-10M,General
C01349,True Arena 3,Gaming,Turkey,English,2019-06-30,10K-100K,Teen
C01350,Bright Mentor 2,Education,Indonesia,English,2023-06-29,<10K,General
C01351,Fresh Forge,Gaming,Germany,German,2012-03-07,10K-100K,General
C01352,DailyGG,Gaming,Vietnam,English,2020-03-13,<10K,General
C01353,Live Maria,Entertainment,United States,English,2018-12-27,<10K,Teen
C01354,PrimeExplained,Education,United States,English,2014-05-31,<10K,Teen
C01355,Central Raj,Entertainment,Brazil,Portuguese,2012-10-04,<10K,Teen
C01356,UrbanExplained,Education,United States,Spanish,2011-12-26,<10K,Teen
C01357,MetroDigital 2,Technology,India,Telugu,2021-08-22,<10K,General
C01358,Sam Vibes 2,Entertainment,United States,English,2013-08-04,<10K,General
C01359,GlobalRecords,Music,Nigeria,English,2020-08-11,<10K,General
C01360,Daily Life,Lifestyle,India,Tamil,2010-10-21,<10K,Mature
C01361,NorthWire,News,Brazil,Portuguese,2018-03-03,<10K,Teen
C01362,North Plays 2,Gaming,Indonesia,Indonesian,2021-12-11,<10K,General
C01363,Priya Hub 2,Entertainment,Australia,English,2013-04-04,<10K,General
C01364,IndieByte 2,Technology,Vietnam,Vietnamese,2016-05-28,<10K,General
C01365,Kenji Athletics,Sports,India,Hindi,2013-02-14,<10K,Mature
C01366,Alex Vibes,Entertainment,United States,English,2021-12-21,10K-100K,General
C01367,North Style,Lifestyle,Brazil,Portuguese,2014-03-12,<10K,General
C01368,TrueExplained 2,Education,India,Hindi,2012-12-23,<10K,Teen
C01369,Arena The,Gaming,India,Tamil,2010-06-06,10K-100K,General
C01370,North Co,Lifestyle,Turkey,Turkish,2026-07-23,<10K,General
C01371,Central Global 2,Entertainment,United States,Spanish,2015-08-20,10K-100K,General
C01372,Athletics Prime,Sports,India,Hindi,2025-05-09,10K-100K,General
C01373,GlobalReels,Film,Brazil,English,2012-10-10,10K-100K,Teen
C01374,Daily GG,Gaming,Brazil,Portuguese,2012-04-26,<10K,General
C01375,TrueWire 2,News,Nigeria,English,2013-05-30,10K-100K,General
C01376,Unfiltered Raj,Comedy,India,Hindi,2014-10-05,10K-100K,General
C01377,Circuit Wander,Technology,Japan,Japanese,2015-03-28,<10K,General
C01378,Lab North,Education,Turkey,Turkish,2011-02-19,100K-1M,General
C01379,Lab Prime 2,Education,Vietnam,Vietnamese,2023-07-17,100K-1M,General
C01380,MetroCentral,Entertainment,Turkey,Turkish,2020-03-01,10K-100K,General
C01381,PriyaSports 2,Sports,Brazil,Portuguese,2021-01-30,<10K,General
C01382,Maria Plays 2,Gaming,United States,English,2014-07-06,<10K,General
C01383,Live Sam,Entertainment,Japan,Japanese,2016-08-09,100K-1M,General
C01384,Living Bright 2,Lifestyle,Japan,Japanese,2011-04-06,<10K,Mature
C01385,TrueFitness 2,Sports,India,Hindi,2024-01-21,100K-1M,General
C01386,AlexAcademy,Education,India,Hindi,2013-03-06,10K-100K,General
C01387,AlexMentor,Education,India,Hindi,2024-07-26,100K-1M,General
C01388,Hub Nova 3,Entertainment,Turkey,,2016-01-14,<10K,General
C01389,Urban Plays,Gaming,India,Hindi,2010-03-17,10K-100K,General
C01390,Byte Fresh,Technology,India,Hindi,2018-09-20,<10K,Mature
C01391,Alex Academy 2,Education,India,Hindi,2012-06-15,100K-1M,General
C01392,Byte Next,Technology,United States,English,2025-12-05,10K-100K,General
C01393,Sam Zone,Gaming,India,Marathi,2021-12-14,10K-100K,General
C01394,NorthForge,Gaming,United Kingdom,English,2018-01-24,<10K,General
C01395,Records Wander,Music,United States,English,2015-03-28,<10K,General
C01396,DailyDiaries 2,Lifestyle,Mexico,Spanish,2012-01-03,10K-100K,General
C01397,GlobalSports,Sports,Australia,English,2010-01-27,<10K,Teen
C01398,NovaLive 4,Entertainment,Germany,German,2025-06-20,<10K,General
C01399,Lab Daily,Education,India,Hindi,2019-10-30,1M-10M,General
C01400,True Arena 4,Sports,United States,Spanish,2022-04-11,<10K,General
C01401,BrightSounds 2,Music,Thailand,Thai,2013-10-20,<10K,General
C01402,Arena Pixel 2,Gaming,United States,Spanish,2011-02-17,<10K,General
C01403,WanderStyle,Lifestyle,India,Hindi,2013-06-17,<10K,General
C01404,True Studios,Film,Indonesia,Indonesian,2017-05-05,10K-100K,General
C01405,North Records,Music,Brazil,English,2022-07-29,<10K,General
C01406,Raj Unfiltered,Comedy,United States,English,2011-01-30,10K-100K,General
C01407,Fresh Squad,Gaming,India,Hindi,2015-09-05,<10K,General
C01408,NorthArena,Sports,Thailand,Thai,2015-06-21,<10K,Teen
C01409,Fresh Daily,Sports,Vietnam,Vietnamese,2022-08-31,<10K,General
C01410,NextLife,Lifestyle,India,Hindi,2016-11-23,<10K,General
C01411,SamLab,Education,France,French,2011-07-12,<10K,Teen
C01412,Indie Reels,Film,India,Tamil,2012-01-09,<10K,General
C01413,DailyShow,Comedy,India,Hindi,2025-08-15,<10K,General
C01414,True Now,News,Vietnam,Vietnamese,2011-11-05,<10K,General
C01415,Nova Squad 2,Gaming,Nigeria,English,2010-09-05,<10K,Teen
C01416,Indie Zone,Entertainment,India,Hindi,2015-01-20,10K-100K,General
C01417,Skits Sam,Comedy,United States,English,2011-01-10,<10K,General
C01418,Sessions Urban,Music,Mexico,Spanish,2013-05-04,10K-100K,Teen
C01419,RealLabs,Technology,United States,Spanish,2020-06-08,1M-10M,Teen
C01420,MetroSquad,Gaming,Brazil,,2015-04-27,100K-1M,General
C01421,Sports True,Sports,United Kingdom,English,2026-03-30,10K-100K,General
C01422,KenjiCo,Lifestyle,Indonesia,Indonesian,2011-12-21,<10K,General
C01423,Metro Unfiltered,Comedy,United States,Spanish,2011-07-18,<10K,General
C01424,Fresh Lab,Education,Australia,English,2025-03-23,10K-100K,General
C01425,Indie Show,Comedy,United States,English,2010-10-17,100K-1M,General
C01426,Priya Reviews,Technology,Vietnam,Vietnamese,2014-06-10,10K-100K,General
C01427,AlexSquad,Gaming,Vietnam,English,2013-09-13,<10K,General
C01428,SamLearn 3,Education,Brazil,Portuguese,2018-01-28,100K-1M,General
C01429,Studios True,Film,Turkey,Turkish,2012-04-10,<10K,General
C01430,Real Mentor,Education,Vietnam,Vietnamese,2011-02-18,10K-100K,General
C01431,Daily LOL,Comedy,South Korea,English,2026-04-09,<10K,General
C01432,Squad Prime,Gaming,United States,English,2024-01-17,10K-100K,General
C01433,NextRecords,Music,Indonesia,English,2016-10-17,<10K,General
C01434,Plays Raj,Gaming,India,Hindi,2015-04-17,<10K,General
C01435,RealCircuit 3,Technology,South Korea,Korean,2019-03-26,10K-100K,General
C01436,Vibes Fresh,Entertainment,Canada,English,2018-11-06,1M-10M,General
C01437,Zone Prime,Gaming,Nigeria,English,2017-09-06,10K-100K,General
C01438,Bright Plays 3,Gaming,India,Tamil,2021-09-03,<10K,General
C01439,Raj Zone 2,Entertainment,Indonesia,English,2019-07-25,<10K,General
C01440,Hub Priya,Entertainment,Indonesia,Indonesian,2021-12-12,100K-1M,General
C01441,Priya Forge,Gaming,India,Tamil,2023-06-15,<10K,General
C01442,Wander Vibes,Entertainment,United States,English,2017-07-31,<10K,General
C01443,NextCo,Lifestyle,Nigeria,English,2010-03-08,<10K,Teen
C01444,Zone Sam 3,Entertainment,Philippines,Filipino,2014-08-15,<10K,General
C01445,DailyDaily 2,News,India,Hindi,2021-10-18,<10K,General
C01446,AlexSquad 2,Gaming,Brazil,Portuguese,2024-10-26,10K-100K,General
C01447,PixelPictures 3,Film,Mexico,Spanish,2021-07-31,<10K,General
C01448,Kenji Studio 3,Entertainment,United States,Spanish,2010-02-27,10K-100K,General
C01449,PriyaShow,Comedy,Germany,German,2013-04-26,10K-100K,General
C01450,Bright Fitness,Sports,India,Hindi,2026-02-26,100K-1M,General
C01451,Studio Prime,Music,Brazil,English,2026-03-09,<10K,General
C01452,Alex Academy 3,Education,Indonesia,Indonesian,2020-01-03,<10K,Teen
C01453,Mentor Maria 2,Education,India,Hindi,2016-02-11,100K-1M,Teen
C01454,Squad Bright,Gaming,Indonesia,Indonesian,2012-05-09,<10K,General
C01455,Daily Athletics,Sports,United States,English,2024-11-28,1M-10M,General
C01456,WanderByte,Technology,Brazil,English,2016-06-29,10K-100K,General
C01457,Zone Raj,Gaming,France,French,2015-05-08,100K-1M,Teen
C01458,IndieExplained,Education,South Korea,Korean,2014-03-04,10K-100K,General
C01459,RajSessions,Music,Australia,English,2013-11-09,10K-100K,General
C01460,Kenji Report,News,South Korea,Korean,2010-01-13,10K-100K,General
C01461,MariaFitness,Sports,United States,English,2013-08-08,10K-100K,General
C01462,Daily Zone,Gaming,India,Hindi,2021-01-30,<10K,General
C01463,The Unfiltered 2,Comedy,Brazil,Portuguese,2023-10-23,<10K,General
C01464,Life Priya,Lifestyle,France,French,2025-12-13,<10K,General
C01465,Metro Sounds 2,Music,Germany,English,2017-01-23,10K-100K,General
C01466,Global Academy,Education,United States,English,2024-09-05,<10K,General
C01467,GlobalLeague,Sports,Philippines,English,2012-10-04,10K-100K,General
C01468,PixelInstitute 3,Education,India,English,2013-07-15,1M-10M,Teen
C01469,Pixel Films,Film,Vietnam,English,2023-06-17,<10K,General
C01470,Indie Co,Lifestyle,India,Hindi,2023-04-06,<10K,
C01471,Vibes Global,Music,India,Kannada,2025-01-17,100K-1M,General
C01472,True League 2,Sports,India,Hindi,2010-12-26,<10K,Teen
C01473,Sam Plays 3,Gaming,Turkey,Turkish,2011-06-03,10K-100K,General
C01474,RajStyle,Lifestyle,India,Hindi,2018-02-07,<10K,Teen
C01475,PrimeSquad 3,Gaming,Brazil,Portuguese,2012-08-01,<10K,Mature
C01476,RajSounds,Music,Vietnam,English,2010-06-15,<10K,General
C01477,KenjiVibes,Entertainment,Canada,English,2011-09-13,<10K,Teen
C01478,AlexAcademy 2,Education,Vietnam,Vietnamese,2013-11-13,<10K,Teen
C01479,Kenji Forge,Gaming,Indonesia,Indonesian,2012-06-13,<10K,General
C01480,PriyaMentor 2,Education,India,Hindi,2020-10-29,10K-100K,General
C01481,Style Raj,Lifestyle,India,Hindi,2011-12-29,10K-100K,General
C01482,Priya Cinema,Film,United States,English,2022-06-07,10K-100K,General
C01483,UrbanStyle 2,Lifestyle,India,Hindi,2013-07-07,<10K,General
C01484,Zone Fresh,Entertainment,Spain,English,2016-02-13,<10K,General
C01485,UrbanTimes,News,South Korea,Korean,2010-12-30,10K-100K,General
C01486,UrbanSports,Sports,Japan,Japanese,2022-08-23,<10K,Mature
C01487,UrbanFitness,Sports,Australia,English,2024-04-13,100K-1M,General
C01488,Sam Fitness 2,Sports,India,Hindi,2015-09-07,<10K,General
C01489,Zone Maria,Gaming,Mexico,Spanish,2011-04-20,10K-100K,General
C01490,Studio Global,Entertainment,Canada,English,2010-08-10,<10K,General
C01491,NextZone,Entertainment,India,Hindi,2012-06-09,<10K,General
C01492,Nova Unfiltered,Comedy,Indonesia,,2017-02-01,100K-1M,General
C01493,KenjiCo 2,Lifestyle,India,Hindi,2012-02-14,<10K,General
C01494,Daily Fresh,News,India,Hindi,2010-12-21,<10K,General
C01495,MariaReport 2,News,Brazil,Portuguese,2024-10-04,100K-1M,General
C01496,The LOL,Comedy,Brazil,Portuguese,2022-01-01,1M-10M,Teen
C01497,Squad North,Gaming,United States,Spanish,2013-12-07,<10K,General
C01498,BrightFitness,Sports,Indonesia,Indonesian,2012-10-16,<10K,Teen
C01499,BrightZone,Entertainment,Indonesia,Indonesian,2016-08-27,100K-1M,Teen
C01500,True Show,Comedy,United States,Spanish,2018-10-18,100K-1M,General
C01501,MariaArena,Sports,Germany,German,2015-07-24,10K-100K,Teen
C01502,Records Daily,Music,Brazil,Portuguese,2024-10-11,100K-1M,General
C01503,WanderArena,Gaming,United States,English,2010-11-10,<10K,General
C01504,Fresh Life,Lifestyle,India,Hindi,2013-01-05,<10K,General
C01505,UrbanExplained 2,Education,India,Hindi,2024-03-03,<10K,General
C01506,Squad Kenji,Gaming,United States,English,2010-03-20,100K-1M,Teen
C01507,Metro Learn,Education,India,Hindi,2010-01-02,10M+,General
C01508,Alex Vibes 2,Music,United States,English,2024-01-31,10K-100K,General
C01509,MariaSounds 3,Music,United States,Spanish,2024-05-29,100K-1M,General
C01510,Explained Pixel,Education,India,Kannada,2024-05-10,<10K,General
C01511,Metro Squad,Gaming,United States,English,2015-10-11,100K-1M,General
C01512,PixelVibes,Music,Philippines,Filipino,2011-11-13,10K-100K,Teen
C01513,Live Nova 2,Entertainment,India,Hindi,2019-08-30,10K-100K,General
C01514,PixelLabs 2,Technology,Italy,Italian,2013-12-10,<10K,General
C01515,The Fitness,Sports,Turkey,English,2016-10-07,<10K,Teen
C01516,Journal Daily,Lifestyle,Mexico,Spanish,2021-01-15,10K-100K,General
C01517,Living Daily,Lifestyle,Philippines,Filipino,2011-09-27,10K-100K,General
C01518,UrbanSquad 2,Gaming,Japan,Japanese,2016-07-16,<10K,General
C01519,Institute Wander,Education,France,French,2017-06-11,<10K,General
C01520,Vibes Urban 2,Entertainment,Canada,English,2025-10-05,<10K,General
C01521,True Records 2,Music,India,Kannada,2019-05-06,100K-1M,General
C01522,SamInstitute 2,Education,United States,English,2016-03-01,10K-100K,General
C01523,WanderGG 2,Gaming,Japan,Japanese,2010-10-17,10K-100K,Teen
C01524,AlexSports,Sports,United Kingdom,English,2021-01-23,<10K,General
C01525,TrueLOL,Comedy,United States,English,2023-05-25,10K-100K,General
C01526,Style Maria,Lifestyle,United States,English,2025-07-07,10K-100K,General
C01527,PrimeExplained 2,Education,Vietnam,Vietnamese,2022-08-08,100K-1M,General
C01528,The Studios 2,Film,South Korea,Korean,2016-04-20,100K-1M,General
C01529,Circuit Alex 2,Technology,Germany,German,2020-01-29,100K-1M,General
C01530,Lab The,Education,Philippines,English,2012-09-20,<10K,General
C01531,IndieStudio 3,Entertainment,Brazil,English,2013-10-06,<10K,General
C01532,WanderArena 2,Gaming,Pakistan,Urdu,2015-09-27,<10K,General
C01533,Daily Kenji,News,India,Hindi,2015-10-25,<10K,Teen
C01534,Byte Nova,Technology,Indonesia,English,2013-07-09,100K-1M,General
C01535,Alex Circuit 2,Technology,India,English,2025-12-07,<10K,General
C01536,Times Kenji,News,Philippines,English,2021-11-07,10K-100K,Teen
C01537,Vibes Daily 3,Music,Nigeria,English,2014-02-06,<10K,Mature
C01538,Vibes Bright 2,Music,India,Hindi,2014-01-16,<10K,General
C01539,Institute Fresh 2,Education,United States,English,2018-05-09,<10K,General
C01540,Vibes Sam 2,Entertainment,Japan,,2011-10-25,<10K,General
C01541,RajLab 2,Education,France,French,2018-09-05,10K-100K,General
C01542,Fitness Alex,Sports,Indonesia,Indonesian,2022-08-11,<10K,General
C01543,Priya Arena 3,Sports,Germany,German,2024-05-02,10K-100K,General
C01544,Labs Indie 2,Technology,Philippines,English,2010-06-03,<10K,Teen
C01545,Labs Real,Technology,United States,English,2022-04-06,1M-10M,General
C01546,Zone Priya 2,Gaming,Vietnam,Vietnamese,2022-09-22,10K-100K,General
C01547,MetroPlays 2,Gaming,United Kingdom,English,2012-01-01,1M-10M,General
C01548,KenjiTech 2,Technology,Vietnam,Vietnamese,2011-03-09,10K-100K,General
C01549,Studio Prime 2,Music,India,Hindi,2023-03-09,10K-100K,Mature
C01550,NovaDigital,Technology,Vietnam,English,2012-06-25,<10K,General
C01551,Squad Fresh,Gaming,India,Hindi,2011-10-15,10K-100K,General
C01552,KenjiHub,Entertainment,Philippines,Filipino,2015-05-02,100K-1M,Teen
C01553,Kenji Sports,Sports,United Kingdom,English,2010-11-07,100K-1M,General
C01554,Zone Wander 2,Entertainment,Germany,English,2014-07-11,100K-1M,General
C01555,Pixel Studio,Entertainment,Canada,English,2022-04-22,10K-100K,Mature
C01556,Plays Urban,Gaming,Indonesia,English,2023-08-26,<10K,General
C01557,MetroZone,Entertainment,India,Hindi,2013-09-03,<10K,General
C01558,Vibes Priya,Music,Vietnam,Vietnamese,2013-11-16,<10K,General
C01559,Co Sam,Lifestyle,India,Hindi,2013-10-20,10K-100K,General
C01560,Labs Next,Technology,United Kingdom,English,2010-07-24,<10K,Teen
C01561,Forge Priya,Gaming,Turkey,Turkish,2011-06-17,1M-10M,Mature
C01562,Sounds Sam 2,Music,India,Hindi,2018-12-17,<10K,General
C01563,Alex Zone 2,Entertainment,Vietnam,Vietnamese,2022-04-10,10K-100K,General
C01564,RealStyle,Lifestyle,Nigeria,English,2023-04-22,100K-1M,General
C01565,DailySessions,Music,South Korea,,2025-04-01,<10K,Mature
C01566,RealMentor 2,Education,Indonesia,Indonesian,2016-09-07,<10K,General
C01567,Urban Sports,Sports,Mexico,English,2020-05-23,100K-1M,General
C01568,GlobalAcademy,Education,India,Hindi,2011-08-26,<10K,General
C01569,Indie GG 2,Gaming,France,French,2014-02-10,10K-100K,General
C01570,Sam Central,Entertainment,Japan,Japanese,2014-06-22,10K-100K,Mature
C01571,Institute Maria,Education,Japan,Japanese,2010-03-22,10K-100K,General
C01572,Alex League,Sports,India,Hindi,2012-03-15,10K-100K,General
C01573,Skits Raj,Comedy,Thailand,Thai,2024-06-20,<10K,General
C01574,Sounds The 2,Music,Brazil,English,2017-05-11,10K-100K,General
C01575,FreshLabs,Technology,France,English,2024-07-04,10K-100K,General
C01576,Real Forge,Gaming,South Korea,Korean,2015-02-12,100K-1M,General
C01577,NorthTech,Technology,India,Bengali,2024-01-09,<10K,General
C01578,Sessions Global 2,Music,India,Hindi,2018-07-04,10K-100K,General
C01579,NovaForge,Gaming,India,,2010-02-19,10K-100K,General
C01580,Real Digital,Technology,Canada,,2019-04-27,<10K,General
C01581,Indie Life 2,Lifestyle,Japan,Japanese,2015-08-09,<10K,General
C01582,Co The 2,Lifestyle,Mexico,English,2011-06-14,10K-100K,General
C01583,Prime Journal,Lifestyle,United States,English,2017-10-09,100K-1M,General
C01584,True Sports,Sports,India,Marathi,2011-12-27,1M-10M,Teen
C01585,Tech Pixel,Technology,Germany,German,2020-07-06,<10K,General
C01586,GlobalDiaries,Lifestyle,Mexico,Spanish,2018-01-14,100K-1M,General
C01587,Academy Nova,Education,Brazil,Portuguese,2011-07-24,100K-1M,Mature
C01588,Metro League 2,Sports,India,Hindi,2011-10-15,<10K,Mature
C01589,Forge Metro 2,Gaming,Japan,English,2018-09-17,100K-1M,General
C01590,Screen Daily 3,Film,United States,English,2021-01-27,<10K,General
C01591,Alex Arena 3,Sports,Mexico,English,2024-04-14,10K-100K,General
C01592,Global Central 2,Entertainment,United States,Spanish,2024-06-05,1M-10M,General
C01593,North Studio 2,Music,Turkey,Turkish,2023-11-08,<10K,General
C01594,Prime League 2,Sports,Indonesia,Indonesian,2010-01-24,<10K,General
C01595,RealLab 2,Education,Mexico,Spanish,2023-01-22,100K-1M,General
C01596,Pixel Comedy,Comedy,United Kingdom,English,2021-10-25,<10K,General
C01597,NextLiving,Lifestyle,Vietnam,Vietnamese,2012-02-22,10K-100K,Mature
C01598,Priya Records,Music,India,Hindi,2017-11-27,10K-100K,General
C01599,Urban Central 2,Entertainment,Vietnam,Vietnamese,2012-01-12,<10K,General
C01600,Next Academy,Education,India,Hindi,2010-03-08,10K-100K,General
C01601,PixelArena,Sports,Japan,Japanese,2018-05-25,<10K,General
C01602,Real Records 2,Music,Brazil,Portuguese,2018-11-04,10K-100K,General
C01603,Beats Daily 2,Music,India,Hindi,2014-03-11,<10K,General
C01604,Kenji Diaries,Lifestyle,Indonesia,Indonesian,2010-11-15,10K-100K,General
C01605,Arena Real,Gaming,Japan,Japanese,2025-11-08,100K-1M,Teen
C01606,Bright Plays 4,Gaming,United States,English,2019-09-22,10K-100K,Teen
C01607,RealSounds 2,Music,Vietnam,Vietnamese,2015-11-03,<10K,Teen
C01608,Global Explained,Education,Indonesia,Indonesian,2017-06-13,<10K,General
C01609,IndieJournal,Lifestyle,Brazil,English,2026-03-12,10K-100K,General
C01610,SamVibes 3,Music,Indonesia,Indonesian,2014-04-06,10K-100K,General
C01611,UrbanForge,Gaming,Thailand,English,2025-10-05,<10K,General
C01612,The Live 2,Entertainment,France,French,2017-12-09,<10K,General
C01613,MetroLearn 2,Education,Brazil,Portuguese,2025-06-17,<10K,General
C01614,Next Show,Comedy,Brazil,Portuguese,2010-03-29,<10K,General
C01615,Studio Next 2,Music,United States,Spanish,2012-10-05,<10K,General
C01616,Real Vibes 2,Entertainment,United Kingdom,English,2010-08-24,10K-100K,Mature
C01617,Mentor Metro,Education,United Kingdom,English,2014-07-25,<10K,General
C01618,RealScreen,Film,India,Kannada,2022-03-19,10K-100K,General
C01619,Sounds Indie,Music,United States,English,2025-07-20,10K-100K,General
C01620,Cinema Bright 2,Film,South Korea,Korean,2025-12-06,100K-1M,General
C01621,Sam Central 2,Entertainment,India,English,2025-08-13,<10K,Teen
C01622,NovaArena 3,Gaming,India,Hindi,2013-05-27,10K-100K,General
C01623,Diaries Next,Lifestyle,Canada,English,2011-02-08,1M-10M,General
C01624,Real Tech 2,Technology,United States,Spanish,2020-10-28,<10K,General
C01625,Beats Raj 2,Music,India,Hindi,2017-11-10,10K-100K,Teen
C01626,NorthLabs 3,Technology,India,Hindi,2011-09-25,1M-10M,General
C01627,Learn The,Education,Nigeria,English,2011-11-30,10K-100K,General
C01628,DailySquad,Gaming,Nigeria,English,2012-11-22,<10K,General
C01629,Metro Journal,Lifestyle,India,Hindi,2012-09-15,<10K,General
C01630,Urban Zone 3,Gaming,Germany,German,2011-03-07,100K-1M,General
C01631,NextRecords 2,Music,Indonesia,Indonesian,2012-07-11,<10K,Teen
C01632,Report Wander,News,India,Hindi,2019-12-15,<10K,General
C01633,DailyTimes,News,Indonesia,Indonesian,2014-03-11,10K-100K,Teen
C01634,Pixel Institute,Education,Pakistan,English,2022-09-19,10K-100K,General
C01635,Daily Reviews,Technology,Vietnam,Vietnamese,2015-11-10,<10K,General
C01636,Cinema Maria,Film,India,Hindi,2024-12-03,10K-100K,General
C01637,North Hub 2,Entertainment,Japan,Japanese,2016-08-03,<10K,General
C01638,WanderStudio 2,Entertainment,Japan,Japanese,2024-06-15,<10K,General
C01639,WanderLabs 2,Technology,India,Hindi,2025-07-31,10M+,General
C01640,AlexZone 2,Entertainment,United States,English,2025-01-01,<10K,General
C01641,Institute Kenji,Education,Germany,English,2016-01-14,10K-100K,General
C01642,Show Alex,Comedy,France,French,2013-06-08,10K-100K,General
C01643,NovaLaughs,Comedy,Germany,English,2013-02-12,<10K,General
C01644,Alex Records,Music,United States,English,2015-12-15,1M-10M,General
C01645,SamPlays,Gaming,Japan,English,2013-06-19,<10K,General
C01646,True News 3,News,Philippines,Filipino,2017-12-27,10K-100K,General
C01647,Hub Indie,Entertainment,India,Hindi,2017-06-22,<10K,Teen
C01648,Now The,News,India,Hindi,2013-05-23,10K-100K,General
C01649,Urban Diaries,Lifestyle,Pakistan,Urdu,2017-04-07,10K-100K,General
C01650,The Byte,Technology,France,English,2011-01-06,10K-100K,General
C01651,Zone Real,Entertainment,Mexico,Spanish,2020-02-08,100K-1M,General
C01652,Metro Beats,Music,Thailand,English,2017-11-09,<10K,General
C01653,Prime Squad,Gaming,India,Hindi,2010-01-14,<10K,General
C01654,Sam Live 2,Entertainment,India,Hindi,2010-07-15,<10K,General
C01655,Beats The 2,Music,United States,Spanish,2024-11-28,10K-100K,General
C01656,NorthStudio 3,Entertainment,India,Hindi,2010-02-10,10K-100K,General
C01657,Zone Nova,Entertainment,United States,English,2020-05-06,<10K,General
C01658,Daily Squad,Gaming,Canada,English,2025-12-06,1M-10M,General
C01659,NovaWire,News,United States,Spanish,2017-12-06,10K-100K,Teen
C01660,Global Zone 2,Entertainment,Nigeria,English,2017-12-01,<10K,General
C01661,Maria Daily,Sports,Indonesia,English,2018-10-16,<10K,General
C01662,PixelUnfiltered,Comedy,United States,English,2011-04-20,<10K,Mature
C01663,TrueAcademy,Education,United States,English,2015-01-31,1M-10M,General
C01664,North Diaries,Lifestyle,India,Hindi,2016-03-08,10K-100K,General
C01665,Pixel Live 2,Entertainment,Indonesia,Indonesian,2026-06-15,<10K,General
C01666,BrightExplained 2,Education,India,Hindi,2015-10-10,10K-100K,General
C01667,GlobalGG,Gaming,Mexico,Spanish,2024-09-04,10K-100K,General
C01668,TrueStudio,Music,Mexico,Spanish,2023-05-18,10K-100K,General
C01669,Fitness The,Sports,South Korea,Korean,2014-06-10,<10K,General
C01670,Studio Pixel,Entertainment,India,English,2023-03-20,10K-100K,General
C01671,Raj Beats,Music,United States,English,2013-03-02,100K-1M,General
C01672,RajByte 4,Technology,Thailand,Thai,2019-08-08,10K-100K,Teen
C01673,Beats Priya 3,Music,India,Hindi,2023-02-17,10K-100K,General
C01674,Global Zone 3,Gaming,India,Hindi,2016-05-27,10K-100K,General
C01675,Fresh Lab 2,Education,Australia,English,2022-12-21,100K-1M,General
C01676,PrimeShow 2,Comedy,Mexico,English,2013-05-22,100K-1M,General
C01677,Explained Indie 2,Education,United States,English,2022-11-08,1M-10M,General
C01678,Forge Kenji,Gaming,India,Hindi,2017-11-28,100K-1M,General
C01679,PriyaSquad,Gaming,Philippines,Filipino,2013-01-26,100K-1M,General
C01680,NovaZone 4,Gaming,Mexico,English,2011-01-18,100K-1M,General
C01681,Urban Sports 2,Sports,Canada,English,2016-04-13,10K-100K,General
C01682,Maria Central,Entertainment,India,Hindi,2011-02-07,<10K,General
C01683,Real Reviews,Technology,Indonesia,Indonesian,2021-09-18,10K-100K,Teen
C01684,Fresh GG,Gaming,United States,English,2010-09-29,<10K,General
C01685,Daily Studio 2,Music,United States,English,2018-12-09,1M-10M,General
C01686,North Living,Lifestyle,Nigeria,English,2021-05-07,<10K,General
C01687,LOL Wander,Comedy,Nigeria,English,2016-09-13,<10K,General
C01688,Squad North 2,Gaming,India,Hindi,2021-02-17,<10K,General
C01689,Studio True 4,Entertainment,India,Hindi,2017-04-29,<10K,General
C01690,Journal Alex 2,Lifestyle,India,Hindi,2024-06-24,<10K,General
C01691,Fresh Arena 3,Gaming,United States,Spanish,2024-03-05,<10K,General
C01692,Sports True 2,Sports,India,Hindi,2025-03-20,<10K,General
C01693,UrbanZone,Entertainment,India,Hindi,2013-08-01,10K-100K,General
C01694,True Zone 2,Entertainment,South Korea,English,2020-06-24,1M-10M,General
C01695,Global Central 3,Entertainment,United States,English,2013-12-03,<10K,Teen
C01696,Fresh Zone 2,Gaming,United States,Spanish,2016-10-11,<10K,General
C01697,PixelLab 2,Education,Nigeria,English,2022-07-07,10K-100K,General
C01698,Reels Metro,Film,Germany,German,2014-11-22,100K-1M,General
C01699,Kenji Arena 3,Gaming,United Kingdom,English,2013-07-28,10K-100K,General
C01700,Fitness Kenji,Sports,Spain,Spanish,2023-03-08,10K-100K,Teen
C01701,Arena Alex,Gaming,India,Kannada,2017-06-21,<10K,General
C01702,Learn Daily 2,Education,Germany,German,2010-09-01,10K-100K,General
C01703,Life Global,Lifestyle,Japan,Japanese,2013-08-10,10K-100K,Mature
C01704,Sports Nova,Sports,Thailand,English,2013-09-01,<10K,General
C01705,Learn Metro 2,Education,Thailand,Thai,2019-08-02,10K-100K,Mature
C01706,News Metro,News,United Kingdom,English,2020-05-14,<10K,General
C01707,Daily Fresh 2,News,Vietnam,English,2022-01-15,<10K,General
C01708,Prime LOL 2,Comedy,Mexico,Spanish,2023-08-14,<10K,
C01709,Priya Lab,Education,Germany,English,2010-08-04,10K-100K,Teen
C01710,Skits Real,Comedy,Italy,Italian,2011-11-27,10K-100K,General
C01711,Sports Raj 2,Sports,Brazil,Portuguese,2013-11-05,10K-100K,General
C01712,Kenji Digital 2,Technology,Pakistan,Urdu,2011-06-15,<10K,General
C01713,AlexLife,Lifestyle,Japan,Japanese,2024-08-04,10K-100K,General
C01714,Studio Real,Entertainment,United States,English,2010-09-18,10K-100K,General
C01715,GlobalStyle,Lifestyle,Vietnam,Vietnamese,2022-10-30,<10K,General
C01716,Institute Next,Education,United States,English,2025-10-12,10K-100K,General
C01717,Unfiltered Indie 2,Comedy,Philippines,Filipino,2015-10-28,10K-100K,General
C01718,Live Maria 2,Entertainment,Canada,English,2010-11-20,10K-100K,Teen
C01719,RealComedy 2,Comedy,India,Hindi,2010-02-18,<10K,General
C01720,League True 2,Sports,Brazil,Portuguese,2015-03-12,<10K,General
C01721,Next Learn,Education,Brazil,Portuguese,2021-05-17,<10K,General
C01722,Wander Reviews,Technology,United States,English,2011-03-25,10K-100K,General
C01723,RealZone,Entertainment,United States,English,2022-01-08,1M-10M,General
C01724,PrimeAthletics,Sports,Brazil,Portuguese,2026-02-17,10K-100K,General
C01725,Times True,News,Philippines,Filipino,2015-06-01,<10K,General
C01726,Prime Learn 3,Education,United States,English,2016-03-11,10K-100K,General
C01727,Indie Zone 2,Entertainment,France,French,2023-08-22,10K-100K,General
C01728,Hub The,Entertainment,Brazil,Portuguese,2023-12-21,10K-100K,General
C01729,Sam Learn,Education,Brazil,Portuguese,2014-03-18,<10K,
C01730,Sessions Raj,Music,Pakistan,Urdu,2019-05-15,<10K,General
C01731,True Vibes 3,Music,Indonesia,Indonesian,2022-08-14,10K-100K,Teen
C01732,Nova Co,Lifestyle,Indonesia,Indonesian,2021-12-29,<10K,General
C01733,Real Mentor 2,Education,Pakistan,English,2010-08-04,100K-1M,General
C01734,Squad Priya,Gaming,Philippines,Filipino,2026-06-18,100K-1M,Teen
C01735,NextExplained 3,Education,Nigeria,English,2022-04-18,1M-10M,General
C01736,Athletics Raj,Sports,Philippines,Filipino,2014-02-18,10K-100K,General
C01737,Maria Mentor 2,Education,India,Bengali,2021-12-23,1M-10M,General
C01738,Sounds Wander,Music,United Kingdom,English,2021-04-03,1M-10M,General
C01739,Studio True 5,Music,Nigeria,English,2011-03-16,1M-10M,General
C01740,Sports The 2,Sports,Thailand,Thai,2011-04-29,100K-1M,General
C01741,Global Daily,Sports,India,Marathi,2026-02-22,<10K,General
C01742,Arena Metro,Gaming,India,Hindi,2017-09-24,<10K,Mature
C01743,TrueForge,Gaming,Pakistan,Urdu,2014-02-19,100K-1M,General
C01744,MariaLOL,Comedy,India,Hindi,2025-11-26,<10K,General
C01745,The Tech,Technology,Philippines,English,2026-05-02,<10K,General
C01746,Wander Lab,Education,Pakistan,English,2016-08-18,10K-100K,Teen
C01747,PriyaSessions 2,Music,United Kingdom,English,2014-03-09,<10K,Teen
C01748,Next Beats,Music,Germany,English,2010-03-03,<10K,General
C01749,Show Real,Comedy,United States,English,2023-06-05,<10K,General
C01750,Bright Style 2,Lifestyle,India,Hindi,2013-01-08,<10K,General
C01751,Nova Byte,Technology,Brazil,English,2020-10-20,10K-100K,Teen
C01752,Prime Forge 2,Gaming,South Korea,Korean,2021-03-13,<10K,General
C01753,UrbanLive 4,Entertainment,Spain,Spanish,2013-07-10,100K-1M,General
C01754,TrueDiaries 3,Lifestyle,Pakistan,English,2022-07-21,10K-100K,Mature
C01755,The Hub,Entertainment,Germany,German,2025-02-04,<10K,Mature
C01756,Urban Hub,Entertainment,Nigeria,English,2020-08-25,<10K,General
C01757,NextScreen,Film,Vietnam,Vietnamese,2013-12-23,<10K,Mature
C01758,Real Digital 2,Technology,India,Hindi,2017-12-08,10K-100K,General
C01759,Daily Pixel,News,Pakistan,Urdu,2020-03-05,<10K,General
C01760,Studio Pixel 2,Entertainment,United States,English,2016-11-25,<10K,General
C01761,Sam Studio 5,Entertainment,Brazil,Portuguese,2023-12-30,<10K,General
C01762,Wander GG,Gaming,Vietnam,Vietnamese,2015-05-08,<10K,General
C01763,True Comedy 2,Comedy,Germany,German,2014-07-29,10K-100K,General
C01764,Prime Circuit,Technology,United States,Spanish,2013-05-27,10K-100K,General
C01765,RajFitness,Sports,Vietnam,Vietnamese,2014-02-25,<10K,Teen
C01766,Beats Maria,Music,South Korea,English,2018-04-09,<10K,General
C01767,Squad Prime 2,Gaming,India,Hindi,2010-08-01,10K-100K,General
C01768,Learn Fresh,Education,Mexico,English,2010-06-30,10K-100K,General
C01769,Next Living,Lifestyle,Canada,English,2019-12-31,<10K,General
C01770,League Real,Sports,United States,English,2018-04-12,<10K,Teen
C01771,KenjiMentor,Education,Australia,English,2012-11-13,1M-10M,General
C01772,UrbanCinema,Film,Mexico,English,2021-01-30,<10K,Teen
C01773,PrimeArena 2,Sports,Philippines,English,2023-01-23,10K-100K,Teen
C01774,AlexStudio,Music,Japan,Japanese,2017-08-04,<10K,General
C01775,NextUnfiltered 2,Comedy,Turkey,Turkish,2021-01-30,<10K,General
C01776,Bright Explained 3,Education,Japan,Japanese,2015-08-15,100K-1M,General
C01777,Labs The,Technology,Brazil,Portuguese,2022-08-23,10M+,Teen
C01778,Bright Sports,Sports,United Kingdom,English,2011-03-04,10K-100K,General
C01779,Life Urban,Lifestyle,Turkey,Turkish,2022-10-18,100K-1M,General
C01780,North Daily,Sports,United States,English,2022-11-13,10K-100K,General
C01781,NextZone 2,Entertainment,India,Hindi,2022-11-15,<10K,Mature
C01782,Pixel Live 3,Entertainment,United States,Spanish,2021-07-15,<10K,General
C01783,RajMentor,Education,India,Hindi,2013-08-15,10M+,General
C01784,Next Laughs 2,Comedy,Philippines,Filipino,2024-11-22,10K-100K,General
C01785,Arena Real 2,Sports,India,Hindi,2010-03-03,100K-1M,General
C01786,Studio Daily 2,Music,Indonesia,Indonesian,2014-03-19,100K-1M,General
C01787,TrueStudio 2,Entertainment,Canada,English,2017-01-12,1M-10M,General
C01788,Wire Sam,News,Nigeria,English,2023-01-04,<10K,General
C01789,Academy Maria,Education,Japan,English,2019-04-24,10K-100K,General
C01790,Indie Arena 3,Gaming,Mexico,Spanish,2015-02-21,10K-100K,General
C01791,Daily Studio 3,Entertainment,Philippines,Filipino,2014-01-14,<10K,General
C01792,Zone Kenji 2,Gaming,Brazil,Portuguese,2013-11-11,100K-1M,General
C01793,Athletics Kenji 2,Sports,United States,Spanish,2015-11-10,<10K,General
C01794,GG Nova,Gaming,India,Hindi,2014-02-17,<10K,General
C01795,NovaFitness,Sports,Australia,English,2022-12-04,<10K,General
C01796,TrueDiaries 4,Lifestyle,Brazil,Portuguese,2017-08-14,<10K,General
C01797,Real Sessions,Music,India,Hindi,2010-06-13,<10K,Mature
C01798,Urban Central 3,Entertainment,Pakistan,Urdu,2010-04-21,<10K,General
C01799,North Live,Entertainment,Brazil,English,2022-10-10,<10K,General
C01800,NovaArena 4,Gaming,India,Hindi,2011-04-30,10K-100K,Teen
C01801,Circuit Kenji 2,Technology,United States,English,2010-04-06,<10K,General
C01802,Pixel Studio 2,Music,Indonesia,English,2010-08-06,10M+,General
C01803,Priya GG 2,Gaming,United States,English,2012-01-22,<10K,General
C01804,Sessions Bright,Music,Brazil,Portuguese,2025-03-22,<10K,General
C01805,MetroSounds,Music,Indonesia,Indonesian,2011-03-26,1M-10M,Mature
C01806,TheSessions 3,Music,United States,English,2019-05-16,10K-100K,General
C01807,WanderSessions,Music,Nigeria,English,2020-05-10,10K-100K,General
C01808,Studio North 5,Entertainment,Indonesia,Indonesian,2014-07-15,<10K,General
C01809,True Lab,Education,Brazil,Portuguese,2011-05-14,<10K,General
C01810,Comedy Wander 2,Comedy,India,Hindi,2021-05-06,<10K,General
C01811,Plays Metro 3,Gaming,Turkey,English,2024-09-01,<10K,General
C01812,PrimeHub,Entertainment,Indonesia,Indonesian,2019-11-17,100K-1M,Mature
C01813,Daily Bright 3,Sports,Philippines,Filipino,2018-09-27,10K-100K,Teen
C01814,GlobalJournal,Lifestyle,India,Hindi,2016-07-14,100K-1M,General
C01815,DailyAthletics,Sports,India,Tamil,2023-01-05,100K-1M,General
C01816,TheHub,Entertainment,Brazil,Portuguese,2010-08-14,10K-100K,General
C01817,MariaVibes 2,Music,Australia,English,2015-04-02,<10K,General
C01818,Show Kenji,Comedy,Turkey,Turkish,2022-10-05,<10K,General
C01819,Maria Daily 2,News,Indonesia,Indonesian,2015-04-17,<10K,General
C01820,Daily Pixel 2,Sports,United States,English,2010-06-26,<10K,General
C01821,Wander Byte 2,Technology,India,Hindi,2014-01-31,100K-1M,Teen
C01822,Zone Prime 2,Entertainment,India,Hindi,2016-05-27,<10K,General
C01823,Living Real,Lifestyle,India,Hindi,2013-09-08,<10K,Teen
C01824,RealJournal,Lifestyle,United States,English,2010-04-12,10K-100K,General
C01825,PrimeHub 2,Entertainment,Nigeria,English,2023-01-31,10K-100K,General
C01826,BrightArena 5,Gaming,Indonesia,Indonesian,2011-04-27,1M-10M,General
C01827,Kenji Co,Lifestyle,United States,Spanish,2017-09-30,<10K,General
C01828,Lab Metro,Education,Mexico,Spanish,2011-04-26,<10K,General
C01829,Explained Kenji 2,Education,India,Hindi,2012-10-10,100K-1M,General
C01830,Real Pictures,Film,United States,Spanish,2010-02-18,10K-100K,General
C01831,Vibes Bright 3,Entertainment,Japan,English,2010-07-01,100K-1M,General
C01832,UrbanZone 2,Entertainment,India,Telugu,2012-06-23,<10K,General
C01833,PixelSquad,Gaming,France,English,2013-09-04,10K-100K,General
C01834,Nova GG 2,Gaming,Philippines,English,2026-07-04,1M-10M,Teen
C01835,FreshStyle,Lifestyle,Nigeria,English,2016-06-10,<10K,General
C01836,TrueLaughs,Comedy,United States,English,2025-07-23,<10K,General
C01837,Plays Metro 4,Gaming,Canada,English,2023-04-30,10K-100K,General
C01838,Mentor Pixel,Education,India,Hindi,2017-10-17,<10K,General
C01839,Vibes Alex,Entertainment,Turkey,Turkish,2018-07-25,<10K,Teen
C01840,IndieStudio 4,Entertainment,United States,Spanish,2010-07-18,<10K,General
C01841,NorthAcademy,Education,United States,English,2010-06-02,100K-1M,General
C01842,Real Skits 3,Comedy,India,Hindi,2012-06-29,10K-100K,General
C01843,AlexRecords 2,Music,India,Hindi,2011-01-01,<10K,General
C01844,Vibes Urban 3,Music,India,Hindi,2019-07-03,100K-1M,General
C01845,MariaAthletics,Sports,United States,Spanish,2025-05-04,<10K,General
C01846,Reviews Raj,Technology,Brazil,English,2026-02-26,<10K,General
C01847,AlexShow,Comedy,Australia,English,2022-06-24,10K-100K,General
C01848,Bright Fitness 2,Sports,India,,2011-08-17,<10K,General
C01849,Next Reviews,Technology,Italy,English,2026-05-15,10K-100K,General
C01850,Plays Prime 2,Gaming,Brazil,English,2016-08-31,10K-100K,General
C01851,Maria Squad 4,Gaming,India,Hindi,2012-04-09,<10K,Teen
C01852,Screen Bright,Film,Indonesia,Indonesian,2026-07-04,1M-10M,General
C01853,Priya Mentor,Education,United States,English,2015-11-28,<10K,General
C01854,Sam News,News,United States,English,2025-10-30,10K-100K,Teen
C01855,TheExplained,Education,Philippines,Filipino,2019-06-10,<10K,General
C01856,Studio Urban,Music,United States,Spanish,2013-04-12,<10K,General
C01857,Bright Cinema,Film,Japan,English,2013-06-07,<10K,General
C01858,North Sessions 2,Music,India,English,2014-12-05,<10K,General
C01859,Nova Circuit,Technology,Vietnam,Vietnamese,2019-11-23,100K-1M,Teen
C01860,KenjiJournal,Lifestyle,United States,English,2012-03-16,100K-1M,General
C01861,NextSounds 3,Music,Indonesia,English,2025-03-10,100K-1M,General
C01862,Bright Living,Lifestyle,Brazil,Portuguese,2010-03-15,<10K,Teen
C01863,Raj Screen,Film,Indonesia,English,2013-10-18,10K-100K,General
C01864,Wander Sessions,Music,Indonesia,English,2010-03-06,<10K,General
C01865,Raj Zone 3,Entertainment,Brazil,Portuguese,2012-08-14,100K-1M,General
C01866,GG The,Gaming,Indonesia,Indonesian,2011-12-23,<10K,General
C01867,North Mentor,Education,Germany,English,2019-10-09,<10K,General
C01868,Labs Priya,Technology,Germany,German,2017-06-04,<10K,General
C01869,Alex Beats,Music,Turkey,,2013-01-10,10K-100K,General
C01870,Nova Academy 2,Education,Philippines,Filipino,2010-01-18,10K-100K,Teen
C01871,Journal Raj 2,Lifestyle,Brazil,Portuguese,2019-09-15,<10K,General
C01872,Journal Maria 3,Lifestyle,Indonesia,Indonesian,2010-04-24,1M-10M,General
C01873,MariaPlays,Gaming,Turkey,Turkish,2014-06-11,<10K,Teen
C01874,Nova Digital,Technology,United Kingdom,English,2013-05-12,100K-1M,General
C01875,RealNow,News,United States,English,2021-08-01,10K-100K,General
C01876,Arena Real 3,Gaming,Australia,English,2010-04-22,100K-1M,General
C01877,TrueForge 2,Gaming,India,Hindi,2016-10-24,100K-1M,General
C01878,BrightVibes 2,Music,Brazil,Portuguese,2015-01-26,100K-1M,General
C01879,SamForge 2,Gaming,Brazil,Portuguese,2024-11-22,10K-100K,General
C01880,Central Raj 2,Entertainment,United States,Spanish,2025-06-24,<10K,General
C01881,Bright Living 2,Lifestyle,Thailand,Thai,2012-02-21,10K-100K,General
C01882,Academy Real,Education,United States,English,2014-07-07,10K-100K,General
C01883,FreshSkits,Comedy,Philippines,Filipino,2015-09-06,10K-100K,Teen
C01884,Hub Pixel,Entertainment,Thailand,Thai,2014-11-08,10K-100K,
C01885,Tech Kenji,Technology,United States,Spanish,2025-08-11,100K-1M,Teen
C01886,GG Daily,Gaming,United States,Spanish,2026-02-09,10K-100K,General
C01887,RealStudio 3,Music,Turkey,Turkish,2023-03-20,<10K,General
C01888,Maria Byte,Technology,South Korea,Korean,2019-06-05,<10K,General
C01889,North Arena,Gaming,Canada,French,2024-01-22,<10K,Teen
C01890,MariaCentral 4,Entertainment,Brazil,English,2021-10-17,<10K,
C01891,Living Kenji 3,Lifestyle,Brazil,Portuguese,2010-06-03,100K-1M,General
C01892,NovaDaily 2,Sports,Germany,German,2010-05-23,<10K,General
C01893,Learn Raj 2,Education,Brazil,Portuguese,2015-07-01,<10K,General
C01894,TrueSessions,Music,India,Hindi,2024-02-09,1M-10M,General
C01895,Bright Academy,Education,Vietnam,Vietnamese,2018-09-27,100K-1M,General
C01896,Laughs Alex,Comedy,Germany,English,2022-12-02,100K-1M,General
C01897,Metro Zone 3,Entertainment,Indonesia,Indonesian,2015-04-21,<10K,General
C01898,Sounds Pixel,Music,United States,English,2012-01-01,<10K,General
C01899,Pixel Records 3,Music,Mexico,Spanish,2018-05-18,<10K,Teen
C01900,Sessions North,Music,Spain,English,2018-05-24,10M+,Teen
C01901,Metro Records 2,Music,Turkey,Turkish,2011-01-14,10K-100K,General
C01902,MariaLife,Lifestyle,France,French,2010-08-02,10K-100K,General
C01903,DailyFitness 2,Sports,Thailand,Thai,2024-08-10,<10K,General
C01904,Byte Fresh 2,Technology,Thailand,Thai,2010-07-02,<10K,General
C01905,True Hub,Entertainment,United Kingdom,English,2021-06-24,10K-100K,General
C01906,MariaWire,News,United States,English,2026-01-25,10K-100K,General
C01907,Priya Institute,Education,United States,English,2017-02-06,<10K,Teen
C01908,Nova Life 2,Lifestyle,India,Telugu,2010-11-30,1M-10M,General
C01909,Prime Vibes,Entertainment,Philippines,English,2011-03-18,<10K,Teen
C01910,AlexLeague,Sports,India,Hindi,2022-08-26,1M-10M,General
C01911,Diaries Raj 2,Lifestyle,France,French,2011-03-02,<10K,General
C01912,Vibes Fresh 2,Entertainment,Spain,English,2015-11-27,<10K,General
C01913,MariaDaily,Sports,India,Hindi,2013-09-03,10K-100K,General
C01914,IndieSessions,Music,United States,English,2015-12-09,1M-10M,Teen
C01915,Next Studio 4,Entertainment,Thailand,Thai,2015-06-04,<10K,General
C01916,Pixel Reviews,Technology,India,Kannada,2010-12-24,<10K,General
C01917,Sessions Global 3,Music,Nigeria,English,2018-05-14,10K-100K,Mature
C01918,PixelAthletics 4,Sports,India,Hindi,2010-08-20,100K-1M,General
C01919,Wander League,Sports,Vietnam,Vietnamese,2015-01-07,<10K,Mature
C01920,News Fresh,News,India,Hindi,2017-01-10,<10K,General
C01921,RajLeague,Sports,Germany,English,2014-10-13,100K-1M,General
C01922,Daily Arena 2,Sports,Indonesia,Indonesian,2026-03-16,10K-100K,General
C01923,NovaVibes 2,Music,United States,English,2014-02-27,<10K,General
C01924,Wander Central 3,Entertainment,India,Hindi,2010-04-01,100K-1M,General
C01925,NovaAthletics,Sports,Canada,English,2025-10-10,1M-10M,General
C01926,FreshSounds,Music,Philippines,Filipino,2019-08-04,<10K,General
C01927,UrbanBeats,Music,India,Kannada,2025-10-11,<10K,General
C01928,Bright Sports 2,Sports,Indonesia,Indonesian,2013-04-06,<10K,General
C01929,Kenji Institute 3,Education,United States,English,2010-08-24,10K-100K,General
C01930,KenjiShow,Comedy,Germany,German,2014-02-26,10K-100K,Teen
C01931,NovaComedy,Comedy,France,French,2010-09-01,1M-10M,General
C01932,Lab Metro 2,Education,Vietnam,Vietnamese,2021-09-30,1M-10M,General
C01933,The Records 2,Music,Pakistan,Urdu,2024-04-13,<10K,General
C01934,True Cinema,Film,Germany,German,2021-02-28,10K-100K,General
C01935,Labs Wander 4,Technology,United States,English,2026-02-21,10K-100K,General
C01936,FreshStyle 2,Lifestyle,India,Hindi,2010-01-19,<10K,General
C01937,SamGG,Gaming,United Kingdom,English,2021-11-09,10K-100K,General
C01938,True Hub 2,Entertainment,India,Telugu,2010-08-09,<10K,General
C01939,Vibes True,Music,Brazil,Portuguese,2012-08-14,10K-100K,General
C01940,Films Prime,Film,India,Hindi,2016-03-31,<10K,General
C01941,The Reels,Film,Vietnam,Vietnamese,2010-08-02,10K-100K,General
C01942,Urban Co 2,Lifestyle,Brazil,Portuguese,2017-10-13,10K-100K,General
C01943,Zone Alex,Gaming,Vietnam,Vietnamese,2013-06-07,10K-100K,General
C01944,PixelRecords 2,Music,Philippines,Filipino,2022-06-05,<10K,Teen
C01945,KenjiForge 2,Gaming,Pakistan,Urdu,2011-10-14,<10K,General
C01946,Journal Pixel,Lifestyle,India,Hindi,2017-10-15,<10K,General
C01947,TrueMentor,Education,Indonesia,Indonesian,2019-04-05,<10K,General
C01948,Indie Zone 3,Entertainment,Canada,French,2016-08-27,10K-100K,General
C01949,Live Raj 2,Entertainment,India,Hindi,2014-07-16,<10K,General
C01950,NovaSounds,Music,India,Hindi,2013-01-22,10K-100K,General
C01951,Fresh LOL,Comedy,India,Hindi,2017-03-03,<10K,General
C01952,Wander Vibes 2,Entertainment,Indonesia,Indonesian,2018-11-22,<10K,Teen
C01953,NovaReport,News,India,Hindi,2012-03-03,<10K,General
C01954,Real Unfiltered,Comedy,Brazil,Portuguese,2013-06-25,<10K,Teen
C01955,MetroComedy,Comedy,Nigeria,English,2016-06-15,100K-1M,Teen
C01956,Labs Bright,Technology,Mexico,Spanish,2018-05-11,<10K,General
C01957,PrimeBeats,Music,United States,English,2020-04-17,10K-100K,General
C01958,Academy Pixel 3,Education,Germany,German,2014-09-17,<10K,Mature
C01959,Maria Arena 3,Gaming,Spain,Spanish,2013-12-06,100K-1M,General
C01960,Sounds Kenji,Music,India,Hindi,2023-12-06,1M-10M,Teen
C01961,TheReels,Film,United Kingdom,English,2017-04-02,<10K,General
C01962,Nova Labs 2,Technology,India,Hindi,2015-01-18,10K-100K,Teen
C01963,MariaLife 2,Lifestyle,Indonesia,Indonesian,2021-02-02,<10K,General
C01964,Maria Sessions,Music,Italy,Italian,2014-12-31,1M-10M,Mature
C01965,WanderTimes,News,Japan,Japanese,2010-12-02,<10K,General
C01966,AlexJournal,Lifestyle,United States,English,2019-04-06,<10K,General
C01967,BrightNews,News,Turkey,Turkish,2018-01-31,<10K,General
C01968,PrimeGG 2,Gaming,Indonesia,English,2022-05-19,<10K,General
C01969,Wander Digital,Technology,Turkey,Turkish,2010-09-06,10K-100K,General
C01970,Beats Kenji,Music,Mexico,Spanish,2014-10-28,<10K,General
C01971,Prime Zone 2,Entertainment,United States,English,2014-01-18,<10K,General
C01972,Diaries True,Lifestyle,United States,English,2019-11-23,10K-100K,General
C01973,RealTimes,News,India,Hindi,2012-09-20,10K-100K,General
C01974,UrbanZone 3,Entertainment,France,French,2011-11-19,<10K,General
C01975,Forge Raj 2,Gaming,Nigeria,English,2014-02-27,100K-1M,General
C01976,Unfiltered Real,Comedy,Italy,Italian,2012-07-14,<10K,General
C01977,True Zone 3,Gaming,Germany,German,2016-05-13,<10K,General
C01978,Reviews Sam,Technology,India,Hindi,2021-05-05,100K-1M,General
C01979,Global Hub,Entertainment,India,Hindi,2024-11-04,<10K,General
C01980,SamStudio,Entertainment,Indonesia,Indonesian,2024-03-28,<10K,General
C01981,Metro Byte,Technology,United States,English,2012-05-11,10K-100K,Teen
C01982,PrimeReels,Film,Turkey,Turkish,2015-06-29,100K-1M,General
C01983,Tech Sam,Technology,United States,English,2019-08-17,<10K,General
C01984,Live Alex 3,Entertainment,India,Hindi,2012-03-08,<10K,General
C01985,Sam Live 3,Entertainment,India,Hindi,2016-10-24,<10K,Teen
C01986,Diaries The 2,Lifestyle,Vietnam,Vietnamese,2011-08-07,10K-100K,General
C01987,Daily Nova,News,Germany,German,2010-07-18,<10K,General
C01988,Reels Next,Film,Brazil,Portuguese,2017-12-05,10M+,General
C01989,North Hub 3,Entertainment,France,French,2012-09-29,100K-1M,General
C01990,AlexBeats,Music,United States,English,2012-04-15,10K-100K,General
C01991,Live Bright,Entertainment,Brazil,English,2011-06-12,10K-100K,General
C01992,PrimeInstitute,Education,Indonesia,Indonesian,2014-05-02,<10K,Mature
C01993,Raj Learn 2,Education,Japan,Japanese,2011-02-17,10K-100K,General
C01994,Studio Daily 3,Entertainment,India,Hindi,2018-10-22,<10K,General
C01995,NovaJournal 2,Lifestyle,France,French,2021-02-09,<10K,General
C01996,NovaLearn,Education,Turkey,English,2010-10-07,10K-100K,General
C01997,Real Now 2,News,United States,Spanish,2018-03-16,<10K,Teen
C01998,Institute Sam,Education,United States,Spanish,2022-12-26,100K-1M,General
C01999,Squad Sam,Gaming,Japan,English,2024-02-22,<10K,General
C02000,Show Nova 2,Comedy,Australia,English,2024-12-09,<10K,General
