video_id,channel_id,upload_date,video_category,video_type,video_language,duration_seconds,content_rating,title_length,thumbnail_style
V000001,C00069,2015-03-27,Technology,Standard Video,Portuguese,421,General,37,Screenshot
V000002,C00369,2025-07-02,Gaming,Standard Video,Portuguese,348,Teen,37,Text Overlay
V000003,C00162,2017-04-30,Film,Standard Video,English,378,General,49,Before-After
V000004,C01016,2024-06-18,News,Live Stream,Urdu,5530,General,60,Screenshot
V000005,C01576,2017-11-23,Gaming,Standard Video,Hindi,539,General,29,Collage
V000006,C01670,2023-08-10,Entertainment,Short,English,21,Teen,14,Before-After
V000007,C00243,2017-04-08,Music,Standard Video,Spanish,403,Mature,48,
V000008,C01955,2017-01-30,Comedy,Short,English,33,General,19,Face Close-up
V000009,C01058,2024-06-19,Comedy,Short,Korean,17,General,9,Screenshot
V000010,C01651,2024-08-10,Music,Standard Video,Spanish,1344,General,59,
V000011,C00583,2022-08-01,Sports,Short,Portuguese,36,General,24,Face Close-up
V000012,C00168,2021-05-15,Gaming,Short,Filipino,18,General,14,Screenshot
V000013,C00261,2019-03-07,Technology,Short,Vietnamese,54,Teen,,Face Close-up
V000014,C01821,2020-04-01,Technology,Standard Video,Hindi,397,Teen,23,Screenshot
V000015,C01496,2024-12-11,Comedy,Standard Video,Portuguese,728,Teen,47,Minimalist
V000016,C01200,2022-06-28,Sports,Short,Spanish,30,General,12,Text Overlay
V000017,C00763,2021-01-29,Comedy,Standard Video,French,691,General,38,Bright Colors
V000018,C00559,2015-02-10,Film,Standard Video,Hindi,1086,Teen,52,Minimalist
V000019,C01998,2022-12-27,Education,Standard Video,Spanish,361,General,26,Before-After
V000020,C00549,2021-06-23,News,Short,Japanese,49,General,26,Face Close-up
V000021,C00139,2019-10-08,Music,Standard Video,Portuguese,664,General,52,Bright Colors
V000022,C00583,2023-08-23,Sports,Short,Portuguese,40,Teen,29,Collage
V000023,C01031,2018-05-06,Music,Short,English,20,General,29,Collage
V000024,C01737,2022-09-01,Education,Standard Video,Bengali,328,General,,Minimalist
V000025,C00024,2019-04-01,Comedy,Standard Video,Hindi,830,General,48,Before-After
V000026,C00769,2022-11-17,Comedy,Short,English,42,General,22,Screenshot
V000027,C00948,2019-11-12,Entertainment,Standard Video,Marathi,79,General,44,Minimalist
V000028,C01931,2010-09-01,Comedy,Standard Video,French,936,General,47,Face Close-up
V000029,C01110,2022-01-13,Music,Short,Portuguese,17,General,21,Face Close-up
V000030,C00701,2022-10-17,Technology,Short,English,25,General,24,Screenshot
V000031,C01105,2023-01-04,Technology,Short,Portuguese,47,General,37,Text Overlay
V000032,C00302,2019-02-09,Lifestyle,Short,English,25,General,38,Collage
V000033,C01884,2021-04-15,Technology,Premiere,Thai,554,General,47,Before-After
V000034,C00257,2019-06-20,Technology,Standard Video,Spanish,193,General,39,Before-After
V000035,C00181,2012-06-02,Lifestyle,Standard Video,Portuguese,719,General,52,Minimalist
V000036,C00040,2015-02-15,Music,Standard Video,English,2562,General,38,Screenshot
V000037,C01622,2026-02-11,Gaming,Short,Hindi,18,General,,Minimalist
V000038,C00171,2021-10-26,Technology,Standard Video,Filipino,334,Mature,46,Face Close-up
V000039,C00155,2025-05-20,Technology,Standard Video,Hindi,61,General,40,Face Close-up
V000040,C01320,2024-01-21,Comedy,Standard Video,Portuguese,494,Mature,48,Before-After
V000041,C00499,2022-09-10,Comedy,Short,English,59,Mature,40,Screenshot
V000042,C00855,2018-10-02,Lifestyle,Standard Video,Indonesian,440,General,52,Screenshot
V000043,C01359,2024-09-20,Music,Standard Video,English,364,General,24,Collage
V000044,C00177,2019-01-20,Sports,Short,Spanish,24,Teen,22,Collage
V000045,C00271,2017-01-03,Entertainment,Standard Video,English,223,General,41,Collage
V000046,C01385,2024-02-06,Sports,Standard Video,Hindi,272,General,40,Collage
V000047,C00417,2018-11-29,Technology,Standard Video,Portuguese,1174,Teen,73,Before-After
V000048,C01576,2021-10-15,Sports,Short,Korean,52,General,18,Screenshot
V000049,C00389,2021-05-24,Entertainment,Short,English,51,General,13,Bright Colors
V000050,C00653,2024-12-13,Entertainment,Live Stream,English,10306,General,59,Minimalist
V000051,C01039,2021-08-26,Lifestyle,Standard Video,English,339,Teen,72,Minimalist
V000052,C01249,2021-02-27,Entertainment,Standard Video,Portuguese,136,Teen,32,Collage
V000053,C00672,2016-05-19,Music,Standard Video,French,150,General,44,Before-After
V000054,C00895,2025-11-24,Gaming,Short,Spanish,20,General,35,Screenshot
V000055,C01350,2025-06-10,Education,Short,English,25,General,34,Screenshot
V000056,C00723,2012-01-10,Film,Standard Video,Spanish,730,General,44,Screenshot
V000057,C00262,2024-09-11,Gaming,Short,Hindi,57,General,,Before-After
V000058,C01595,2025-02-15,Education,Standard Video,Spanish,652,General,62,Bright Colors
V000059,C01651,2023-12-06,Entertainment,Standard Video,Spanish,774,General,63,Minimalist
V000060,C00367,2024-09-30,Sports,Short,Urdu,18,Teen,29,Text Overlay
V000061,C01455,2026-05-06,Sports,Standard Video,English,635,General,43,Face Close-up
V000062,C00261,2016-02-06,Technology,Short,Vietnamese,41,Teen,11,Text Overlay
V000063,C01476,2010-10-25,Music,Standard Video,English,103,General,57,Face Close-up
V000064,C00576,2023-12-19,Sports,Standard Video,French,1111,Mature,26,Before-After
V000065,C00262,2023-01-20,Gaming,Standard Video,Hindi,273,General,51,Collage
V000066,C01135,2018-06-27,News,Standard Video,English,376,,33,Bright Colors
V000067,C01937,2024-02-17,Sports,Short,English,25,General,12,Collage
V000068,C01399,2025-09-04,Education,Short,Hindi,31,General,21,Bright Colors
V000069,C00265,2023-01-21,Music,Standard Video,Indonesian,357,General,30,Text Overlay
V000070,C00876,2013-09-11,Sports,Standard Video,English,290,Teen,44,Collage
V000071,C00514,2020-07-23,Education,Short,English,25,General,25,Bright Colors
V000072,C00394,2017-10-23,Music,Premiere,English,893,Teen,20,Face Close-up
V000073,C01306,2020-03-01,Comedy,Premiere,English,599,General,54,Face Close-up
V000074,C01013,2024-01-24,Entertainment,Standard Video,Spanish,261,General,28,Screenshot
V000075,C01844,2019-07-23,Music,Standard Video,Hindi,507,General,61,Text Overlay
V000076,C01460,2017-09-19,News,Short,Korean,39,General,31,Collage
V000077,C00595,2020-09-13,Music,Short,Italian,41,,23,Minimalist
V000078,C01084,2016-05-26,Sports,Short,English,45,General,31,Collage
V000079,C00040,2013-01-25,Music,Standard Video,English,593,General,23,Minimalist
V000080,C01392,2026-06-08,Technology,Standard Video,English,527,General,56,Screenshot
V000081,C01900,2019-10-14,Lifestyle,Standard Video,English,852,Teen,41,Screenshot
V000082,C00427,2017-11-26,Entertainment,Short,English,58,General,20,Before-After
V000083,C01677,2022-11-12,Entertainment,Short,English,20,General,36,Before-After
V000084,C00633,2017-05-01,Film,Short,English,31,General,13,Minimalist
V000085,C01348,2016-10-31,Comedy,Live Stream,English,5542,General,53,
V000086,C01800,2024-09-05,Gaming,Standard Video,Hindi,1209,General,40,Text Overlay
V000087,C01267,2021-08-27,Gaming,Standard Video,French,246,General,57,Before-After
V000088,C00094,2021-12-22,Technology,Standard Video,English,187,General,71,Face Close-up
V000089,C01276,2024-06-09,Technology,Standard Video,English,381,General,50,Before-After
V000090,C00173,2022-07-18,Gaming,Standard Video,Portuguese,1483,Teen,35,
V000091,C00465,2024-06-27,Lifestyle,Standard Video,Hindi,675,General,42,Collage
V000092,C00204,2022-07-01,Sports,Standard Video,English,339,General,34,Bright Colors
V000093,C00204,2016-06-11,Sports,Short,English,50,General,22,Screenshot
V000094,C01883,2015-12-16,Comedy,Standard Video,Filipino,689,Teen,41,Text Overlay
V000095,C00677,2025-07-10,Technology,Standard Video,English,1020,General,59,Text Overlay
V000096,C01746,2019-12-18,Education,Short,English,32,Teen,27,Collage
V000097,C00599,2019-04-29,News,Short,Spanish,52,General,35,Before-After
V000098,C00047,2011-12-02,Music,Short,English,16,General,26,Text Overlay
V000099,C00576,2015-07-30,Technology,Short,French,29,Mature,26,Minimalist
V000100,C00566,2013-05-11,News,Live Stream,Spanish,9476,Teen,28,Face Close-up
V000101,C00330,2011-06-18,Gaming,Short,English,31,Mature,20,Before-After
V000102,C01528,2022-07-16,Film,Short,Korean,41,General,27,
V000103,C01399,2019-11-13,Education,Standard Video,Hindi,66,General,55,Collage
V000104,C01630,2014-10-12,Gaming,Premiere,German,655,General,65,Face Close-up
V000105,C00037,2018-03-06,Music,Standard Video,Portuguese,1194,Mature,,Minimalist
V000106,C00117,2022-08-02,Entertainment,Standard Video,English,2930,General,66,Collage
V000107,C01991,2022-12-11,Entertainment,Standard Video,English,712,General,34,Minimalist
V000108,C01783,2015-08-08,Education,Premiere,Hindi,174,General,63,Text Overlay
V000109,C00047,2011-11-14,Lifestyle,Premiere,English,991,General,48,Text Overlay
V000110,C01784,2024-11-28,Comedy,Standard Video,Filipino,206,General,56,Before-After
V000111,C01340,2021-03-17,Education,Premiere,Spanish,149,General,46,Bright Colors
V000112,C00385,2022-12-16,Music,Short,Turkish,30,General,36,Minimalist
V000113,C00534,2021-09-29,Lifestyle,Short,Indonesian,45,Teen,16,Text Overlay
V000114,C01739,2011-06-18,Sports,Standard Video,English,168,General,58,Text Overlay
V000115,C00725,2020-08-02,Entertainment,Short,Spanish,56,General,12,Minimalist
V000116,C00247,2026-02-20,Sports,Short,English,24,General,30,Bright Colors
V000117,C00239,2023-02-22,Education,Standard Video,Spanish,754,General,41,Face Close-up
V000118,C00837,2014-06-28,Sports,Standard Video,English,1305,General,63,Before-After
V000119,C00596,2024-10-17,Film,Standard Video,Vietnamese,963,Teen,35,Face Close-up
V000120,C00806,2022-03-18,Technology,Standard Video,Portuguese,155,General,26,Minimalist
V000121,C00016,2023-06-10,Comedy,Standard Video,Indonesian,1327,General,41,Face Close-up
V000122,C00177,2014-01-02,Music,Standard Video,English,125,General,17,Before-After
V000123,C01936,2015-04-19,Lifestyle,Short,Hindi,32,General,24,Minimalist
V000124,C01892,2010-08-02,Film,Standard Video,German,850,General,34,Face Close-up
V000125,C01565,2025-04-11,Music,Standard Video,Korean,922,Mature,40,Minimalist
V000126,C00211,2016-01-27,Entertainment,Short,Portuguese,52,General,8,Text Overlay
V000127,C01650,2023-06-15,Technology,Standard Video,English,392,General,33,Minimalist
V000128,C01731,2023-01-13,Music,Standard Video,Indonesian,796,Teen,42,Bright Colors
V000129,C00024,2018-12-31,Comedy,Premiere,Indonesian,199,General,47,Face Close-up
V000130,C01054,2023-12-14,Gaming,Live Stream,Filipino,6400,General,45,Before-After
V000131,C01630,2026-02-16,Gaming,Standard Video,German,620,General,52,Before-After
V000132,C01073,2022-05-06,Technology,Standard Video,English,2396,General,60,Before-After
V000133,C01309,2016-12-26,Entertainment,Live Stream,Spanish,2582,General,49,Collage
V000134,C01989,2018-06-07,Lifestyle,Short,French,17,General,24,Screenshot
V000135,C01247,2026-07-12,Lifestyle,Short,English,30,General,17,Text Overlay
V000136,C01119,2013-11-11,Technology,Short,Hindi,26,General,20,Face Close-up
V000137,C00088,2023-05-06,Gaming,Standard Video,Kannada,1283,General,42,Bright Colors
V000138,C00559,2016-10-12,Film,Short,Hindi,39,Teen,24,Bright Colors
V000139,C01941,2013-01-25,Film,Standard Video,Vietnamese,901,General,35,Screenshot
V000140,C00866,2012-12-13,Education,Short,Spanish,60,General,16,Bright Colors
V000141,C00173,2017-04-01,Gaming,Standard Video,Portuguese,660,Teen,50,Bright Colors
V000142,C01425,2018-12-16,Comedy,Short,English,36,General,25,Face Close-up
V000143,C01783,2019-09-20,Education,Standard Video,Hindi,206,General,48,Before-After
V000144,C01225,2023-04-10,Gaming,Short,Indonesian,57,General,21,Face Close-up
V000145,C01726,2019-12-06,Education,Premiere,English,326,General,65,Face Close-up
V000146,C00780,2026-05-02,Lifestyle,Short,Thai,43,General,16,Screenshot
V000147,C01785,2025-05-17,Sports,Standard Video,Hindi,126,General,57,Before-After
V000148,C00977,2026-01-03,Entertainment,Live Stream,English,12297,General,21,Face Close-up
V000149,C01242,2018-08-27,Entertainment,Standard Video,Hindi,363,Mature,42,Bright Colors
V000150,C00613,2011-07-07,Entertainment,Short,English,33,General,30,Text Overlay
V000151,C01894,2024-02-29,Music,Standard Video,Hindi,467,General,46,Collage
V000152,C01605,2025-12-09,Film,Short,Hindi,30,Teen,24,Face Close-up
V000153,C00068,2017-04-06,Gaming,Standard Video,Hindi,299,Teen,55,Screenshot
V000154,C01644,2025-03-03,Music,Standard Video,English,399,General,37,Collage
V000155,C00739,2025-02-11,Technology,Standard Video,English,411,General,65,Bright Colors
V000156,C00647,2020-11-19,Education,Short,Hindi,43,Mature,,Face Close-up
V000157,C01054,2024-12-18,Gaming,Short,Filipino,19,General,13,Minimalist
V000158,C00261,2019-11-17,Technology,Standard Video,Vietnamese,859,Teen,55,Collage
V000159,C00718,2024-01-30,Gaming,Standard Video,English,239,General,53,Screenshot
V000160,C01489,2017-12-22,Gaming,Live Stream,Spanish,2023,General,36,Minimalist
V000161,C00912,2017-01-02,Music,Standard Video,Portuguese,408,Teen,34,Before-After
V000162,C00256,2023-08-12,Gaming,Standard Video,English,162,General,51,Minimalist
V000163,C01035,2023-02-16,Lifestyle,Standard Video,Portuguese,925,General,61,Minimalist
V000164,C01184,2019-02-14,Music,Standard Video,Urdu,625,General,53,Collage
V000165,C00380,2014-08-28,Gaming,Standard Video,English,559,General,44,Face Close-up
V000166,C00745,2014-04-08,Education,Live Stream,Japanese,10626,General,53,Text Overlay
V000167,C01786,2022-12-18,Music,Short,Indonesian,24,General,28,Text Overlay
V000168,C00449,2014-03-27,Lifestyle,Standard Video,Portuguese,310,General,74,Collage
V000169,C00171,2013-02-15,Technology,Standard Video,Portuguese,992,Mature,,Text Overlay
V000170,C00589,2020-06-29,Gaming,Standard Video,English,360,General,43,Text Overlay
V000171,C00585,2018-09-23,Gaming,Standard Video,Portuguese,403,General,67,Screenshot
V000172,C00861,2013-07-08,News,Live Stream,English,9621,Mature,43,Face Close-up
V000173,C00265,2023-01-03,Film,Standard Video,Indonesian,502,General,43,
V000174,C01281,2026-01-17,Lifestyle,Standard Video,German,272,General,43,Before-After
V000175,C00300,2023-01-09,Music,Short,Portuguese,16,General,28,Before-After
V000176,C01622,2013-10-09,Gaming,Standard Video,Hindi,162,General,47,Minimalist
V000177,C01229,2018-03-08,Education,Short,Portuguese,48,General,29,Collage
V000178,C01830,2019-07-25,Film,Standard Video,Spanish,174,General,32,Bright Colors
V000179,C00485,2025-08-01,Lifestyle,Standard Video,Urdu,133,General,53,Text Overlay
V000180,C00440,2011-07-07,Lifestyle,Standard Video,Turkish,624,General,56,Bright Colors
V000181,C01996,2010-12-10,Education,Short,Hindi,37,General,16,Minimalist
V000182,C01126,2014-06-19,Sports,Standard Video,Hindi,1516,General,75,Face Close-up
V000183,C00366,2023-05-05,Entertainment,Short,Hindi,32,General,25,Minimalist
V000184,C00016,2021-12-04,Lifestyle,Short,Indonesian,31,General,36,Screenshot
V000185,C01468,2014-08-13,Education,Standard Video,English,583,General,42,Bright Colors
V000186,C01117,2022-09-10,Technology,Short,Portuguese,38,General,23,Text Overlay
V000187,C00247,2026-01-07,Sports,Standard Video,English,878,General,34,Text Overlay
V000188,C01058,2025-06-15,Gaming,Live Stream,Korean,4047,General,51,Minimalist
V000189,C00608,2016-05-15,Gaming,Live Stream,Hindi,11373,General,38,Text Overlay
V000190,C00184,2022-06-19,Sports,Short,English,55,General,27,Before-After
V000191,C00564,2022-07-03,Music,Standard Video,English,549,General,24,Screenshot
V000192,C01924,2018-05-10,Entertainment,Live Stream,Hindi,4483,General,48,Bright Colors
V000193,C00474,2019-10-27,Education,Standard Video,Marathi,659,General,38,Screenshot
V000194,C00461,2020-09-27,Sports,Short,Hindi,20,General,20,Screenshot
V000195,C01025,2022-06-29,Sports,Standard Video,English,240,Teen,74,Face Close-up
V000196,C01696,2017-02-15,Gaming,Standard Video,Spanish,331,General,55,
V000197,C01268,2014-10-11,Film,Standard Video,English,1214,General,49,Before-After
V000198,C01506,2013-10-31,Gaming,Standard Video,English,141,Teen,50,Face Close-up
V000199,C00468,2017-03-27,News,Premiere,Turkish,249,General,39,Before-After
V000200,C00465,2020-05-28,Sports,Standard Video,Hindi,982,General,45,Minimalist
V000201,C01802,2025-07-10,Music,Standard Video,English,1308,General,34,Face Close-up
V000202,C00053,2026-03-25,Gaming,Live Stream,Turkish,6215,General,16,Face Close-up
V000203,C00841,2020-11-24,Education,Standard Video,Turkish,287,General,10,Collage
V000204,C01959,2015-09-24,Gaming,Premiere,Spanish,1464,General,21,Minimalist
V000205,C00592,2013-01-31,Music,Standard Video,English,1066,General,62,Before-After
V000206,C00159,2024-11-11,Gaming,Short,English,59,Teen,19,Screenshot
V000207,C00987,2026-01-04,Technology,Short,English,19,General,12,Bright Colors
V000208,C00208,2020-12-22,Comedy,Short,Spanish,53,General,29,Bright Colors
V000209,C01639,2026-06-15,Technology,Standard Video,Spanish,183,General,53,Bright Colors
V000210,C00022,2023-11-03,News,Short,Hindi,27,General,23,Screenshot
V000211,C01616,2013-04-06,Entertainment,Short,English,26,Mature,13,Collage
V000212,C01280,2018-04-01,Entertainment,Short,English,35,Teen,10,Face Close-up
V000213,C01268,2015-02-02,Film,Standard Video,English,193,General,43,Bright Colors
V000214,C00137,2020-03-19,Film,Live Stream,English,3084,General,61,Text Overlay
V000215,C00061,2019-02-05,Lifestyle,Live Stream,Hindi,6883,General,46,Screenshot
V000216,C01943,2017-06-24,Gaming,Standard Video,Vietnamese,580,General,34,Text Overlay
V000217,C01887,2023-04-18,Music,Live Stream,Turkish,6336,General,48,Text Overlay
V000218,C01564,2024-10-27,Lifestyle,Premiere,English,195,General,52,Text Overlay
V000219,C00302,2024-11-24,Lifestyle,Standard Video,English,278,General,39,Screenshot
V000220,C01012,2021-04-01,Entertainment,Short,Hindi,60,General,44,Collage
V000221,C01667,2025-04-07,Gaming,Short,Spanish,43,General,20,Collage
V000222,C01726,2023-07-26,Education,Standard Video,English,1306,General,38,Minimalist
V000223,C00107,2015-07-02,News,Standard Video,Hindi,99,General,68,Before-After
V000224,C00340,2010-06-07,Education,Standard Video,English,658,General,52,Face Close-up
V000225,C00390,2018-12-22,Technology,Standard Video,Portuguese,5400,General,40,Collage
V000226,C01247,2017-02-01,Comedy,Short,English,49,General,21,Face Close-up
V000227,C01570,2014-07-09,Entertainment,Short,Japanese,55,Mature,48,Collage
V000228,C00499,2023-02-06,Comedy,Standard Video,English,967,Mature,53,Face Close-up
V000229,C00016,2022-02-04,Lifestyle,Short,Indonesian,22,General,23,Text Overlay
V000230,C00934,2020-11-23,Sports,Standard Video,Indonesian,926,General,37,Before-After
V000231,C01694,2024-08-12,Entertainment,Standard Video,English,227,General,,Bright Colors
V000232,C00980,2016-05-05,Sports,Standard Video,Urdu,588,General,49,Text Overlay
V000233,C00135,2022-03-04,Education,Live Stream,Filipino,3010,General,33,Collage
V000234,C01592,2025-12-08,News,Live Stream,Spanish,12152,General,55,Text Overlay
V000235,C00629,2012-01-23,Sports,Live Stream,Indonesian,5655,General,74,Collage
V000236,C00367,2024-01-18,Sports,Short,Urdu,43,Teen,15,Minimalist
V000237,C00694,2025-01-08,Sports,Standard Video,Japanese,144,General,40,Before-After
V000238,C00888,2015-03-15,Gaming,Short,Hindi,24,General,,Screenshot
V000239,C01303,2024-12-01,Education,Premiere,Urdu,652,General,47,Before-After
V000240,C01783,2024-10-20,Education,Standard Video,Hindi,296,General,34,Before-After
V000241,C01238,2013-03-12,Lifestyle,Standard Video,Spanish,1236,General,50,Screenshot
V000242,C00499,2025-09-17,Music,Short,English,52,Mature,26,Face Close-up
V000243,C00156,2012-11-29,Entertainment,Short,English,22,Teen,8,Face Close-up
V000244,C01694,2024-06-02,Entertainment,Standard Video,English,347,General,45,Minimalist
V000245,C01978,2024-12-22,Sports,Short,Hindi,32,General,29,Before-After
V000246,C01123,2024-06-02,Film,Standard Video,Marathi,857,General,42,Bright Colors
V000247,C00321,2023-06-02,Comedy,Short,English,37,General,23,Face Close-up
V000248,C00383,2024-04-20,Music,Standard Video,English,522,Teen,40,Screenshot
V000249,C00282,2012-08-05,News,Standard Video,Turkish,138,General,53,Text Overlay
V000250,C01924,2011-06-17,Entertainment,Live Stream,Hindi,3098,General,17,Bright Colors
V000251,C00653,2025-06-05,Entertainment,Short,English,38,General,12,Text Overlay
V000252,C00963,2019-05-20,Sports,Short,English,33,Teen,25,Text Overlay
V000253,C01012,2011-09-23,Entertainment,Standard Video,Hindi,336,General,58,Screenshot
V000254,C00443,2024-06-28,Entertainment,Standard Video,Spanish,423,Teen,79,Minimalist
V000255,C01618,2025-07-04,Music,Standard Video,Kannada,805,General,25,Text Overlay
V000256,C00196,2020-10-20,Comedy,Short,English,57,General,28,Face Close-up
V000257,C01822,2023-10-07,Entertainment,Standard Video,Hindi,1163,General,66,Text Overlay
V000258,C01228,2022-12-29,Gaming,Short,English,42,General,19,Before-After
V000259,C01743,2019-07-13,Gaming,Short,Urdu,16,General,25,Text Overlay
V000260,C01976,2017-11-04,Comedy,Standard Video,Hindi,299,General,29,Face Close-up
V000261,C00864,2023-03-08,Entertainment,Standard Video,Hindi,338,General,49,Text Overlay
V000262,C01111,2012-05-19,Music,Live Stream,English,10851,General,11,Bright Colors
V000263,C00369,2012-04-16,Gaming,Short,English,57,Teen,18,Screenshot
V000264,C00358,2014-08-21,Technology,Short,Spanish,34,,24,Face Close-up
V000265,C01937,2022-01-28,Gaming,Short,English,40,General,9,Face Close-up
V000266,C00559,2022-12-03,Film,Short,Hindi,48,Teen,24,Face Close-up
V000267,C01031,2020-11-13,Sports,Standard Video,English,572,General,70,Bright Colors
V000268,C01376,2015-02-13,Comedy,Short,Hindi,37,General,21,
V000269,C01644,2020-02-06,Music,Standard Video,English,526,General,33,Face Close-up
V000270,C01554,2022-07-28,Entertainment,Short,English,27,General,18,Collage
V000271,C00377,2026-07-10,Sports,Short,Thai,37,General,,Collage
V000272,C01132,2021-12-16,Film,Standard Video,Hindi,606,General,63,Screenshot
V000273,C01135,2019-11-08,News,Standard Video,English,3073,General,36,Screenshot
V000274,C01507,2012-09-25,Education,Standard Video,Hindi,263,General,42,Minimalist
V000275,C00409,2018-02-28,Music,Standard Video,English,1654,General,56,Screenshot
V000276,C00363,2026-05-17,Education,Short,English,56,General,28,Before-After
V000277,C01676,2013-05-30,Comedy,Standard Video,English,379,General,50,Face Close-up
V000278,C01678,2024-12-13,Lifestyle,Standard Video,Hindi,950,General,50,Bright Colors
V000279,C01724,2026-04-08,Sports,Standard Video,Portuguese,91,General,20,Text Overlay
V000280,C01268,2014-08-31,Film,Standard Video,English,218,General,59,Screenshot
V000281,C01089,2013-12-10,Education,Standard Video,English,559,Mature,47,Face Close-up
V000282,C01135,2024-09-19,News,Standard Video,English,1068,General,47,Face Close-up
V000283,C00431,2025-08-20,Music,Standard Video,Tamil,304,General,62,Before-After
V000284,C01442,2018-06-18,Entertainment,Standard Video,English,896,General,57,Text Overlay
V000285,C00341,2020-07-11,Comedy,Standard Video,English,140,General,62,Text Overlay
V000286,C00465,2022-09-12,Lifestyle,Standard Video,Hindi,249,General,44,Collage
V000287,C01249,2018-02-24,Entertainment,Standard Video,Portuguese,1495,Teen,58,Text Overlay
V000288,C01622,2015-02-05,Gaming,Premiere,Hindi,288,General,32,Bright Colors
V000289,C01865,2012-11-21,Entertainment,Premiere,Portuguese,245,General,14,Face Close-up
V000290,C01767,2010-09-30,Comedy,Standard Video,Hindi,282,General,51,Screenshot
V000291,C01891,2025-02-13,Lifestyle,Short,Portuguese,51,General,11,Screenshot
V000292,C01921,2015-05-15,Sports,Standard Video,English,1017,General,30,Collage
V000293,C00015,2024-08-03,Entertainment,Short,English,40,General,22,Collage
V000294,C01655,2024-12-08,Music,Standard Video,Spanish,315,General,46,Bright Colors
V000295,C00993,2024-06-08,Lifestyle,Short,English,48,General,31,Text Overlay
V000296,C00006,2016-08-29,Comedy,Short,Korean,31,General,21,Screenshot
V000297,C01203,2024-12-15,Music,Short,Hindi,35,General,17,Face Close-up
V000298,C00125,2026-07-05,Sports,Standard Video,Indonesian,737,Teen,70,Minimalist
V000299,C01665,2026-06-22,Music,Premiere,Indonesian,133,General,23,Face Close-up
V000300,C00051,2026-03-05,Gaming,Standard Video,English,233,General,67,Screenshot
V000301,C01499,2023-11-18,Entertainment,Standard Video,Indonesian,268,Teen,47,Minimalist
V000302,C00469,2024-12-08,Sports,Standard Video,English,332,General,42,Screenshot
V000303,C00319,2015-04-26,Gaming,Standard Video,Spanish,460,General,42,Collage
V000304,C00245,2011-08-01,Sports,Short,Hindi,41,General,19,Before-After
V000305,C00256,2022-11-01,Lifestyle,Live Stream,English,8458,General,42,Minimalist
V000306,C00214,2024-02-14,Entertainment,Standard Video,English,206,General,21,Screenshot
V000307,C01025,2016-01-24,Sports,Standard Video,English,154,Teen,47,Bright Colors
V000308,C00928,2020-11-19,News,Short,Portuguese,38,General,31,
V000309,C01507,2013-09-01,Education,Short,Hindi,34,General,41,Before-After
V000310,C01346,2022-10-14,Comedy,Short,English,29,General,37,Face Close-up
V000311,C00605,2015-04-25,News,Standard Video,Spanish,1532,General,33,Text Overlay
V000312,C01922,2026-07-19,Sports,Short,Indonesian,51,General,23,
V000313,C01777,2025-11-24,Technology,Premiere,Portuguese,172,Teen,44,Minimalist
V000314,C01536,2021-12-12,News,Standard Video,English,69,Teen,52,Screenshot
V000315,C00055,2018-02-21,Entertainment,Standard Video,Vietnamese,560,General,35,Minimalist
V000316,C00422,2026-05-28,Film,Live Stream,English,4218,General,54,Minimalist
V000317,C01348,2015-07-27,Film,Premiere,English,270,General,71,
V000318,C00172,2012-06-06,Technology,Standard Video,Hindi,299,General,68,Collage
V000319,C01744,2025-12-21,Comedy,Standard Video,Hindi,297,General,67,Minimalist
V000320,C00441,2025-07-13,Education,Short,Japanese,21,General,40,Minimalist
V000321,C00257,2016-08-06,Technology,Standard Video,Filipino,1250,General,38,Face Close-up
V000322,C01471,2026-04-28,Film,Standard Video,Kannada,786,General,21,Face Close-up
V000323,C01861,2025-03-18,Gaming,Standard Video,English,299,General,77,Face Close-up
V000324,C00915,2015-09-24,Sports,Short,Korean,24,General,50,Text Overlay
V000325,C01883,2019-09-21,Comedy,Premiere,Filipino,200,Teen,45,Minimalist
V000326,C00886,2026-01-15,Technology,Standard Video,English,973,General,47,Face Close-up
V000327,C00794,2019-06-13,Music,Standard Video,English,255,General,,Minimalist
V000328,C01294,2016-05-07,Lifestyle,Standard Video,English,74,General,47,Bright Colors
V000329,C01031,2018-07-13,Sports,Standard Video,English,199,General,,Bright Colors
V000330,C00676,2013-11-04,Sports,Standard Video,Portuguese,293,General,55,Before-After
V000331,C01039,2024-06-05,Lifestyle,Short,English,29,Teen,9,Screenshot
V000332,C00175,2011-03-09,Gaming,Standard Video,Turkish,389,General,54,
V000333,C01213,2018-07-06,Technology,Standard Video,Hindi,312,General,29,Bright Colors
V000334,C01676,2018-04-29,Comedy,Standard Video,English,258,General,34,Face Close-up
V000335,C00323,2019-01-08,Entertainment,Standard Video,English,289,Teen,62,Before-After
V000336,C00047,2015-10-13,Music,Standard Video,English,403,General,41,Collage
V000337,C00694,2025-07-19,Sports,Short,English,36,General,8,Bright Colors
V000338,C00597,2023-06-07,Entertainment,Standard Video,English,551,General,35,Before-After
V000339,C01418,2025-01-04,Music,Standard Video,Spanish,288,Teen,56,Collage
V000340,C00163,2015-12-09,Entertainment,Standard Video,Portuguese,848,Mature,52,Minimalist
V000341,C00636,2023-08-15,Sports,Short,Hindi,17,Teen,13,Bright Colors
V000342,C00036,2019-01-17,News,Standard Video,Hindi,162,General,50,Face Close-up
V000343,C01764,2013-06-13,Technology,Standard Video,Spanish,511,General,55,Before-After
V000344,C00903,2021-06-17,Lifestyle,Live Stream,English,13816,General,24,Bright Colors
V000345,C00018,2026-04-29,Comedy,Standard Video,English,528,General,23,Minimalist
V000346,C01870,2018-11-06,Education,Short,Filipino,59,Teen,17,Before-After
V000347,C00640,2024-07-31,Lifestyle,Standard Video,Korean,1259,General,52,Screenshot
V000348,C00752,2026-02-03,Music,Standard Video,Indonesian,438,General,,Minimalist
V000349,C00014,2011-08-19,Lifestyle,Short,German,25,General,38,Screenshot
V000350,C01547,2013-06-11,Gaming,Short,English,35,General,26,Minimalist
V000351,C01974,2026-02-23,Entertainment,Standard Video,French,704,General,39,
V000352,C01685,2020-07-21,Music,Short,English,25,General,25,Text Overlay
V000353,C01852,2026-07-21,Film,Short,Indonesian,21,General,8,Before-After
V000354,C01376,2014-10-28,Comedy,Standard Video,Hindi,224,General,47,Face Close-up
V000355,C00476,2026-04-23,Gaming,Short,English,48,General,33,Text Overlay
V000356,C01931,2018-08-26,Comedy,Premiere,French,256,General,10,Before-After
V000357,C01636,2026-01-18,Film,Short,Hindi,52,General,26,Minimalist
V000358,C00559,2015-10-16,Film,Short,English,29,Teen,27,Collage
V000359,C00786,2017-04-07,Gaming,Premiere,English,4892,Mature,30,Collage
V000360,C00586,2026-07-01,Education,Standard Video,English,1758,General,25,Bright Colors
V000361,C01531,2015-04-24,Entertainment,Short,English,47,General,28,Collage
V000362,C01726,2023-06-04,Education,Short,English,30,General,8,Text Overlay
V000363,C01510,2024-07-10,Education,Short,Kannada,21,General,29,Collage
V000364,C00573,2019-10-04,Entertainment,Standard Video,Vietnamese,838,General,46,Screenshot
V000365,C01141,2026-06-03,Technology,Short,Indonesian,20,General,39,Collage
V000366,C00094,2015-07-07,Technology,Short,Spanish,59,General,38,Face Close-up
V000367,C01948,2019-03-26,Entertainment,Short,French,30,General,19,Minimalist
V000368,C00427,2017-09-26,Entertainment,Short,English,51,General,44,Text Overlay
V000369,C00034,2026-01-08,Music,Live Stream,English,4805,General,53,Text Overlay
V000370,C01780,2022-12-13,Sports,Short,English,30,General,11,Face Close-up
V000371,C00774,2023-11-02,Film,Standard Video,English,917,General,38,Before-After
V000372,C00078,2012-04-23,Sports,Standard Video,Hindi,589,Teen,72,Screenshot
V000373,C01698,2021-01-20,Film,Short,German,39,General,25,Minimalist
V000374,C01500,2020-03-16,Comedy,Standard Video,English,170,General,51,Screenshot
V000375,C00073,2012-02-05,Gaming,Short,Spanish,26,Teen,26,Before-After
V000376,C00186,2021-09-27,Sports,Standard Video,English,147,General,51,Before-After
V000377,C00767,2024-11-15,Entertainment,Premiere,Portuguese,984,General,51,Minimalist
V000378,C01735,2022-05-26,Education,Standard Video,English,371,General,62,Collage
V000379,C01609,2026-03-14,Lifestyle,Standard Video,English,644,General,51,Screenshot
V000380,C00014,2010-07-11,Music,Short,German,26,General,18,Collage
V000381,C00744,2015-02-27,Comedy,Standard Video,Spanish,502,General,36,Text Overlay
V000382,C00774,2021-09-18,Film,Short,English,36,General,23,Minimalist
V000383,C01094,2019-10-30,Entertainment,Standard Video,Hindi,997,General,45,Face Close-up
V000384,C01576,2020-09-17,Gaming,Standard Video,Korean,777,General,,Before-After
V000385,C00380,2020-06-25,Gaming,Short,English,26,General,21,Minimalist
V000386,C01943,2024-04-28,Gaming,Short,Vietnamese,17,General,40,Screenshot
V000387,C01101,2016-08-05,Education,Standard Video,Portuguese,619,General,41,Collage
V000388,C00377,2026-07-19,Sports,Live Stream,Thai,4381,Teen,64,Before-After
V000389,C00044,2025-12-09,Lifestyle,Short,Hindi,53,General,27,Collage
V000390,C00135,2023-04-01,Education,Standard Video,Filipino,264,General,31,Before-After
V000391,C01233,2025-05-09,Technology,Short,Spanish,15,General,22,Face Close-up
V000392,C01837,2023-11-27,Gaming,Standard Video,Hindi,207,General,51,Minimalist
V000393,C00243,2016-11-15,Music,Short,Spanish,51,Mature,20,Bright Colors
V000394,C00878,2019-04-09,Technology,Standard Video,Italian,1330,,45,Collage
V000395,C01119,2017-03-02,Sports,Standard Video,English,525,General,24,Text Overlay
V000396,C01624,2021-12-04,Technology,Short,Portuguese,47,General,37,Bright Colors
V000397,C01988,2018-01-12,Film,Standard Video,Portuguese,225,General,38,Minimalist
V000398,C01895,2020-07-15,Education,Short,Vietnamese,46,General,33,
V000399,C01159,2022-09-25,Gaming,Short,English,22,General,20,Face Close-up
V000400,C00047,2012-01-03,Music,Short,English,43,General,27,Bright Colors
V000401,C01502,2024-10-20,Film,Short,Portuguese,52,General,13,Collage
V000402,C00605,2016-03-10,Comedy,Premiere,Spanish,196,General,87,Face Close-up
V000403,C01912,2016-12-30,Entertainment,Short,English,45,General,28,Minimalist
V000404,C00073,2013-03-28,Gaming,Live Stream,Spanish,13268,General,53,Bright Colors
V000405,C00518,2010-12-24,Comedy,Short,Spanish,29,General,8,Text Overlay
V000406,C00568,2019-01-05,News,Short,German,16,General,21,Text Overlay
V000407,C00156,2011-03-05,Music,Standard Video,English,343,Teen,10,Collage
V000408,C01945,2012-09-16,Technology,Short,Portuguese,24,General,30,Before-After
V000409,C00766,2025-04-18,Technology,Premiere,Indonesian,1096,Teen,67,Before-After
V000410,C01664,2025-02-03,Lifestyle,Standard Video,Hindi,240,General,55,Collage
V000411,C01959,2020-07-21,Gaming,Standard Video,Spanish,663,General,57,Minimalist
V000412,C01989,2017-06-05,Entertainment,Short,French,51,General,30,Bright Colors
V000413,C00780,2026-05-07,Lifestyle,Short,Portuguese,20,General,43,Minimalist
V000414,C00499,2022-09-11,Comedy,Standard Video,English,143,Mature,35,Minimalist
V000415,C01679,2018-12-29,Gaming,Short,Filipino,39,General,22,Text Overlay
V000416,C01627,2024-03-15,Education,Standard Video,English,939,General,67,
V000417,C00018,2026-01-18,Comedy,Standard Video,English,1698,General,50,Face Close-up
V000418,C01210,2021-11-23,Education,Short,Spanish,51,General,24,Bright Colors
V000419,C00770,2022-12-09,Education,Standard Video,Vietnamese,472,General,29,Collage
V000420,C00670,2016-01-10,Lifestyle,Standard Video,Hindi,335,General,76,Screenshot
V000421,C01935,2026-04-14,Technology,Short,English,52,General,13,Minimalist
V000422,C01656,2011-01-06,Gaming,Standard Video,Hindi,284,General,60,Before-After
V000423,C01639,2025-08-29,Technology,Standard Video,Hindi,410,General,46,Face Close-up
V000424,C01007,2024-02-19,Film,Standard Video,Spanish,583,General,60,Face Close-up
V000425,C01124,2015-11-02,Entertainment,Standard Video,Spanish,188,General,69,Face Close-up
V000426,C00520,2011-12-31,Comedy,Short,French,26,Teen,37,Collage
V000427,C00719,2017-08-23,Film,Short,English,25,General,,Collage
V000428,C01446,2024-12-10,Gaming,Premiere,Portuguese,1093,General,35,Bright Colors
V000429,C01466,2025-05-21,Education,Standard Video,English,464,General,45,Minimalist
V000430,C01375,2018-05-04,News,Standard Video,English,596,General,37,Minimalist
V000431,C01875,2022-12-30,News,Standard Video,English,203,General,53,Before-After
V000432,C00751,2014-12-09,Film,Standard Video,English,993,General,39,Before-After
V000433,C00014,2022-04-30,Education,Short,German,36,General,18,Before-After
V000434,C00553,2024-07-06,Technology,Short,English,50,General,21,Screenshot
V000435,C00763,2018-07-19,Comedy,Short,French,32,General,30,Screenshot
V000436,C01598,2019-05-12,Music,Standard Video,Hindi,817,General,52,Face Close-up
V000437,C01728,2024-04-11,Entertainment,Standard Video,Portuguese,374,General,56,Screenshot
V000438,C00553,2024-08-11,Technology,Short,English,60,General,10,Collage
V000439,C01415,2015-08-24,Gaming,Standard Video,English,74,Teen,24,Bright Colors
V000440,C00877,2016-03-31,Gaming,Standard Video,English,258,General,46,Face Close-up
V000441,C01914,2016-03-27,Music,Short,English,26,Teen,14,Minimalist
V000442,C00196,2024-03-15,Comedy,Standard Video,English,398,General,56,Screenshot
V000443,C01771,2018-12-15,Education,Live Stream,English,4595,,52,Text Overlay
V000444,C00514,2023-08-16,Gaming,Short,English,48,General,12,Screenshot
V000445,C00878,2018-02-12,Technology,Standard Video,Italian,1430,General,23,Minimalist
V000446,C00636,2023-07-10,Education,Live Stream,Hindi,13340,Teen,19,Minimalist
V000447,C01841,2021-10-14,Gaming,Standard Video,English,702,General,21,
V000448,C00559,2019-06-25,Entertainment,Standard Video,Hindi,550,Teen,51,Face Close-up
V000449,C00985,2010-03-14,Film,Premiere,Korean,543,General,21,Before-After
V000450,C01295,2016-01-22,Lifestyle,Live Stream,Portuguese,13890,Teen,48,Minimalist
V000451,C01466,2025-06-01,News,Standard Video,English,388,General,61,Collage
V000452,C00726,2021-02-26,Education,Short,German,30,General,17,Screenshot
V000453,C00799,2025-01-02,Lifestyle,Live Stream,Hindi,3111,Mature,52,Minimalist
V000454,C01907,2024-08-10,Education,Standard Video,English,771,Teen,13,Minimalist
V000455,C01856,2024-12-06,Music,Short,Spanish,15,General,20,Face Close-up
V000456,C00144,2021-09-10,Education,Short,German,58,General,25,
V000457,C01247,2013-05-27,Lifestyle,Standard Video,English,1846,General,47,Collage
V000458,C00514,2022-11-03,Education,Short,English,33,General,9,Before-After
V000459,C01144,2010-06-03,Lifestyle,Short,English,50,Teen,9,Face Close-up
V000460,C00694,2025-02-25,Sports,Short,Japanese,24,General,25,Text Overlay
V000461,C00985,2024-10-13,Music,Live Stream,Spanish,13023,General,43,Bright Colors
V000462,C01993,2012-09-23,Education,Premiere,Japanese,471,General,44,Face Close-up
V000463,C01677,2024-02-25,Education,Standard Video,English,458,General,27,Text Overlay
V000464,C00662,2013-02-06,Education,Short,English,37,General,33,Collage
V000465,C01221,2016-07-12,Education,Short,English,54,General,23,Minimalist
V000466,C00866,2018-07-05,Education,Standard Video,Spanish,427,General,49,Text Overlay
V000467,C01481,2023-11-05,Lifestyle,Standard Video,Hindi,424,General,51,Before-After
V000468,C01972,2022-09-22,Lifestyle,Standard Video,English,61,General,39,Text Overlay
V000469,C01676,2013-05-22,Comedy,Standard Video,English,741,General,57,Minimalist
V000470,C00953,2026-06-24,Entertainment,Short,English,52,General,24,Minimalist
V000471,C00185,2019-05-06,Gaming,Short,Spanish,17,Teen,14,Before-After
V000472,C01698,2017-07-08,Film,Standard Video,German,82,General,45,Before-After
V000473,C01136,2021-05-10,News,Short,German,35,General,15,Text Overlay
V000474,C00620,2019-07-27,Comedy,Standard Video,Hindi,660,Teen,35,Screenshot
V000475,C00705,2021-04-11,Entertainment,Short,Hindi,42,General,30,
V000476,C01432,2025-03-27,Gaming,Short,English,37,General,23,Minimalist
V000477,C00261,2013-04-05,Technology,Short,Vietnamese,58,Teen,21,Before-After
V000478,C01256,2021-06-16,Music,Standard Video,Spanish,645,General,47,Face Close-up
V000479,C01800,2011-08-13,Gaming,Short,Hindi,53,Teen,27,Face Close-up
V000480,C01551,2022-08-01,Gaming,Short,Hindi,26,General,27,Minimalist
V000481,C00633,2017-05-08,Music,Standard Video,English,1166,General,68,Minimalist
V000482,C00526,2017-11-05,Music,Standard Video,English,547,General,67,Face Close-up
V000483,C00729,2021-11-19,Comedy,Short,English,29,General,16,Bright Colors
V000484,C00320,2026-07-25,Entertainment,Short,Hindi,43,General,36,Bright Colors
V000485,C01834,2026-07-22,Gaming,Short,English,28,Teen,22,Face Close-up
V000486,C00862,2023-04-24,Gaming,Standard Video,Tamil,1022,General,52,Bright Colors
V000487,C01529,2020-04-23,Technology,Standard Video,English,847,General,58,Text Overlay
V000488,C01942,2019-09-20,Lifestyle,Short,Portuguese,41,General,30,Before-After
V000489,C01523,2025-08-23,Gaming,Standard Video,Japanese,143,Teen,66,Screenshot
V000490,C00626,2020-12-19,News,Short,English,42,General,8,Text Overlay
V000491,C00158,2018-04-23,Music,Short,Japanese,42,General,53,Face Close-up
V000492,C01534,2021-11-02,Film,Standard Video,English,288,General,27,Collage
V000493,C01386,2013-11-21,Education,Standard Video,Hindi,1381,General,53,Bright Colors
V000494,C01350,2025-01-09,Education,Standard Video,English,1160,General,29,Screenshot
V000495,C01870,2013-07-12,Education,Short,Portuguese,26,Teen,27,Text Overlay
V000496,C01524,2025-07-18,Sports,Standard Video,English,478,General,56,Face Close-up
V000497,C01218,2015-12-06,Entertainment,Standard Video,Korean,346,General,40,Before-After
V000498,C01099,2017-01-04,Music,Standard Video,English,841,General,,Collage
V000499,C00926,2020-05-25,Sports,Standard Video,Hindi,510,General,45,Text Overlay
V000500,C00207,2019-02-25,Education,Standard Video,Spanish,352,General,18,Text Overlay
V000501,C01379,2023-08-06,Education,Standard Video,Vietnamese,225,General,13,Minimalist
V000502,C00935,2023-12-18,Entertainment,Premiere,English,870,General,87,Text Overlay
V000503,C00015,2024-02-13,Entertainment,Short,English,17,,13,Collage
V000504,C00635,2022-02-16,Gaming,Standard Video,English,373,,59,Before-After
V000505,C01735,2022-05-03,Education,Standard Video,English,2019,General,35,Bright Colors
V000506,C00676,2011-07-21,Sports,Short,Portuguese,22,General,11,Text Overlay
V000507,C01525,2025-10-19,Comedy,Short,Portuguese,36,General,24,Screenshot
V000508,C00371,2019-03-20,Education,Standard Video,English,310,General,44,Text Overlay
V000509,C01337,2014-02-06,Entertainment,Standard Video,Turkish,687,General,39,
V000510,C01212,2012-07-16,Entertainment,Short,English,43,Teen,17,Minimalist
V000511,C00186,2025-05-09,Sports,Standard Video,English,505,General,45,Before-After
V000512,C00382,2023-03-01,Technology,Short,Kannada,30,General,29,Bright Colors
V000513,C01554,2014-10-01,Entertainment,Standard Video,English,260,General,38,Minimalist
V000514,C00658,2020-01-17,Lifestyle,Short,Turkish,56,General,38,Screenshot
V000515,C01884,2021-02-15,Entertainment,Short,Thai,55,General,39,Bright Colors
V000516,C00474,2017-01-06,Education,Standard Video,Marathi,491,General,13,Bright Colors
V000517,C01482,2025-12-05,Film,Standard Video,English,707,General,57,
V000518,C00902,2024-03-28,Gaming,Short,German,27,Mature,23,Collage
V000519,C01416,2022-04-03,Entertainment,Standard Video,Hindi,571,General,34,Text Overlay
V000520,C00751,2015-02-14,Film,Standard Video,English,245,General,49,Before-After
V000521,C00621,2022-11-19,Comedy,Standard Video,Telugu,386,General,63,Collage
V000522,C00432,2026-07-19,Music,Standard Video,Italian,1178,Teen,54,Text Overlay
V000523,C00648,2018-10-21,Lifestyle,Short,Filipino,17,General,27,Collage
V000524,C00137,2020-03-16,Entertainment,Standard Video,English,202,General,39,Minimalist
V000525,C01770,2018-05-07,Sports,Short,English,15,Teen,24,Text Overlay
V000526,C01914,2024-03-24,Music,Standard Video,English,472,Teen,42,Bright Colors
V000527,C00019,2014-01-09,Music,Live Stream,Portuguese,5005,General,50,Collage
V000528,C01829,2013-02-28,Education,Short,Hindi,51,General,39,Text Overlay
V000529,C00865,2021-12-21,Gaming,Standard Video,Spanish,348,General,38,Bright Colors
V000530,C01874,2022-04-25,Technology,Short,English,50,General,24,Text Overlay
V000531,C01563,2024-10-06,Entertainment,Standard Video,Vietnamese,123,General,56,Minimalist
V000532,C00647,2021-06-25,Education,Short,Hindi,51,General,,Collage
V000533,C00578,2021-04-16,Gaming,Live Stream,Portuguese,2083,General,34,
V000534,C00738,2023-01-21,Lifestyle,Standard Video,English,786,General,36,Text Overlay
V000535,C00977,2025-02-07,Film,Live Stream,English,12318,General,,Bright Colors
V000536,C00639,2015-05-11,Comedy,Standard Video,English,402,Teen,39,Face Close-up
V000537,C01706,2026-01-18,News,Standard Video,English,189,General,59,Screenshot
V000538,C01072,2025-07-04,Education,Standard Video,Hindi,996,Teen,38,Screenshot
V000539,C01615,2015-11-09,Music,Standard Video,English,478,General,32,Screenshot
V000540,C01455,2025-03-13,Sports,Standard Video,English,341,General,59,
V000541,C01032,2021-12-09,Gaming,Premiere,Portuguese,797,Teen,11,Minimalist
V000542,C01487,2026-01-18,Sports,Standard Video,English,898,General,42,Before-After
V000543,C01592,2025-08-31,Entertainment,Short,Spanish,55,General,35,Bright Colors
V000544,C00070,2025-10-13,Lifestyle,Short,Portuguese,28,General,36,Before-After
V000545,C01346,2022-06-19,News,Live Stream,English,3321,General,51,Collage
V000546,C01153,2020-01-14,Music,Live Stream,Hindi,6783,General,33,Before-After
V000547,C00508,2017-06-27,Music,Standard Video,English,584,General,35,Collage
V000548,C00103,2015-01-13,Music,Standard Video,English,269,General,37,Collage
V000549,C01294,2012-02-11,Lifestyle,Standard Video,English,5400,General,50,Collage
V000550,C01007,2023-12-29,Film,Standard Video,Spanish,204,General,35,Bright Colors
V000551,C01776,2023-07-31,Education,Standard Video,Japanese,555,General,62,Minimalist
V000552,C01095,2021-11-05,News,Live Stream,English,9008,General,36,
V000553,C01301,2023-01-19,Comedy,Standard Video,Japanese,901,General,48,Screenshot
V000554,C00769,2018-06-15,Education,Short,Tamil,44,General,35,Before-After
V000555,C00166,2019-09-29,Education,Standard Video,Indonesian,1139,General,63,Collage
V000556,C01582,2024-10-12,Lifestyle,Standard Video,English,252,General,43,Bright Colors
V000557,C01714,2018-08-18,News,Standard Video,English,499,General,40,Before-After
V000558,C01734,2026-06-18,News,Standard Video,Filipino,1637,Teen,53,
V000559,C01536,2023-02-18,News,Standard Video,English,575,Teen,34,Minimalist
V000560,C00465,2016-06-08,Lifestyle,Live Stream,Hindi,12662,General,26,Screenshot
V000561,C01425,2016-04-24,Comedy,Short,English,19,General,8,Face Close-up
V000562,C00689,2020-12-02,Gaming,Standard Video,Portuguese,1096,General,43,Before-After
V000563,C01114,2023-06-17,Entertainment,Short,Kannada,27,General,41,Before-After
V000564,C01552,2022-12-09,Entertainment,Standard Video,Filipino,1178,Teen,20,Bright Colors
V000565,C01561,2017-08-26,Gaming,Short,Turkish,46,Mature,20,Screenshot
V000566,C00594,2015-10-16,Entertainment,Short,Turkish,48,General,8,Text Overlay
V000567,C00485,2025-10-03,Lifestyle,Standard Video,Urdu,357,General,64,Screenshot
V000568,C00635,2018-11-23,Gaming,Standard Video,English,2391,Teen,37,Face Close-up
V000569,C00073,2012-04-27,Gaming,Standard Video,Spanish,951,Teen,31,Bright Colors
V000570,C00195,2025-02-08,Technology,Standard Video,English,2211,General,66,Minimalist
V000571,C00591,2016-04-04,Gaming,Standard Video,English,502,Teen,27,Screenshot
V000572,C00977,2025-02-22,Entertainment,Standard Video,English,252,General,52,Minimalist
V000573,C01872,2025-06-14,Lifestyle,Short,Indonesian,43,General,34,Before-After
V000574,C00264,2015-11-27,Lifestyle,Live Stream,Spanish,4635,General,57,Bright Colors
V000575,C01509,2025-06-06,Music,Standard Video,Spanish,179,General,48,Screenshot
V000576,C00769,2021-09-25,Education,Short,Hindi,54,General,37,Text Overlay
V000577,C00883,2021-09-20,News,Standard Video,Vietnamese,1178,Mature,25,Face Close-up
V000578,C01754,2022-10-04,Lifestyle,Standard Video,English,456,Mature,30,Bright Colors
V000579,C01268,2019-12-21,Film,Standard Video,English,84,General,48,Screenshot
V000580,C00459,2022-03-26,Education,Short,Vietnamese,48,General,17,Bright Colors
V000581,C00513,2025-04-19,News,Standard Video,Spanish,637,Teen,61,Minimalist
V000582,C01805,2021-09-28,Music,Short,Indonesian,59,Mature,46,Minimalist
V000583,C00409,2020-02-29,News,Standard Video,Hindi,642,General,54,Screenshot
V000584,C01302,2011-01-06,Sports,Short,Korean,42,General,34,Before-After
V000585,C01135,2018-06-24,News,Short,Spanish,41,General,47,Bright Colors
V000586,C01605,2025-11-28,Gaming,Short,Japanese,26,Teen,28,Face Close-up
V000587,C01932,2021-12-29,Education,Standard Video,Vietnamese,293,General,48,Collage
V000588,C01468,2022-06-24,Education,Standard Video,English,2468,Teen,31,Text Overlay
V000589,C00916,2025-03-15,News,Standard Video,English,88,General,52,Minimalist
V000590,C00256,2025-11-04,Lifestyle,Short,English,43,General,43,Collage
V000591,C00621,2023-01-04,Comedy,Short,Telugu,56,General,8,Bright Colors
V000592,C01910,2023-02-02,Sports,Standard Video,Hindi,666,General,55,Minimalist
V000593,C00175,2013-09-14,Gaming,Short,Turkish,25,General,25,Collage
V000594,C00181,2014-04-25,Lifestyle,Standard Video,Portuguese,1039,General,36,Face Close-up
V000595,C00948,2022-10-26,Entertainment,Standard Video,Marathi,1630,General,10,Collage
V000596,C00935,2023-05-04,Entertainment,Short,English,39,General,13,Collage
V000597,C01551,2012-08-17,Gaming,Short,Hindi,52,General,29,Text Overlay
V000598,C01681,2025-02-10,Sports,Standard Video,English,1521,General,63,Minimalist
V000599,C01308,2016-08-21,Lifestyle,Short,English,17,Teen,8,
V000600,C01032,2024-11-11,Gaming,Standard Video,Portuguese,1077,General,37,Screenshot
V000601,C01320,2022-02-23,Comedy,Standard Video,Spanish,113,Mature,57,Minimalist
V000602,C01891,2019-01-17,Lifestyle,Standard Video,Portuguese,882,General,44,Minimalist
V000603,C00053,2025-10-30,Gaming,Standard Video,Turkish,401,General,41,Before-After
V000604,C01929,2019-04-03,Education,Short,English,45,General,37,Text Overlay
V000605,C00627,2015-08-24,Comedy,Standard Video,English,411,General,61,Screenshot
V000606,C01814,2016-08-19,Lifestyle,Standard Video,Hindi,1924,General,49,Text Overlay
V000607,C00676,2018-09-07,Sports,Short,Portuguese,48,General,8,Screenshot
V000608,C01032,2023-02-11,Gaming,Short,Portuguese,39,General,44,Face Close-up
V000609,C00835,2015-09-25,News,Standard Video,Spanish,310,General,67,Before-After
V000610,C01136,2019-06-16,News,Standard Video,German,1083,General,28,Bright Colors
V000611,C01618,2024-08-07,Film,Standard Video,Kannada,2219,General,30,Face Close-up
V000612,C01551,2020-02-10,Gaming,Standard Video,Hindi,828,General,29,Before-After
V000613,C00843,2020-02-12,Education,Short,Hindi,39,Teen,,Bright Colors
V000614,C01569,2014-09-08,Gaming,Short,French,59,General,20,Face Close-up
V000615,C00580,2024-04-07,Gaming,Short,Portuguese,45,General,19,Screenshot
V000616,C00175,2024-04-25,Gaming,Standard Video,Turkish,515,General,52,Face Close-up
V000617,C00083,2024-07-25,News,Premiere,Portuguese,419,General,11,Text Overlay
V000618,C00887,2019-02-28,Education,Standard Video,English,347,General,39,Collage
V000619,C00963,2018-11-27,Comedy,Standard Video,English,649,Teen,,Before-After
V000620,C01214,2022-12-28,Education,Premiere,Hindi,2518,Teen,47,Face Close-up
V000621,C01881,2016-06-17,Lifestyle,Short,Thai,52,General,28,Screenshot
V000622,C00577,2017-04-08,Sports,Standard Video,German,364,General,32,Before-After
V000623,C01574,2018-08-26,Music,Standard Video,English,1413,General,48,Text Overlay
V000624,C01874,2016-07-03,Technology,Standard Video,English,579,General,57,Minimalist
V000625,C01013,2014-11-12,Entertainment,Standard Video,Spanish,523,General,45,Collage
V000626,C01859,2022-05-03,Technology,Short,Vietnamese,45,Teen,26,Minimalist
V000627,C00208,2024-10-16,Comedy,Standard Video,Spanish,225,General,40,Collage
V000628,C01307,2015-07-21,Music,Standard Video,English,516,General,43,Screenshot
V000629,C01784,2024-11-23,Comedy,Premiere,Filipino,2214,General,32,Bright Colors
V000630,C01702,2020-04-18,Education,Standard Video,German,1792,General,10,Before-After
V000631,C01693,2018-08-08,Film,Standard Video,Hindi,167,General,67,Face Close-up
V000632,C01121,2024-04-28,Gaming,Short,Portuguese,44,General,25,Text Overlay
V000633,C00701,2022-09-27,Technology,Short,English,50,General,17,Collage
V000634,C00260,2018-01-10,Film,Standard Video,Portuguese,227,Teen,47,Screenshot
V000635,C01550,2012-06-25,Education,Short,English,28,General,15,Face Close-up
V000636,C01922,2026-04-17,Sports,Standard Video,Indonesian,88,General,52,Before-After
V000637,C01777,2022-10-25,Technology,Short,Portuguese,49,Teen,15,Bright Colors
V000638,C01045,2021-09-20,Entertainment,Standard Video,Vietnamese,289,General,48,Bright Colors
V000639,C01880,2025-07-11,Entertainment,Standard Video,Spanish,405,General,52,Bright Colors
V000640,C01877,2023-08-19,Gaming,Short,Hindi,21,General,33,Minimalist
V000641,C00829,2022-10-14,Education,Standard Video,Hindi,159,General,50,Before-After
V000642,C00680,2022-11-20,Education,Short,Vietnamese,59,General,23,Before-After
V000643,C01529,2022-09-08,Technology,Short,German,46,General,8,Bright Colors
V000644,C01346,2022-06-18,News,Standard Video,English,894,General,61,Minimalist
V000645,C01955,2019-07-12,Comedy,Short,English,45,Teen,22,Minimalist
V000646,C00369,2012-09-15,Gaming,Live Stream,Portuguese,6220,Teen,50,Before-After
V000647,C00196,2020-10-19,Comedy,Standard Video,Spanish,418,General,31,Minimalist
V000648,C01247,2017-06-02,Lifestyle,Standard Video,English,159,General,52,Collage
V000649,C00572,2018-02-16,Sports,Standard Video,English,1259,General,40,Minimalist
V000650,C00559,2015-07-12,Film,Short,Hindi,59,Teen,29,Face Close-up
V000651,C01592,2025-01-28,Entertainment,Standard Video,Spanish,506,General,64,Screenshot
V000652,C01609,2026-04-05,Lifestyle,Standard Video,English,1574,General,41,Minimalist
V000653,C00454,2017-10-24,Film,Premiere,English,563,General,64,Screenshot
V000654,C01418,2015-09-04,Technology,Standard Video,Portuguese,891,Teen,15,Bright Colors
V000655,C00144,2022-09-05,Education,Live Stream,German,9114,General,51,Minimalist
V000656,C00006,2019-05-19,Gaming,Standard Video,Korean,339,General,45,Bright Colors
V000657,C01826,2019-12-06,Gaming,Short,Indonesian,49,General,32,Screenshot
V000658,C00746,2021-10-15,Comedy,Short,English,32,General,37,
V000659,C01387,2024-10-14,Education,Standard Video,Hindi,464,General,18,Face Close-up
V000660,C01492,2019-09-05,Comedy,Standard Video,Indonesian,614,General,36,Before-After
V000661,C01561,2011-11-08,Comedy,Short,Turkish,19,Mature,14,Minimalist
V000662,C01117,2026-07-20,Technology,Standard Video,English,1279,General,41,Face Close-up
V000663,C01789,2020-08-21,Education,Standard Video,English,136,General,38,Collage
V000664,C01509,2025-10-02,Music,Short,Spanish,16,General,26,Screenshot
V000665,C01132,2025-12-30,News,Standard Video,Hindi,1433,General,48,Face Close-up
V000666,C00156,2017-10-09,Music,Live Stream,English,7747,Teen,40,Before-After
V000667,C01274,2022-12-17,Education,Short,English,42,General,45,Screenshot
V000668,C01707,2024-07-09,Gaming,Standard Video,English,901,General,27,Before-After
V000669,C00603,2013-01-13,Entertainment,Short,Filipino,30,General,28,Collage
V000670,C00379,2012-09-13,Sports,Short,Filipino,22,General,22,Before-After
V000671,C01852,2026-07-06,News,Short,Indonesian,59,General,20,Minimalist
V000672,C01583,2018-03-20,Lifestyle,Standard Video,English,930,General,26,Before-After
V000673,C00789,2019-01-14,Entertainment,Standard Video,German,171,General,54,Minimalist
V000674,C00245,2012-06-25,Sports,Standard Video,Hindi,368,General,41,Before-After
V000675,C00257,2024-08-06,Technology,Standard Video,Filipino,838,General,46,Collage
V000676,C00591,2013-09-21,Gaming,Short,English,28,Teen,19,Screenshot
V000677,C00669,2014-08-03,Technology,Standard Video,Spanish,240,General,30,Before-After
V000678,C01651,2020-02-19,Entertainment,Standard Video,Spanish,867,General,47,Before-After
V000679,C01787,2020-05-04,Entertainment,Standard Video,English,512,General,28,Minimalist
V000680,C00443,2025-08-06,Music,Live Stream,Spanish,8343,Teen,79,
V000681,C01860,2023-06-12,Lifestyle,Standard Video,English,1262,General,58,Screenshot
V000682,C00903,2019-01-29,Film,Live Stream,English,13220,General,60,Collage
V000683,C01313,2026-01-19,Gaming,Standard Video,Portuguese,523,Teen,62,Minimalist
V000684,C01872,2010-04-27,Lifestyle,Standard Video,Indonesian,201,General,37,Before-After
V000685,C01229,2018-05-23,News,Standard Video,Portuguese,206,General,24,Bright Colors
V000686,C01078,2014-05-25,Entertainment,Standard Video,Spanish,412,General,17,Minimalist
V000687,C00826,2021-06-10,News,Standard Video,Turkish,453,General,32,Screenshot
V000688,C01467,2020-09-16,Sports,Standard Video,English,1236,General,49,Text Overlay
V000689,C00365,2020-08-12,Technology,Premiere,English,459,General,51,Before-After
V000690,C00689,2024-04-14,Technology,Short,English,56,General,19,Bright Colors
V000691,C01436,2021-11-26,Entertainment,Standard Video,English,1468,General,34,Text Overlay
V000692,C01200,2022-06-20,Sports,Short,Spanish,26,General,23,Collage
V000693,C01449,2014-05-08,Comedy,Standard Video,German,2179,General,51,Screenshot
V000694,C01941,2011-02-04,Film,Standard Video,Spanish,915,General,23,Minimalist
V000695,C01865,2015-06-26,Entertainment,Standard Video,Portuguese,301,General,51,
V000696,C00155,2026-01-29,News,Short,Hindi,49,Teen,8,Face Close-up
V000697,C00130,2026-04-20,Sports,Standard Video,German,2767,General,47,Collage
V000698,C00904,2023-10-08,Technology,Standard Video,English,778,General,60,Collage
V000699,C01924,2011-09-09,Entertainment,Short,Hindi,31,General,33,Screenshot
V000700,C01305,2021-06-29,Sports,Standard Video,Portuguese,426,General,61,Screenshot
V000701,C01162,2012-02-23,Film,Standard Video,Spanish,111,General,58,Collage
V000702,C00181,2013-05-26,Lifestyle,Standard Video,Portuguese,399,General,67,
V000703,C01969,2011-12-13,Technology,Short,Turkish,52,General,24,Collage
V000704,C01144,2024-03-08,Lifestyle,Short,English,30,Teen,20,Text Overlay
V000705,C01584,2012-02-20,Sports,Standard Video,Marathi,721,Teen,51,Face Close-up
V000706,C00725,2024-09-21,Entertainment,Standard Video,Japanese,606,General,53,Collage
V000707,C01741,2026-03-29,Sports,Standard Video,Marathi,806,General,53,Face Close-up
V000708,C01054,2024-06-21,Comedy,Standard Video,Filipino,219,General,38,Face Close-up
V000709,C00706,2018-05-20,Gaming,Standard Video,Spanish,1205,General,48,Minimalist
V000710,C01693,2018-03-21,Entertainment,Standard Video,Spanish,371,General,15,Before-After
V000711,C00256,2023-06-06,Lifestyle,Premiere,English,248,General,43,Screenshot
V000712,C01428,2023-09-23,Education,Standard Video,Portuguese,258,General,52,Collage
V000713,C01603,2015-09-24,Music,Standard Video,Hindi,89,General,57,Bright Colors
V000714,C00136,2021-07-05,Education,Standard Video,English,1646,General,54,Bright Colors
V000715,C00037,2024-01-03,Education,Short,English,43,Mature,19,Screenshot
V000716,C01943,2019-02-11,Gaming,Standard Video,Vietnamese,617,General,38,Collage
V000717,C00777,2026-01-02,Technology,Standard Video,English,303,General,47,Screenshot
V000718,C01859,2024-10-02,Technology,Standard Video,Vietnamese,311,Teen,26,Bright Colors
V000719,C01288,2021-12-27,Entertainment,Short,English,34,Mature,36,Collage
V000720,C01600,2012-04-17,Education,Standard Video,Hindi,1883,General,40,Bright Colors
V000721,C01561,2017-09-26,Gaming,Standard Video,Turkish,128,Mature,25,Text Overlay
V000722,C01792,2013-11-18,Gaming,Standard Video,Portuguese,702,General,65,Text Overlay
V000723,C00653,2025-09-14,Entertainment,Standard Video,English,1064,General,21,Screenshot
V000724,C00608,2020-05-21,Film,Standard Video,Hindi,940,General,17,Before-After
V000725,C01584,2012-06-25,Sports,Short,Marathi,22,Teen,28,Text Overlay
V000726,C01777,2026-02-17,Technology,Standard Video,Portuguese,138,Teen,61,Before-After
V000727,C00287,2020-09-22,Gaming,Short,Korean,31,General,44,Bright Colors
V000728,C00037,2022-03-18,Education,Standard Video,English,1780,Mature,10,Text Overlay
V000729,C01487,2025-06-05,Sports,Standard Video,English,1703,General,24,Collage
V000730,C00055,2017-07-17,Entertainment,Standard Video,Vietnamese,130,General,53,Collage
V000731,C00549,2018-09-04,News,Standard Video,Japanese,1526,General,23,Collage
V000732,C00510,2019-10-28,Sports,Live Stream,French,7131,General,60,Bright Colors
V000733,C00582,2018-08-11,Gaming,Premiere,Portuguese,764,Teen,53,Face Close-up
V000734,C01235,2022-09-29,Comedy,Short,English,46,General,41,Bright Colors
V000735,C01037,2025-07-31,Music,Standard Video,German,158,General,40,Minimalist
V000736,C00916,2024-11-15,Gaming,Standard Video,English,584,General,25,Bright Colors
V000737,C00520,2019-08-09,Comedy,Live Stream,French,7838,Teen,46,Before-After
V000738,C00037,2018-02-09,Sports,Standard Video,English,216,Mature,42,Collage
V000739,C00653,2026-03-24,Entertainment,Standard Video,English,287,General,56,Collage
V000740,C01304,2025-05-30,Gaming,Short,English,15,General,21,Text Overlay
V000741,C01144,2019-02-21,Lifestyle,Standard Video,English,354,Teen,23,Text Overlay
V000742,C00599,2019-04-27,News,Short,Spanish,55,General,9,Collage
V000743,C01584,2011-12-28,Sports,Short,Marathi,35,Teen,21,Minimalist
V000744,C00186,2025-09-19,Technology,Short,English,21,General,26,Collage
V000745,C01816,2021-01-18,Entertainment,Standard Video,Portuguese,83,General,43,Text Overlay
V000746,C00816,2025-04-21,Lifestyle,Short,Spanish,56,General,24,Text Overlay
V000747,C01468,2014-01-22,Education,Standard Video,English,272,Teen,54,Face Close-up
V000748,C00064,2015-02-18,Sports,Standard Video,Kannada,696,General,10,Bright Colors
V000749,C01300,2015-08-06,Entertainment,Standard Video,English,338,General,66,Collage
V000750,C00780,2026-05-11,Lifestyle,Standard Video,Thai,805,General,35,Screenshot
V000751,C01176,2014-01-14,News,Standard Video,English,80,General,45,Face Close-up
V000752,C00713,2025-07-30,Education,Live Stream,Thai,8030,Mature,71,Screenshot
V000753,C00448,2019-02-06,Technology,Short,Urdu,49,General,27,Before-After
V000754,C00424,2017-09-06,Education,Standard Video,Hindi,204,General,39,
V000755,C01109,2020-01-17,Entertainment,Short,English,46,General,35,Collage
V000756,C00223,2016-06-23,Entertainment,Standard Video,Japanese,583,Teen,35,Bright Colors
V000757,C01597,2017-08-31,Lifestyle,Short,Vietnamese,22,Mature,8,Screenshot
V000758,C01423,2011-08-12,Comedy,Standard Video,Spanish,501,General,28,Face Close-up
V000759,C01012,2024-06-30,Technology,Standard Video,Hindi,467,General,30,Minimalist
V000760,C01170,2022-03-28,News,Short,English,40,General,22,Screenshot
V000761,C01425,2016-05-15,Comedy,Standard Video,English,579,General,60,Collage
V000762,C00053,2026-07-12,Gaming,Short,Turkish,15,General,26,Collage
V000763,C00808,2021-02-23,Lifestyle,Standard Video,Indonesian,881,Teen,38,Text Overlay
V000764,C00974,2011-12-19,Music,Standard Video,Japanese,423,Teen,56,Before-After
V000765,C00626,2023-02-19,Entertainment,Short,Hindi,19,General,21,Bright Colors
V000766,C00977,2025-01-09,Film,Standard Video,English,160,General,43,Collage
V000767,C01787,2020-03-05,Technology,Standard Video,English,958,General,50,Text Overlay
V000768,C00779,2022-05-26,News,Standard Video,English,1034,General,13,Bright Colors
V000769,C01592,2025-05-15,Entertainment,Standard Video,Spanish,576,General,67,Collage
V000770,C00810,2025-02-24,Music,Standard Video,French,421,General,53,Minimalist
V000771,C00501,2023-07-14,Sports,Standard Video,Hindi,897,General,23,Before-After
V000772,C01838,2022-05-13,Education,Live Stream,Hindi,11195,General,37,Text Overlay
V000773,C00977,2024-08-12,Gaming,Standard Video,Hindi,1159,General,34,Screenshot
V000774,C01013,2021-07-24,Entertainment,Short,Spanish,48,General,43,Collage
V000775,C00807,2012-09-10,Lifestyle,Standard Video,Turkish,93,General,52,Minimalist
V000776,C00810,2025-08-08,Music,Standard Video,French,267,General,47,Before-After
V000777,C01527,2022-08-22,Education,Short,Vietnamese,55,General,18,Text Overlay
V000778,C00566,2019-01-01,News,Short,English,56,Teen,30,Text Overlay
V000779,C01118,2012-10-17,Music,Standard Video,English,750,General,39,Text Overlay
V000780,C00064,2017-08-01,Sports,Short,Kannada,51,General,21,Screenshot
V000781,C00504,2016-05-08,Entertainment,Short,Japanese,16,General,21,Collage
V000782,C01137,2012-02-06,Education,Standard Video,Portuguese,102,General,44,Bright Colors
V000783,C00204,2017-12-29,Sports,Live Stream,English,10760,,58,Collage
V000784,C00865,2015-04-11,Gaming,Standard Video,Spanish,2973,General,60,Minimalist
V000785,C01673,2023-10-25,Music,Standard Video,Hindi,1718,General,65,Before-After
V000786,C00927,2026-07-12,Entertainment,Live Stream,Japanese,6094,General,40,Bright Colors
V000787,C00965,2017-06-23,Comedy,Standard Video,English,197,General,24,Bright Colors
V000788,C01847,2022-07-06,Comedy,Standard Video,English,1088,General,53,Text Overlay
V000789,C01274,2024-01-10,Education,Standard Video,English,141,General,29,Collage
V000790,C00744,2013-02-01,Comedy,Standard Video,Spanish,412,General,61,Before-After
V000791,C00654,2021-04-16,Sports,Standard Video,Italian,622,General,50,Before-After
V000792,C01233,2026-07-14,Technology,Short,Spanish,45,General,16,Screenshot
V000793,C00987,2021-11-20,Technology,Short,English,39,General,15,Screenshot
V000794,C00564,2010-10-08,Music,Live Stream,English,7110,General,,Minimalist
V000795,C00286,2019-06-18,Entertainment,Short,Hindi,56,General,40,Minimalist
V000796,C00561,2016-01-11,Comedy,Short,Italian,48,General,37,Minimalist
V000797,C00876,2012-05-10,Sports,Short,English,23,Teen,13,Face Close-up
V000798,C01334,2015-08-22,Technology,Standard Video,Hindi,743,General,61,Text Overlay
V000799,C00955,2020-12-01,Gaming,Short,Urdu,44,Mature,16,Screenshot
V000800,C00695,2016-06-15,News,Short,Spanish,32,General,17,Text Overlay
V000801,C00175,2023-06-14,Gaming,Standard Video,Turkish,244,General,57,Collage
V000802,C00644,2026-04-22,Lifestyle,Premiere,Vietnamese,257,Teen,65,Minimalist
V000803,C00047,2017-11-25,Music,Standard Video,English,983,General,45,Minimalist
V000804,C01703,2014-06-06,Lifestyle,Short,Japanese,43,Mature,19,Screenshot
V000805,C01899,2021-02-11,Music,Standard Video,Spanish,2507,Teen,51,Bright Colors
V000806,C01663,2023-02-22,Education,Short,English,37,General,13,Face Close-up
V000807,C01404,2024-03-31,Film,Standard Video,Indonesian,516,General,58,Minimalist
V000808,C00652,2024-04-16,Education,Short,English,23,General,41,Screenshot
V000809,C00903,2014-09-06,Film,Short,English,49,General,12,Minimalist
V000810,C00766,2025-11-07,Technology,Standard Video,English,1614,Teen,60,Bright Colors
V000811,C00941,2020-05-15,News,Standard Video,English,276,General,54,Collage
V000812,C01492,2019-04-27,Comedy,Short,Indonesian,48,General,32,Bright Colors
V000813,C01929,2016-08-10,Education,Short,English,27,General,36,Before-After
V000814,C01686,2023-11-25,Lifestyle,Short,English,19,General,18,Face Close-up
V000815,C01842,2020-12-31,Gaming,Short,Hindi,44,General,20,Face Close-up
V000816,C01061,2022-07-04,Education,Standard Video,German,230,Mature,29,Text Overlay
V000817,C01991,2024-09-26,Entertainment,Standard Video,English,651,General,59,Before-After
V000818,C01571,2014-05-10,Education,Short,Japanese,29,General,21,Screenshot
V000819,C01720,2020-06-24,Sports,Standard Video,Portuguese,170,General,36,Bright Colors
V000820,C00365,2025-03-09,Technology,Standard Video,English,189,General,33,Before-After
V000821,C01792,2016-01-20,Gaming,Standard Video,Portuguese,1263,General,28,Minimalist
V000822,C01962,2015-02-14,Technology,Standard Video,Hindi,118,Teen,57,Face Close-up
V000823,C01106,2016-03-18,Film,Short,English,38,Teen,29,Before-After
V000824,C00807,2025-12-30,Lifestyle,Standard Video,Turkish,586,General,42,Before-After
V000825,C00079,2023-06-22,Gaming,Standard Video,Portuguese,1102,General,49,Face Close-up
V000826,C01874,2019-07-13,Technology,Standard Video,English,577,General,47,Before-After
V000827,C01698,2026-05-01,Film,Standard Video,German,873,General,70,
V000828,C01107,2025-04-17,Lifestyle,Short,German,38,General,23,Face Close-up
V000829,C00087,2025-12-03,News,Standard Video,Indonesian,507,Teen,44,Screenshot
V000830,C01858,2016-04-19,Music,Standard Video,English,736,General,48,Before-After
V000831,C00839,2015-12-30,Lifestyle,Standard Video,German,3223,Teen,57,Screenshot
V000832,C00684,2018-09-22,Sports,Standard Video,Portuguese,89,General,51,Collage
V000833,C01921,2019-04-02,Sports,Standard Video,English,102,General,42,Text Overlay
V000834,C01894,2025-05-08,Music,Standard Video,Hindi,288,General,32,Bright Colors
V000835,C01089,2023-11-09,Education,Standard Video,English,403,Mature,58,Minimalist
V000836,C00781,2017-11-20,Lifestyle,Standard Video,English,777,Teen,45,Collage
V000837,C00566,2013-09-21,News,Standard Video,Spanish,61,Teen,64,Bright Colors
V000838,C00341,2020-04-06,Sports,Standard Video,English,525,General,29,Collage
V000839,C00559,2014-09-23,Film,Standard Video,Hindi,957,Teen,44,Bright Colors
V000840,C00855,2021-10-01,Gaming,Standard Video,Indonesian,91,General,30,Collage
V000841,C01825,2024-07-30,Entertainment,Standard Video,English,296,General,34,Text Overlay
V000842,C00185,2016-11-26,Gaming,Standard Video,Spanish,381,Teen,30,Text Overlay
V000843,C00532,2015-03-17,Film,Short,Korean,42,General,29,Face Close-up
V000844,C01630,2022-11-17,Gaming,Standard Video,German,120,General,60,Minimalist
V000845,C00104,2025-06-25,Entertainment,Standard Video,English,1098,General,49,Text Overlay
V000846,C00786,2017-06-18,Gaming,Short,English,21,Mature,27,Text Overlay
V000847,C00834,2012-04-11,Gaming,Standard Video,Vietnamese,61,General,,Minimalist
V000848,C01200,2022-09-16,Education,Standard Video,English,1167,General,18,Before-After
V000849,C01862,2010-07-09,Lifestyle,Live Stream,Portuguese,5967,Teen,55,Screenshot
V000850,C01502,2024-10-11,Music,Premiere,Hindi,61,General,49,Face Close-up
V000851,C00655,2023-05-10,Entertainment,Standard Video,Filipino,310,General,27,Screenshot
V000852,C00323,2023-02-22,Entertainment,Live Stream,English,3399,Teen,33,Before-After
V000853,C00892,2024-03-25,Comedy,Standard Video,German,336,General,57,Minimalist
V000854,C01675,2023-01-05,Education,Standard Video,English,502,General,72,Before-After
V000855,C00903,2015-03-07,Film,Standard Video,English,177,General,45,Face Close-up
V000856,C00190,2023-05-10,Sports,Standard Video,English,865,General,54,Screenshot
V000857,C01049,2020-04-19,Technology,Live Stream,Indonesian,7731,General,32,Face Close-up
V000858,C01012,2011-10-13,Entertainment,Premiere,Hindi,148,General,42,Before-After
V000859,C01007,2024-02-20,Film,Live Stream,Spanish,8871,General,66,Before-After
V000860,C00605,2017-08-08,Education,Short,Spanish,37,General,18,Text Overlay
V000861,C00795,2025-07-21,Film,Short,Hindi,54,General,8,Face Close-up
V000862,C01186,2021-01-15,Sports,Live Stream,English,10214,Teen,54,Face Close-up
V000863,C01998,2024-03-16,Education,Standard Video,Spanish,230,General,44,Collage
V000864,C01492,2017-03-07,Comedy,Standard Video,Indonesian,669,General,36,Before-After
V000865,C01218,2023-11-21,Entertainment,Standard Video,Korean,278,General,32,Minimalist
V000866,C01610,2014-04-17,Music,Short,Indonesian,45,General,31,Screenshot
V000867,C00526,2018-07-29,Music,Standard Video,English,362,General,49,Text Overlay
V000868,C00575,2014-12-21,Lifestyle,Short,Tamil,22,General,30,Text Overlay
V000869,C00181,2012-09-30,Lifestyle,Standard Video,Portuguese,539,General,10,Screenshot
V000870,C00566,2014-08-13,News,Standard Video,English,205,Teen,68,Text Overlay
V000871,C00016,2022-09-19,Lifestyle,Standard Video,Indonesian,505,General,,Bright Colors
V000872,C01825,2023-03-04,Entertainment,Standard Video,English,204,General,57,Face Close-up
V000873,C01986,2011-11-26,Lifestyle,Short,Vietnamese,27,General,20,Text Overlay
V000874,C00642,2025-12-06,Music,Standard Video,Hindi,138,Mature,76,Minimalist
V000875,C01753,2022-02-03,Entertainment,Standard Video,Spanish,699,General,69,Face Close-up
V000876,C01318,2015-11-05,News,Short,Vietnamese,56,General,38,Text Overlay
V000877,C01600,2010-03-11,Education,Standard Video,Hindi,110,General,36,Collage
V000878,C01028,2020-10-25,Sports,Standard Video,Hindi,1548,General,41,
V000879,C00745,2017-08-14,Comedy,Standard Video,Japanese,458,General,40,Text Overlay
V000880,C01039,2026-06-05,Lifestyle,Standard Video,English,1489,,39,Minimalist
V000881,C00559,2022-07-05,Film,Premiere,English,5400,Teen,21,Before-After
V000882,C01270,2021-12-20,Sports,Short,French,37,General,26,Screenshot
V000883,C01052,2022-03-19,Music,Short,Telugu,32,,9,Bright Colors
V000884,C01639,2025-08-05,Technology,Short,Hindi,37,General,30,Before-After
V000885,C00744,2013-04-14,Entertainment,Standard Video,Spanish,235,General,53,Screenshot
V000886,C01174,2025-02-03,Music,Short,English,29,General,34,Collage
V000887,C01569,2025-03-04,Gaming,Short,French,22,General,33,Face Close-up
V000888,C01639,2025-08-02,Technology,Standard Video,Hindi,61,General,56,Face Close-up
V000889,C01808,2014-08-09,Entertainment,Standard Video,Indonesian,1207,General,10,Face Close-up
V000890,C00027,2011-04-22,Technology,Short,Turkish,20,Teen,19,Before-After
V000891,C00261,2017-08-06,Technology,Short,Vietnamese,47,General,15,Text Overlay
V000892,C01488,2016-09-26,Sports,Short,Hindi,42,General,8,Bright Colors
V000893,C01685,2021-12-01,Music,Short,English,25,General,20,Before-After
V000894,C00806,2016-11-13,Technology,Short,Portuguese,40,General,34,Screenshot
V000895,C00422,2026-05-27,Music,Standard Video,English,118,General,24,Face Close-up
V000896,C01212,2013-07-28,Entertainment,Live Stream,Hindi,6692,Teen,37,Collage
V000897,C00690,2025-05-08,Sports,Live Stream,English,9011,General,42,Minimalist
V000898,C01492,2017-03-22,Comedy,Short,Indonesian,31,General,23,
V000899,C01261,2023-09-03,Lifestyle,Short,German,40,General,23,Collage
V000900,C01852,2026-07-16,Technology,Short,Indonesian,19,General,12,Bright Colors
V000901,C01886,2026-04-29,Gaming,Premiere,Spanish,526,General,67,Before-After
V000902,C01605,2025-12-05,Gaming,Standard Video,Japanese,491,Teen,44,Minimalist
V000903,C00790,2014-10-30,Lifestyle,Standard Video,English,535,Teen,40,Screenshot
V000904,C01988,2019-05-04,Film,Standard Video,Portuguese,451,General,42,Face Close-up
V000905,C00985,2022-03-27,Music,Standard Video,English,591,General,36,Bright Colors
V000906,C01743,2015-08-03,Gaming,Short,English,56,General,27,Before-After
V000907,C00337,2015-03-07,Film,Standard Video,Portuguese,146,Teen,63,Face Close-up
V000908,C00427,2022-04-01,Entertainment,Standard Video,English,1188,General,70,Bright Colors
V000909,C01677,2024-03-13,Education,Standard Video,English,172,General,51,Bright Colors
V000910,C00414,2017-06-05,Entertainment,Short,English,32,General,32,Bright Colors
V000911,C00743,2025-03-04,Music,Short,Spanish,24,General,22,Face Close-up
V000912,C01198,2025-06-13,Comedy,Live Stream,Hindi,6009,General,56,Screenshot
V000913,C01993,2016-06-14,Education,Standard Video,Japanese,161,General,66,Before-After
V000914,C00604,2021-09-11,Gaming,Standard Video,Hindi,139,,49,Minimalist
V000915,C01517,2013-02-01,Lifestyle,Standard Video,Portuguese,943,General,20,
V000916,C01667,2025-10-20,Gaming,Standard Video,Spanish,237,General,39,Before-After
V000917,C01063,2024-03-08,Lifestyle,Standard Video,Urdu,1604,General,51,Minimalist
V000918,C00807,2013-07-11,Lifestyle,Standard Video,Turkish,353,General,39,Face Close-up
V000919,C01335,2010-04-12,Sports,Standard Video,Japanese,139,Mature,88,Screenshot
V000920,C00972,2026-04-18,Gaming,Standard Video,Spanish,1354,Teen,,Bright Colors
V000921,C00497,2026-03-25,Comedy,Short,Portuguese,22,General,19,Bright Colors
V000922,C01777,2022-11-18,Technology,Standard Video,Portuguese,784,Teen,31,Text Overlay
V000923,C00103,2013-07-12,Music,Standard Video,English,342,General,72,Collage
V000924,C00594,2018-09-29,Entertainment,Standard Video,Turkish,1974,General,28,Before-After
V000925,C00107,2012-11-11,News,Standard Video,English,251,General,47,Before-After
V000926,C01895,2019-01-22,Education,Standard Video,Vietnamese,1979,General,31,Screenshot
V000927,C01536,2021-11-11,News,Standard Video,English,1364,Teen,22,Bright Colors
V000928,C01984,2016-05-09,Entertainment,Short,Hindi,41,General,17,Bright Colors
V000929,C00117,2026-07-17,Entertainment,Short,English,27,General,35,Text Overlay
V000930,C01446,2024-10-26,Gaming,Standard Video,Portuguese,1121,General,46,Before-After
V000931,C00583,2024-07-11,Sports,Standard Video,Portuguese,97,General,59,Collage
V000932,C01768,2010-09-08,Education,Standard Video,English,1737,General,55,Face Close-up
V000933,C00340,2020-09-24,Education,Standard Video,English,313,General,70,Face Close-up
V000934,C00751,2017-01-16,Education,Standard Video,English,839,General,39,Before-After
V000935,C00877,2017-05-18,Gaming,Standard Video,Hindi,407,General,65,Text Overlay
V000936,C00880,2021-05-14,Music,Short,Spanish,43,General,38,Text Overlay
V000937,C00661,2024-09-08,Sports,Short,Spanish,20,General,40,Bright Colors
V000938,C01564,2024-05-14,Lifestyle,Short,English,38,General,21,Collage
V000939,C00735,2017-05-19,Technology,Short,English,17,General,27,Face Close-up
V000940,C00832,2024-06-21,Technology,Standard Video,English,509,General,45,Face Close-up
V000941,C00520,2012-08-09,Comedy,Premiere,French,127,Teen,47,Bright Colors
V000942,C00822,2011-05-30,Technology,Short,Filipino,55,General,23,Screenshot
V000943,C01015,2018-12-29,Education,Standard Video,Hindi,842,General,64,Bright Colors
V000944,C00891,2017-02-13,Entertainment,Standard Video,Korean,3572,Teen,55,Collage
V000945,C01016,2025-09-10,News,Standard Video,Urdu,151,General,58,Collage
V000946,C00661,2025-01-07,Sports,Standard Video,German,406,General,30,Screenshot
V000947,C00677,2025-07-09,Technology,Live Stream,English,11878,General,49,Bright Colors
V000948,C00047,2020-10-19,Music,Live Stream,Hindi,2110,General,30,Before-After
V000949,C01217,2019-07-01,Music,Standard Video,English,234,General,43,Screenshot
V000950,C01829,2024-12-09,Film,Standard Video,Hindi,1013,General,47,Screenshot
V000951,C00595,2022-10-01,Music,Short,Italian,53,General,26,Face Close-up
V000952,C01677,2022-12-06,Education,Standard Video,English,132,General,20,Face Close-up
V000953,C01610,2026-03-18,Music,Short,Indonesian,37,General,23,Text Overlay
V000954,C01136,2020-01-25,News,Standard Video,German,215,General,51,Screenshot
V000955,C00451,2020-12-17,Comedy,Standard Video,Portuguese,742,General,27,Bright Colors
V000956,C01130,2025-01-14,Film,Standard Video,Urdu,116,General,59,Screenshot
V000957,C00592,2015-08-09,Music,Short,English,43,General,27,Screenshot
V000958,C01133,2026-07-23,Education,Premiere,Italian,1674,Teen,22,Text Overlay
V000959,C01805,2013-02-28,Music,Standard Video,Indonesian,1060,Mature,25,Face Close-up
V000960,C01007,2025-07-06,Film,Short,Spanish,51,General,8,Bright Colors
V000961,C01529,2021-02-16,Technology,Standard Video,Spanish,178,,36,Before-After
V000962,C00208,2020-03-15,Comedy,Standard Video,Spanish,3430,General,65,Screenshot
V000963,C00849,2024-11-20,Music,Short,German,38,General,35,Face Close-up
V000964,C00914,2017-08-15,Comedy,Standard Video,Bengali,173,General,32,Text Overlay
V000965,C01694,2023-06-13,Entertainment,Standard Video,English,356,General,44,Collage
V000966,C01440,2025-01-05,Entertainment,Standard Video,Indonesian,181,General,57,Bright Colors
V000967,C01199,2010-11-26,Entertainment,Standard Video,English,211,General,42,Face Close-up
V000968,C00006,2012-09-14,Comedy,Short,Korean,55,General,,Before-After
V000969,C01602,2019-05-15,Music,Short,Portuguese,40,General,22,Face Close-up
V000970,C01927,2026-01-18,Music,Standard Video,Kannada,415,General,51,
V000971,C01647,2021-07-03,Entertainment,Standard Video,Portuguese,543,Teen,22,Bright Colors
V000972,C01224,2024-07-31,Gaming,Standard Video,Portuguese,113,General,17,Screenshot
V000973,C00967,2018-01-26,Lifestyle,Short,Vietnamese,50,General,30,Collage
V000974,C01931,2011-01-03,Comedy,Standard Video,French,676,General,74,Minimalist
V000975,C01489,2022-02-09,Gaming,Short,Spanish,52,,29,Minimalist
V000976,C00900,2026-03-26,Music,Standard Video,Thai,222,General,41,Text Overlay
V000977,C01824,2010-04-23,Lifestyle,Short,English,40,General,40,Face Close-up
V000978,C01592,2026-02-18,Entertainment,Standard Video,English,389,General,38,Bright Colors
V000979,C00658,2018-06-13,Entertainment,Standard Video,Turkish,1082,General,45,Face Close-up
V000980,C01291,2020-04-08,Comedy,Short,Portuguese,39,General,22,Text Overlay
V000981,C01925,2025-10-10,Sports,Standard Video,English,563,General,71,Bright Colors
V000982,C01496,2022-03-11,Comedy,Standard Video,Portuguese,510,Teen,45,Text Overlay
V000983,C01722,2013-11-19,Technology,Standard Video,English,717,General,,Collage
V000984,C00272,2025-10-25,Entertainment,Standard Video,English,194,General,52,Bright Colors
V000985,C00652,2023-08-16,Education,Standard Video,English,2532,General,47,Face Close-up
V000986,C00520,2021-02-21,Comedy,Premiere,French,1067,Teen,48,Bright Colors
V000987,C01506,2011-05-09,Gaming,Short,English,24,Teen,24,Bright Colors
V000988,C01230,2022-12-27,Gaming,Standard Video,English,1210,General,55,Bright Colors
V000989,C01203,2011-12-29,Music,Short,Hindi,17,General,8,Minimalist
V000990,C00835,2024-04-09,News,Short,Spanish,29,General,17,Minimalist
V000991,C01521,2019-10-25,Music,Standard Video,Kannada,2513,General,,Collage
V000992,C01964,2022-06-11,Music,Short,Italian,59,General,32,Screenshot
V000993,C00243,2016-05-06,Music,Standard Video,Spanish,800,Mature,26,Face Close-up
V000994,C01268,2014-01-19,Film,Short,English,29,General,19,Face Close-up
V000995,C00173,2018-11-14,Gaming,Short,Portuguese,41,General,8,Bright Colors
V000996,C01885,2025-11-13,Technology,Short,Spanish,41,Teen,38,Screenshot
V000997,C00843,2012-01-21,Education,Standard Video,Hindi,223,Teen,30,Text Overlay
V000998,C00909,2014-07-30,Education,Standard Video,German,1612,Teen,35,Before-After
V000999,C01815,2025-08-23,Sports,Short,Tamil,30,General,38,Text Overlay
V001000,C01575,2024-10-14,Technology,Standard Video,English,1177,General,40,Before-After
V001001,C00178,2015-10-10,Gaming,Standard Video,French,1019,Teen,58,Face Close-up
V001002,C01677,2023-04-28,Education,Standard Video,English,186,General,49,Text Overlay
V001003,C00257,2017-10-25,Technology,Short,Filipino,15,General,19,Collage
V001004,C00223,2021-05-11,Education,Short,Japanese,30,Teen,38,Screenshot
V001005,C01435,2025-11-25,Technology,Standard Video,Spanish,1498,General,29,Collage
V001006,C01046,2024-10-27,News,Standard Video,English,1047,General,24,Text Overlay
V001007,C00358,2020-07-29,Technology,Short,Spanish,46,Teen,23,Face Close-up
V001008,C00401,2026-02-25,Music,Standard Video,Spanish,347,Teen,54,Bright Colors
V001009,C01049,2013-10-22,Gaming,Short,Indonesian,28,General,8,Collage
V001010,C00716,2026-07-16,Film,Short,English,58,General,35,Minimalist
V001011,C00243,2014-06-24,Music,Standard Video,Spanish,210,Mature,55,Collage
V001012,C01430,2017-07-28,Education,Standard Video,Vietnamese,607,General,10,Face Close-up
V001013,C00903,2015-01-25,Film,Standard Video,English,414,General,47,Before-After
V001014,C00036,2018-09-11,Gaming,Standard Video,Hindi,3077,General,67,Text Overlay
V001015,C01167,2026-01-14,News,Short,Spanish,56,General,33,Before-After
V001016,C01316,2023-11-07,News,Standard Video,Turkish,850,General,47,Before-After
V001017,C01972,2025-05-12,Lifestyle,Short,English,50,General,29,Screenshot
V001018,C01731,2024-11-25,Music,Standard Video,Indonesian,664,Teen,51,Screenshot
V001019,C00448,2024-06-28,Technology,Standard Video,Urdu,136,General,26,Face Close-up
V001020,C01496,2023-10-04,Comedy,Standard Video,Portuguese,285,Teen,51,Screenshot
V001021,C00255,2013-09-01,Comedy,Standard Video,English,647,Teen,60,Text Overlay
V001022,C01639,2025-09-05,Technology,Short,Hindi,39,General,18,Text Overlay
V001023,C01509,2024-07-05,News,Short,Spanish,20,General,14,Bright Colors
V001024,C01670,2024-09-03,Entertainment,Short,English,47,General,17,Text Overlay
V001025,C01777,2023-03-09,Technology,Live Stream,Portuguese,7675,General,70,Face Close-up
V001026,C01626,2021-08-22,Technology,Standard Video,Hindi,718,General,78,Text Overlay
V001027,C00365,2016-02-24,Technology,Short,English,50,General,30,Face Close-up
V001028,C01373,2016-03-02,Music,Standard Video,English,1476,Teen,36,Text Overlay
V001029,C01164,2023-12-23,Comedy,Short,Hindi,22,Teen,,Text Overlay
V001030,C01070,2024-01-16,Film,Standard Video,Indonesian,845,General,56,Collage
V001031,C01783,2013-11-26,Education,Short,Hindi,37,General,21,Face Close-up
V001032,C00891,2012-11-05,Entertainment,Standard Video,Korean,1303,Teen,50,Face Close-up
V001033,C00433,2026-03-22,Comedy,Premiere,Spanish,124,General,11,Face Close-up
V001034,C01436,2019-07-04,Entertainment,Short,English,19,General,29,Screenshot
V001035,C00749,2025-07-06,Gaming,Standard Video,Hindi,217,General,38,Bright Colors
V001036,C01718,2011-11-04,Entertainment,Standard Video,Hindi,853,Teen,37,Bright Colors
V001037,C00151,2017-07-15,Entertainment,Short,Tamil,31,General,16,Before-After
V001038,C01694,2025-04-14,Entertainment,Standard Video,English,2369,General,54,Text Overlay
V001039,C00171,2012-12-29,Lifestyle,Standard Video,Filipino,197,Mature,69,Collage
V001040,C01233,2024-10-23,Entertainment,Standard Video,Spanish,628,General,38,Before-After
V001041,C00694,2025-10-24,Sports,Standard Video,Japanese,897,General,38,Face Close-up
V001042,C01468,2021-12-23,Music,Short,English,59,Teen,30,Bright Colors
V001043,C00647,2022-09-11,Education,Short,Hindi,19,Mature,18,Collage
V001044,C01071,2019-04-30,Music,Standard Video,English,471,General,23,Minimalist
V001045,C01007,2023-12-29,Film,Standard Video,Spanish,343,General,17,Bright Colors
V001046,C00524,2025-08-12,Gaming,Standard Video,English,392,General,39,Collage
V001047,C01199,2010-10-18,Entertainment,Standard Video,English,2096,General,27,Text Overlay
V001048,C01455,2025-01-07,Sports,Short,English,40,General,24,Text Overlay
V001049,C01826,2011-04-29,Gaming,Short,Indonesian,31,General,47,Minimalist
V001050,C00751,2016-06-29,Film,Short,English,48,General,26,Screenshot
V001051,C00910,2024-01-07,News,Standard Video,German,156,General,22,Minimalist
V001052,C01547,2016-12-26,Lifestyle,Standard Video,English,344,General,71,Face Close-up
V001053,C01472,2011-01-27,Sports,Standard Video,Hindi,330,Teen,54,
V001054,C00647,2020-05-16,Education,Standard Video,Hindi,419,Mature,41,Face Close-up
V001055,C01806,2022-11-17,Music,Standard Video,English,439,General,45,Collage
V001056,C01865,2013-07-28,Entertainment,Standard Video,Portuguese,779,General,34,Bright Colors
V001057,C00671,2024-10-04,Entertainment,Premiere,Spanish,94,General,53,Before-After
V001058,C00230,2018-08-12,Sports,Short,Hindi,60,General,32,Screenshot
V001059,C00466,2026-02-08,Entertainment,Short,Portuguese,24,General,20,Collage
V001060,C01592,2024-06-05,Entertainment,Short,Spanish,31,General,37,Text Overlay
V001061,C01592,2024-11-06,Entertainment,Short,Spanish,45,General,18,Screenshot
V001062,C00496,2012-10-12,Lifestyle,Premiere,Spanish,132,General,23,Minimalist
V001063,C00247,2026-06-08,Sports,Standard Video,English,1004,General,57,Text Overlay
V001064,C00555,2018-08-18,Entertainment,Short,Spanish,17,General,21,
V001065,C01547,2026-05-30,Lifestyle,Short,English,19,General,16,Collage
V001066,C01854,2025-12-30,News,Live Stream,English,11066,Teen,70,Minimalist
V001067,C01081,2015-08-13,Technology,Standard Video,French,512,General,55,Text Overlay
V001068,C01144,2010-12-28,Entertainment,Standard Video,English,773,Teen,66,Collage
V001069,C01007,2025-11-04,Comedy,Standard Video,Spanish,1499,General,60,Before-After
V001070,C01507,2015-03-06,Education,Standard Video,Hindi,410,General,47,Minimalist
V001071,C00047,2012-12-05,Music,Short,English,18,General,36,Before-After
V001072,C00390,2016-08-17,Education,Standard Video,Hindi,940,General,49,
V001073,C00592,2016-02-15,Music,Short,English,43,General,19,Face Close-up
V001074,C00669,2014-10-07,Technology,Standard Video,Spanish,1177,General,37,Collage
V001075,C01763,2014-12-19,Sports,Standard Video,German,159,General,24,Face Close-up
V001076,C00351,2022-08-21,News,Live Stream,Hindi,13491,General,46,Screenshot
V001077,C00970,2014-02-08,Education,Short,Hindi,39,Teen,23,Face Close-up
V001078,C00431,2026-06-02,Music,Standard Video,Tamil,773,General,36,Before-After
V001079,C01247,2016-06-08,Lifestyle,Standard Video,Portuguese,335,General,60,Text Overlay
V001080,C01145,2025-08-22,Gaming,Standard Video,Urdu,658,Mature,43,Minimalist
V001081,C00168,2022-08-26,Music,Standard Video,Filipino,974,General,60,Minimalist
V001082,C01529,2025-03-08,Technology,Short,German,44,General,20,Screenshot
V001083,C00238,2025-06-03,News,Short,Thai,53,General,30,Screenshot
V001084,C01677,2026-03-07,Film,Standard Video,English,543,General,57,
V001085,C00794,2018-12-13,Music,Standard Video,Spanish,532,General,62,Screenshot
V001086,C00177,2019-11-19,Sports,Standard Video,Spanish,160,Teen,53,Minimalist
V001087,C01379,2025-08-01,Education,Standard Video,Vietnamese,465,General,28,Face Close-up
V001088,C00207,2015-10-03,Education,Standard Video,Spanish,117,General,64,Before-After
V001089,C00061,2018-11-19,Lifestyle,Premiere,Portuguese,214,General,56,Bright Colors
V001090,C00626,2020-02-18,News,Standard Video,English,1255,General,54,Bright Colors
V001091,C01651,2021-08-28,Entertainment,Standard Video,English,485,General,26,Minimalist
V001092,C01295,2018-06-27,Lifestyle,Short,Portuguese,32,General,35,Before-After
V001093,C00868,2021-07-03,News,Short,Vietnamese,59,General,18,Face Close-up
V001094,C00541,2025-01-28,News,Standard Video,Spanish,91,General,50,Screenshot
V001095,C01491,2013-01-14,Entertainment,Short,Hindi,34,General,16,Minimalist
V001096,C00812,2018-02-06,Film,Short,Filipino,18,Teen,42,Minimalist
V001097,C01468,2017-04-10,Education,Short,English,53,Teen,8,Before-After
V001098,C01045,2020-06-14,Entertainment,Premiere,Vietnamese,391,General,53,Screenshot
V001099,C01446,2025-01-26,Gaming,Standard Video,Portuguese,103,General,77,Collage
V001100,C01304,2024-11-16,Education,Standard Video,English,902,General,47,Before-After
V001101,C00500,2017-06-15,Entertainment,Premiere,English,256,General,47,Collage
V001102,C01780,2024-08-20,Sports,Standard Video,Portuguese,1568,General,,Bright Colors
V001103,C01152,2026-02-16,Music,Standard Video,English,468,Teen,46,
V001104,C01235,2016-08-02,Comedy,Live Stream,English,9377,General,32,Minimalist
V001105,C01500,2024-02-18,Comedy,Short,Hindi,29,General,20,Bright Colors
V001106,C00380,2013-08-18,Gaming,Short,English,40,General,35,Face Close-up
V001107,C01013,2021-09-28,Entertainment,Standard Video,Spanish,66,General,67,Screenshot
V001108,C00254,2021-06-06,Gaming,Standard Video,English,981,,57,
V001109,C01777,2025-11-11,Technology,Standard Video,Portuguese,259,Teen,60,Minimalist
V001110,C00544,2017-01-29,Comedy,Live Stream,English,7283,General,43,Text Overlay
V001111,C01970,2022-11-10,Music,Short,Spanish,21,General,29,Minimalist
V001112,C01683,2025-04-05,Technology,Standard Video,Indonesian,566,Teen,81,Before-After
V001113,C01394,2026-01-28,Music,Standard Video,Spanish,210,General,69,Collage
V001114,C00766,2025-07-11,Technology,Standard Video,Indonesian,288,Teen,10,Screenshot
V001115,C00329,2011-07-12,Technology,Standard Video,English,1412,General,59,Minimalist
V001116,C01418,2023-11-22,Music,Standard Video,Spanish,396,Teen,43,Before-After
V001117,C01270,2020-09-11,Sports,Short,French,41,General,30,Face Close-up
V001118,C01132,2021-03-05,Film,Standard Video,Hindi,215,General,,
V001119,C01725,2015-10-21,News,Standard Video,Filipino,139,General,53,Screenshot
V001120,C00009,2024-01-16,Technology,Standard Video,English,1870,General,50,Before-After
V001121,C01074,2022-10-12,Lifestyle,Standard Video,French,379,General,45,Collage
V001122,C01304,2025-07-08,Gaming,Short,Portuguese,27,General,13,Bright Colors
V001123,C01449,2017-10-28,Comedy,Standard Video,German,333,General,54,Collage
V001124,C01810,2021-07-10,Lifestyle,Short,Hindi,47,General,34,Face Close-up
V001125,C01260,2026-01-24,Gaming,Short,Spanish,18,General,37,Minimalist
V001126,C00856,2016-09-01,Education,Short,English,47,General,17,Minimalist
V001127,C01189,2021-07-25,Lifestyle,Live Stream,French,12761,Teen,42,Bright Colors
V001128,C01194,2022-06-16,News,Standard Video,German,228,General,44,Face Close-up
V001129,C01686,2021-06-01,Sports,Standard Video,English,266,General,32,Bright Colors
V001130,C00200,2011-10-25,Education,Standard Video,English,61,General,51,Face Close-up
V001131,C00500,2017-07-22,Entertainment,Standard Video,Hindi,449,General,82,
V001132,C00185,2016-05-11,Gaming,Standard Video,Spanish,523,Teen,54,Screenshot
V001133,C01532,2015-09-29,Gaming,Live Stream,Urdu,4262,General,45,Minimalist
V001134,C01209,2023-12-08,Comedy,Short,Hindi,20,General,8,Collage
V001135,C00191,2024-06-04,Technology,Standard Video,French,455,General,34,Before-After
V001136,C00892,2025-03-30,Comedy,Short,German,49,General,25,Screenshot
V001137,C00903,2025-06-17,Film,Live Stream,English,13109,General,60,Collage
V001138,C01975,2019-07-27,Gaming,Short,English,53,General,38,Minimalist
V001139,C00566,2023-11-21,News,Standard Video,English,1577,Teen,41,Before-After
V001140,C00406,2024-07-17,Lifestyle,Short,French,49,General,39,Text Overlay
V001141,C01824,2019-12-25,Lifestyle,Short,English,50,Teen,32,Minimalist
V001142,C00013,2013-03-27,Technology,Standard Video,Japanese,206,General,54,Face Close-up
V001143,C01323,2015-12-24,Comedy,Standard Video,Filipino,1072,General,22,Face Close-up
V001144,C01905,2021-11-06,Entertainment,Short,English,45,General,38,Face Close-up
V001145,C01649,2017-07-25,Lifestyle,Short,Urdu,32,General,41,Bright Colors
V001146,C00752,2014-05-17,Lifestyle,Standard Video,Indonesian,4158,General,57,Minimalist
V001147,C01885,2025-10-16,Technology,Standard Video,Spanish,206,Teen,61,Text Overlay
V001148,C00181,2015-05-19,Lifestyle,Standard Video,Portuguese,493,General,31,Bright Colors
V001149,C00520,2010-05-10,Comedy,Standard Video,French,461,Teen,32,Text Overlay
V001150,C01161,2020-04-07,Gaming,Standard Video,Spanish,61,General,58,Screenshot
V001151,C00693,2020-05-20,Entertainment,Short,Bengali,39,Teen,23,Collage
V001152,C01375,2018-12-29,News,Standard Video,English,2572,General,64,Before-After
V001153,C00181,2022-09-07,Lifestyle,Standard Video,English,425,General,40,Text Overlay
V001154,C00638,2016-02-16,Entertainment,Short,Hindi,35,General,29,Collage
V001155,C00899,2019-05-24,Entertainment,Short,English,39,General,25,Text Overlay
V001156,C01138,2026-07-06,Education,Short,Spanish,52,General,27,Bright Colors
V001157,C01736,2014-02-18,Sports,Standard Video,Filipino,389,General,41,Face Close-up
V001158,C01859,2026-01-21,Technology,Short,Vietnamese,20,General,30,Text Overlay
V001159,C01111,2025-06-27,Music,Short,English,59,General,24,Bright Colors
V001160,C01930,2016-07-01,Comedy,Standard Video,Portuguese,384,Teen,25,Bright Colors
V001161,C00957,2024-10-27,Lifestyle,Short,Hindi,21,General,22,Face Close-up
V001162,C01449,2013-12-25,Comedy,Standard Video,German,1419,General,42,Bright Colors
V001163,C01189,2024-12-11,Lifestyle,Standard Video,French,665,Teen,75,Text Overlay
V001164,C01897,2017-12-02,Entertainment,Short,Indonesian,55,General,27,Before-After
V001165,C00678,2020-10-11,Education,Standard Video,Portuguese,1333,General,27,Minimalist
V001166,C01559,2016-12-21,Lifestyle,Standard Video,Hindi,2234,General,55,Collage
V001167,C00659,2010-10-24,News,Standard Video,English,578,General,52,Bright Colors
V001168,C01136,2018-09-18,News,Standard Video,German,315,General,38,Text Overlay
V001169,C01634,2025-08-11,Education,Short,English,16,General,26,Bright Colors
V001170,C00205,2020-07-19,Music,Short,German,54,General,37,Collage
V001171,C01890,2021-10-31,Entertainment,Standard Video,English,1806,Teen,81,Face Close-up
V001172,C00028,2022-06-07,News,Standard Video,Indonesian,195,Teen,60,Bright Colors
V001173,C00561,2023-06-19,Comedy,Short,Hindi,58,General,24,Text Overlay
V001174,C00973,2015-03-27,Education,Standard Video,Hindi,1635,General,29,Text Overlay
V001175,C01221,2018-03-05,Education,Standard Video,Hindi,185,General,66,Text Overlay
V001176,C00090,2017-11-24,Education,Standard Video,English,428,General,45,Bright Colors
V001177,C01731,2023-11-22,Music,Standard Video,Indonesian,637,Teen,40,Screenshot
V001178,C01838,2022-07-11,Education,Standard Video,Hindi,1199,General,50,Minimalist
V001179,C01307,2016-05-03,Music,Short,English,40,General,16,Collage
V001180,C00970,2012-07-11,Entertainment,Standard Video,Hindi,1205,Teen,27,Text Overlay
V001181,C00006,2012-12-30,Comedy,Short,Korean,42,General,22,Bright Colors
V001182,C01044,2026-03-22,News,Standard Video,Italian,1211,Teen,35,Bright Colors
V001183,C01441,2023-09-30,Gaming,Standard Video,Tamil,315,General,62,Minimalist
V001184,C00559,2023-08-02,Film,Standard Video,Hindi,1791,Teen,34,Collage
V001185,C00261,2018-08-21,Technology,Standard Video,Vietnamese,184,Teen,35,Bright Colors
V001186,C00227,2022-03-22,Technology,Short,English,26,General,11,Screenshot
V001187,C00181,2013-04-30,Lifestyle,Short,Portuguese,35,General,23,Bright Colors
V001188,C01672,2020-12-21,Technology,Standard Video,Thai,1584,Teen,15,Text Overlay
V001189,C00891,2016-02-22,Entertainment,Short,Korean,47,Teen,17,Screenshot
V001190,C00103,2012-12-06,Music,Short,English,32,General,38,Bright Colors
V001191,C00437,2023-11-25,Comedy,Short,Vietnamese,35,Teen,13,Minimalist
V001192,C00455,2017-05-18,Lifestyle,Short,English,48,General,29,Screenshot
V001193,C00738,2024-03-15,Lifestyle,Short,English,44,General,12,Face Close-up
V001194,C00583,2023-01-09,Sports,Standard Video,Portuguese,685,General,67,Screenshot
V001195,C00937,2018-12-18,Gaming,Standard Video,Japanese,311,Teen,47,Screenshot
V001196,C00773,2020-01-11,News,Standard Video,English,3908,General,42,Collage
V001197,C01681,2017-07-09,Sports,Short,English,53,General,25,Minimalist
V001198,C01294,2011-12-01,Technology,Standard Video,Hindi,1477,General,47,Collage
V001199,C01132,2026-04-13,Film,Standard Video,Hindi,1055,General,23,
V001200,C00609,2023-12-10,Lifestyle,Standard Video,Hindi,839,General,86,Face Close-up
V001201,C01399,2020-06-17,Education,Short,Spanish,31,General,12,Before-After
V001202,C00699,2026-05-25,Entertainment,Standard Video,English,573,General,14,Text Overlay
V001203,C00587,2017-11-02,Sports,Short,Korean,47,General,17,Before-After
V001204,C01247,2024-09-28,Lifestyle,Standard Video,English,136,General,54,Screenshot
V001205,C00592,2013-10-11,Music,Standard Video,English,347,General,80,Screenshot
V001206,C01119,2013-10-29,Technology,Standard Video,Hindi,276,General,38,Text Overlay
V001207,C00720,2017-01-08,Technology,Standard Video,Hindi,1284,Teen,10,Face Close-up
V001208,C01250,2021-10-13,Lifestyle,Live Stream,English,7678,General,39,Screenshot
V001209,C01133,2020-11-04,Education,Standard Video,Italian,408,Teen,50,
V001210,C01204,2026-07-21,Film,Short,English,38,General,37,Bright Colors
V001211,C00954,2023-11-08,Sports,Short,Korean,54,Teen,26,Screenshot
V001212,C01575,2024-07-04,Technology,Standard Video,English,162,General,66,Minimalist
V001213,C01960,2024-11-01,Music,Standard Video,Hindi,125,Teen,44,
V001214,C01346,2022-10-24,News,Standard Video,English,447,General,31,Before-After
V001215,C01507,2010-03-06,Education,Standard Video,Hindi,813,General,20,Collage
V001216,C00287,2017-10-11,Gaming,Standard Video,Korean,1936,General,49,Before-After
V001217,C01914,2019-05-04,Music,Short,English,30,Teen,22,Bright Colors
V001218,C00622,2014-12-13,Entertainment,Standard Video,German,1153,Teen,42,Bright Colors
V001219,C01089,2020-08-17,Education,Standard Video,English,683,Mature,27,Bright Colors
V001220,C01685,2020-08-12,Comedy,Standard Video,English,801,General,45,Collage
V001221,C01432,2024-04-19,Gaming,Standard Video,English,290,General,46,Face Close-up
V001222,C00944,2023-09-24,Music,Standard Video,Italian,319,General,,
V001223,C01651,2020-03-30,Entertainment,Standard Video,Spanish,1111,General,50,Collage
V001224,C01929,2010-08-25,Education,Standard Video,English,664,General,72,Face Close-up
V001225,C01978,2023-11-27,Technology,Short,Hindi,60,General,26,Collage
V001226,C01349,2021-06-29,Gaming,Standard Video,English,534,Teen,25,Text Overlay
V001227,C00043,2021-10-09,Entertainment,Standard Video,English,1387,General,45,Face Close-up
V001228,C01663,2019-07-22,Education,Standard Video,English,403,General,58,Screenshot
V001229,C01184,2026-02-26,Music,Standard Video,Urdu,140,General,43,Bright Colors
V001230,C01410,2020-03-26,Lifestyle,Short,Hindi,40,General,20,Collage
V001231,C01101,2015-04-12,Education,Standard Video,Portuguese,637,General,67,Face Close-up
V001232,C01266,2024-11-20,News,Standard Video,Hindi,347,General,68,Minimalist
V001233,C01348,2016-02-04,Entertainment,Short,English,49,General,,Face Close-up
V001234,C00794,2019-03-24,Music,Short,English,51,General,28,Before-After
V001235,C00622,2022-01-01,Sports,Standard Video,German,436,Teen,31,Text Overlay
V001236,C00064,2017-03-19,Sports,Standard Video,Kannada,1298,General,20,Text Overlay
V001237,C00168,2022-03-04,Gaming,Standard Video,Filipino,265,General,51,Face Close-up
V001238,C01575,2024-10-24,Technology,Standard Video,English,574,General,53,Minimalist
V001239,C00134,2014-10-04,Education,Standard Video,Marathi,117,General,42,Collage
V001240,C01224,2024-05-10,Gaming,Short,Portuguese,41,General,22,Minimalist
V001241,C00706,2025-03-12,Gaming,Standard Video,Spanish,202,General,54,Text Overlay
V001242,C00496,2014-02-28,Lifestyle,Premiere,Spanish,76,General,38,Screenshot
V001243,C01509,2024-07-21,Music,Standard Video,Spanish,112,General,40,Before-After
V001244,C01420,2016-04-26,Gaming,Live Stream,Portuguese,2362,General,57,Minimalist
V001245,C00107,2013-09-13,News,Standard Video,Italian,245,General,51,Collage
V001246,C01204,2026-07-23,Film,Short,English,40,Mature,37,Before-After
V001247,C01085,2026-01-01,Sports,Short,Portuguese,42,General,23,Face Close-up
V001248,C00449,2019-11-17,Lifestyle,Standard Video,Portuguese,278,General,57,Text Overlay
V001249,C00417,2012-09-24,Technology,Premiere,Portuguese,287,Teen,48,Collage
V001250,C01567,2023-02-05,Sports,Premiere,English,1333,General,48,
V001251,C01421,2026-03-31,Sports,Premiere,Portuguese,496,General,48,Minimalist
V001252,C00107,2012-06-27,News,Short,Italian,33,General,21,Face Close-up
V001253,C00168,2021-05-21,Gaming,Short,Filipino,32,General,12,Minimalist
V001254,C00278,2021-07-28,Education,Short,English,48,General,34,Face Close-up
V001255,C00605,2026-04-09,Comedy,Standard Video,Spanish,403,General,45,Text Overlay
V001256,C01224,2025-02-17,Entertainment,Live Stream,Portuguese,8210,General,52,
V001257,C01931,2013-08-30,Music,Short,French,31,General,34,Bright Colors
V001258,C00116,2023-02-25,Comedy,Standard Video,Portuguese,271,General,74,Minimalist
V001259,C00379,2010-02-17,Sports,Premiere,Filipino,176,General,44,Text Overlay
V001260,C01833,2025-05-13,Music,Live Stream,English,13189,General,42,Screenshot
V001261,C01502,2024-10-14,Music,Premiere,Hindi,776,General,39,Face Close-up
V001262,C00986,2013-02-12,Music,Premiere,English,269,General,63,Text Overlay
V001263,C01734,2026-07-03,Gaming,Short,Filipino,35,Teen,29,
V001264,C01224,2022-10-26,Gaming,Short,Portuguese,33,General,26,Text Overlay
V001265,C00807,2016-04-01,Lifestyle,Short,English,36,General,33,Bright Colors
V001266,C00231,2018-05-31,Education,Standard Video,Hindi,1045,General,62,Before-After
V001267,C00422,2026-05-26,Music,Standard Video,English,519,General,39,Before-After
V001268,C00654,2026-03-01,Sports,Standard Video,Italian,489,General,33,Text Overlay
V001269,C00077,2017-03-17,Comedy,Standard Video,Thai,669,Teen,41,Minimalist
V001270,C01545,2024-03-11,Technology,Short,Portuguese,46,General,24,Minimalist
V001271,C00683,2022-08-17,Technology,Standard Video,Spanish,641,Teen,23,Text Overlay
V001272,C01552,2016-07-30,Entertainment,Short,Filipino,56,Teen,36,Screenshot
V001273,C01998,2024-04-05,Education,Standard Video,Spanish,254,Teen,42,Minimalist
V001274,C01534,2017-03-03,Technology,Standard Video,English,1063,General,41,Before-After
V001275,C00424,2014-11-30,Education,Short,Hindi,52,General,20,Face Close-up
V001276,C00862,2025-01-04,Gaming,Short,English,32,General,22,Minimalist
V001277,C01115,2017-06-08,Comedy,Short,English,29,General,28,Face Close-up
V001278,C00289,2017-10-13,Music,Standard Video,English,511,General,57,Minimalist
V001279,C01231,2025-11-25,Technology,Premiere,English,1875,General,32,Text Overlay
V001280,C01025,2015-11-18,Sports,Short,English,21,Teen,18,Bright Colors
V001281,C01910,2026-05-20,Entertainment,Standard Video,Hindi,688,General,46,Face Close-up
V001282,C01828,2012-09-10,Education,Short,Spanish,29,General,13,Face Close-up
V001283,C00175,2022-03-22,Gaming,Short,Turkish,21,General,14,Collage
V001284,C00181,2012-06-23,Lifestyle,Short,Portuguese,47,General,24,Bright Colors
V001285,C00592,2021-09-03,Music,Standard Video,English,1592,General,47,Bright Colors
V001286,C00964,2020-04-17,News,Short,Indonesian,31,General,28,Before-After
V001287,C00099,2020-05-02,Entertainment,Standard Video,Spanish,262,Mature,64,Bright Colors
V001288,C01812,2020-01-19,Comedy,Short,Indonesian,27,General,,Minimalist
V001289,C01247,2015-10-21,Sports,Standard Video,English,1149,General,59,Face Close-up
V001290,C01935,2026-05-01,Technology,Premiere,English,133,General,47,Face Close-up
V001291,C00173,2014-09-04,Gaming,Short,Portuguese,57,Teen,27,Text Overlay
V001292,C01399,2021-02-09,Education,Standard Video,Hindi,1114,General,39,Collage
V001293,C00975,2014-09-22,News,Standard Video,Spanish,906,General,51,Face Close-up
V001294,C01728,2024-05-03,Comedy,Standard Video,Portuguese,275,General,61,Minimalist
V001295,C00406,2023-05-09,Lifestyle,Short,French,55,General,18,Minimalist
V001296,C01688,2026-07-09,Gaming,Short,Hindi,25,General,32,Face Close-up
V001297,C01239,2024-07-29,Sports,Standard Video,Portuguese,5400,General,20,Screenshot
V001298,C00652,2023-09-23,Education,Standard Video,English,632,General,53,Bright Colors
V001299,C01932,2022-11-19,News,Standard Video,Vietnamese,253,,58,Bright Colors
V001300,C01015,2012-04-23,Education,Premiere,Hindi,125,General,38,Face Close-up
V001301,C00977,2024-09-11,Film,Standard Video,English,735,General,56,Screenshot
V001302,C00256,2024-09-20,Lifestyle,Short,English,32,General,30,
V001303,C01305,2018-02-24,Gaming,Standard Video,English,429,General,46,Text Overlay
V001304,C01553,2010-11-20,Sports,Standard Video,English,473,General,51,Bright Colors
V001305,C01308,2013-11-20,Lifestyle,Standard Video,English,129,Teen,52,Face Close-up
V001306,C01135,2018-06-08,News,Standard Video,English,1784,General,36,Face Close-up
V001307,C00427,2017-09-08,Education,Standard Video,English,597,General,31,Text Overlay
V001308,C01741,2026-05-14,Film,Standard Video,Marathi,606,General,44,Minimalist
V001309,C00186,2022-04-15,Sports,Standard Video,English,889,General,37,Text Overlay
V001310,C01071,2018-04-11,Music,Standard Video,English,1118,General,65,Minimalist
V001311,C00181,2018-09-08,Lifestyle,Standard Video,Portuguese,292,General,37,Bright Colors
V001312,C01074,2025-12-17,Lifestyle,Short,French,25,General,35,
V001313,C00647,2020-04-02,Education,Standard Video,Hindi,131,Mature,26,Before-After
V001314,C00424,2023-04-13,Education,Short,Hindi,19,General,14,Minimalist
V001315,C01787,2017-10-29,Entertainment,Standard Video,English,403,General,27,Before-After
V001316,C00189,2013-01-21,Education,Standard Video,Hindi,448,General,41,Screenshot
V001317,C00529,2011-03-01,Technology,Standard Video,Hindi,326,General,33,Before-After
V001318,C01973,2015-01-26,Gaming,Short,Hindi,58,General,13,Screenshot
V001319,C01435,2019-10-15,Education,Standard Video,Korean,2425,General,36,Screenshot
V001320,C01173,2018-11-19,Education,Standard Video,English,177,Teen,52,Before-After
V001321,C01816,2011-04-15,Entertainment,Standard Video,Portuguese,868,Teen,15,Before-After
V001322,C01561,2017-01-23,Gaming,Standard Video,Turkish,442,Mature,73,Minimalist
V001323,C00853,2010-03-19,Entertainment,Short,Spanish,38,General,30,Bright Colors
V001324,C00037,2019-06-30,Lifestyle,Standard Video,English,162,Mature,,Before-After
V001325,C00715,2024-06-18,Education,Standard Video,Vietnamese,98,General,69,Bright Colors
V001326,C00676,2018-11-25,Sports,Standard Video,Portuguese,548,General,37,Bright Colors
V001327,C00919,2022-05-28,Technology,Short,English,18,General,35,Collage
V001328,C01895,2019-07-30,Education,Standard Video,Vietnamese,734,General,28,Text Overlay
V001329,C00676,2016-05-19,Sports,Short,Portuguese,21,General,34,Screenshot
V001330,C00481,2024-04-15,Entertainment,Standard Video,Hindi,442,General,56,Collage
V001331,C01971,2014-05-27,Entertainment,Standard Video,English,96,General,50,Before-After
V001332,C00066,2016-05-10,Entertainment,Standard Video,English,693,General,39,Before-After
V001333,C00626,2021-01-10,News,Standard Video,English,906,General,45,Minimalist
V001334,C00696,2025-12-02,Technology,Short,English,26,Teen,21,Bright Colors
V001335,C00175,2011-03-07,Gaming,Standard Video,Turkish,254,General,48,Before-After
V001336,C01502,2026-02-05,Music,Short,Hindi,53,General,8,Collage
V001337,C00085,2014-03-20,Comedy,Standard Video,Indonesian,351,General,54,Screenshot
V001338,C00424,2023-10-14,Education,Standard Video,Hindi,226,General,32,Bright Colors
V001339,C01528,2018-08-02,Film,Short,Portuguese,30,General,33,Collage
V001340,C01435,2020-05-21,Technology,Short,Korean,27,General,35,Text Overlay
V001341,C00797,2026-03-02,Gaming,Short,French,57,General,34,Face Close-up
V001342,C01267,2024-07-01,Gaming,Short,French,18,General,22,Minimalist
V001343,C00895,2026-05-19,Gaming,Standard Video,English,1094,General,42,Screenshot
V001344,C01988,2018-02-03,Film,Live Stream,Portuguese,7394,General,38,Text Overlay
V001345,C00706,2021-08-19,Gaming,Short,Spanish,57,General,24,Text Overlay
V001346,C01960,2026-05-01,Music,Standard Video,Hindi,698,Teen,38,Minimalist
V001347,C01375,2018-06-26,News,Standard Video,English,427,General,30,Collage
V001348,C00204,2019-03-03,Sports,Standard Video,English,566,General,54,Screenshot
V001349,C01567,2020-10-24,Sports,Premiere,English,158,General,41,Face Close-up
V001350,C01112,2019-01-09,Technology,Standard Video,English,1232,General,41,Collage
V001351,C00097,2023-02-24,Gaming,Standard Video,Portuguese,595,General,54,Screenshot
V001352,C01693,2014-06-13,Sports,Short,Hindi,36,General,17,Minimalist
V001353,C01675,2023-12-01,Education,Premiere,Spanish,204,General,74,Minimalist
V001354,C01045,2022-07-16,Entertainment,Short,Vietnamese,49,General,13,Bright Colors
V001355,C00583,2023-09-24,Sports,Standard Video,Portuguese,1231,General,41,Text Overlay
V001356,C00177,2017-10-08,Comedy,Standard Video,Spanish,954,Teen,48,Minimalist
V001357,C01586,2019-06-29,Lifestyle,Standard Video,Portuguese,1539,General,52,
V001358,C00847,2010-02-10,Lifestyle,Standard Video,English,434,Teen,20,Bright Colors
V001359,C01389,2024-11-05,Gaming,Short,English,27,General,20,Face Close-up
V001360,C00581,2011-04-20,Technology,Premiere,Portuguese,3246,General,55,Text Overlay
V001361,C01677,2022-11-08,Education,Short,English,24,General,29,Face Close-up
V001362,C01608,2020-04-10,Education,Standard Video,Portuguese,401,General,48,Minimalist
V001363,C01962,2015-01-21,Lifestyle,Live Stream,Hindi,12709,Teen,40,Face Close-up
V001364,C01739,2021-06-09,Music,Standard Video,English,1271,General,28,Bright Colors
V001365,C01153,2022-07-27,Music,Standard Video,Hindi,61,General,27,Minimalist
V001366,C00875,2014-08-07,Sports,Standard Video,Spanish,1006,General,56,Bright Colors
V001367,C01231,2025-12-07,Technology,Short,English,53,General,28,Minimalist
V001368,C01641,2018-04-01,Education,Standard Video,English,1175,General,35,Before-After
V001369,C00047,2021-07-20,Music,Short,English,15,General,22,Screenshot
V001370,C01610,2025-08-18,Music,Standard Video,Indonesian,1957,General,46,Before-After
V001371,C01787,2017-06-24,Film,Standard Video,English,428,General,63,Screenshot
V001372,C01826,2011-07-03,Gaming,Standard Video,Indonesian,426,General,23,Collage
V001373,C00706,2021-05-20,Lifestyle,Short,Spanish,53,General,26,Screenshot
V001374,C00657,2023-11-18,Gaming,Standard Video,Spanish,75,General,67,Face Close-up
V001375,C00976,2024-02-24,Sports,Short,Bengali,29,General,27,Minimalist
V001376,C00848,2026-01-13,Gaming,Standard Video,English,611,General,53,Collage
V001377,C00035,2022-09-13,Gaming,Short,Hindi,37,Teen,8,Collage
V001378,C00815,2013-09-30,News,Standard Video,German,158,General,44,Collage
V001379,C01773,2026-01-05,Sports,Standard Video,English,575,General,32,Before-After
V001380,C01975,2024-12-27,Gaming,Short,English,48,General,27,Collage
V001381,C00914,2026-03-14,Comedy,Short,English,30,Teen,35,Collage
V001382,C01783,2013-10-02,Education,Standard Video,Hindi,512,General,58,Minimalist
V001383,C01144,2015-01-01,Comedy,Standard Video,English,697,Teen,28,Collage
V001384,C01115,2017-01-24,Comedy,Standard Video,English,144,General,55,Before-After
V001385,C00895,2026-07-22,Gaming,Short,English,30,General,43,Bright Colors
V001386,C00592,2020-05-18,Music,Short,English,50,General,24,Bright Colors
V001387,C00752,2025-03-10,Comedy,Standard Video,Indonesian,326,General,72,Face Close-up
V001388,C00774,2021-11-15,Film,Standard Video,English,191,General,55,Screenshot
V001389,C01733,2011-02-15,Education,Standard Video,English,409,General,29,Face Close-up
V001390,C00224,2024-12-11,Comedy,Standard Video,English,211,Teen,64,Minimalist
V001391,C01777,2022-08-23,Technology,Standard Video,Portuguese,377,Teen,73,Face Close-up
V001392,C00268,2026-04-03,Education,Standard Video,Portuguese,144,General,60,Minimalist
V001393,C01298,2018-11-28,Technology,Standard Video,Filipino,530,General,70,Minimalist
V001394,C01075,2025-01-21,Comedy,Live Stream,German,3331,General,46,Screenshot
V001395,C00583,2024-02-08,Sports,Short,Portuguese,59,,17,Minimalist
V001396,C01924,2011-07-23,Entertainment,Standard Video,Hindi,73,General,68,Before-After
V001397,C00035,2020-09-11,Gaming,Standard Video,Hindi,789,Teen,32,Screenshot
V001398,C00776,2026-07-05,Lifestyle,Standard Video,Filipino,244,General,32,Text Overlay
V001399,C01931,2014-08-27,Comedy,Standard Video,French,175,General,54,Face Close-up
V001400,C01141,2026-05-26,Technology,Short,Indonesian,35,General,36,Before-After
V001401,C01335,2017-12-24,Sports,Short,Japanese,42,General,48,Minimalist
V001402,C00577,2011-08-31,Gaming,Standard Video,German,503,General,34,Collage
V001403,C00724,2025-02-01,Technology,Standard Video,Spanish,853,General,46,Before-After
V001404,C01007,2024-04-03,Film,Standard Video,Spanish,1318,General,49,Bright Colors
V001405,C01224,2019-10-14,Gaming,Standard Video,Portuguese,67,General,59,Collage
V001406,C01304,2024-11-25,Gaming,Standard Video,English,631,General,64,Bright Colors
V001407,C00648,2017-10-20,Lifestyle,Standard Video,Portuguese,383,General,43,
V001408,C01200,2022-11-11,Sports,Standard Video,Portuguese,110,General,70,Text Overlay
V001409,C01461,2016-06-28,Sports,Standard Video,English,171,General,53,Before-After
V001410,C01436,2019-01-21,Comedy,Standard Video,English,111,General,47,Bright Colors
V001411,C01676,2014-05-09,Comedy,Standard Video,English,1532,General,29,Screenshot
V001412,C00965,2020-01-07,Comedy,Short,English,22,General,22,Bright Colors
V001413,C00330,2010-05-08,Music,Standard Video,English,208,Mature,40,Text Overlay
V001414,C00766,2024-10-22,Technology,Standard Video,Indonesian,585,Teen,37,Collage
V001415,C01961,2017-11-27,Lifestyle,Standard Video,English,155,General,51,Collage
V001416,C01309,2016-09-16,Lifestyle,Short,English,29,General,25,Collage
V001417,C00456,2022-02-15,Film,Short,Thai,37,General,21,Minimalist
V001418,C00834,2012-11-29,Gaming,Short,English,31,General,28,Text Overlay
V001419,C00011,2012-01-22,Music,Standard Video,Turkish,540,Teen,55,Bright Colors
V001420,C00843,2025-02-18,Education,Short,Hindi,23,Teen,22,Before-After
V001421,C01085,2018-04-18,Sports,Short,English,56,General,15,Screenshot
V001422,C01977,2024-12-31,Technology,Short,German,54,General,29,Face Close-up
V001423,C00934,2024-03-13,Sports,Standard Video,Indonesian,509,General,52,Before-After
V001424,C00621,2025-08-22,Comedy,Standard Video,Telugu,61,General,33,Collage
V001425,C01737,2025-08-19,Education,Standard Video,Bengali,445,General,58,Bright Colors
V001426,C00577,2020-07-11,Lifestyle,Standard Video,Portuguese,442,General,43,Minimalist
V001427,C01959,2014-12-07,Gaming,Standard Video,Spanish,811,General,43,Before-After
V001428,C00589,2011-04-11,Gaming,Short,English,36,General,13,Text Overlay
V001429,C01007,2024-11-16,Film,Short,Spanish,25,General,34,Minimalist
V001430,C01130,2014-12-14,Lifestyle,Short,Urdu,52,General,32,Bright Colors
V001431,C01387,2025-08-20,Education,Live Stream,Hindi,14018,General,55,Bright Colors
V001432,C01327,2025-06-10,Music,Standard Video,Hindi,363,General,25,Face Close-up
V001433,C00320,2026-07-18,Technology,Standard Video,Hindi,62,General,,Face Close-up
V001434,C01724,2026-02-22,Sports,Short,Portuguese,56,General,32,Minimalist
V001435,C00937,2026-01-08,Gaming,Standard Video,Japanese,61,Teen,48,Minimalist
V001436,C00427,2018-12-22,Entertainment,Short,English,29,General,37,Minimalist
V001437,C00227,2015-06-28,Technology,Standard Video,English,767,,55,
V001438,C01802,2026-03-10,Music,Short,English,38,General,25,Bright Colors
V001439,C01547,2018-11-20,Gaming,Short,English,32,General,28,Collage
V001440,C01566,2016-09-29,Education,Short,Spanish,28,General,20,Collage
V001441,C00625,2024-02-28,Film,Standard Video,Japanese,349,,47,Screenshot
V001442,C00323,2020-08-17,Comedy,Standard Video,English,406,Teen,46,Bright Colors
V001443,C00931,2024-06-09,Sports,Standard Video,Portuguese,552,General,52,Before-After
V001444,C01386,2018-02-27,Education,Standard Video,Hindi,157,General,40,Minimalist
V001445,C01598,2023-01-03,Music,Standard Video,Hindi,1454,General,40,Face Close-up
V001446,C01581,2017-02-07,Lifestyle,Short,Japanese,47,General,30,Collage
V001447,C00256,2023-07-21,Lifestyle,Premiere,English,451,General,70,Screenshot
V001448,C01379,2023-08-21,Education,Premiere,Vietnamese,1877,General,55,Before-After
V001449,C00891,2013-02-13,Music,Standard Video,Korean,508,Teen,56,Bright Colors
V001450,C01527,2024-01-12,Education,Short,Vietnamese,41,General,20,Before-After
V001451,C01187,2015-08-19,Gaming,Standard Video,Portuguese,600,Teen,53,Collage
V001452,C01421,2026-06-22,Film,Standard Video,English,535,General,37,Text Overlay
V001453,C01639,2026-06-27,Technology,Short,Hindi,26,General,23,Text Overlay
V001454,C01306,2014-05-21,Comedy,Standard Video,English,1263,General,36,Text Overlay
V001455,C00181,2021-11-13,Lifestyle,Standard Video,Portuguese,523,General,50,Collage
V001456,C00286,2016-02-17,Entertainment,Standard Video,Hindi,1368,General,,Screenshot
V001457,C01694,2025-07-27,Entertainment,Short,English,15,General,18,Text Overlay
V001458,C01906,2026-02-14,News,Short,English,50,General,14,Screenshot
V001459,C01575,2025-03-05,Technology,Standard Video,English,1221,General,20,Bright Colors
V001460,C00795,2020-09-21,Film,Standard Video,Tamil,724,General,73,Collage
V001461,C00392,2022-12-11,Sports,Standard Video,Bengali,634,Teen,36,Bright Colors
V001462,C00642,2026-05-31,Music,Short,English,45,Mature,8,Text Overlay
V001463,C00099,2024-08-01,Entertainment,Standard Video,Spanish,516,Mature,77,Bright Colors
V001464,C00668,2018-09-21,Education,Standard Video,Hindi,704,General,25,Collage
V001465,C01468,2025-06-10,Education,Standard Video,Portuguese,688,Teen,61,Bright Colors
V001466,C01293,2023-05-07,Sports,Standard Video,Filipino,1410,General,75,Minimalist
V001467,C00569,2014-07-16,Gaming,Standard Video,Bengali,184,General,48,Collage
V001468,C00752,2014-02-24,Comedy,Premiere,Spanish,494,General,53,Screenshot
V001469,C01453,2020-06-21,Education,Standard Video,Hindi,213,Teen,58,Minimalist
V001470,C00690,2025-12-06,Sports,Short,English,57,General,32,Bright Colors
V001471,C00550,2024-04-29,Film,Standard Video,French,436,General,16,Minimalist
V001472,C01885,2025-08-30,Technology,Standard Video,Spanish,193,Teen,26,Screenshot
V001473,C00185,2017-06-21,Gaming,Standard Video,Spanish,706,General,57,Minimalist
V001474,C00804,2017-11-23,Gaming,Standard Video,English,300,General,48,Bright Colors
V001475,C01777,2025-04-13,Technology,Standard Video,Portuguese,474,Teen,39,Face Close-up
V001476,C00591,2012-09-10,Gaming,Premiere,English,1275,Teen,32,Collage
V001477,C01464,2025-12-23,Lifestyle,Standard Video,French,100,General,71,Bright Colors
V001478,C01931,2010-11-07,Comedy,Standard Video,French,416,General,53,Screenshot
V001479,C01658,2026-03-24,Gaming,Short,English,28,General,22,Collage
V001480,C01399,2019-10-30,Education,Short,Hindi,22,General,20,Collage
V001481,C01623,2012-05-25,Lifestyle,Premiere,English,583,General,37,Screenshot
V001482,C01658,2026-01-29,Gaming,Standard Video,English,702,General,34,Bright Colors
V001483,C00865,2019-12-05,Gaming,Short,Portuguese,53,General,,Collage
V001484,C01045,2020-10-13,Entertainment,Short,Vietnamese,32,General,41,Before-After
V001485,C01468,2015-01-14,Sports,Standard Video,English,784,Teen,41,Before-After
V001486,C01664,2018-07-27,Lifestyle,Short,Hindi,59,General,24,Text Overlay
V001487,C01274,2019-11-14,Education,Standard Video,English,65,General,51,Collage
V001488,C00181,2012-06-29,Lifestyle,Short,English,47,General,39,Text Overlay
V001489,C00694,2025-06-03,Sports,Standard Video,Japanese,373,General,44,Bright Colors
V001490,C00799,2018-12-25,Education,Standard Video,German,195,Mature,42,Collage
V001491,C00236,2019-04-13,Comedy,Short,Hindi,42,General,38,Bright Colors
V001492,C00468,2024-05-14,News,Standard Video,Turkish,726,General,40,Bright Colors
V001493,C01639,2026-03-23,Technology,Short,Hindi,56,General,,Screenshot
V001494,C00242,2023-08-22,Gaming,Standard Video,Vietnamese,264,General,54,Screenshot
V001495,C01783,2020-07-20,Education,Standard Video,Hindi,314,General,50,Screenshot
V001496,C00075,2020-03-22,Sports,Live Stream,Portuguese,11899,Mature,59,Face Close-up
V001497,C01646,2024-01-24,News,Standard Video,Filipino,117,General,52,Collage
V001498,C01543,2024-07-02,Sports,Standard Video,German,420,General,67,Before-After
V001499,C01247,2016-12-09,Lifestyle,Standard Video,English,1234,General,34,
V001500,C01806,2020-06-04,Music,Standard Video,English,368,General,15,Minimalist
V001501,C01386,2021-02-26,Education,Short,Hindi,56,General,19,Collage
V001502,C00592,2013-07-28,Music,Premiere,English,385,General,42,Text Overlay
V001503,C00807,2022-07-11,Lifestyle,Short,Portuguese,19,General,22,Face Close-up
V001504,C00647,2017-08-18,Education,Short,Hindi,52,Mature,27,Minimalist
V001505,C01931,2024-07-14,Comedy,Short,French,42,General,33,Collage
V001506,C00918,2023-06-27,Entertainment,Premiere,Spanish,788,General,46,Bright Colors
V001507,C01371,2021-02-18,Entertainment,Short,Spanish,43,General,45,Collage
V001508,C00621,2023-04-15,Comedy,Standard Video,Telugu,195,General,,Before-After
V001509,C01191,2019-07-12,Entertainment,Standard Video,Hindi,3992,General,50,Face Close-up
V001510,C01091,2022-09-05,Entertainment,Short,Spanish,48,General,29,
V001511,C01908,2020-11-19,Lifestyle,Live Stream,Telugu,6825,General,75,Face Close-up
V001512,C01173,2024-09-13,Music,Standard Video,English,1183,Teen,15,
V001513,C00948,2023-09-09,Entertainment,Standard Video,English,620,General,40,Text Overlay
V001514,C00499,2023-12-27,Comedy,Short,English,56,Mature,26,Before-After
V001515,C01013,2022-04-04,Entertainment,Standard Video,Spanish,743,,44,Minimalist
V001516,C01685,2019-01-01,Music,Short,English,42,General,31,Minimalist
V001517,C01727,2024-12-20,Entertainment,Premiere,French,393,General,51,Screenshot
V001518,C01988,2023-01-14,Film,Standard Video,Portuguese,605,General,32,Before-After
V001519,C00622,2014-04-03,Entertainment,Short,German,22,Teen,35,Collage
V001520,C00702,2025-05-01,Gaming,Live Stream,Portuguese,2158,General,41,Face Close-up
V001521,C01108,2015-10-26,Music,Standard Video,English,1182,General,73,Minimalist
V001522,C01960,2024-01-03,Music,Standard Video,Hindi,117,Teen,61,Screenshot
V001523,C00418,2019-02-13,Gaming,Standard Video,Italian,1226,Teen,10,Before-After
V001524,C00619,2015-09-02,Entertainment,Short,Hindi,30,General,29,Minimalist
V001525,C01235,2020-10-08,Comedy,Premiere,English,919,General,69,Before-After
V001526,C01691,2024-03-08,Gaming,Standard Video,Spanish,111,General,55,Collage
V001527,C00647,2023-03-14,Education,Standard Video,Hindi,2448,General,39,Before-After
V001528,C00676,2012-04-26,Sports,Short,Portuguese,53,General,35,Minimalist
V001529,C01170,2025-05-23,News,Standard Video,English,776,General,45,Minimalist
V001530,C00016,2021-08-13,Lifestyle,Standard Video,Indonesian,214,General,22,Before-After
V001531,C01376,2023-08-21,Comedy,Standard Video,Hindi,97,General,46,Minimalist
V001532,C00655,2023-10-12,Entertainment,Short,Filipino,31,General,25,Minimalist
V001533,C00677,2026-03-05,Technology,Standard Video,English,749,General,49,Collage
V001534,C00465,2016-11-10,Lifestyle,Standard Video,Hindi,588,General,71,Minimalist
V001535,C00365,2024-04-12,Technology,Standard Video,English,767,General,54,Screenshot
V001536,C01138,2026-02-17,Technology,Standard Video,Spanish,203,General,39,Screenshot
V001537,C01413,2025-08-16,Sports,Premiere,Hindi,513,General,41,Bright Colors
V001538,C01978,2026-04-29,Technology,Short,Hindi,43,General,28,Collage
V001539,C01914,2016-10-08,Entertainment,Standard Video,English,85,Teen,48,Collage
V001540,C01233,2024-12-12,Technology,Short,Spanish,48,General,16,Face Close-up
V001541,C00501,2024-06-03,Sports,Standard Video,Hindi,950,General,43,Collage
V001542,C00484,2017-05-13,Comedy,Standard Video,Indonesian,2056,General,43,Screenshot
V001543,C01109,2021-09-22,Lifestyle,Standard Video,English,913,,55,Bright Colors
V001544,C00558,2013-05-26,Gaming,Standard Video,Hindi,92,General,70,Face Close-up
V001545,C00653,2026-01-25,Entertainment,Standard Video,English,871,General,54,Face Close-up
V001546,C00542,2022-10-20,Technology,Live Stream,Spanish,7345,General,59,Before-After
V001547,C01419,2023-03-14,Technology,Live Stream,Spanish,13374,General,51,Minimalist
V001548,C01079,2017-04-01,Music,Standard Video,English,1619,General,49,Before-After
V001549,C01492,2024-08-21,Comedy,Standard Video,Indonesian,1638,General,53,Text Overlay
V001550,C01392,2026-07-24,Technology,Standard Video,English,2031,General,48,Minimalist
V001551,C00090,2022-02-20,Education,Standard Video,English,442,General,32,Text Overlay
V001552,C01681,2017-06-28,Sports,Standard Video,English,150,General,65,Minimalist
V001553,C01077,2023-10-03,Comedy,Standard Video,Spanish,2186,Teen,44,Minimalist
V001554,C01399,2022-04-26,Education,Standard Video,Hindi,736,General,32,Text Overlay
V001555,C00998,2018-10-29,Entertainment,Standard Video,Portuguese,524,Teen,56,Bright Colors
V001556,C00871,2014-07-17,Lifestyle,Standard Video,Japanese,528,General,72,Bright Colors
V001557,C00142,2023-09-17,Lifestyle,Standard Video,Japanese,479,General,49,Collage
V001558,C00444,2017-01-24,Education,Standard Video,English,1619,Teen,27,Collage
V001559,C00360,2023-06-08,News,Short,Hindi,35,General,27,Bright Colors
V001560,C00773,2019-11-24,News,Standard Video,English,91,General,41,Bright Colors
V001561,C00999,2024-10-15,Lifestyle,Standard Video,English,741,Mature,55,Face Close-up
V001562,C00104,2024-07-09,Entertainment,Short,English,30,General,13,Minimalist
V001563,C00054,2019-02-06,Lifestyle,Standard Video,Tamil,412,General,41,Bright Colors
V001564,C00061,2025-12-10,Lifestyle,Standard Video,Hindi,549,General,44,Before-After
V001565,C00320,2026-07-21,Music,Short,English,52,General,14,Face Close-up
V001566,C01906,2026-06-02,News,Short,English,59,General,25,Screenshot
V001567,C01471,2025-02-19,Music,Standard Video,Kannada,427,General,46,Screenshot
V001568,C01100,2018-06-13,Sports,Premiere,English,86,General,41,Before-After
V001569,C00861,2026-07-25,News,Short,English,27,Mature,29,Bright Colors
V001570,C01344,2025-09-01,Technology,Standard Video,English,227,Teen,24,Before-After
V001571,C00433,2026-05-15,Comedy,Standard Video,Spanish,2373,General,72,Text Overlay
V001572,C00965,2014-11-05,Comedy,Short,English,59,General,9,Bright Colors
V001573,C00773,2019-02-28,News,Short,English,40,General,19,Text Overlay
V001574,C00243,2016-11-22,News,Standard Video,Spanish,226,Mature,45,Face Close-up
V001575,C00760,2023-09-07,Comedy,Standard Video,Spanish,1343,Mature,49,Bright Colors
V001576,C00441,2025-10-31,Education,Short,Japanese,47,General,,Bright Colors
V001577,C01381,2023-01-15,Sports,Standard Video,Portuguese,702,General,59,Minimalist
V001578,C01147,2019-08-28,Technology,Standard Video,French,218,General,27,Before-After
V001579,C01814,2018-08-11,Comedy,Standard Video,Spanish,125,General,34,Screenshot
V001580,C00323,2026-07-03,Entertainment,Standard Video,English,639,Teen,18,Screenshot
V001581,C01577,2024-08-08,Technology,Standard Video,Portuguese,1069,General,53,Bright Colors
V001582,C01685,2020-06-13,Music,Short,English,31,General,53,Screenshot
V001583,C01132,2018-04-06,Comedy,Short,Hindi,57,General,11,Minimalist
V001584,C01507,2026-05-20,Education,Standard Video,Hindi,111,General,49,Before-After
V001585,C01931,2012-08-02,Comedy,Short,French,29,General,29,Bright Colors
V001586,C00977,2025-05-26,Film,Short,English,23,General,32,Before-After
V001587,C00323,2022-10-07,Entertainment,Standard Video,English,332,Teen,49,Bright Colors
V001588,C00334,2010-07-07,News,Standard Video,Filipino,416,Teen,49,Bright Colors
V001589,C01203,2013-09-11,News,Short,Hindi,26,General,28,Before-After
V001590,C01829,2014-01-16,Education,Live Stream,Hindi,11969,General,41,Screenshot
V001591,C01908,2013-05-01,Entertainment,Short,Telugu,44,General,10,Screenshot
V001592,C01000,2020-03-25,Comedy,Standard Video,English,1478,General,,Before-After
V001593,C00576,2014-10-03,Technology,Standard Video,French,675,Mature,58,Before-After
V001594,C01991,2017-09-08,Entertainment,Standard Video,English,691,General,66,Bright Colors
V001595,C00726,2025-11-21,Comedy,Standard Video,German,1098,General,65,Collage
V001596,C01968,2023-07-27,Gaming,Premiere,English,497,General,38,Face Close-up
V001597,C00562,2025-10-03,Sports,Short,English,29,General,26,Bright Colors
V001598,C01095,2010-12-09,Sports,Standard Video,English,1333,General,62,Bright Colors
V001599,C01121,2021-08-21,Gaming,Short,Portuguese,51,General,43,Before-After
V001600,C00965,2017-04-09,Comedy,Short,English,45,General,40,Face Close-up
V001601,C01635,2017-07-25,Technology,Standard Video,Vietnamese,385,General,33,Screenshot
V001602,C00245,2013-09-14,Sports,Short,Hindi,36,General,31,Face Close-up
V001603,C00196,2022-09-29,Comedy,Standard Video,English,224,General,27,Face Close-up
V001604,C00241,2024-11-20,Music,Standard Video,English,197,General,65,Collage
V001605,C01532,2017-11-29,Gaming,Short,Urdu,47,General,28,Screenshot
V001606,C01233,2026-04-25,Technology,Standard Video,Spanish,347,General,44,Minimalist
V001607,C01986,2014-01-08,Lifestyle,Standard Video,Vietnamese,800,,41,Minimalist
V001608,C00683,2022-02-09,Technology,Short,Spanish,27,Teen,14,Screenshot
V001609,C00773,2019-05-17,News,Short,English,30,General,16,Text Overlay
V001610,C00919,2012-09-20,Technology,Standard Video,Spanish,216,General,32,Screenshot
V001611,C00934,2017-06-27,News,Standard Video,Indonesian,521,General,39,Text Overlay
V001612,C01988,2018-11-16,Sports,Standard Video,Portuguese,230,General,63,Face Close-up
V001613,C01838,2020-03-01,Education,Short,Hindi,18,General,16,Text Overlay
V001614,C00774,2023-10-17,Film,Standard Video,English,715,General,52,
V001615,C00830,2025-07-27,Sports,Standard Video,English,544,Mature,37,Collage
V001616,C00623,2017-01-29,News,Live Stream,German,2556,General,61,Screenshot
V001617,C00273,2017-01-07,Education,Standard Video,Spanish,1418,Mature,39,Text Overlay
V001618,C01817,2015-04-03,Music,Live Stream,English,3852,General,43,Text Overlay
V001619,C01704,2015-02-15,Comedy,Standard Video,English,1420,General,43,Text Overlay
V001620,C01013,2015-02-27,Entertainment,Short,Spanish,35,General,22,Face Close-up
V001621,C00800,2010-08-13,Technology,Live Stream,Hindi,5389,General,42,Minimalist
V001622,C01939,2022-11-09,Music,Standard Video,Spanish,492,General,50,Minimalist
V001623,C00186,2023-10-25,Sports,Live Stream,English,12849,General,36,Text Overlay
V001624,C00791,2015-01-28,Gaming,Standard Video,Tamil,301,General,52,Text Overlay
V001625,C00167,2022-03-27,Sports,Standard Video,Italian,384,General,35,Screenshot
V001626,C00189,2018-01-26,Education,Standard Video,Hindi,429,General,62,Before-After
V001627,C01814,2016-11-14,Lifestyle,Short,English,16,General,27,Screenshot
V001628,C01941,2017-02-16,Film,Short,Vietnamese,18,General,11,Text Overlay
V001629,C01699,2014-04-04,Gaming,Standard Video,English,529,General,42,Before-After
V001630,C00016,2025-08-21,Lifestyle,Short,Indonesian,43,General,43,Collage
V001631,C00552,2021-08-26,Entertainment,Standard Video,Urdu,917,General,25,Before-After
V001632,C01885,2025-09-26,Technology,Short,Spanish,36,Teen,25,Collage
V001633,C01736,2023-09-13,Sports,Standard Video,Filipino,1218,General,45,Text Overlay
V001634,C00104,2025-01-11,Entertainment,Standard Video,English,146,General,47,Minimalist
V001635,C01304,2025-12-31,Gaming,Short,English,30,General,33,Minimalist
V001636,C01591,2024-05-22,Sports,Short,English,41,General,32,Collage
V001637,C00891,2018-04-29,Music,Standard Video,Korean,681,Teen,60,Face Close-up
V001638,C01777,2025-03-23,Technology,Premiere,Portuguese,1887,Teen,31,Face Close-up
V001639,C00144,2023-04-20,Education,Standard Video,German,1347,,42,Bright Colors
V001640,C01813,2020-02-24,Sports,Short,Filipino,51,Teen,39,Before-After
V001641,C00047,2018-01-23,Music,Short,English,35,General,33,Before-After
V001642,C00115,2022-07-24,Education,Standard Video,French,707,General,22,Face Close-up
V001643,C00482,2021-12-13,Gaming,Short,Spanish,46,General,34,Face Close-up
V001644,C00581,2010-12-26,Education,Short,Portuguese,51,General,17,Collage
V001645,C00169,2018-04-13,Sports,Standard Video,English,777,General,37,Collage
V001646,C01764,2020-01-02,Comedy,Standard Video,Spanish,317,General,22,Face Close-up
V001647,C00891,2012-03-17,Lifestyle,Short,Korean,16,,15,Text Overlay
V001648,C01908,2017-07-20,Lifestyle,Standard Video,Telugu,499,General,53,Before-After
V001649,C01390,2020-08-19,Technology,Standard Video,Hindi,1487,Mature,53,Minimalist
V001650,C01782,2021-07-15,Entertainment,Standard Video,Spanish,883,General,26,Minimalist
V001651,C00386,2022-03-30,Sports,Standard Video,Hindi,230,General,49,Minimalist
V001652,C00391,2025-08-16,Lifestyle,Short,Tamil,56,General,8,Collage
V001653,C00992,2015-04-28,Music,Standard Video,Tamil,3447,General,27,Minimalist
V001654,C01239,2025-12-05,Sports,Short,Spanish,52,General,30,Minimalist
V001655,C00793,2018-08-17,Entertainment,Standard Video,English,219,General,47,Before-After
V001656,C01942,2021-04-15,Education,Short,Portuguese,38,General,24,Screenshot
V001657,C01636,2025-11-13,Film,Standard Video,Hindi,379,General,40,Minimalist
V001658,C00318,2022-12-05,Technology,Short,Spanish,54,General,31,Bright Colors
V001659,C01095,2011-04-09,Sports,Short,English,37,,29,Collage
V001660,C01500,2022-06-09,Comedy,Standard Video,Spanish,290,General,45,Collage
V001661,C00500,2019-10-16,Entertainment,Short,English,29,General,8,Text Overlay
V001662,C01406,2013-11-01,Comedy,Standard Video,English,389,General,39,Collage
V001663,C00247,2026-03-21,Sports,Premiere,English,252,General,45,Collage
V001664,C01229,2021-04-26,Education,Standard Video,Portuguese,296,General,55,Collage
V001665,C01161,2023-10-09,Gaming,Standard Video,Spanish,378,General,47,Text Overlay
V001666,C01085,2017-11-25,Sports,Standard Video,English,4667,General,27,Minimalist
V001667,C01304,2024-12-05,Gaming,Standard Video,English,467,General,41,Text Overlay
V001668,C01737,2021-12-26,Education,Standard Video,Bengali,327,General,53,Collage
V001669,C01575,2025-03-10,Entertainment,Standard Video,English,142,General,34,Bright Colors
V001670,C01180,2012-01-20,Music,Standard Video,Korean,391,General,34,Collage
V001671,C01425,2016-07-23,Comedy,Short,English,32,General,27,Before-After
V001672,C00326,2014-09-09,Gaming,Short,English,33,General,29,Bright Colors
V001673,C01071,2014-05-17,Music,Live Stream,English,8631,General,53,Collage
V001674,C01529,2024-01-02,Technology,Standard Video,German,134,General,35,
V001675,C01781,2022-11-15,Comedy,Standard Video,Hindi,827,Mature,63,Bright Colors
V001676,C01200,2025-12-02,Sports,Short,English,25,General,21,Before-After
V001677,C00576,2014-11-14,Technology,Standard Video,French,449,Mature,10,Face Close-up
V001678,C00204,2018-07-30,Sports,Standard Video,English,1360,General,52,Collage
V001679,C00643,2011-02-17,Comedy,Standard Video,Hindi,169,General,52,Screenshot
V001680,C01852,2026-07-04,Film,Live Stream,Indonesian,5514,General,56,Screenshot
V001681,C00185,2017-12-07,Gaming,Short,Spanish,29,Teen,34,Minimalist
V001682,C01507,2011-07-22,Education,Standard Video,Hindi,215,General,45,Before-After
V001683,C00145,2025-03-20,Entertainment,Short,English,38,Teen,15,Minimalist
V001684,C00087,2022-08-09,Music,Short,Indonesian,19,Teen,23,Collage
V001685,C01680,2026-03-24,Technology,Standard Video,English,444,General,67,Collage
V001686,C00036,2019-06-27,Gaming,Short,Hindi,38,General,15,Bright Colors
V001687,C01572,2023-05-15,Sports,Standard Video,Hindi,2552,General,43,Collage
V001688,C00396,2018-10-01,Music,Standard Video,Bengali,363,General,26,Text Overlay
V001689,C01600,2010-04-15,Education,Standard Video,Hindi,497,General,33,Text Overlay
V001690,C01825,2025-12-19,Comedy,Short,English,32,General,25,Minimalist
V001691,C00871,2014-08-02,Lifestyle,Standard Video,English,733,General,20,Before-After
V001692,C01219,2024-11-18,Entertainment,Premiere,English,961,General,20,Bright Colors
V001693,C01294,2020-05-02,Education,Standard Video,Hindi,220,General,10,Collage
V001694,C00654,2023-04-16,Education,Short,Italian,39,General,12,Collage
V001695,C00807,2024-01-20,Lifestyle,Standard Video,Turkish,599,General,60,Screenshot
V001696,C01191,2021-09-25,Entertainment,Standard Video,Hindi,382,General,26,Collage
V001697,C00953,2026-06-17,Entertainment,Standard Video,English,1853,General,55,Collage
V001698,C01098,2025-05-21,Sports,Short,Hindi,34,General,27,Screenshot
V001699,C01495,2025-02-13,News,Short,Portuguese,35,General,28,Collage
V001700,C01680,2014-12-10,Gaming,Standard Video,English,98,General,53,Before-After
V001701,C01066,2010-11-14,Technology,Standard Video,English,198,General,55,Text Overlay
V001702,C01013,2018-11-28,Entertainment,Standard Video,Spanish,111,General,66,Collage
V001703,C01399,2023-10-29,Education,Short,Hindi,38,General,12,Minimalist
V001704,C00187,2025-01-06,Education,Standard Video,Filipino,219,Teen,55,Bright Colors
V001705,C01132,2017-08-02,Film,Short,Hindi,51,General,21,Screenshot
V001706,C00571,2012-08-18,Technology,Standard Video,Portuguese,503,Teen,38,Bright Colors
V001707,C00786,2021-01-22,Sports,Short,English,26,Mature,32,Collage
V001708,C00250,2023-01-01,Education,Short,Hindi,16,General,16,Text Overlay
V001709,C01978,2022-06-22,Technology,Standard Video,Hindi,715,General,62,Screenshot
V001710,C00807,2019-08-05,Lifestyle,Standard Video,Turkish,149,General,36,Before-After
V001711,C01621,2025-11-20,Entertainment,Standard Video,English,517,Teen,67,Before-After
V001712,C00690,2025-04-25,Sports,Standard Video,English,313,General,52,Face Close-up
V001713,C00121,2022-07-17,Music,Short,Hindi,21,Teen,24,Text Overlay
V001714,C00108,2026-05-09,Sports,Standard Video,English,107,General,23,Screenshot
V001715,C00583,2022-11-26,Sports,Standard Video,Portuguese,610,General,69,Text Overlay
V001716,C01384,2013-12-23,Lifestyle,Short,Japanese,29,Mature,27,Screenshot
V001717,C00637,2026-07-18,Entertainment,Premiere,English,156,General,22,Collage
V001718,C01451,2026-07-19,Music,Standard Video,English,525,General,47,Face Close-up
V001719,C00520,2018-09-01,Comedy,Short,French,51,Teen,11,Minimalist
V001720,C01589,2018-09-18,Gaming,Short,English,44,General,23,Collage
V001721,C01218,2021-05-02,Entertainment,Standard Video,Korean,560,General,53,Bright Colors
V001722,C01302,2015-10-16,Sports,Standard Video,Korean,484,General,64,Minimalist
V001723,C00599,2015-06-24,News,Short,Spanish,54,General,34,Screenshot
V001724,C00448,2019-04-07,Technology,Short,Urdu,53,General,34,Collage
V001725,C01777,2024-03-23,Technology,Standard Video,Portuguese,617,Teen,53,Text Overlay
V001726,C01107,2026-07-03,Lifestyle,Short,German,52,General,42,Bright Colors
V001727,C01507,2015-04-13,Education,Standard Video,Hindi,1241,General,16,Text Overlay
V001728,C01783,2017-06-28,Education,Short,Hindi,39,General,15,Collage
V001729,C01210,2021-10-08,Education,Standard Video,Spanish,394,General,51,Minimalist
V001730,C00680,2013-06-19,Education,Short,Portuguese,25,General,15,Face Close-up
V001731,C00520,2014-07-25,Comedy,Standard Video,French,644,Teen,10,Minimalist
V001732,C01777,2024-10-09,Technology,Standard Video,Portuguese,581,Teen,54,Screenshot
V001733,C01711,2014-06-06,Sports,Standard Video,Portuguese,1247,General,32,Before-After
V001734,C00344,2017-06-02,Education,Standard Video,Hindi,300,General,22,Minimalist
V001735,C01605,2026-07-20,Gaming,Standard Video,Japanese,1436,Teen,60,
V001736,C01488,2015-10-26,Sports,Short,Hindi,57,General,34,Collage
V001737,C01739,2013-12-08,Music,Standard Video,English,678,General,42,Face Close-up
V001738,C00583,2022-07-30,Education,Short,Portuguese,59,General,10,Collage
V001739,C00179,2019-01-18,Education,Standard Video,English,481,General,43,Minimalist
V001740,C01771,2016-01-01,Education,Standard Video,English,290,General,48,Collage
V001741,C00652,2024-03-20,Technology,Live Stream,English,12917,General,51,Face Close-up
V001742,C00592,2026-06-21,Music,Standard Video,English,466,General,25,Face Close-up
V001743,C00131,2016-05-17,Technology,Standard Video,English,231,General,10,Minimalist
V001744,C01592,2026-05-27,Entertainment,Standard Video,Spanish,61,General,38,Face Close-up
V001745,C01883,2016-07-10,News,Short,Filipino,48,Teen,23,Before-After
V001746,C00181,2014-06-14,Lifestyle,Live Stream,Portuguese,9081,General,39,Minimalist
V001747,C01948,2018-09-26,Entertainment,Standard Video,French,438,General,49,Collage
V001748,C01650,2022-08-28,Technology,Premiere,English,876,General,38,
V001749,C00427,2017-11-02,Technology,Short,English,60,General,15,Text Overlay
V001750,C01998,2025-06-23,Education,Short,Spanish,49,General,16,Before-After
V001751,C00196,2020-12-24,Comedy,Live Stream,English,11317,General,36,Minimalist
V001752,C00559,2014-07-12,Gaming,Short,Hindi,24,General,27,Collage
V001753,C01794,2023-07-18,Gaming,Short,Hindi,55,General,23,Before-After
V001754,C00806,2017-09-12,Technology,Short,English,30,General,26,Bright Colors
V001755,C00830,2017-05-30,Sports,Standard Video,English,395,Mature,33,Screenshot
V001756,C00200,2014-08-02,Film,Live Stream,English,12632,General,63,Minimalist
V001757,C00177,2013-12-22,Technology,Standard Video,Spanish,574,Teen,38,Face Close-up
V001758,C00625,2023-11-25,Film,Standard Video,English,599,General,37,Face Close-up
V001759,C00658,2021-02-10,Entertainment,Short,Turkish,16,General,31,Screenshot
V001760,C01587,2021-02-10,Education,Short,Portuguese,37,Mature,26,Minimalist
V001761,C00891,2022-08-30,Entertainment,Short,Korean,51,Teen,20,Screenshot
V001762,C01836,2026-06-29,Comedy,Live Stream,English,4497,General,47,Screenshot
V001763,C01792,2020-12-11,Gaming,Short,Portuguese,22,General,16,Screenshot
V001764,C01735,2026-03-28,Education,Live Stream,Hindi,5993,General,46,Bright Colors
V001765,C01289,2021-08-19,Education,Standard Video,Hindi,2348,Mature,42,Text Overlay
V001766,C00025,2019-02-26,News,Standard Video,Spanish,874,General,,Before-After
V001767,C01908,2013-08-30,Lifestyle,Short,Telugu,21,General,13,Collage
V001768,C01658,2025-12-06,Gaming,Short,English,49,General,34,Minimalist
V001769,C01132,2017-09-08,Film,Standard Video,Hindi,1007,General,60,Face Close-up
V001770,C01738,2022-10-21,Music,Short,English,40,General,44,Bright Colors
V001771,C00181,2012-06-19,Lifestyle,Standard Video,Portuguese,947,General,31,Minimalist
V001772,C01826,2025-07-23,Gaming,Standard Video,Indonesian,195,General,71,Bright Colors
V001773,C00766,2025-02-04,Technology,Standard Video,Indonesian,145,Teen,46,Minimalist
V001774,C01144,2016-08-20,Lifestyle,Standard Video,English,84,Teen,40,Bright Colors
V001775,C01852,2026-07-04,Film,Standard Video,Indonesian,559,General,,Minimalist
V001776,C01277,2017-03-16,Technology,Short,English,30,General,41,
V001777,C01137,2014-01-07,Education,Standard Video,English,461,General,81,Screenshot
V001778,C00601,2018-04-22,Gaming,Standard Video,Japanese,375,General,63,Before-After
V001779,C01738,2021-05-19,Music,Standard Video,English,565,General,27,
V001780,C01161,2025-01-02,Gaming,Short,Spanish,35,General,19,Before-After
V001781,C00629,2018-06-18,Sports,Standard Video,Indonesian,267,General,55,Minimalist
V001782,C01350,2023-06-29,Education,Live Stream,English,13737,General,58,Face Close-up
V001783,C01502,2025-11-24,Music,Standard Video,Portuguese,433,General,29,Screenshot
V001784,C01137,2025-05-27,Education,Live Stream,English,3402,General,39,Text Overlay
V001785,C01256,2021-08-24,Entertainment,Standard Video,Spanish,341,General,58,Screenshot
V001786,C01733,2021-06-24,Education,Short,English,28,General,32,Screenshot
V001787,C00444,2010-12-26,Education,Short,English,31,General,8,Before-After
V001788,C00497,2017-06-13,Film,Short,Portuguese,40,General,31,Screenshot
V001789,C01261,2010-09-28,Lifestyle,Standard Video,German,660,General,34,Face Close-up
V001790,C00989,2022-01-25,Sports,Standard Video,French,203,General,22,Bright Colors
V001791,C01502,2024-10-13,Music,Standard Video,Portuguese,499,General,22,Collage
V001792,C00903,2025-08-10,Film,Short,English,28,General,13,Bright Colors
V001793,C00652,2023-10-10,Education,Standard Video,Hindi,1290,General,47,Text Overlay
V001794,C00382,2026-06-14,Technology,Standard Video,Kannada,247,General,52,Before-After
V001795,C01876,2018-12-28,Gaming,Standard Video,English,480,General,38,Bright Colors
V001796,C01626,2012-04-30,Technology,Live Stream,Hindi,6980,General,14,Minimalist
V001797,C00751,2016-09-20,Film,Short,English,23,General,14,Face Close-up
V001798,C00716,2021-12-15,Gaming,Short,English,26,General,48,Minimalist
V001799,C01697,2024-08-26,Entertainment,Short,English,30,General,29,Minimalist
V001800,C01196,2025-10-28,Gaming,Short,Urdu,39,General,,Screenshot
V001801,C00424,2012-06-25,Education,Short,Hindi,50,General,8,Bright Colors
V001802,C00559,2012-10-25,Film,Short,Hindi,31,Teen,8,Minimalist
V001803,C01623,2011-03-05,Lifestyle,Standard Video,English,591,General,39,Before-After
V001804,C00581,2020-07-26,Education,Standard Video,Portuguese,255,General,36,Bright Colors
V001805,C01977,2023-06-05,Music,Standard Video,German,115,General,58,Screenshot
V001806,C01007,2024-01-02,Film,Standard Video,Spanish,236,General,51,Screenshot
V001807,C01257,2018-11-14,Sports,Standard Video,French,369,General,27,Minimalist
V001808,C01034,2023-09-19,Comedy,Standard Video,English,285,General,33,Face Close-up
V001809,C01852,2026-07-06,Film,Standard Video,Indonesian,287,General,33,Minimalist
V001810,C01676,2021-05-07,Comedy,Short,English,21,General,27,Text Overlay
V001811,C00903,2019-09-30,Film,Live Stream,Spanish,14280,General,20,Bright Colors
V001812,C00680,2016-01-20,Education,Short,Vietnamese,34,General,8,Screenshot
V001813,C01012,2017-09-26,Entertainment,Live Stream,Hindi,9900,General,36,Text Overlay
V001814,C00970,2015-07-13,Entertainment,Standard Video,Hindi,146,Teen,33,Screenshot
V001815,C01918,2015-05-03,Sports,Standard Video,Spanish,598,General,67,Face Close-up
V001816,C00383,2022-09-19,Music,Short,English,35,Teen,32,Text Overlay
V001817,C00185,2025-06-07,Gaming,Standard Video,Spanish,321,Teen,72,Bright Colors
V001818,C00736,2025-10-18,Education,Premiere,Indonesian,895,General,51,Face Close-up
V001819,C01723,2022-02-28,Entertainment,Standard Video,English,170,General,49,Screenshot
V001820,C00527,2013-06-04,Entertainment,Short,English,46,General,8,Screenshot
V001821,C00607,2021-09-17,Entertainment,Short,Hindi,35,General,22,Screenshot
V001822,C00559,2013-09-22,Film,Standard Video,Hindi,613,Teen,67,Text Overlay
V001823,C01964,2015-07-30,Technology,Standard Video,Italian,449,General,39,Text Overlay
V001824,C01529,2020-06-28,Film,Standard Video,German,518,General,51,Screenshot
V001825,C00751,2013-08-02,Film,Standard Video,English,339,General,34,Before-After
V001826,C01170,2021-11-25,News,Short,English,47,General,14,Face Close-up
V001827,C00436,2019-05-07,Technology,Standard Video,English,275,General,50,Bright Colors
V001828,C01319,2025-01-24,Entertainment,Live Stream,Thai,4519,General,49,Collage
V001829,C00975,2014-08-11,News,Standard Video,Spanish,567,General,82,Face Close-up
V001830,C01149,2014-12-18,Comedy,Standard Video,Indonesian,103,General,10,Before-After
V001831,C01279,2021-12-13,Comedy,Standard Video,English,282,,,Screenshot
V001832,C01670,2025-07-18,Entertainment,Standard Video,Portuguese,277,,53,Collage
V001833,C01147,2021-03-20,Technology,Standard Video,French,1401,General,87,Before-After
V001834,C00078,2016-02-21,Sports,Short,Hindi,60,Teen,26,Screenshot
V001835,C01616,2020-04-23,Entertainment,Short,English,19,Mature,35,Screenshot
V001836,C00014,2015-07-18,Lifestyle,Standard Video,German,970,General,18,Face Close-up
V001837,C00591,2013-09-16,Gaming,Standard Video,English,573,Teen,33,Collage
V001838,C00149,2026-03-12,Gaming,Short,Hindi,53,General,32,Minimalist
V001839,C01891,2025-03-05,Lifestyle,Standard Video,Portuguese,372,General,35,Minimalist
V001840,C01399,2023-02-16,Education,Standard Video,Hindi,663,General,70,Minimalist
V001841,C01521,2022-04-04,Music,Standard Video,Kannada,4104,General,40,Collage
V001842,C01553,2014-07-25,Sports,Short,Portuguese,19,General,27,Screenshot
V001843,C01448,2017-08-20,Entertainment,Short,Spanish,53,General,8,Before-After
V001844,C01013,2019-04-04,Entertainment,Standard Video,Spanish,466,General,21,Collage
V001845,C01081,2017-01-12,Gaming,Premiere,French,642,General,69,Bright Colors
V001846,C00324,2026-06-23,Entertainment,Short,Portuguese,34,General,23,Face Close-up
V001847,C00777,2019-03-05,Technology,Standard Video,Hindi,415,General,46,Collage
V001848,C00607,2026-07-20,Entertainment,Standard Video,Hindi,71,General,40,Minimalist
V001849,C00434,2020-02-29,Music,Short,English,37,General,8,Bright Colors
V001850,C01499,2017-04-16,Entertainment,Short,Indonesian,40,Teen,31,Bright Colors
V001851,C01012,2016-09-14,Entertainment,Premiere,Portuguese,374,General,28,Collage
V001852,C01257,2015-10-16,Comedy,Short,French,42,General,19,Text Overlay
V001853,C00310,2025-04-20,Film,Short,Hindi,59,General,30,Before-After
V001854,C01723,2023-09-09,Entertainment,Standard Video,English,405,General,59,Collage
V001855,C01243,2026-05-09,Gaming,Short,English,50,General,24,Screenshot
V001856,C01561,2014-12-24,Gaming,Standard Video,Turkish,480,Mature,33,Screenshot
V001857,C00520,2013-05-27,Comedy,Standard Video,French,222,Teen,,Collage
V001858,C00610,2026-04-14,Music,Short,Hindi,18,General,33,Collage
V001859,C01672,2022-06-03,Lifestyle,Standard Video,Thai,2578,Teen,41,Collage
V001860,C00310,2025-11-01,Film,Standard Video,Hindi,302,General,42,Minimalist
V001861,C01204,2026-07-21,Film,Standard Video,English,345,Mature,50,Minimalist
V001862,C00359,2024-10-02,Gaming,Short,Marathi,41,General,30,Before-After
V001863,C01416,2015-02-20,Entertainment,Standard Video,Hindi,747,General,52,Face Close-up
V001864,C01802,2011-01-30,Music,Standard Video,English,828,General,69,Text Overlay
V001865,C00794,2019-10-09,Music,Short,English,54,General,35,Before-After
V001866,C00103,2020-10-20,Music,Short,English,59,General,21,Face Close-up
V001867,C01247,2011-08-20,Gaming,Short,English,34,General,34,Face Close-up
V001868,C00679,2024-03-07,Entertainment,Standard Video,Japanese,321,General,35,Screenshot
V001869,C00775,2023-06-11,Music,Premiere,Indonesian,268,General,43,Bright Colors
V001870,C00677,2026-03-25,Technology,Short,English,25,General,25,Before-After
V001871,C01954,2016-01-20,Comedy,Standard Video,Portuguese,161,Teen,50,Before-After
V001872,C00037,2016-10-08,Technology,Standard Video,English,778,General,85,Minimalist
V001873,C01783,2024-03-27,Education,Short,Hindi,17,General,15,Text Overlay
V001874,C01075,2024-08-19,Comedy,Standard Video,Spanish,192,General,60,Collage
V001875,C01230,2023-01-02,Gaming,Standard Video,English,611,General,29,Face Close-up
V001876,C00192,2012-05-30,Entertainment,Standard Video,English,349,General,68,Collage
V001877,C00658,2019-07-26,Entertainment,Standard Video,Turkish,2922,General,54,Collage
V001878,C01685,2023-09-03,Music,Short,English,48,General,11,Text Overlay
V001879,C00057,2020-12-23,Education,Short,French,22,General,22,Screenshot
V001880,C00051,2026-06-12,Gaming,Short,Hindi,57,General,11,Before-After
V001881,C00390,2018-05-19,Technology,Standard Video,Spanish,637,General,25,Before-After
V001882,C01583,2017-12-12,Lifestyle,Standard Video,English,836,General,75,Minimalist
V001883,C01026,2025-02-06,Entertainment,Live Stream,Vietnamese,4918,General,60,Bright Colors
V001884,C00582,2017-06-07,Gaming,Standard Video,French,2494,Teen,49,Bright Colors
V001885,C01678,2017-12-03,Gaming,Standard Video,Hindi,177,General,65,Face Close-up
V001886,C01376,2024-01-30,Comedy,Short,Hindi,49,General,30,Minimalist
V001887,C01877,2018-12-01,Gaming,Premiere,Hindi,259,General,36,
V001888,C00744,2012-12-05,Comedy,Standard Video,English,747,General,43,Bright Colors
V001889,C00369,2013-04-26,Gaming,Short,Portuguese,20,Teen,,Bright Colors
V001890,C00746,2021-10-13,Comedy,Premiere,French,617,General,50,Before-After
V001891,C01312,2024-03-04,News,Standard Video,Japanese,670,General,46,Text Overlay
V001892,C00891,2012-11-13,Entertainment,Live Stream,Korean,11002,Teen,40,Minimalist
V001893,C01118,2012-03-15,Music,Standard Video,English,83,General,32,Text Overlay
V001894,C01872,2021-12-15,Entertainment,Standard Video,Indonesian,262,General,50,Minimalist
V001895,C00791,2015-12-10,Gaming,Standard Video,Spanish,2847,General,,Text Overlay
V001896,C01900,2018-09-25,Music,Short,English,15,Teen,30,Bright Colors
V001897,C01996,2011-02-01,Education,Standard Video,English,156,General,50,Face Close-up
V001898,C00223,2013-11-03,Lifestyle,Standard Video,Japanese,381,Teen,47,Screenshot
V001899,C01213,2025-01-16,Film,Short,Spanish,43,General,49,Collage
V001900,C01233,2026-07-22,Technology,Standard Video,Portuguese,254,General,40,Text Overlay
V001901,C01622,2019-04-28,Gaming,Premiere,Hindi,175,General,59,Face Close-up
V001902,C01662,2024-07-02,Comedy,Premiere,English,98,Mature,60,Face Close-up
V001903,C01028,2021-08-19,Sports,Standard Video,Hindi,622,Teen,40,Bright Colors
V001904,C01071,2016-04-09,Comedy,Standard Video,English,225,General,79,Face Close-up
V001905,C01071,2026-04-21,Music,Standard Video,English,119,General,55,Minimalist
V001906,C01494,2010-12-21,News,Standard Video,Hindi,164,General,34,Text Overlay
V001907,C01337,2020-08-22,Entertainment,Standard Video,Turkish,330,General,25,Text Overlay
V001908,C01548,2012-06-07,Technology,Short,Spanish,26,General,16,Text Overlay
V001909,C00025,2026-07-25,Technology,Standard Video,Thai,1225,General,54,Before-After
V001910,C01932,2021-10-28,Education,Live Stream,Vietnamese,3512,General,48,Face Close-up
V001911,C01872,2019-03-22,Lifestyle,Standard Video,Indonesian,443,General,43,Collage
V001912,C00807,2021-03-08,News,Standard Video,Turkish,77,General,65,Minimalist
V001913,C00090,2017-01-24,Technology,Short,English,55,General,25,Minimalist
V001914,C00797,2025-11-06,Gaming,Standard Video,French,363,General,44,Text Overlay
V001915,C01266,2021-03-30,News,Short,Hindi,16,General,20,Screenshot
V001916,C01878,2016-03-11,Music,Standard Video,Portuguese,447,General,,Before-After
V001917,C00932,2015-02-26,Music,Short,German,17,General,25,Text Overlay
V001918,C00227,2018-05-13,Technology,Short,English,31,General,22,Collage
V001919,C00566,2013-02-20,News,Standard Video,English,2081,Teen,52,Text Overlay
V001920,C00156,2021-06-06,Music,Standard Video,English,1107,Teen,97,Before-After
V001921,C00797,2026-05-14,Gaming,Standard Video,French,221,General,54,Face Close-up
V001922,C00039,2023-12-28,Entertainment,Standard Video,Vietnamese,142,General,52,Text Overlay
V001923,C00721,2012-10-19,Sports,Short,Korean,22,Teen,46,Before-After
V001924,C01198,2025-08-08,Comedy,Short,Hindi,22,General,26,Face Close-up
V001925,C00977,2024-12-08,Film,Short,Hindi,17,General,12,Text Overlay
V001926,C01841,2014-06-15,Education,Standard Video,English,338,General,,Collage
V001927,C00993,2024-07-01,Lifestyle,Short,English,42,General,22,Text Overlay
V001928,C01005,2011-08-25,Music,Standard Video,Hindi,337,General,74,Before-After
V001929,C00858,2024-10-28,Lifestyle,Standard Video,English,2796,General,64,Before-After
V001930,C00766,2026-02-04,Technology,Premiere,Indonesian,2595,Teen,42,Before-After
V001931,C00502,2023-11-15,Music,Premiere,Spanish,158,General,64,Before-After
V001932,C00644,2025-10-12,Lifestyle,Standard Video,Vietnamese,560,Teen,24,Text Overlay
V001933,C00186,2024-07-05,Sports,Premiere,English,520,Teen,45,Minimalist
V001934,C01322,2023-10-13,Entertainment,Short,Vietnamese,33,General,28,Bright Colors
V001935,C00972,2021-02-15,Gaming,Standard Video,English,1061,Teen,89,Screenshot
V001936,C01924,2011-09-03,Technology,Short,Spanish,44,General,29,Text Overlay
V001937,C01584,2012-08-17,Sports,Standard Video,Marathi,260,Teen,72,Minimalist
V001938,C01988,2018-09-12,Film,Standard Video,Spanish,382,General,42,Bright Colors
V001939,C00581,2018-11-22,Education,Premiere,Portuguese,2236,General,34,Before-After
V001940,C01194,2024-07-31,News,Live Stream,German,3874,General,22,Screenshot
V001941,C00257,2022-12-17,Technology,Short,Filipino,18,General,8,Collage
V001942,C00928,2014-08-23,News,Live Stream,Portuguese,3685,General,77,Minimalist
V001943,C00697,2026-07-05,News,Standard Video,English,406,Teen,37,Bright Colors
V001944,C01597,2012-07-07,Lifestyle,Premiere,Vietnamese,315,Mature,56,Text Overlay
V001945,C01034,2015-07-02,Comedy,Short,English,24,General,38,Before-After
V001946,C01605,2025-12-26,Gaming,Standard Video,Japanese,1520,Teen,33,Minimalist
V001947,C01057,2024-09-12,News,Standard Video,Hindi,234,General,62,Before-After
V001948,C00721,2024-03-11,Sports,Standard Video,Korean,392,Teen,67,Screenshot
V001949,C01191,2023-07-13,Entertainment,Short,Hindi,22,General,30,Face Close-up
V001950,C01485,2026-01-29,News,Short,Korean,36,General,30,Face Close-up
V001951,C00452,2018-05-14,Technology,Short,Korean,31,General,20,Face Close-up
V001952,C00750,2020-07-12,Sports,Live Stream,Vietnamese,2654,General,43,Collage
V001953,C01319,2024-12-07,Entertainment,Standard Video,Thai,436,General,49,Face Close-up
V001954,C01121,2019-02-03,Gaming,Short,Portuguese,49,General,35,Minimalist
V001955,C01295,2023-09-08,Lifestyle,Standard Video,Portuguese,798,Teen,47,Before-After
V001956,C01164,2021-05-16,Comedy,Standard Video,Hindi,61,Teen,56,Bright Colors
V001957,C00812,2018-08-12,Education,Premiere,Filipino,160,Mature,39,Screenshot
V001958,C01584,2021-11-08,Sports,Standard Video,Marathi,791,Teen,50,Face Close-up
V001959,C01502,2025-03-29,Technology,Standard Video,Portuguese,203,General,44,Minimalist
V001960,C00549,2020-03-17,News,Standard Video,Japanese,292,General,19,Minimalist
V001961,C01643,2019-12-01,Comedy,Short,English,43,General,12,Bright Colors
V001962,C01658,2026-07-12,Gaming,Live Stream,English,10848,General,41,Text Overlay
V001963,C01455,2024-12-14,Sports,Short,English,31,General,30,Before-After
V001964,C01863,2023-09-14,Lifestyle,Standard Video,English,2412,General,40,
V001965,C01814,2020-05-05,Lifestyle,Short,Hindi,34,General,21,Before-After
V001966,C01860,2020-08-16,Lifestyle,Standard Video,English,297,General,36,Collage
V001967,C01914,2016-05-02,Music,Short,English,23,Teen,20,Screenshot
V001968,C00417,2012-10-08,Technology,Standard Video,Portuguese,647,Teen,38,Text Overlay
V001969,C00245,2010-11-14,Sports,Short,Hindi,58,General,12,Text Overlay
V001970,C00247,2026-01-22,Sports,Standard Video,English,193,General,38,Minimalist
V001971,C01119,2013-01-24,Film,Standard Video,Hindi,402,General,39,Face Close-up
V001972,C00369,2023-10-27,News,Standard Video,Portuguese,490,General,39,Face Close-up
V001973,C01386,2013-04-25,Education,Standard Video,Hindi,1247,Teen,47,Text Overlay
V001974,C00143,2026-03-16,News,Standard Video,Korean,156,Teen,32,Collage
V001975,C01463,2025-11-03,Comedy,Short,Portuguese,38,General,26,Text Overlay
V001976,C00751,2014-04-18,Gaming,Standard Video,Spanish,103,General,87,Text Overlay
V001977,C01852,2026-07-16,Film,Standard Video,Indonesian,1751,General,36,Before-After
V001978,C01978,2026-01-18,Technology,Standard Video,English,352,General,25,Minimalist
V001979,C00084,2026-04-09,Entertainment,Standard Video,Hindi,1836,General,61,Face Close-up
V001980,C01583,2022-07-11,Lifestyle,Short,English,46,General,10,Collage
V001981,C01391,2012-12-01,Education,Standard Video,Spanish,250,General,50,Text Overlay
V001982,C01785,2011-01-28,Sports,Short,Hindi,19,General,31,Minimalist
V001983,C00781,2022-01-07,Lifestyle,Standard Video,English,217,Teen,36,Text Overlay
V001984,C00184,2014-06-25,Entertainment,Live Stream,English,12271,General,73,Collage
V001985,C00893,2020-04-25,Music,Premiere,Thai,247,General,45,Face Close-up
V001986,C01123,2024-07-10,Film,Standard Video,Marathi,399,General,41,Face Close-up
V001987,C01015,2020-11-23,Education,Short,Hindi,59,General,29,Minimalist
V001988,C00596,2025-06-09,Film,Standard Video,Vietnamese,1373,General,38,Minimalist
V001989,C01201,2021-07-26,Music,Premiere,English,467,General,55,Before-After
V001990,C00576,2020-02-13,Technology,Short,French,18,Mature,25,Text Overlay
V001991,C00687,2024-12-01,Music,Short,Japanese,22,General,40,Bright Colors
V001992,C01597,2021-01-29,Lifestyle,Standard Video,Vietnamese,278,General,57,Minimalist
V001993,C01605,2026-01-24,Gaming,Live Stream,Japanese,11190,Teen,72,Bright Colors
V001994,C01178,2023-12-17,Entertainment,Standard Video,Hindi,365,General,44,Bright Colors
V001995,C00568,2017-11-26,News,Standard Video,German,245,Teen,25,Before-After
V001996,C00359,2023-10-22,Gaming,Short,Marathi,48,General,15,Screenshot
V001997,C01551,2014-07-27,Gaming,Standard Video,Hindi,986,General,33,Face Close-up
V001998,C00583,2025-10-21,Sports,Short,Portuguese,45,General,18,
V001999,C00108,2023-02-25,Sports,Standard Video,English,717,General,37,Before-After
V002000,C01670,2024-03-18,Entertainment,Standard Video,English,127,General,38,Minimalist
V002001,C00658,2020-01-02,Entertainment,Standard Video,Turkish,3938,General,70,Bright Colors
V002002,C01124,2014-09-19,Entertainment,Short,Spanish,55,General,29,Screenshot
V002003,C00655,2023-10-25,Entertainment,Short,Filipino,42,General,31,Bright Colors
V002004,C00811,2020-02-25,Gaming,Short,Indonesian,47,General,25,Face Close-up
V002005,C01415,2010-10-30,Gaming,Short,English,57,Teen,11,Text Overlay
V002006,C00309,2022-06-24,Sports,Short,Korean,48,Teen,30,Collage
V002007,C01561,2013-12-24,News,Standard Video,Turkish,1085,Mature,38,Bright Colors
V002008,C00977,2024-08-12,Film,Standard Video,English,81,General,25,Text Overlay
V002009,C01710,2025-08-19,Comedy,Short,Italian,31,General,26,Collage
V002010,C01620,2025-12-15,Film,Short,Korean,54,Teen,24,Collage
V002011,C00329,2010-02-20,Technology,Short,Korean,21,General,41,
V002012,C01274,2025-09-23,Education,Standard Video,English,642,General,58,Text Overlay
V002013,C01723,2024-08-01,Entertainment,Standard Video,Portuguese,182,General,40,Text Overlay
V002014,C00703,2026-07-18,Film,Standard Video,English,61,General,31,Text Overlay
V002015,C01235,2018-06-06,Comedy,Live Stream,English,10360,General,47,Bright Colors
V002016,C00168,2024-03-10,Gaming,Standard Video,Spanish,503,General,53,Screenshot
V002017,C01136,2023-06-25,Education,Standard Video,German,587,General,12,Screenshot
V002018,C00868,2021-07-28,Sports,Standard Video,Vietnamese,144,General,49,Screenshot
V002019,C01815,2024-07-06,Sports,Standard Video,Tamil,1083,,36,Face Close-up
V002020,C00803,2022-09-24,Technology,Standard Video,English,990,General,49,Face Close-up
V002021,C00559,2013-02-18,Film,Standard Video,Hindi,297,Teen,29,Collage
V002022,C00592,2010-08-28,Music,Short,English,43,General,12,Before-After
V002023,C01960,2024-01-03,Music,Short,Hindi,24,Teen,,Text Overlay
V002024,C00627,2023-12-19,Music,Standard Video,English,559,General,29,Minimalist
V002025,C01419,2020-06-08,Technology,Standard Video,Spanish,196,Teen,76,Collage
V002026,C00678,2023-04-16,Music,Live Stream,Portuguese,10336,General,27,Before-After
V002027,C00519,2011-04-09,Music,Short,Urdu,52,General,34,Minimalist
V002028,C01012,2018-11-06,Entertainment,Standard Video,Hindi,1044,General,41,Text Overlay
V002029,C01308,2023-12-04,Sports,Short,English,39,Teen,28,Bright Colors
V002030,C00310,2025-04-11,Film,Standard Video,Hindi,369,General,47,Text Overlay
V002031,C01346,2024-08-12,News,Short,English,28,General,37,Minimalist
V002032,C00081,2025-12-21,Sports,Short,English,31,General,28,Collage
V002033,C00319,2014-09-14,Gaming,Standard Video,Spanish,843,General,31,Bright Colors
V002034,C01547,2016-05-30,Gaming,Short,English,32,General,29,Screenshot
V002035,C00858,2024-05-13,Lifestyle,Short,Portuguese,24,General,32,Collage
V002036,C00700,2025-11-19,Music,Standard Video,Hindi,2084,General,37,Collage
V002037,C01524,2023-04-29,Sports,Live Stream,English,7598,General,44,Screenshot
V002038,C00018,2025-12-11,Comedy,Short,English,41,General,17,Collage
V002039,C00222,2017-06-19,Technology,Short,Hindi,56,Teen,40,Screenshot
V002040,C00630,2015-01-26,Technology,Standard Video,Hindi,81,Teen,40,Text Overlay
V002041,C01291,2020-02-25,Comedy,Standard Video,Portuguese,124,General,64,Screenshot
V002042,C00560,2018-10-31,Lifestyle,Short,Indonesian,17,General,31,Collage
V002043,C00178,2020-11-21,Gaming,Premiere,French,303,Teen,44,Screenshot
V002044,C01060,2024-03-19,Film,Premiere,English,1145,Teen,63,Text Overlay
V002045,C00415,2021-02-25,Music,Standard Video,English,1082,Mature,52,Text Overlay
V002046,C01231,2026-01-25,Education,Short,English,57,General,29,Face Close-up
V002047,C00549,2016-10-26,News,Short,Japanese,27,General,25,Bright Colors
V002048,C01212,2014-12-16,Gaming,Standard Video,English,154,,57,Text Overlay
V002049,C00101,2017-01-10,Entertainment,Standard Video,English,450,Teen,46,Minimalist
V002050,C00204,2023-03-08,Sports,Live Stream,Hindi,7260,General,47,Before-After
V002051,C01583,2025-08-13,Lifestyle,Standard Video,English,1290,General,57,Text Overlay
V002052,C01343,2021-04-04,Technology,Short,English,16,General,16,Screenshot
V002053,C01123,2024-08-30,Film,Short,Marathi,36,General,17,
V002054,C00705,2022-08-13,Entertainment,Standard Video,English,151,General,39,Minimalist
V002055,C01777,2023-11-27,Entertainment,Standard Video,Portuguese,2040,Teen,64,Screenshot
V002056,C00181,2026-05-11,Gaming,Short,Portuguese,53,General,25,Minimalist
V002057,C00695,2025-03-09,News,Short,Spanish,46,General,23,Before-After
V002058,C00181,2013-08-21,Lifestyle,Standard Video,Portuguese,1712,General,38,Bright Colors
V002059,C00769,2017-02-27,Education,Short,Tamil,22,General,27,Before-After
V002060,C01500,2018-11-13,Sports,Standard Video,Spanish,292,General,47,Before-After
V002061,C01335,2018-08-27,Sports,Short,Japanese,27,General,15,Screenshot
V002062,C00751,2021-07-31,Entertainment,Standard Video,English,463,General,61,Collage
V002063,C01960,2024-04-19,Music,Short,Hindi,24,Teen,25,Screenshot
V002064,C01137,2015-12-16,Education,Short,English,49,General,14,Minimalist
V002065,C01233,2025-07-04,Technology,Short,Spanish,38,General,24,Screenshot
V002066,C01039,2021-07-09,Lifestyle,Short,Hindi,24,Teen,8,Before-After
V002067,C00264,2016-01-19,Lifestyle,Standard Video,Spanish,589,General,23,Face Close-up
V002068,C01319,2026-02-11,News,Standard Video,Thai,4095,General,48,Before-After
V002069,C00173,2012-07-17,Gaming,Short,Portuguese,53,Teen,21,Face Close-up
V002070,C00942,2022-02-28,Gaming,Short,Filipino,41,General,8,
V002071,C01545,2023-11-26,Technology,Standard Video,English,64,General,33,Minimalist
V002072,C01819,2016-06-03,News,Short,Indonesian,55,General,15,Minimalist
V002073,C01076,2025-11-09,Entertainment,Short,English,32,Teen,24,Before-After
V002074,C01963,2021-04-03,Lifestyle,Short,Indonesian,18,General,26,Bright Colors
V002075,C01919,2018-07-29,Sports,Short,Vietnamese,37,Mature,13,Face Close-up
V002076,C00909,2014-09-02,Education,Standard Video,German,1467,Teen,27,Text Overlay
V002077,C00079,2025-03-18,Sports,Short,Portuguese,37,General,19,Bright Colors
V002078,C00361,2023-11-13,Technology,Standard Video,Indonesian,1900,General,46,Minimalist
V002079,C00245,2012-08-06,Sports,Standard Video,Hindi,271,General,62,Screenshot
V002080,C01671,2013-12-22,Film,Standard Video,English,235,General,44,Text Overlay
V002081,C01930,2015-07-01,Comedy,Standard Video,German,797,Teen,68,Minimalist
V002082,C01552,2015-05-21,Technology,Short,Filipino,44,Teen,26,Minimalist
V002083,C00287,2022-06-12,Gaming,Short,Korean,47,General,26,Collage
V002084,C01076,2022-08-09,Entertainment,Short,English,18,Teen,26,Text Overlay
V002085,C01432,2026-04-16,Gaming,Standard Video,English,1169,General,53,Face Close-up
V002086,C00776,2022-03-26,Lifestyle,Live Stream,Filipino,8057,General,53,Face Close-up
V002087,C00264,2025-03-05,Lifestyle,Standard Video,Spanish,198,General,39,Minimalist
V002088,C01482,2025-06-20,Film,Short,English,39,General,28,Bright Colors
V002089,C01693,2017-02-24,Entertainment,Standard Video,Hindi,788,General,45,Minimalist
V002090,C00794,2025-10-21,Music,Standard Video,English,117,General,34,Text Overlay
V002091,C00424,2012-04-04,Education,Standard Video,Hindi,146,General,56,
V002092,C00342,2014-06-19,Technology,Short,English,18,General,34,Face Close-up
V002093,C00259,2018-09-19,Entertainment,Standard Video,Portuguese,684,General,12,Minimalist
V002094,C01844,2019-10-07,Music,Short,Hindi,37,General,22,Face Close-up
V002095,C01735,2024-05-28,Education,Live Stream,English,6685,Teen,46,Face Close-up
V002096,C00726,2019-03-05,Education,Short,German,17,General,41,Text Overlay
V002097,C00352,2010-03-01,Entertainment,Standard Video,Hindi,1271,General,57,Face Close-up
V002098,C01291,2015-12-09,Comedy,Standard Video,Portuguese,157,General,39,Face Close-up
V002099,C00876,2010-11-11,Sports,Standard Video,English,194,Teen,57,Face Close-up
V002100,C00180,2016-12-25,Gaming,Standard Video,Spanish,350,General,35,Before-After
V002101,C00086,2011-02-26,Sports,Standard Video,Hindi,772,Teen,47,Face Close-up
V002102,C00506,2016-04-02,Technology,Standard Video,German,213,General,43,Minimalist
V002103,C01391,2015-11-06,Education,Standard Video,Hindi,993,General,67,Screenshot
V002104,C01161,2020-10-09,Gaming,Standard Video,Spanish,656,General,37,Bright Colors
V002105,C01492,2020-02-16,Comedy,Standard Video,Indonesian,320,General,60,Bright Colors
V002106,C01133,2021-05-29,Education,Standard Video,Italian,319,Teen,38,Text Overlay
V002107,C00254,2025-09-11,Gaming,Short,English,39,General,31,Collage
V002108,C01678,2017-12-03,Gaming,Standard Video,Hindi,359,General,37,Bright Colors
V002109,C00090,2017-09-19,Education,Premiere,English,377,General,39,Face Close-up
V002110,C00680,2017-08-13,Education,Short,Vietnamese,52,General,33,Screenshot
V002111,C01013,2016-11-24,Entertainment,Standard Video,Spanish,593,General,47,Face Close-up
V002112,C01123,2024-07-03,Comedy,Standard Video,Marathi,154,General,66,Bright Colors
V002113,C00877,2017-06-16,Film,Standard Video,English,245,General,51,Text Overlay
V002114,C01509,2024-05-30,News,Standard Video,Spanish,632,General,61,Before-After
V002115,C01128,2023-09-04,Gaming,Short,English,26,General,14,Screenshot
V002116,C00928,2024-10-22,News,Standard Video,Portuguese,247,General,43,Minimalist
V002117,C00352,2014-06-03,Entertainment,Standard Video,English,170,General,44,Bright Colors
V002118,C00659,2012-05-28,Education,Standard Video,English,443,,47,Minimalist
V002119,C01863,2020-11-05,Film,Standard Video,English,388,General,10,Collage
V002120,C01039,2017-05-15,Lifestyle,Premiere,English,394,Teen,45,Bright Colors
V002121,C01764,2024-08-16,Technology,Standard Video,Spanish,246,General,23,Before-After
V002122,C01091,2020-07-12,Entertainment,Standard Video,Spanish,544,General,25,Minimalist
V002123,C01005,2016-03-05,Lifestyle,Standard Video,Hindi,900,General,60,Face Close-up
V002124,C01572,2012-03-16,Sports,Standard Video,Hindi,378,,43,Screenshot
V002125,C00371,2015-10-23,Sports,Short,English,26,General,19,Face Close-up
V002126,C00799,2021-02-04,Lifestyle,Short,German,56,Mature,18,Text Overlay
V002127,C01589,2018-09-19,Gaming,Standard Video,Portuguese,1370,General,31,Screenshot
V002128,C00259,2024-07-05,Entertainment,Standard Video,Portuguese,497,General,61,Collage
V002129,C01862,2020-03-05,Lifestyle,Short,Portuguese,33,Teen,13,Text Overlay
V002130,C01960,2025-06-27,Gaming,Short,Hindi,33,Teen,32,Screenshot
V002131,C01013,2014-10-08,Entertainment,Standard Video,Spanish,821,General,68,Screenshot
V002132,C01511,2019-07-26,Gaming,Standard Video,English,431,General,30,Text Overlay
V002133,C01257,2016-02-17,Gaming,Short,French,28,General,38,Face Close-up
V002134,C00694,2024-02-20,Sports,Standard Video,Japanese,369,General,41,Bright Colors
V002135,C00799,2019-01-19,Lifestyle,Standard Video,German,275,Mature,50,Minimalist
V002136,C00772,2011-06-16,Sports,Standard Video,Portuguese,458,General,63,Bright Colors
V002137,C01802,2019-03-27,Music,Short,English,52,General,8,Bright Colors
V002138,C00899,2016-07-16,Sports,Premiere,English,185,General,50,Bright Colors
V002139,C00014,2012-09-23,Lifestyle,Standard Video,German,345,General,46,
V002140,C00443,2026-04-29,Music,Premiere,Spanish,480,Teen,63,Text Overlay
V002141,C01587,2013-02-02,Education,Premiere,Portuguese,1040,Mature,42,Bright Colors
V002142,C01677,2023-02-03,Education,Premiere,English,738,General,39,Bright Colors
V002143,C01506,2015-06-20,Gaming,Standard Video,English,917,Teen,31,Text Overlay
V002144,C01383,2018-11-12,Entertainment,Short,Japanese,40,General,28,Minimalist
V002145,C01383,2016-08-11,Entertainment,Short,Japanese,23,General,23,Text Overlay
V002146,C01426,2018-03-28,Technology,Standard Video,Vietnamese,877,General,44,Screenshot
V002147,C00613,2011-09-03,Entertainment,Short,English,43,General,37,Collage
V002148,C01180,2011-10-02,Music,Standard Video,Korean,1289,General,59,Minimalist
V002149,C00575,2014-04-26,Lifestyle,Premiere,Tamil,430,General,53,Minimalist
V002150,C00783,2017-11-07,Sports,Standard Video,English,206,General,58,Before-After
V002151,C01704,2013-12-24,Sports,Standard Video,English,609,General,,Collage
V002152,C01372,2025-05-20,Sports,Short,Hindi,36,General,14,Screenshot
V002153,C01987,2013-02-13,News,Standard Video,German,568,General,51,Text Overlay
V002154,C01639,2025-09-10,Technology,Standard Video,Hindi,3199,General,47,Bright Colors
V002155,C01978,2021-11-05,Technology,Standard Video,Hindi,338,General,44,Before-After
V002156,C01502,2026-02-11,Music,Short,Portuguese,42,General,20,Collage
V002157,C00382,2025-06-25,Sports,Standard Video,Hindi,350,General,43,Screenshot
V002158,C00261,2024-04-08,Technology,Standard Video,Vietnamese,921,Teen,44,Face Close-up
V002159,C00522,2022-01-26,Comedy,Standard Video,Japanese,143,General,38,Minimalist
V002160,C01626,2012-09-02,Technology,Standard Video,Hindi,638,General,63,Collage
V002161,C01921,2017-07-06,Sports,Short,English,15,General,16,Before-After
V002162,C00443,2024-07-25,Music,Standard Video,Spanish,208,Teen,32,Text Overlay
V002163,C00370,2023-02-19,Education,Short,English,20,General,49,Face Close-up
V002164,C01186,2021-02-07,Sports,Standard Video,English,211,Teen,34,Minimalist
V002165,C01748,2019-12-02,Music,Standard Video,English,346,General,26,Screenshot
V002166,C00818,2019-12-29,Comedy,Standard Video,Spanish,178,General,49,Before-After
V002167,C00955,2020-02-28,Gaming,Standard Video,Urdu,233,Mature,54,
V002168,C00637,2026-07-22,Entertainment,Standard Video,English,1684,General,46,Screenshot
V002169,C00452,2016-01-25,Entertainment,Standard Video,Korean,254,General,75,Bright Colors
V002170,C00112,2025-06-13,Gaming,Short,Filipino,32,General,30,Screenshot
V002171,C00422,2026-07-17,Music,Live Stream,English,12344,General,31,Bright Colors
V002172,C01648,2013-08-27,News,Live Stream,Spanish,9206,General,51,Bright Colors
V002173,C01639,2025-08-27,Technology,Standard Video,Hindi,632,General,44,Text Overlay
V002174,C01304,2025-04-09,Gaming,Standard Video,English,302,General,40,Collage
V002175,C00559,2014-05-27,Education,Short,Hindi,23,General,9,Minimalist
V002176,C01249,2024-05-20,Sports,Short,Portuguese,31,Teen,13,Before-After
V002177,C01293,2019-02-04,Sports,Short,Filipino,37,General,13,Face Close-up
V002178,C00265,2024-12-26,Music,Short,Indonesian,51,General,24,Screenshot
V002179,C00863,2024-01-30,Education,Standard Video,English,728,General,53,Screenshot
V002180,C00003,2025-09-21,Education,Standard Video,Hindi,232,General,39,Before-After
V002181,C01698,2020-10-28,Film,Standard Video,German,1483,General,85,Minimalist
V002182,C00452,2016-06-21,Entertainment,Standard Video,Korean,203,General,39,Bright Colors
V002183,C00255,2014-08-12,Comedy,Premiere,English,397,Teen,60,Face Close-up
V002184,C00330,2013-03-27,Film,Premiere,English,702,Mature,41,Text Overlay
V002185,C00480,2025-10-14,Music,Standard Video,Spanish,284,General,56,Face Close-up
V002186,C00655,2023-03-25,Entertainment,Short,Filipino,34,General,33,Text Overlay
V002187,C00592,2024-11-26,Music,Short,English,28,General,10,Before-After
V002188,C00716,2011-09-29,Gaming,Standard Video,English,1328,General,67,Before-After
V002189,C00865,2019-10-26,Gaming,Short,Spanish,59,General,34,Text Overlay
V002190,C00735,2016-03-25,Sports,Short,English,50,General,39,Collage
V002191,C00586,2026-06-24,Education,Standard Video,English,382,General,44,Face Close-up
V002192,C01569,2019-01-13,News,Standard Video,French,685,General,27,Minimalist
V002193,C00876,2025-04-24,Sports,Standard Video,English,2170,Teen,51,Face Close-up
V002194,C01614,2013-07-21,Comedy,Standard Video,Portuguese,171,General,52,Bright Colors
V002195,C00591,2012-12-12,Gaming,Standard Video,English,643,Teen,39,Text Overlay
V002196,C01311,2023-06-13,Entertainment,Short,Portuguese,19,General,39,Bright Colors
V002197,C01802,2011-06-01,Music,Short,English,34,General,19,Minimalist
V002198,C01060,2022-11-12,Lifestyle,Short,Portuguese,35,Teen,38,Text Overlay
V002199,C01561,2014-04-26,Gaming,Live Stream,Turkish,12895,Mature,44,Bright Colors
V002200,C01560,2013-08-23,Technology,Standard Video,English,229,Teen,36,Minimalist
V002201,C00024,2022-09-23,Comedy,Standard Video,Indonesian,694,General,53,Before-After
V002202,C01389,2020-03-15,Gaming,Premiere,Hindi,413,General,66,Before-After
V002203,C01064,2021-07-27,Education,Standard Video,Thai,327,Teen,61,Bright Colors
V002204,C01371,2018-04-12,Entertainment,Standard Video,Spanish,906,General,41,Screenshot
V002205,C00006,2012-10-08,Comedy,Standard Video,Korean,277,General,38,Bright Colors
V002206,C00847,2012-08-25,Lifestyle,Short,English,59,Teen,24,Text Overlay
V002207,C00469,2023-12-28,Sports,Standard Video,English,528,General,49,Face Close-up
V002208,C00186,2025-05-10,Sports,Short,English,56,General,12,Collage
V002209,C01841,2010-11-01,Education,Standard Video,English,841,General,47,Screenshot
V002210,C00264,2015-10-04,Lifestyle,Short,Spanish,22,General,26,Collage
V002211,C01815,2023-01-05,Sports,Standard Video,Tamil,418,General,20,Collage
V002212,C00583,2022-12-25,Sports,Standard Video,Portuguese,1589,General,42,Minimalist
V002213,C01850,2023-03-25,Gaming,Standard Video,English,275,General,48,Minimalist
V002214,C00727,2020-12-22,Sports,Standard Video,Spanish,691,General,74,Bright Colors
V002215,C01959,2023-05-28,Education,Short,Spanish,35,General,24,Bright Colors
V002216,C00914,2025-04-19,Comedy,Standard Video,Bengali,319,Teen,43,Text Overlay
V002217,C00020,2019-03-01,Gaming,Standard Video,English,625,General,59,Bright Colors
V002218,C00310,2025-09-09,Film,Standard Video,Hindi,158,General,30,Before-After
V002219,C00079,2023-04-23,Gaming,Short,Portuguese,29,General,31,Screenshot
V002220,C01346,2023-11-02,News,Standard Video,English,1248,General,65,Before-After
V002221,C00680,2014-05-05,Education,Short,Vietnamese,45,General,11,Text Overlay
V002222,C00286,2019-06-05,Entertainment,Short,Hindi,24,General,23,Bright Colors
V002223,C01529,2025-04-13,Technology,Standard Video,German,279,General,51,Collage
V002224,C01233,2024-11-30,Technology,Standard Video,Spanish,830,General,46,Before-After
V002225,C01385,2024-01-28,Sports,Standard Video,Hindi,181,General,32,
V002226,C01800,2011-12-01,Gaming,Short,Hindi,22,Teen,27,Bright Colors
V002227,C00068,2018-03-30,Entertainment,Standard Video,Spanish,567,Teen,40,Text Overlay
V002228,C00418,2025-05-03,Education,Short,Italian,34,Teen,17,Before-After
V002229,C00629,2011-06-21,Sports,Standard Video,Indonesian,662,General,67,Screenshot
V002230,C01013,2018-11-23,Entertainment,Premiere,Spanish,1171,General,33,Text Overlay
V002231,C00622,2022-05-20,Entertainment,Short,German,44,Teen,29,Screenshot
V002232,C00659,2011-09-21,News,Standard Video,English,479,General,57,Before-After
V002233,C00721,2015-02-20,Sports,Short,Korean,42,Teen,16,Before-After
V002234,C01900,2018-05-24,Music,Standard Video,English,392,Teen,42,Collage
V002235,C00159,2016-03-26,Film,Standard Video,English,342,Teen,42,Screenshot
V002236,C00653,2025-01-11,Entertainment,Short,English,30,General,17,Minimalist
V002237,C01111,2021-07-13,Music,Standard Video,English,657,General,48,Collage
V002238,C01869,2013-02-13,Music,Short,English,43,General,30,Before-After
V002239,C00520,2010-05-19,Comedy,Standard Video,French,472,Teen,24,Screenshot
V002240,C01455,2024-11-29,Sports,Live Stream,Spanish,9974,General,,Before-After
V002241,C01785,2011-08-17,Sports,Standard Video,Hindi,271,General,58,Before-After
V002242,C01876,2010-08-07,Gaming,Standard Video,English,637,General,24,Collage
V002243,C00202,2021-09-08,News,Short,English,19,General,46,Text Overlay
V002244,C00766,2025-05-15,Technology,Standard Video,Indonesian,1737,Teen,34,Text Overlay
V002245,C00914,2019-02-26,Comedy,Standard Video,Bengali,533,Teen,56,Face Close-up
V002246,C01233,2025-05-26,Technology,Standard Video,Spanish,180,General,49,
V002247,C00647,2021-09-25,Education,Short,Hindi,34,General,18,Minimalist
V002248,C01307,2014-01-06,Music,Standard Video,English,626,General,45,Text Overlay
V002249,C00865,2013-01-20,Gaming,Standard Video,Spanish,993,General,27,Face Close-up
V002250,C00256,2025-05-21,Comedy,Short,English,24,General,29,Before-After
V002251,C00154,2025-08-11,Gaming,Standard Video,English,1431,Teen,44,Bright Colors
V002252,C00323,2019-02-07,Entertainment,Short,English,52,Teen,36,Face Close-up
V002253,C01859,2019-11-26,Technology,Short,Vietnamese,27,Teen,22,Face Close-up
V002254,C01766,2018-05-20,Music,Short,English,51,General,30,Collage
V002255,C01170,2026-02-07,News,Standard Video,English,866,General,,Collage
V002256,C01247,2017-10-12,Lifestyle,Standard Video,Hindi,2512,General,16,Before-After
V002257,C00613,2013-09-25,Entertainment,Standard Video,English,346,General,58,Bright Colors
V002258,C01291,2023-11-23,Comedy,Standard Video,Spanish,386,General,46,Collage
V002259,C01328,2018-02-09,Entertainment,Standard Video,English,372,Teen,50,Before-After
V002260,C00204,2017-08-12,Sports,Standard Video,English,229,General,50,Minimalist
V002261,C01837,2025-08-18,Gaming,Standard Video,English,918,General,38,Collage
V002262,C00670,2010-08-10,Lifestyle,Standard Video,English,436,General,40,Minimalist
V002263,C00103,2012-08-04,Music,Standard Video,English,1009,General,23,Bright Colors
V002264,C00738,2023-05-19,Comedy,Standard Video,English,962,General,30,Screenshot
V002265,C00773,2026-01-28,Education,Standard Video,English,566,General,41,Before-After
V002266,C01960,2026-05-03,Music,Standard Video,Hindi,566,Teen,70,Collage
V002267,C00738,2025-05-29,Lifestyle,Standard Video,English,217,General,13,Minimalist
V002268,C00147,2025-03-07,Music,Standard Video,Urdu,619,General,52,Minimalist
V002269,C00520,2019-03-11,Comedy,Standard Video,French,1607,Teen,37,Bright Colors
V002270,C01121,2024-04-16,Gaming,Standard Video,Portuguese,128,General,71,Text Overlay
V002271,C01896,2024-05-29,Comedy,Short,English,55,General,16,Minimalist
V002272,C00187,2024-08-18,Film,Live Stream,Filipino,9210,Teen,37,Minimalist
V002273,C00578,2013-09-17,Gaming,Standard Video,Indonesian,501,General,57,Collage
V002274,C01505,2025-07-05,Education,Standard Video,Hindi,1365,General,42,Collage
V002275,C01247,2015-04-25,Film,Standard Video,English,381,General,70,Bright Colors
V002276,C01401,2016-09-21,Music,Short,Hindi,43,General,33,Bright Colors
V002277,C01247,2013-02-05,Lifestyle,Short,English,51,General,20,Screenshot
V002278,C01587,2016-09-29,Education,Short,Portuguese,54,Mature,18,Screenshot
V002279,C00849,2016-11-07,Music,Standard Video,German,819,General,34,Screenshot
V002280,C01844,2025-06-27,Music,Live Stream,Hindi,6842,General,31,Minimalist
V002281,C01011,2026-04-11,Lifestyle,Standard Video,Kannada,973,General,50,Before-After
V002282,C01027,2020-04-03,Entertainment,Short,English,58,General,25,Collage
V002283,C00474,2023-07-29,Education,Standard Video,Marathi,2295,General,18,Collage
V002284,C00425,2014-04-19,Comedy,Short,Hindi,53,General,31,Face Close-up
V002285,C01738,2022-04-02,News,Standard Video,English,136,General,61,Minimalist
V002286,C00431,2025-08-21,Music,Short,Tamil,15,General,24,Face Close-up
V002287,C00651,2021-03-09,Lifestyle,Short,Hindi,18,,21,Minimalist
V002288,C01378,2023-11-05,Education,Short,Turkish,43,General,12,Face Close-up
V002289,C00881,2018-01-14,Entertainment,Short,Hindi,23,General,28,Text Overlay
V002290,C01743,2014-12-04,Gaming,Standard Video,Urdu,119,General,43,Before-After
V002291,C01738,2025-11-19,Music,Short,English,49,General,27,Before-After
V002292,C01908,2014-10-17,Lifestyle,Standard Video,Telugu,814,General,50,Face Close-up
V002293,C01348,2020-04-09,Entertainment,Short,English,23,General,24,Bright Colors
V002294,C00290,2020-03-30,Gaming,Standard Video,Filipino,217,General,34,Face Close-up
V002295,C01111,2012-12-13,Music,Standard Video,English,912,General,51,Bright Colors
V002296,C00191,2018-10-08,Technology,Short,Portuguese,28,General,16,Text Overlay
V002297,C01007,2025-01-19,Film,Standard Video,Spanish,1093,General,48,Screenshot
V002298,C00204,2019-03-02,Sports,Standard Video,English,1604,General,40,Collage
V002299,C01262,2014-09-12,Lifestyle,Short,English,20,General,27,Minimalist
V002300,C01071,2017-01-16,Music,Standard Video,English,213,General,31,Minimalist
V002301,C00583,2023-04-05,Sports,Standard Video,Hindi,751,General,59,Collage
V002302,C01598,2019-03-24,Comedy,Short,Hindi,55,General,36,Before-After
V002303,C00424,2019-04-13,Education,Standard Video,Hindi,863,Mature,38,Face Close-up
V002304,C00873,2013-12-09,Education,Short,English,52,General,16,Face Close-up
V002305,C00752,2021-12-22,Comedy,Short,Indonesian,36,General,15,Bright Colors
V002306,C00891,2013-11-23,Entertainment,Short,English,26,Teen,33,Before-After
V002307,C00269,2026-01-25,Lifestyle,Standard Video,English,1190,General,25,Collage
V002308,C00449,2021-12-15,Lifestyle,Short,Portuguese,32,General,15,Text Overlay
V002309,C01137,2013-12-12,Education,Standard Video,English,684,General,25,Screenshot
V002310,C00079,2026-06-17,Gaming,Standard Video,Portuguese,93,General,28,
V002311,C00794,2017-02-16,Music,Short,English,24,General,34,Collage
V002312,C00210,2024-05-30,Entertainment,Short,English,16,General,40,Screenshot
V002313,C01149,2013-07-24,Comedy,Live Stream,Indonesian,4618,General,28,Screenshot
V002314,C01268,2017-01-07,Film,Standard Video,English,521,General,59,Bright Colors
V002315,C00410,2023-06-26,Technology,Standard Video,English,451,General,32,Screenshot
V002316,C00274,2026-03-18,Technology,Standard Video,English,162,General,54,Collage
V002317,C01705,2019-10-18,Education,Short,Thai,26,Mature,8,Face Close-up
V002318,C00120,2025-05-12,Entertainment,Standard Video,English,135,Teen,30,Screenshot
V002319,C00927,2026-06-20,Entertainment,Short,Japanese,17,General,17,Face Close-up
V002320,C01964,2022-03-30,Music,Standard Video,Italian,1437,Mature,53,Minimalist
V002321,C01247,2013-07-04,Lifestyle,Standard Video,English,425,General,48,Minimalist
V002322,C01348,2015-12-28,Entertainment,Short,English,42,General,30,Before-After
V002323,C00582,2026-03-22,Gaming,Standard Video,French,154,Teen,46,Before-After
V002324,C01007,2026-04-25,Film,Standard Video,Spanish,213,General,43,Text Overlay
V002325,C00055,2021-07-21,Entertainment,Short,Vietnamese,34,General,27,Screenshot
V002326,C01005,2012-01-01,Music,Standard Video,Hindi,648,General,32,Collage
V002327,C00360,2024-12-14,Sports,Standard Video,Hindi,553,General,60,Before-After
V002328,C00652,2023-11-29,Education,Short,English,35,General,38,Text Overlay
V002329,C01198,2025-06-12,Comedy,Standard Video,Hindi,1625,General,54,Before-After
V002330,C01617,2018-05-31,Education,Short,English,41,General,18,Bright Colors
V002331,C01870,2019-06-19,Education,Standard Video,Filipino,333,Teen,23,Screenshot
V002332,C00520,2011-02-23,Comedy,Standard Video,French,61,Teen,51,Face Close-up
V002333,C00323,2024-04-09,Entertainment,Short,English,17,Teen,36,Text Overlay
V002334,C01639,2026-05-28,Technology,Short,Hindi,54,General,18,Collage
V002335,C00461,2017-06-28,Comedy,Standard Video,Portuguese,648,General,63,Screenshot
V002336,C00716,2011-11-25,Gaming,Standard Video,English,1075,General,32,Before-After
V002337,C01387,2024-11-08,Education,Short,Hindi,58,Mature,20,Face Close-up
V002338,C01654,2022-03-19,Entertainment,Standard Video,Hindi,411,General,39,Screenshot
V002339,C01250,2020-04-17,Entertainment,Standard Video,English,669,General,18,Bright Colors
V002340,C00320,2026-07-25,Music,Short,Hindi,27,General,8,Face Close-up
V002341,C00188,2022-02-28,News,Live Stream,Hindi,2552,General,61,Before-After
V002342,C01420,2015-08-28,Gaming,Premiere,Spanish,241,General,34,Before-After
V002343,C01045,2020-06-28,Entertainment,Live Stream,Vietnamese,9961,General,65,Bright Colors
V002344,C01800,2012-07-22,Gaming,Short,Hindi,38,Teen,20,Bright Colors
V002345,C01031,2022-11-22,Sports,Short,English,27,General,37,Text Overlay
V002346,C00094,2017-08-15,Technology,Standard Video,English,174,General,35,Screenshot
V002347,C01534,2023-12-07,Technology,Short,English,56,General,29,
V002348,C00812,2016-05-20,Education,Live Stream,Spanish,7950,General,50,Text Overlay
V002349,C01914,2022-06-26,Music,Standard Video,English,135,Teen,44,Before-After
V002350,C00626,2022-03-23,Music,Short,English,34,General,24,Collage
V002351,C01737,2023-07-26,Education,Standard Video,English,681,General,40,Face Close-up
V002352,C00204,2019-06-26,Sports,Short,English,37,General,22,Before-After
V002353,C00024,2018-10-16,Comedy,Standard Video,Indonesian,311,General,33,Before-After
V002354,C01325,2021-12-08,Entertainment,Standard Video,Portuguese,344,General,34,Face Close-up
V002355,C00583,2024-02-04,Entertainment,Standard Video,Portuguese,256,Teen,54,Collage
V002356,C00180,2018-06-19,Gaming,Standard Video,Spanish,1151,General,,Bright Colors
V002357,C00921,2026-07-25,Entertainment,Short,Indonesian,21,General,10,Bright Colors
V002358,C00380,2011-10-06,Film,Standard Video,English,472,General,55,Face Close-up
V002359,C00812,2021-12-12,Education,Standard Video,Filipino,325,General,54,Minimalist
V002360,C00942,2022-10-08,Gaming,Standard Video,Filipino,154,General,50,Text Overlay
V002361,C01924,2022-07-27,Entertainment,Standard Video,Hindi,205,General,65,Minimalist
V002362,C00977,2026-06-17,Film,Standard Video,Hindi,1585,General,52,Screenshot
V002363,C01453,2017-01-29,Education,Short,English,33,Teen,30,Minimalist
V002364,C00812,2015-09-24,Education,Standard Video,Filipino,172,General,50,Text Overlay
V002365,C00049,2012-11-16,Gaming,Standard Video,Hindi,387,Teen,25,Screenshot
V002366,C00455,2016-11-03,Lifestyle,Standard Video,English,977,General,34,Before-After
V002367,C00626,2021-08-17,News,Live Stream,English,5663,General,55,Minimalist
V002368,C01177,2017-09-01,News,Standard Video,English,363,Teen,58,Bright Colors
V002369,C01917,2018-08-01,Music,Standard Video,English,75,Mature,43,
V002370,C00371,2015-07-30,Education,Short,English,42,General,8,Text Overlay
V002371,C00772,2026-02-03,Sports,Live Stream,Portuguese,9311,General,58,Face Close-up
V002372,C00592,2011-08-15,Music,Short,English,18,General,22,Face Close-up
V002373,C01197,2015-09-03,Comedy,Short,Hindi,39,General,17,Text Overlay
V002374,C01236,2018-03-03,Sports,Standard Video,Spanish,173,Teen,,Collage
V002375,C00658,2020-08-05,Entertainment,Short,Spanish,58,General,37,Minimalist
V002376,C01908,2016-02-03,Lifestyle,Short,Portuguese,29,General,16,Collage
V002377,C00867,2021-12-26,Gaming,Standard Video,Hindi,161,General,65,Text Overlay
V002378,C00474,2016-03-24,Education,Short,Marathi,54,General,16,Text Overlay
V002379,C00158,2023-04-01,Music,Standard Video,Japanese,292,General,28,Screenshot
V002380,C00491,2015-06-12,Gaming,Short,English,15,General,27,Text Overlay
V002381,C01523,2011-06-08,Gaming,Standard Video,Japanese,423,Teen,62,Collage
V002382,C01757,2014-01-02,Film,Standard Video,Vietnamese,2513,Mature,27,Face Close-up
V002383,C00683,2022-08-06,Gaming,Standard Video,Spanish,72,Teen,56,Minimalist
V002384,C00928,2018-03-13,News,Standard Video,Portuguese,1436,General,29,Face Close-up
V002385,C00676,2013-11-06,Sports,Standard Video,Portuguese,262,General,39,Minimalist
V002386,C01787,2018-06-25,Entertainment,Standard Video,English,94,General,61,Minimalist
V002387,C00261,2018-08-19,Technology,Standard Video,Vietnamese,298,Teen,43,Text Overlay
V002388,C01247,2011-06-18,Lifestyle,Short,English,39,General,12,Text Overlay
V002389,C00236,2023-03-22,Gaming,Standard Video,Hindi,287,General,19,Before-After
V002390,C00227,2015-05-18,Technology,Standard Video,English,1145,General,23,Bright Colors
V002391,C00237,2023-11-06,Education,Standard Video,Vietnamese,144,Teen,66,Face Close-up
V002392,C00577,2016-01-23,Gaming,Standard Video,German,318,General,10,Minimalist
V002393,C01308,2017-08-05,Lifestyle,Standard Video,English,539,Teen,39,Screenshot
V002394,C00950,2021-06-22,Entertainment,Short,English,35,,15,Bright Colors
V002395,C01053,2026-01-16,Comedy,Standard Video,English,1020,General,53,Bright Colors
V002396,C01500,2018-12-20,Comedy,Standard Video,Spanish,770,General,50,Screenshot
V002397,C01805,2014-10-16,Music,Standard Video,Indonesian,2278,General,52,Face Close-up
V002398,C00231,2022-01-06,Education,Standard Video,English,389,General,34,Text Overlay
V002399,C01346,2026-01-20,News,Short,English,33,General,11,Text Overlay
V002400,C01095,2015-07-04,Sports,Short,English,33,General,41,Bright Colors
V002401,C00401,2024-05-04,Music,Standard Video,Spanish,200,Teen,50,Screenshot
V002402,C01485,2022-10-10,News,Standard Video,Korean,1045,General,61,Bright Colors
V002403,C01267,2021-04-04,Gaming,Standard Video,French,190,General,39,Minimalist
V002404,C01815,2023-10-11,Sports,Short,Tamil,25,General,27,Collage
V002405,C01641,2016-10-08,Education,Premiere,English,195,General,38,Before-After
V002406,C01835,2017-05-24,Lifestyle,Short,English,17,General,45,Face Close-up
V002407,C01135,2019-07-15,News,Standard Video,English,686,General,23,Bright Colors
V002408,C00891,2012-04-23,Entertainment,Standard Video,Korean,63,Teen,56,Text Overlay
V002409,C00872,2013-02-27,Music,Standard Video,Spanish,1152,General,30,Bright Colors
V002410,C01664,2025-04-15,Lifestyle,Standard Video,Hindi,1134,General,41,Text Overlay
V002411,C00188,2022-02-07,News,Short,Hindi,32,General,15,Minimalist
V002412,C01955,2016-07-28,Comedy,Short,English,57,Teen,14,
V002413,C01379,2023-11-17,Education,Standard Video,Vietnamese,398,General,58,
V002414,C00773,2019-03-23,News,Standard Video,English,2890,General,28,Screenshot
V002415,C00014,2019-06-16,Education,Standard Video,German,653,General,64,Text Overlay
V002416,C00594,2017-03-31,Entertainment,Live Stream,Turkish,3990,General,67,Minimalist
V002417,C01973,2019-03-24,News,Standard Video,Hindi,2177,General,51,Screenshot
V002418,C00058,2018-04-08,News,Short,Filipino,57,Teen,8,Collage
V002419,C01639,2025-09-28,Entertainment,Standard Video,Hindi,761,General,41,Face Close-up
V002420,C00977,2025-09-16,Film,Standard Video,English,422,General,45,Before-After
V002421,C00555,2022-09-21,Entertainment,Short,Spanish,42,General,35,Screenshot
V002422,C01812,2026-01-01,Entertainment,Short,Indonesian,39,Mature,23,Face Close-up
V002423,C00365,2016-07-30,Technology,Short,English,30,General,16,Text Overlay
V002424,C01341,2015-11-16,Comedy,Short,English,59,Mature,10,Text Overlay
V002425,C01461,2014-10-08,Sports,Short,English,41,General,25,Collage
V002426,C01930,2015-08-23,Comedy,Standard Video,German,1544,Teen,15,Before-After
V002427,C01734,2026-06-24,Gaming,Standard Video,Filipino,641,Teen,47,Text Overlay
V002428,C00891,2012-07-20,Lifestyle,Standard Video,Korean,83,Teen,57,Face Close-up
V002429,C00202,2020-06-12,Education,Standard Video,English,916,General,83,Collage
V002430,C01918,2023-05-19,Sports,Standard Video,Hindi,522,General,33,Collage
V002431,C01440,2022-09-28,Sports,Short,Indonesian,25,General,21,Bright Colors
V002432,C01888,2020-05-27,Technology,Live Stream,Korean,13756,General,55,Screenshot
V002433,C01826,2021-07-03,Gaming,Standard Video,Indonesian,918,General,48,Screenshot
V002434,C01738,2023-12-27,Music,Short,English,55,General,18,Collage
V002435,C00365,2015-06-30,Music,Short,English,50,General,38,Before-After
V002436,C00924,2017-04-24,Gaming,Standard Video,Japanese,669,Teen,42,Face Close-up
V002437,C00896,2025-04-03,Entertainment,Standard Video,Japanese,934,General,54,Minimalist
V002438,C01106,2025-05-30,Film,Standard Video,English,730,Teen,19,Collage
V002439,C00735,2024-08-01,Technology,Standard Video,English,811,General,29,Collage
V002440,C01067,2020-09-23,News,Short,English,30,Mature,9,Text Overlay
V002441,C01521,2019-07-02,Music,Standard Video,Hindi,794,General,35,Face Close-up
V002442,C00088,2024-01-25,Gaming,Standard Video,Kannada,583,Mature,27,Collage
V002443,C00194,2015-03-02,Gaming,Short,Spanish,16,General,13,Screenshot
V002444,C01425,2016-12-03,Comedy,Standard Video,Portuguese,483,General,52,Face Close-up
V002445,C01582,2011-11-30,Lifestyle,Live Stream,English,3063,General,48,Face Close-up
V002446,C01693,2020-09-23,Entertainment,Standard Video,Hindi,108,General,56,Bright Colors
V002447,C01045,2021-02-04,Entertainment,Short,Vietnamese,48,Teen,26,Text Overlay
V002448,C00005,2018-01-30,Education,Short,French,46,General,26,Before-After
V002449,C01882,2019-03-05,Comedy,Standard Video,English,1330,General,24,Minimalist
V002450,C01199,2015-01-15,Entertainment,Standard Video,English,1058,Teen,54,Minimalist
V002451,C00256,2023-05-11,Lifestyle,Short,English,45,General,31,Bright Colors
V002452,C01012,2014-09-16,Entertainment,Premiere,Hindi,377,General,19,Collage
V002453,C00031,2014-10-30,Education,Standard Video,English,261,Mature,37,Before-After
V002454,C01891,2012-11-16,Lifestyle,Premiere,Portuguese,287,General,55,Minimalist
V002455,C01910,2023-09-30,Sports,Standard Video,Hindi,990,General,39,Face Close-up
V002456,C01063,2024-04-17,Lifestyle,Standard Video,Urdu,235,General,18,Collage
V002457,C01348,2016-04-03,Entertainment,Standard Video,English,1522,General,75,Bright Colors
V002458,C00928,2014-12-08,News,Short,Portuguese,39,General,28,
V002459,C01551,2014-06-11,Gaming,Short,Hindi,27,General,19,Before-After
V002460,C00024,2018-10-01,Comedy,Short,Hindi,24,General,30,Bright Colors
V002461,C00382,2026-07-17,Technology,Standard Video,Kannada,245,General,48,Before-After
V002462,C01734,2026-06-27,Gaming,Short,Filipino,41,Teen,35,Bright Colors
V002463,C00583,2024-01-02,Sports,Standard Video,English,459,General,34,Before-After
V002464,C00211,2018-08-14,Entertainment,Standard Video,Portuguese,773,General,52,Collage
V002465,C01062,2026-05-07,Gaming,Short,Kannada,47,General,21,Before-After
V002466,C01853,2023-06-13,Film,Standard Video,English,311,General,54,Collage
V002467,C00780,2026-07-25,Lifestyle,Short,Thai,45,General,22,Text Overlay
V002468,C01802,2015-07-23,Music,Short,English,33,General,40,
V002469,C01950,2018-11-15,Music,Standard Video,Hindi,473,Teen,48,Face Close-up
V002470,C00465,2011-09-25,Lifestyle,Standard Video,Hindi,61,General,74,Face Close-up
V002471,C00840,2011-09-13,Comedy,Standard Video,English,324,General,39,Collage
V002472,C00250,2020-03-10,Education,Short,Hindi,45,General,37,Text Overlay
V002473,C00744,2019-06-14,Education,Standard Video,Spanish,1344,General,34,Collage
V002474,C00126,2025-06-06,Music,Short,English,33,Teen,8,Minimalist
V002475,C00678,2024-08-16,Music,Standard Video,Portuguese,347,General,53,Text Overlay
V002476,C01499,2021-06-19,Entertainment,Short,Indonesian,48,Teen,24,Collage
V002477,C00107,2010-09-10,News,Short,Italian,24,General,27,Before-After
V002478,C00043,2015-10-21,Entertainment,Standard Video,English,1721,General,49,Minimalist
V002479,C00185,2017-01-29,Gaming,Short,Spanish,22,Teen,22,Collage
V002480,C00302,2019-03-20,Lifestyle,Standard Video,English,1374,General,27,
V002481,C00892,2024-03-26,Comedy,Live Stream,German,7418,General,24,Minimalist
V002482,C00584,2011-03-13,Gaming,Short,Indonesian,30,General,41,Screenshot
V002483,C01960,2025-04-20,Music,Premiere,Hindi,380,Teen,60,Collage
V002484,C00410,2023-08-21,Technology,Short,English,59,General,33,Text Overlay
V002485,C01013,2014-06-17,Entertainment,Standard Video,Spanish,2117,General,47,Collage
V002486,C00502,2024-07-11,Entertainment,Short,Spanish,42,General,29,Collage
V002487,C00034,2023-12-18,Gaming,Standard Video,English,489,General,24,Collage
V002488,C00728,2013-11-17,Education,Short,Japanese,49,General,,Text Overlay
V002489,C00401,2025-08-26,Music,Short,Spanish,58,Teen,29,Before-After
V002490,C00075,2017-02-22,Sports,Standard Video,Portuguese,381,Mature,62,
V002491,C00336,2026-01-22,Gaming,Standard Video,Indonesian,282,General,55,Text Overlay
V002492,C00719,2017-11-27,Education,Standard Video,English,382,General,31,Text Overlay
V002493,C01988,2024-04-28,Film,Standard Video,Portuguese,960,General,22,Face Close-up
V002494,C01717,2021-02-12,Comedy,Standard Video,Filipino,1410,General,38,Screenshot
V002495,C01503,2024-10-08,Gaming,Short,English,18,General,14,Before-After
V002496,C01780,2023-07-02,Entertainment,Standard Video,English,424,General,68,Before-After
V002497,C01639,2025-08-20,Technology,Standard Video,Hindi,162,General,68,Before-After
V002498,C01000,2018-06-22,Comedy,Standard Video,Spanish,384,General,77,Collage
V002499,C00935,2023-08-19,Entertainment,Standard Video,English,683,General,25,Bright Colors
V002500,C01070,2024-01-02,Education,Standard Video,English,1268,General,58,Minimalist
V002501,C00052,2013-04-06,Comedy,Premiere,Spanish,149,General,40,Collage
V002502,C00736,2023-12-27,Gaming,Standard Video,Indonesian,239,General,24,Screenshot
V002503,C00743,2021-08-22,Music,Standard Video,Spanish,211,General,28,Collage
V002504,C00185,2016-12-08,Gaming,Standard Video,Spanish,183,Teen,56,Face Close-up
V002505,C01117,2018-08-16,Technology,Standard Video,Portuguese,292,General,48,Collage
V002506,C01861,2025-06-19,Music,Standard Video,English,219,General,58,Screenshot
V002507,C01149,2012-10-18,Comedy,Standard Video,Indonesian,1655,General,38,Bright Colors
V002508,C00647,2023-02-12,Education,Short,Portuguese,43,Mature,28,Before-After
V002509,C00549,2014-09-18,News,Standard Video,Japanese,816,General,32,Bright Colors
V002510,C01132,2019-10-16,Entertainment,Standard Video,Hindi,690,General,50,Face Close-up
V002511,C01639,2025-08-03,Technology,Short,Hindi,54,General,25,Face Close-up
V002512,C00110,2012-08-13,Lifestyle,Short,French,56,General,,Before-After
V002513,C01293,2023-11-09,Sports,Standard Video,Filipino,986,General,48,Bright Colors
V002514,C01667,2024-12-16,Gaming,Short,Spanish,33,General,37,Minimalist
V002515,C00794,2024-05-10,Music,Short,English,22,General,24,Minimalist
V002516,C01925,2025-12-26,Sports,Short,English,36,General,42,Face Close-up
V002517,C01650,2022-03-29,News,Short,Spanish,55,General,37,Bright Colors
V002518,C00427,2022-02-06,Entertainment,Short,English,51,General,36,Face Close-up
V002519,C00769,2017-01-21,Education,Standard Video,Tamil,389,General,70,Before-After
V002520,C01988,2020-10-19,Film,Standard Video,Portuguese,538,General,36,
V002521,C00142,2025-03-05,Education,Short,Japanese,46,General,19,Face Close-up
V002522,C01015,2013-01-16,Education,Standard Video,Hindi,785,General,41,Face Close-up
V002523,C01972,2022-11-06,Lifestyle,Standard Video,Hindi,457,General,46,Face Close-up
V002524,C00779,2022-06-02,News,Premiere,English,206,General,41,Collage
V002525,C00136,2023-11-13,Education,Live Stream,English,13587,Teen,38,Before-After
V002526,C00942,2022-05-26,Comedy,Short,Filipino,28,General,17,Face Close-up
V002527,C00710,2017-10-13,Education,Short,Thai,59,General,22,Text Overlay
V002528,C01807,2020-05-11,Music,Standard Video,English,1204,General,27,Bright Colors
V002529,C00555,2023-09-11,Entertainment,Short,Spanish,27,General,23,Face Close-up
V002530,C01576,2024-07-24,Gaming,Standard Video,Korean,760,General,72,
V002531,C00128,2026-05-21,Sports,Short,English,30,Teen,26,Minimalist
V002532,C00065,2026-01-15,News,Standard Video,Bengali,188,Teen,39,Text Overlay
V002533,C00807,2014-09-04,Lifestyle,Standard Video,Turkish,693,General,59,Bright Colors
V002534,C01376,2019-04-04,Comedy,Short,Hindi,50,General,23,Collage
V002535,C01233,2024-10-15,Technology,Standard Video,Spanish,933,General,57,
V002536,C01734,2026-07-05,Gaming,Short,Filipino,58,General,35,Minimalist
V002537,C00131,2017-04-21,Technology,Live Stream,English,3803,General,56,Collage
V002538,C00569,2019-07-27,Gaming,Live Stream,Bengali,12059,General,26,Face Close-up
V002539,C00689,2021-07-21,Music,Short,English,23,General,20,Before-After
V002540,C00903,2018-07-05,Education,Standard Video,English,488,General,51,Bright Colors
V002541,C00265,2023-10-07,Music,Short,Indonesian,45,General,12,Screenshot
V002542,C01513,2020-11-17,Entertainment,Standard Video,Hindi,1000,General,35,Before-After
V002543,C00652,2024-11-12,Film,Standard Video,English,61,General,27,Screenshot
V002544,C00794,2024-01-31,Music,Standard Video,English,190,General,52,Screenshot
V002545,C00230,2017-12-29,News,Premiere,Hindi,102,General,33,Before-After
V002546,C01087,2019-01-05,Entertainment,Standard Video,English,242,,45,Text Overlay
V002547,C01639,2026-06-01,News,Premiere,Hindi,1294,General,58,Collage
V002548,C01738,2021-05-01,Music,Short,English,45,General,15,Before-After
V002549,C01366,2025-01-08,Entertainment,Standard Video,English,677,General,32,Collage
V002550,C01805,2013-04-28,Music,Standard Video,Indonesian,275,Mature,19,Screenshot
V002551,C00620,2020-09-16,Comedy,Live Stream,Hindi,12561,General,61,Face Close-up
V002552,C01580,2019-07-01,Technology,Live Stream,French,3679,General,,Bright Colors
V002553,C01679,2017-05-03,Gaming,Standard Video,Filipino,467,General,53,Face Close-up
V002554,C01821,2015-03-22,Technology,Short,Hindi,56,Teen,38,Text Overlay
V002555,C00839,2014-02-22,Technology,Standard Video,German,2027,Teen,41,Collage
V002556,C00886,2024-09-11,Technology,Short,English,58,Mature,35,Face Close-up
V002557,C01544,2012-11-08,Technology,Short,Portuguese,45,Teen,27,Bright Colors
V002558,C00585,2016-11-14,Gaming,Standard Video,Portuguese,1418,General,79,Minimalist
V002559,C00337,2015-05-24,Film,Standard Video,Portuguese,244,Teen,38,Face Close-up
V002560,C00079,2024-12-25,Gaming,Standard Video,Portuguese,965,General,26,Screenshot
V002561,C00185,2016-04-22,Gaming,Standard Video,Spanish,238,Teen,30,
V002562,C00196,2020-12-23,Comedy,Standard Video,English,748,General,61,Text Overlay
V002563,C00132,2021-05-22,Music,Standard Video,English,1068,Teen,57,Bright Colors
V002564,C00265,2022-10-30,Music,Short,Indonesian,25,General,16,Collage
V002565,C01307,2014-07-29,Music,Standard Video,English,114,General,65,Before-After
V002566,C00243,2019-02-20,Film,Standard Video,Spanish,316,Mature,49,Screenshot
V002567,C00888,2015-10-24,Gaming,Standard Video,Hindi,931,General,38,Minimalist
V002568,C00738,2025-08-31,Lifestyle,Standard Video,English,1289,General,53,Screenshot
V002569,C01988,2017-12-15,Film,Standard Video,Portuguese,422,General,24,Before-After
V002570,C01737,2023-12-15,Gaming,Standard Video,English,266,General,52,Before-After
V002571,C00865,2018-08-09,Gaming,Short,Spanish,28,General,32,Before-After
V002572,C00006,2024-01-02,Comedy,Short,English,42,General,24,Bright Colors
V002573,C00752,2014-03-13,Comedy,Standard Video,Indonesian,595,General,34,Before-After
V002574,C00144,2021-01-02,Education,Short,German,27,General,19,Before-After
V002575,C00603,2016-05-10,Entertainment,Short,Filipino,29,General,17,Collage
V002576,C01456,2023-02-23,Technology,Short,English,32,General,33,Collage
V002577,C01249,2016-05-24,Entertainment,Short,Portuguese,48,Teen,20,Collage
V002578,C01914,2016-06-11,Comedy,Standard Video,English,643,Teen,56,Screenshot
V002579,C01583,2018-01-07,Lifestyle,Standard Video,English,2466,General,37,Screenshot
V002580,C00339,2011-09-16,Education,Standard Video,English,433,Teen,40,Face Close-up
V002581,C00862,2026-05-20,Gaming,Standard Video,Tamil,2091,General,63,Before-After
V002582,C01787,2017-08-30,Entertainment,Standard Video,English,233,General,33,Collage
V002583,C00525,2011-12-13,Gaming,Short,Portuguese,54,General,59,Face Close-up
V002584,C01026,2024-08-30,Entertainment,Short,Vietnamese,54,General,42,Screenshot
V002585,C01743,2014-03-01,Gaming,Short,Urdu,36,General,13,Collage
V002586,C00812,2020-10-24,Education,Short,Filipino,29,General,37,Bright Colors
V002587,C00152,2015-05-18,Gaming,Standard Video,Portuguese,209,Teen,66,Bright Colors
V002588,C00179,2021-09-02,Education,Standard Video,English,808,General,38,Collage
V002589,C00367,2024-04-07,Lifestyle,Short,Urdu,21,Teen,31,Before-After
V002590,C00589,2019-08-09,Gaming,Short,English,33,General,21,Bright Colors
V002591,C01231,2025-11-16,Technology,Standard Video,English,659,General,58,Before-After
V002592,C01110,2022-02-03,Technology,Standard Video,Portuguese,2277,General,36,Before-After
V002593,C00676,2016-03-08,Sports,Short,Portuguese,50,General,13,Bright Colors
V002594,C01027,2013-08-04,Entertainment,Standard Video,English,153,General,26,Face Close-up
V002595,C00635,2017-08-02,Gaming,Short,Portuguese,30,Teen,19,Minimalist
V002596,C00424,2022-03-24,Education,Standard Video,Hindi,444,General,46,Screenshot
V002597,C01471,2025-10-16,Music,Standard Video,Kannada,352,General,39,Minimalist
V002598,C01071,2014-06-03,Technology,Live Stream,English,7745,General,31,Minimalist
V002599,C00338,2024-03-14,Lifestyle,Short,Hindi,53,Teen,20,Bright Colors
V002600,C00856,2017-12-08,Sports,Standard Video,English,1604,General,36,Bright Colors
V002601,C01586,2018-11-11,Lifestyle,Standard Video,Spanish,490,General,63,Text Overlay
V002602,C00435,2016-02-14,Technology,Standard Video,English,672,General,46,Collage
V002603,C01826,2012-07-26,Gaming,Short,Indonesian,20,General,34,Text Overlay
V002604,C00024,2019-12-04,Film,Live Stream,English,14106,General,51,Screenshot
V002605,C00621,2023-11-05,Comedy,Standard Video,Telugu,259,General,41,Minimalist
V002606,C00812,2016-01-12,Education,Short,Filipino,35,General,42,Minimalist
V002607,C01468,2013-08-03,Education,Live Stream,English,5712,Teen,53,Before-After
V002608,C00580,2021-03-05,Gaming,Premiere,Portuguese,94,General,42,Face Close-up
V002609,C00357,2025-07-30,News,Standard Video,Vietnamese,554,General,47,Collage
V002610,C00110,2021-06-22,Lifestyle,Live Stream,French,8542,General,33,Before-After
V002611,C00940,2024-03-14,Entertainment,Short,English,43,General,26,Screenshot
V002612,C01144,2010-04-24,Lifestyle,Short,English,58,,42,Text Overlay
V002613,C01346,2023-10-07,News,Short,English,16,General,22,Before-After
V002614,C01711,2018-07-27,Sports,Standard Video,Portuguese,237,General,41,Minimalist
V002615,C01062,2025-07-07,Gaming,Short,Kannada,41,General,16,Face Close-up
V002616,C00997,2025-06-25,Entertainment,Standard Video,Filipino,319,General,50,Bright Colors
V002617,C00647,2026-03-05,Education,Short,Hindi,51,Mature,30,
V002618,C00907,2025-12-28,Music,Standard Video,Korean,483,Teen,58,Text Overlay
V002619,C01575,2024-12-26,Technology,Standard Video,English,1121,General,42,Before-After
V002620,C01141,2026-07-04,Comedy,Live Stream,Portuguese,9039,General,42,Text Overlay
V002621,C01101,2025-10-26,Education,Standard Video,Portuguese,552,General,67,Minimalist
V002622,C01281,2023-04-26,Lifestyle,Short,German,55,General,16,Bright Colors
V002623,C01638,2024-07-31,Entertainment,Standard Video,Japanese,605,General,58,Face Close-up
V002624,C01024,2016-12-04,Education,Short,Hindi,60,Mature,21,Collage
V002625,C00862,2024-01-15,Technology,Short,Tamil,37,General,20,
V002626,C01137,2020-08-02,Education,Short,English,49,General,21,Bright Colors
V002627,C01245,2020-12-07,Sports,Short,English,51,Teen,34,Screenshot
V002628,C00254,2024-04-22,Gaming,Standard Video,English,1007,General,31,Face Close-up
V002629,C00784,2013-12-23,Gaming,Standard Video,Urdu,173,Teen,41,Face Close-up
V002630,C01233,2024-10-13,Technology,Standard Video,Spanish,1538,General,24,Text Overlay
V002631,C01549,2023-09-19,Music,Standard Video,Hindi,64,Mature,49,Collage
V002632,C00256,2022-09-06,Lifestyle,Short,English,17,General,29,Minimalist
V002633,C00774,2022-10-21,Film,Short,English,59,General,34,Face Close-up
V002634,C01697,2023-11-30,Education,Standard Video,Portuguese,735,General,67,Face Close-up
V002635,C01517,2026-06-09,Lifestyle,Standard Video,Filipino,280,General,64,Screenshot
V002636,C01294,2012-01-18,Lifestyle,Short,Hindi,58,General,28,Minimalist
V002637,C01931,2024-12-30,Comedy,Standard Video,French,1161,General,32,Text Overlay
V002638,C01932,2023-11-13,Education,Standard Video,Vietnamese,688,General,51,Before-After
V002639,C00514,2026-05-08,Education,Short,English,24,General,40,Minimalist
V002640,C01795,2025-02-17,Sports,Standard Video,Hindi,244,General,43,Before-After
V002641,C00948,2020-10-27,Entertainment,Standard Video,Marathi,805,General,30,Face Close-up
V002642,C00948,2024-01-14,News,Standard Video,Marathi,1035,General,54,Bright Colors
V002643,C00168,2021-07-27,Gaming,Short,Filipino,18,General,16,Text Overlay
V002644,C01213,2018-08-17,Technology,Standard Video,Filipino,183,General,34,Text Overlay
V002645,C00585,2017-05-22,Gaming,Standard Video,Portuguese,653,General,19,Bright Colors
V002646,C00167,2020-10-20,Sports,Short,Spanish,59,General,21,Collage
V002647,C01726,2016-05-28,Education,Premiere,English,1609,General,62,Text Overlay
V002648,C00047,2012-08-09,Music,Standard Video,English,258,General,37,Text Overlay
V002649,C01418,2021-03-29,Music,Standard Video,Spanish,291,Teen,61,Text Overlay
V002650,C00053,2025-11-05,Gaming,Standard Video,Turkish,520,General,38,Screenshot
V002651,C00576,2023-12-21,Technology,Short,Hindi,45,Mature,25,Minimalist
V002652,C01897,2020-09-01,Entertainment,Standard Video,Indonesian,1166,General,37,Bright Colors
V002653,C00583,2022-07-03,Sports,Short,Portuguese,24,,38,Screenshot
V002654,C00596,2025-12-06,Film,Short,Vietnamese,17,General,21,Bright Colors
V002655,C00769,2017-12-27,Entertainment,Standard Video,Tamil,1215,General,43,Before-After
V002656,C01316,2022-09-04,Music,Standard Video,Turkish,259,General,30,Text Overlay
V002657,C00367,2023-12-30,Sports,Standard Video,Urdu,717,Teen,68,Before-After
V002658,C00799,2018-01-08,Lifestyle,Standard Video,German,1372,Mature,63,Face Close-up
V002659,C01466,2024-10-03,Education,Short,English,27,General,28,Minimalist
V002660,C00207,2023-08-08,Education,Short,Spanish,20,General,20,Text Overlay
V002661,C00689,2026-05-01,Entertainment,Short,English,53,General,16,Collage
V002662,C00779,2022-04-19,News,Standard Video,English,668,General,52,Text Overlay
V002663,C00448,2022-05-17,Technology,Standard Video,Urdu,189,General,31,Before-After
V002664,C01424,2025-04-17,Education,Standard Video,English,206,General,56,Bright Colors
V002665,C00555,2020-11-06,News,Standard Video,Spanish,111,General,72,
V002666,C01257,2017-07-02,Gaming,Live Stream,French,3407,General,35,Text Overlay
V002667,C00914,2022-12-03,Comedy,Short,Bengali,28,Teen,9,
V002668,C00626,2022-03-27,News,Standard Video,English,653,General,24,Bright Colors
V002669,C01212,2014-10-28,Entertainment,Standard Video,English,568,Teen,30,Minimalist
V002670,C01678,2018-09-17,Gaming,Short,Hindi,47,General,20,Screenshot
V002671,C01814,2018-06-03,Lifestyle,Standard Video,Hindi,169,General,32,Minimalist
V002672,C01567,2021-07-06,Sports,Premiere,English,87,General,31,Face Close-up
V002673,C00396,2019-12-27,Music,Short,Bengali,50,General,32,Face Close-up
V002674,C00299,2026-04-06,Gaming,Short,English,28,General,21,Before-After
V002675,C01231,2025-11-27,Technology,Short,English,30,General,20,Face Close-up
V002676,C00099,2023-04-21,Entertainment,Premiere,Spanish,987,Mature,24,Minimalist
V002677,C01400,2022-08-25,Sports,Standard Video,Spanish,996,General,63,Before-After
V002678,C00374,2015-06-30,Education,Short,Spanish,27,General,26,Face Close-up
V002679,C00250,2024-09-06,Education,Premiere,Hindi,258,General,53,Collage
V002680,C01428,2022-07-30,Education,Standard Video,Portuguese,1279,General,49,Minimalist
V002681,C01937,2022-01-25,Gaming,Short,English,19,General,19,Bright Colors
V002682,C01982,2018-02-22,Film,Standard Video,Turkish,289,General,61,Collage
V002683,C01094,2020-09-03,Entertainment,Standard Video,Hindi,913,General,49,
V002684,C00144,2022-11-14,Education,Standard Video,German,302,General,,Collage
V002685,C01393,2022-06-14,Gaming,Standard Video,Marathi,243,General,71,Bright Colors
V002686,C00040,2013-04-23,Music,Short,English,43,General,33,Screenshot
V002687,C01389,2020-12-11,Gaming,Short,Hindi,17,General,15,Minimalist
V002688,C01194,2024-08-06,News,Short,German,56,General,,Collage
V002689,C00474,2016-05-09,Entertainment,Short,Marathi,36,General,40,Before-After
V002690,C00356,2014-11-18,Technology,Standard Video,English,907,General,36,Text Overlay
V002691,C01420,2017-02-03,Gaming,Standard Video,Portuguese,897,General,,Face Close-up
V002692,C01025,2020-04-04,Music,Standard Video,English,232,Teen,42,Before-After
V002693,C00013,2012-11-07,Education,Standard Video,Japanese,1618,General,47,
V002694,C01897,2026-06-13,Entertainment,Live Stream,Indonesian,3513,General,25,Collage
V002695,C01449,2017-08-06,Comedy,Standard Video,German,200,General,37,Collage
V002696,C01941,2014-07-07,Film,Short,Portuguese,31,General,27,Face Close-up
V002697,C01879,2025-02-28,Gaming,Short,Portuguese,48,General,27,Text Overlay
V002698,C01681,2017-03-15,Sports,Premiere,English,859,General,37,Text Overlay
V002699,C00383,2023-12-02,Music,Standard Video,English,806,Teen,20,Bright Colors
V002700,C01701,2024-01-11,Gaming,Standard Video,Kannada,342,General,64,Collage
V002701,C00620,2020-04-13,Comedy,Standard Video,Hindi,61,Teen,44,Before-After
V002702,C01873,2014-07-24,Gaming,Short,Turkish,34,Teen,21,Collage
V002703,C00924,2023-04-02,Comedy,Standard Video,Japanese,251,General,30,
V002704,C00525,2017-12-05,Gaming,Standard Video,Portuguese,143,General,62,Screenshot
V002705,C01391,2013-02-24,Education,Short,English,26,General,18,Screenshot
V002706,C00622,2015-07-07,Entertainment,Standard Video,English,1718,Teen,37,Before-After
V002707,C01673,2023-07-30,Music,Standard Video,English,111,General,60,Minimalist
V002708,C01932,2022-07-06,Education,Standard Video,Vietnamese,313,General,66,Text Overlay
V002709,C01071,2015-04-05,Music,Short,English,47,General,13,Minimalist
V002710,C01348,2015-12-29,Entertainment,Premiere,Portuguese,473,General,50,Screenshot
V002711,C01779,2023-02-25,Lifestyle,Short,Turkish,58,General,36,Collage
V002712,C00939,2025-04-04,Lifestyle,Short,English,35,General,41,Text Overlay
V002713,C01471,2025-11-25,Music,Short,Kannada,38,General,33,Face Close-up
V002714,C00949,2022-11-19,Music,Standard Video,Japanese,320,General,41,Face Close-up
V002715,C01153,2020-06-19,Music,Standard Video,Hindi,251,General,24,Face Close-up
V002716,C00635,2018-12-21,Gaming,Short,English,58,General,28,Screenshot
V002717,C00084,2022-06-08,Gaming,Standard Video,Hindi,619,General,50,Face Close-up
V002718,C01411,2026-04-16,Education,Short,French,49,Teen,15,Collage
V002719,C00576,2015-08-13,Technology,Standard Video,Portuguese,276,Mature,17,Collage
V002720,C00752,2015-04-29,Comedy,Standard Video,Indonesian,831,General,45,Minimalist
V002721,C00382,2025-04-08,Technology,Standard Video,Kannada,289,General,53,Screenshot
V002722,C00186,2023-02-28,Sports,Standard Video,English,805,General,46,Screenshot
V002723,C00358,2025-06-11,Technology,Standard Video,English,2084,Teen,64,Collage
V002724,C01261,2026-05-10,Lifestyle,Short,German,40,General,28,Collage
V002725,C01551,2014-02-18,Education,Standard Video,Hindi,528,General,54,Minimalist
V002726,C00874,2019-03-20,Gaming,Short,English,43,Teen,37,
V002727,C00023,2020-01-03,Education,Short,English,58,General,21,Face Close-up
V002728,C00268,2024-02-29,Education,Standard Video,Spanish,99,General,33,Collage
V002729,C00235,2020-12-02,Music,Standard Video,English,165,General,19,Bright Colors
V002730,C01554,2014-09-21,Entertainment,Live Stream,English,4918,General,57,Text Overlay
V002731,C01552,2016-03-26,Entertainment,Standard Video,Filipino,398,General,54,Face Close-up
V002732,C01676,2022-05-07,Comedy,Short,English,42,General,29,Before-After
V002733,C01419,2021-02-08,Comedy,Standard Video,Spanish,394,Teen,23,Bright Colors
V002734,C00121,2023-11-17,Music,Short,Hindi,38,Teen,42,Screenshot
V002735,C01389,2020-08-17,Gaming,Premiere,Hindi,461,General,31,Before-After
V002736,C00841,2018-04-13,Education,Standard Video,Turkish,327,,53,Collage
V002737,C01739,2024-04-26,Music,Live Stream,English,11452,General,75,Screenshot
V002738,C00794,2025-07-08,Music,Live Stream,English,6827,General,50,Text Overlay
V002739,C00484,2020-04-11,Comedy,Short,English,52,General,29,Minimalist
V002740,C01989,2020-05-01,Entertainment,Short,French,41,General,32,Before-After
V002741,C00730,2023-11-23,News,Short,Spanish,21,Teen,8,Screenshot
V002742,C01268,2023-07-02,Film,Standard Video,English,553,General,47,Face Close-up
V002743,C00279,2016-02-26,Entertainment,Standard Video,Hindi,540,General,41,Collage
V002744,C01517,2011-09-29,Lifestyle,Short,Filipino,53,General,37,Minimalist
V002745,C01795,2023-11-16,Sports,Standard Video,English,1029,General,52,Face Close-up
V002746,C01233,2024-11-20,Technology,Short,Spanish,22,General,20,Face Close-up
V002747,C00862,2023-09-24,Gaming,Short,Tamil,24,General,24,Screenshot
V002748,C01007,2024-09-26,Film,Short,Spanish,50,General,17,Minimalist
V002749,C01204,2026-07-25,Film,Standard Video,English,2434,Mature,38,Bright Colors
V002750,C00226,2010-06-21,Comedy,Standard Video,Portuguese,5348,General,35,Text Overlay
V002751,C01031,2023-12-29,Sports,Short,English,17,General,16,Face Close-up
V002752,C01642,2019-08-30,Comedy,Short,French,32,General,32,Minimalist
V002753,C00455,2019-05-15,Lifestyle,Short,English,31,General,20,Face Close-up
V002754,C00955,2024-04-10,Entertainment,Short,Urdu,17,Mature,25,Minimalist
V002755,C01076,2021-05-21,Entertainment,Short,Hindi,37,Teen,8,Bright Colors
V002756,C01155,2014-04-19,Sports,Standard Video,Portuguese,1902,General,60,Collage
V002757,C01754,2023-03-12,Lifestyle,Standard Video,English,275,Mature,25,Face Close-up
V002758,C00694,2024-03-05,Sports,Standard Video,Japanese,510,General,55,Minimalist
V002759,C01888,2023-06-04,Technology,Standard Video,Korean,312,General,35,Screenshot
V002760,C01502,2024-11-15,Technology,Short,Portuguese,37,General,21,Minimalist
V002761,C01137,2020-08-12,Education,Short,English,52,General,20,Collage
V002762,C01723,2022-03-14,Entertainment,Standard Video,English,1351,General,46,Collage
V002763,C01584,2017-07-27,Sports,Standard Video,Marathi,361,Teen,45,Text Overlay
V002764,C00589,2019-05-05,Gaming,Standard Video,English,933,General,60,Minimalist
V002765,C01344,2025-10-14,Comedy,Short,English,51,Teen,34,Screenshot
V002766,C00665,2011-07-09,Lifestyle,Short,Portuguese,31,General,14,Text Overlay
V002767,C00188,2022-04-12,News,Standard Video,Spanish,405,General,48,Screenshot
V002768,C01900,2023-08-22,Music,Standard Video,English,2385,Teen,43,Collage
V002769,C01960,2023-12-26,Music,Standard Video,Hindi,1386,Teen,33,Bright Colors
V002770,C00730,2026-01-02,News,Standard Video,Spanish,189,Teen,50,Screenshot
V002771,C00730,2023-11-03,News,Standard Video,Spanish,2509,Teen,33,Before-After
V002772,C00324,2025-12-26,Entertainment,Short,Hindi,44,General,9,Minimalist
V002773,C01862,2010-11-27,Lifestyle,Standard Video,Portuguese,1806,Teen,26,Minimalist
V002774,C00185,2021-05-10,Gaming,Standard Video,Spanish,266,Teen,,Screenshot
V002775,C01874,2017-11-06,Technology,Short,Portuguese,41,General,27,Collage
V002776,C00404,2020-11-28,Technology,Standard Video,English,142,Teen,44,Face Close-up
V002777,C00948,2019-11-07,Entertainment,Live Stream,Marathi,7730,General,71,Before-After
V002778,C00576,2015-08-03,Entertainment,Standard Video,French,444,Mature,58,Face Close-up
V002779,C00398,2019-05-11,Gaming,Standard Video,Japanese,1991,General,58,Before-After
V002780,C01435,2022-05-30,Technology,Standard Video,Korean,699,General,38,Before-After
V002781,C01533,2017-07-13,News,Standard Video,Hindi,1396,Teen,37,Screenshot
V002782,C01659,2020-01-02,News,Standard Video,Spanish,681,Teen,44,Before-After
V002783,C00804,2021-06-09,News,Short,English,44,General,32,Screenshot
V002784,C01834,2026-07-08,Gaming,Standard Video,English,220,Teen,40,Face Close-up
V002785,C01945,2018-01-05,Gaming,Standard Video,Urdu,514,General,34,Before-After
V002786,C00457,2022-04-11,Education,Short,Portuguese,59,General,17,Before-After
V002787,C00303,2024-03-20,Entertainment,Standard Video,Spanish,681,General,66,Minimalist
V002788,C00087,2023-06-22,News,Standard Video,Indonesian,866,General,19,Before-After
V002789,C01821,2022-08-19,Technology,Live Stream,Hindi,4088,Teen,46,Collage
V002790,C00608,2021-01-26,Gaming,Standard Video,Hindi,132,General,,Bright Colors
V002791,C01662,2011-06-05,Comedy,Standard Video,English,929,Mature,41,Face Close-up
V002792,C00371,2021-05-31,Comedy,Short,English,22,General,9,Collage
V002793,C00529,2020-09-21,Sports,Standard Video,Urdu,237,General,47,Collage
V002794,C00322,2019-06-29,Film,Short,Hindi,16,General,27,Collage
V002795,C01001,2026-03-27,Sports,Standard Video,Spanish,314,General,26,Bright Colors
V002796,C01103,2022-03-03,Education,Standard Video,English,591,Mature,48,Collage
V002797,C00958,2012-12-29,Technology,Live Stream,Vietnamese,8663,General,97,Screenshot
V002798,C01704,2015-05-28,Sports,Short,English,17,General,13,Before-After
V002799,C01048,2013-09-18,Entertainment,Short,English,45,General,,Minimalist
V002800,C00793,2017-06-03,Technology,Standard Video,English,1620,General,48,Minimalist
V002801,C01874,2013-05-22,Lifestyle,Standard Video,English,245,General,47,Minimalist
V002802,C00593,2024-07-16,Comedy,Standard Video,Portuguese,1371,General,37,Collage
V002803,C01224,2025-09-16,Gaming,Short,Portuguese,51,General,38,Collage
V002804,C00577,2016-03-10,Lifestyle,Standard Video,German,217,General,40,Bright Colors
V002805,C01524,2024-05-17,Sports,Live Stream,English,11875,General,26,Bright Colors
V002806,C00384,2026-05-16,News,Standard Video,English,1528,General,44,Before-After
V002807,C01671,2018-10-13,Music,Live Stream,English,10782,General,62,Face Close-up
V002808,C00014,2024-03-04,Lifestyle,Premiere,German,573,General,34,Before-After
V002809,C00992,2014-10-16,Music,Live Stream,Tamil,3113,Teen,58,Collage
V002810,C01677,2025-01-02,Education,Standard Video,Portuguese,135,General,44,Collage
V002811,C00657,2025-09-09,Gaming,Short,Spanish,58,General,29,Text Overlay
V002812,C00637,2026-07-21,Entertainment,Short,English,60,General,26,Collage
V002813,C00181,2015-06-24,Lifestyle,Standard Video,Portuguese,669,General,28,Text Overlay
V002814,C00596,2024-09-16,Film,Standard Video,Vietnamese,614,General,32,Minimalist
V002815,C00482,2025-08-13,Gaming,Short,Spanish,56,General,13,Collage
V002816,C00180,2012-08-23,Gaming,Short,Spanish,44,General,36,Screenshot
V002817,C01034,2017-11-26,Comedy,Standard Video,English,64,General,44,Collage
V002818,C01569,2026-07-02,Gaming,Live Stream,French,13025,General,29,Bright Colors
V002819,C00209,2020-10-27,Music,Standard Video,Portuguese,836,General,70,Screenshot
V002820,C00719,2023-09-16,Comedy,Standard Video,English,2218,General,52,Bright Colors
V002821,C00173,2011-01-26,Gaming,Standard Video,Portuguese,187,Teen,50,Before-After
V002822,C00665,2012-11-06,News,Standard Video,Hindi,183,General,32,Before-After
V002823,C00903,2017-11-21,Film,Standard Video,English,385,General,63,Before-After
V002824,C01942,2023-02-02,Lifestyle,Standard Video,Portuguese,975,General,76,Bright Colors
V002825,C01823,2014-01-15,Lifestyle,Standard Video,Hindi,155,Teen,59,Minimalist
V002826,C00937,2017-05-14,Gaming,Standard Video,Japanese,188,Teen,58,Text Overlay
V002827,C00470,2026-05-30,Sports,Standard Video,English,1319,General,47,Screenshot
V002828,C00077,2018-10-07,Comedy,Short,Thai,30,Teen,8,Text Overlay
V002829,C00731,2016-08-29,Gaming,Standard Video,English,447,General,62,Collage
V002830,C01918,2013-06-06,Sports,Short,Hindi,20,General,20,Text Overlay
V002831,C00130,2017-06-26,Sports,Standard Video,German,655,General,49,Minimalist
V002832,C00276,2019-05-28,Sports,Short,English,57,General,42,Screenshot
V002833,C01561,2018-03-20,Gaming,Standard Video,Turkish,481,Mature,35,Text Overlay
V002834,C00337,2017-02-01,Gaming,Standard Video,Portuguese,409,Teen,33,Bright Colors
V002835,C01425,2016-06-03,Comedy,Premiere,English,1072,General,46,Before-After
V002836,C00546,2017-10-05,Comedy,Short,English,60,General,21,Screenshot
V002837,C00472,2021-04-25,Entertainment,Premiere,Urdu,1103,General,54,Screenshot
V002838,C00743,2026-05-12,Music,Short,Spanish,20,General,31,Collage
V002839,C00713,2025-08-14,Technology,Short,Thai,45,General,19,Face Close-up
V002840,C01957,2021-10-12,Music,Standard Video,English,937,General,29,Face Close-up
V002841,C00652,2024-01-22,Education,Standard Video,English,130,General,21,Collage
V002842,C01289,2015-10-05,Technology,Standard Video,Hindi,274,Teen,62,Collage
V002843,C00208,2021-04-27,Comedy,Standard Video,Spanish,462,General,19,Screenshot
V002844,C01879,2026-06-28,Gaming,Standard Video,Portuguese,114,General,49,Text Overlay
V002845,C01850,2016-09-01,Gaming,Standard Video,English,137,General,73,Before-After
V002846,C01553,2013-06-09,Sports,Standard Video,English,208,General,73,Screenshot
V002847,C00773,2022-02-23,News,Live Stream,English,4162,General,71,Before-After
V002848,C00698,2026-03-24,Entertainment,Standard Video,Hindi,429,General,23,Screenshot
V002849,C00090,2017-08-29,Education,Short,English,23,General,20,Bright Colors
V002850,C01918,2023-05-25,Sports,Standard Video,English,478,General,64,Face Close-up
V002851,C00555,2022-07-06,Entertainment,Standard Video,Spanish,307,General,32,Collage
V002852,C00418,2016-04-10,Gaming,Standard Video,Italian,889,Teen,76,Bright Colors
V002853,C00569,2012-05-25,Technology,Short,Bengali,20,General,20,Minimalist
V002854,C00558,2013-07-21,Gaming,Live Stream,Hindi,8332,General,33,Before-After
V002855,C00035,2020-12-22,Gaming,Short,Hindi,20,Teen,16,Face Close-up
V002856,C00835,2020-08-25,News,Standard Video,Spanish,377,General,65,Bright Colors
V002857,C01859,2024-06-14,Technology,Short,Vietnamese,16,Teen,26,Collage
V002858,C01954,2023-02-24,Comedy,Standard Video,Portuguese,212,Teen,50,Minimalist
V002859,C01420,2022-06-25,Gaming,Standard Video,Portuguese,518,General,36,Bright Colors
V002860,C00744,2018-04-13,Comedy,Short,Portuguese,56,General,43,Face Close-up
V002861,C00168,2021-11-14,Gaming,Short,Filipino,51,General,25,Bright Colors
V002862,C01176,2024-01-10,News,Standard Video,English,848,General,38,Face Close-up
V002863,C01307,2022-03-30,Music,Standard Video,English,940,General,55,Before-After
V002864,C01616,2026-05-06,Education,Standard Video,English,220,Mature,50,Face Close-up
V002865,C01008,2025-11-28,Education,Standard Video,Vietnamese,545,General,10,Screenshot
V002866,C01132,2017-12-30,Film,Short,Hindi,25,General,14,Screenshot
V002867,C01350,2024-08-22,Education,Short,English,38,General,25,Bright Colors
V002868,C01341,2016-11-16,Comedy,Standard Video,English,247,Mature,43,Before-After
V002869,C01908,2012-12-03,News,Standard Video,Telugu,548,General,69,Minimalist
V002870,C00636,2018-08-23,Sports,Standard Video,Hindi,435,Teen,,Before-After
V002871,C01218,2026-02-15,Entertainment,Short,Korean,39,General,31,Screenshot
V002872,C00469,2023-12-10,Sports,Short,English,52,General,33,Text Overlay
V002873,C00050,2012-05-16,Sports,Standard Video,Indonesian,135,,49,Minimalist
V002874,C00596,2024-12-31,Film,Short,Vietnamese,35,General,18,Screenshot
V002875,C01724,2026-02-19,Sports,Standard Video,Portuguese,418,General,65,Bright Colors
V002876,C00288,2012-05-31,Technology,Short,English,54,General,11,Screenshot
V002877,C01769,2022-02-27,Lifestyle,Standard Video,English,909,General,49,Collage
V002878,C01448,2025-02-09,Entertainment,Standard Video,Spanish,612,General,58,Screenshot
V002879,C01404,2019-10-12,Film,Live Stream,Indonesian,2209,General,86,Bright Colors
V002880,C01211,2021-07-06,Technology,Live Stream,English,7669,Teen,87,Screenshot
V002881,C01713,2024-09-13,Entertainment,Standard Video,Hindi,694,General,31,Screenshot
V002882,C01897,2017-04-07,Entertainment,Standard Video,Indonesian,335,General,40,Bright Colors
V002883,C01821,2014-10-12,Technology,Standard Video,Hindi,803,Teen,43,Screenshot
V002884,C00857,2024-01-31,Sports,Standard Video,Hindi,86,Mature,30,Collage
V002885,C01128,2011-08-19,Gaming,Short,English,58,General,34,Minimalist
V002886,C00893,2026-05-21,Music,Standard Video,Thai,5400,Teen,53,Collage
V002887,C01630,2016-07-11,Gaming,Standard Video,German,585,General,26,Before-After
V002888,C00577,2024-09-10,Lifestyle,Short,German,57,General,22,Collage
V002889,C00256,2023-12-12,Lifestyle,Standard Video,English,452,General,39,Before-After
V002890,C01738,2021-05-10,Music,Short,English,26,General,26,Minimalist
V002891,C00288,2012-08-19,Technology,Short,English,48,General,8,Bright Colors
V002892,C00180,2012-05-20,Gaming,Standard Video,Spanish,1106,General,31,Face Close-up
V002893,C01126,2023-07-05,Lifestyle,Short,Hindi,25,General,31,
V002894,C01264,2012-01-23,Lifestyle,Standard Video,Portuguese,1131,General,60,Screenshot
V002895,C00058,2019-07-08,Sports,Standard Video,Filipino,657,General,29,Collage
V002896,C00955,2022-04-25,News,Standard Video,Urdu,3255,Mature,30,Screenshot
V002897,C01374,2022-11-01,Gaming,Short,Portuguese,16,General,20,Text Overlay
V002898,C01173,2019-02-09,Music,Standard Video,English,693,Teen,40,Collage
V002899,C01826,2013-09-22,Gaming,Short,Indonesian,58,General,50,Screenshot
V002900,C01909,2024-09-18,Entertainment,Short,Hindi,51,Teen,16,Collage
V002901,C01941,2015-09-11,Film,Short,Portuguese,58,General,24,Collage
V002902,C00583,2022-12-27,Sports,Short,Portuguese,16,General,17,Text Overlay
V002903,C00811,2021-02-12,Gaming,Short,Indonesian,25,General,30,Face Close-up
V002904,C01298,2012-09-12,Entertainment,Standard Video,Filipino,582,General,32,
V002905,C00966,2014-09-21,Education,Standard Video,Bengali,329,General,20,Minimalist
V002906,C00185,2016-07-22,Music,Short,English,16,Teen,22,Face Close-up
V002907,C01767,2018-05-06,Gaming,Standard Video,Hindi,1047,General,34,Before-After
V002908,C01324,2013-01-28,Lifestyle,Premiere,Hindi,258,Teen,,Collage
V002909,C01495,2025-09-17,News,Premiere,Portuguese,960,General,31,
V002910,C00870,2018-07-25,Comedy,Live Stream,Hindi,13393,General,53,Text Overlay
V002911,C00678,2019-09-27,Music,Short,Portuguese,28,General,17,Screenshot
V002912,C00196,2022-12-24,Music,Standard Video,English,288,General,52,Collage
V002913,C01284,2021-11-25,News,Short,Indonesian,23,General,17,Text Overlay
V002914,C01184,2021-03-21,Music,Standard Video,Urdu,2009,General,48,Bright Colors
V002915,C00260,2018-09-12,Entertainment,Standard Video,Portuguese,333,Teen,55,Screenshot
V002916,C00422,2026-07-09,News,Standard Video,English,841,General,41,Minimalist
V002917,C00796,2021-08-01,Lifestyle,Standard Video,Hindi,3419,General,55,Before-After
V002918,C01154,2018-07-14,Sports,Standard Video,Italian,383,Teen,34,Text Overlay
V002919,C00583,2023-09-13,Sports,Short,Portuguese,57,General,13,Screenshot
V002920,C01246,2024-01-17,Education,Short,Spanish,44,General,12,Collage
V002921,C01738,2021-04-19,Music,Standard Video,Hindi,273,General,39,Bright Colors
V002922,C00409,2018-12-01,Music,Short,Hindi,46,General,22,Minimalist
V002923,C01849,2026-05-20,Technology,Premiere,English,236,General,67,Collage
V002924,C00359,2025-12-13,Gaming,Short,Marathi,40,General,13,
V002925,C01219,2025-06-08,Entertainment,Standard Video,English,307,General,45,Bright Colors
V002926,C00194,2020-06-12,Gaming,Short,Hindi,41,General,30,Face Close-up
V002927,C01351,2020-05-20,Gaming,Standard Video,German,352,General,10,Collage
V002928,C00227,2024-04-07,Technology,Standard Video,English,522,General,18,Face Close-up
V002929,C00903,2020-07-08,Film,Premiere,English,109,General,44,Bright Colors
V002930,C00480,2023-02-28,Music,Standard Video,Spanish,444,General,50,Bright Colors
V002931,C01067,2020-06-18,News,Standard Video,English,550,Mature,62,Text Overlay
V002932,C01900,2018-06-06,News,Standard Video,English,367,Teen,42,Minimalist
V002933,C00564,2012-01-04,Music,Standard Video,English,61,General,44,Screenshot
V002934,C01882,2023-12-07,Education,Standard Video,English,61,General,43,Bright Colors
V002935,C01844,2026-03-19,Music,Standard Video,Hindi,2087,General,36,Screenshot
V002936,C01487,2024-05-26,Sports,Standard Video,English,108,General,49,Text Overlay
V002937,C00431,2026-07-25,Music,Short,Tamil,36,General,30,Before-After
V002938,C01964,2016-03-09,Music,Standard Video,Italian,594,Mature,48,
V002939,C01698,2015-10-28,Entertainment,Premiere,German,538,General,67,Text Overlay
V002940,C00184,2013-08-10,Entertainment,Live Stream,English,6381,General,29,Minimalist
V002941,C01679,2018-06-15,Lifestyle,Standard Video,Filipino,90,General,34,Bright Colors
V002942,C01327,2025-12-26,Music,Standard Video,Hindi,243,General,54,Before-After
V002943,C00009,2026-06-07,Technology,Short,Hindi,53,General,27,Collage
V002944,C00554,2013-04-03,Comedy,Standard Video,French,244,General,53,Minimalist
V002945,C00418,2019-12-31,Entertainment,Standard Video,Italian,1315,General,30,Face Close-up
V002946,C01988,2020-09-10,Film,Standard Video,Portuguese,198,General,48,Before-After
V002947,C00006,2014-12-26,Comedy,Standard Video,Korean,634,General,14,Minimalist
V002948,C00255,2026-06-11,Comedy,Standard Video,English,586,General,24,Collage
V002949,C01214,2020-12-11,Technology,Standard Video,Hindi,1751,Teen,33,Collage
V002950,C01785,2025-08-12,Sports,Standard Video,Hindi,317,General,71,Screenshot
V002951,C00455,2024-04-04,Lifestyle,Standard Video,English,280,General,29,Collage
V002952,C00308,2014-01-11,Entertainment,Premiere,German,255,General,39,Minimalist
V002953,C01894,2024-09-19,Music,Standard Video,Hindi,4329,Mature,69,Collage
V002954,C01814,2021-06-06,Lifestyle,Premiere,Hindi,1108,General,35,Screenshot
V002955,C01268,2014-07-16,Film,Short,Spanish,43,General,23,Screenshot
V002956,C00651,2019-09-26,Lifestyle,Short,Hindi,47,General,21,Minimalist
V002957,C01132,2018-04-11,Film,Premiere,Hindi,793,,62,Minimalist
V002958,C01935,2026-07-20,Technology,Short,Spanish,20,General,28,Bright Colors
V002959,C00459,2015-05-18,Education,Standard Video,Hindi,1606,General,48,Face Close-up
V002960,C01127,2026-05-02,News,Short,English,45,General,35,Minimalist
V002961,C01846,2026-03-13,Technology,Standard Video,English,1897,General,44,Minimalist
V002962,C00655,2026-04-25,Entertainment,Standard Video,Filipino,159,General,61,Before-After
V002963,C01678,2019-08-20,Gaming,Standard Video,Hindi,167,General,44,
V002964,C01170,2021-11-27,News,Short,English,46,General,35,Face Close-up
V002965,C01471,2026-03-17,Music,Standard Video,Kannada,445,General,42,Minimalist
V002966,C00367,2024-07-03,Sports,Standard Video,Urdu,174,Teen,53,Minimalist
V002967,C00546,2020-10-19,Comedy,Short,English,57,General,36,Collage
V002968,C01933,2024-04-14,Music,Standard Video,Urdu,405,General,22,Bright Colors
V002969,C01723,2023-07-04,Entertainment,Standard Video,English,894,,39,Before-After
V002970,C01324,2019-05-21,Lifestyle,Live Stream,Marathi,7826,Teen,,Before-After
V002971,C00516,2020-11-28,Music,Standard Video,Spanish,5400,General,28,Before-After
V002972,C01203,2014-04-25,Music,Standard Video,Hindi,675,General,35,Minimalist
V002973,C01998,2024-05-19,Education,Standard Video,Hindi,93,General,48,Bright Colors
V002974,C01187,2010-02-05,Gaming,Short,Portuguese,30,Teen,36,Screenshot
V002975,C00838,2022-04-21,Entertainment,Short,Hindi,58,Teen,32,Before-After
V002976,C00832,2015-08-27,Technology,Live Stream,English,2843,General,42,Bright Colors
V002977,C01982,2018-07-29,Film,Short,Turkish,41,General,10,Before-After
V002978,C00692,2024-01-01,Comedy,Short,English,57,Teen,14,Bright Colors
V002979,C00210,2025-10-07,Entertainment,Standard Video,Spanish,704,General,44,Collage
V002980,C00349,2018-04-22,Education,Standard Video,Urdu,1161,Teen,30,Bright Colors
V002981,C01440,2023-08-12,Entertainment,Short,Indonesian,25,General,20,Bright Colors
V002982,C00991,2017-11-20,Comedy,Short,English,31,General,21,Face Close-up
V002983,C00992,2014-09-07,Music,Short,Tamil,58,General,22,Face Close-up
V002984,C01456,2020-09-17,News,Standard Video,English,231,General,61,Before-After
V002985,C01161,2022-04-04,Gaming,Short,Spanish,16,General,18,Face Close-up
V002986,C00448,2023-04-06,Technology,Short,Urdu,44,General,21,Before-After
V002987,C00843,2011-05-31,Education,Short,Hindi,35,Teen,16,Face Close-up
V002988,C00696,2025-12-18,Technology,Short,English,54,Teen,18,Bright Colors
V002989,C00878,2019-09-12,Comedy,Premiere,Italian,523,General,37,Before-After
V002990,C00610,2025-09-30,Music,Standard Video,Hindi,137,General,53,Bright Colors
V002991,C01232,2026-07-23,Gaming,Standard Video,Spanish,417,Teen,50,Face Close-up
V002992,C00053,2025-03-05,Gaming,Short,Turkish,22,General,19,Bright Colors
V002993,C00676,2012-02-12,Music,Short,Portuguese,59,General,33,Text Overlay
V002994,C01233,2024-11-07,Film,Short,Hindi,20,General,55,Collage
V002995,C01619,2026-04-27,Music,Standard Video,English,370,General,27,Text Overlay
V002996,C01205,2025-10-27,Education,Short,Hindi,28,General,17,Before-After
V002997,C01036,2019-01-17,News,Short,Indonesian,26,General,25,Text Overlay
V002998,C00531,2024-10-28,Music,Standard Video,Japanese,228,General,49,Text Overlay
V002999,C00047,2023-09-14,Music,Short,English,26,,8,Collage
V003000,C00780,2026-04-28,Lifestyle,Short,Thai,52,General,17,Bright Colors
V003001,C01924,2012-01-23,Entertainment,Standard Video,Hindi,505,General,33,Text Overlay
V003002,C01233,2025-02-10,Technology,Standard Video,Spanish,101,General,68,Before-After
V003003,C01482,2022-09-08,Music,Premiere,English,2284,General,29,Bright Colors
V003004,C01224,2019-11-29,Gaming,Standard Video,Portuguese,715,General,57,Face Close-up
V003005,C00984,2020-05-26,Technology,Standard Video,English,201,General,32,Bright Colors
V003006,C01878,2018-02-13,Sports,Standard Video,Portuguese,373,General,35,Minimalist
V003007,C00513,2025-09-05,Music,Standard Video,Spanish,183,Teen,73,Collage
V003008,C01950,2013-06-08,Music,Standard Video,Hindi,464,General,60,Text Overlay
V003009,C01323,2015-08-15,Entertainment,Short,Hindi,53,General,34,Screenshot
V003010,C00830,2013-06-24,Sports,Standard Video,English,347,General,39,Collage
V003011,C00583,2023-05-10,Sports,Short,Portuguese,43,General,19,Face Close-up
V003012,C00285,2025-08-05,Technology,Standard Video,Portuguese,452,General,45,Collage
V003013,C00919,2014-03-27,Technology,Standard Video,Spanish,1097,General,59,Minimalist
V003014,C01658,2025-12-20,Gaming,Standard Video,English,742,General,36,Before-After
V003015,C00053,2025-03-08,Gaming,Standard Video,Turkish,255,General,38,Screenshot
V003016,C01854,2026-01-14,News,Short,English,29,Teen,38,Before-After
V003017,C01931,2010-10-08,Comedy,Standard Video,French,192,General,39,Text Overlay
V003018,C00673,2023-05-10,Technology,Short,English,60,General,15,Minimalist
V003019,C01289,2012-11-20,Film,Short,Hindi,36,Teen,16,Collage
V003020,C00937,2016-12-22,Gaming,Short,Japanese,42,Teen,22,Minimalist
V003021,C01914,2022-07-12,Music,Standard Video,Portuguese,435,Teen,57,Face Close-up
V003022,C01012,2011-10-18,Entertainment,Standard Video,English,247,General,52,Minimalist
V003023,C00177,2018-09-21,Gaming,Standard Video,Hindi,699,,64,Text Overlay
V003024,C01281,2025-09-11,Lifestyle,Short,German,28,General,8,Face Close-up
V003025,C00465,2017-06-28,Lifestyle,Short,Hindi,43,General,19,
V003026,C00449,2020-08-18,Lifestyle,Short,Portuguese,38,General,26,Face Close-up
V003027,C01071,2023-06-21,Film,Short,Hindi,57,General,25,Bright Colors
V003028,C01505,2025-05-26,Education,Standard Video,Hindi,352,General,53,Collage
V003029,C00859,2012-10-24,Entertainment,Standard Video,English,745,General,23,Before-After
V003030,C00903,2015-01-06,Lifestyle,Short,English,25,General,33,Bright Colors
V003031,C01200,2023-04-03,Sports,Short,Spanish,46,General,23,Bright Colors
V003032,C01012,2013-02-28,Entertainment,Short,Hindi,47,General,24,Screenshot
V003033,C00287,2019-03-20,Gaming,Short,Korean,22,General,30,Face Close-up
V003034,C00319,2014-08-23,News,Short,Spanish,31,General,26,Screenshot
V003035,C00496,2015-09-24,Lifestyle,Standard Video,Hindi,4973,General,56,Minimalist
V003036,C01173,2021-02-01,Technology,Short,English,21,Teen,36,Text Overlay
V003037,C01428,2022-02-05,Education,Short,Portuguese,19,General,31,Screenshot
V003038,C01007,2024-02-06,Comedy,Standard Video,Spanish,338,,31,Before-After
V003039,C01606,2023-05-14,Film,Short,Hindi,21,Teen,17,Screenshot
V003040,C01812,2021-07-12,Entertainment,Short,Indonesian,50,General,37,Text Overlay
V003041,C00965,2014-03-07,Comedy,Short,English,50,General,21,Text Overlay
V003042,C00752,2014-09-29,Film,Standard Video,Indonesian,944,General,62,Screenshot
V003043,C01496,2024-11-16,Comedy,Live Stream,Portuguese,12122,Teen,49,Text Overlay
V003044,C00148,2023-10-27,Technology,Standard Video,English,2305,General,58,Bright Colors
V003045,C00025,2017-11-09,News,Standard Video,English,108,General,49,Before-After
V003046,C00520,2022-02-09,Comedy,Standard Video,French,97,Teen,36,Minimalist
V003047,C00272,2021-02-25,Entertainment,Standard Video,English,80,General,55,Bright Colors
V003048,C00701,2022-07-23,Technology,Short,English,52,General,39,Minimalist
V003049,C01104,2023-04-20,Lifestyle,Standard Video,German,437,General,36,Text Overlay
V003050,C01658,2026-05-28,Gaming,Standard Video,English,2626,General,60,Minimalist
V003051,C01964,2017-01-06,Music,Standard Video,Italian,910,Mature,39,Screenshot
V003052,C00387,2016-11-02,Education,Short,English,41,General,20,Before-After
V003053,C00687,2017-04-20,Film,Standard Video,Japanese,761,General,,Bright Colors
V003054,C01420,2019-08-28,Gaming,Standard Video,Portuguese,2353,General,38,Text Overlay
V003055,C00760,2011-02-06,Comedy,Short,Spanish,41,Mature,23,Text Overlay
V003056,C00596,2026-06-25,Film,Standard Video,Vietnamese,61,General,61,Text Overlay
V003057,C00655,2024-09-23,Entertainment,Standard Video,Filipino,375,General,29,Before-After
V003058,C00559,2012-11-07,Film,Premiere,Hindi,202,Teen,46,Bright Colors
V003059,C01267,2021-03-29,Gaming,Short,French,29,General,21,Collage
V003060,C01088,2020-10-22,Technology,Standard Video,Hindi,544,General,30,Face Close-up
V003061,C01391,2012-12-03,Education,Live Stream,Hindi,6512,General,69,Before-After
V003062,C01777,2024-03-27,Technology,Standard Video,Portuguese,949,Teen,60,Before-After
V003063,C00898,2024-06-27,Technology,Short,Portuguese,18,General,8,Bright Colors
V003064,C00474,2015-09-22,Education,Standard Video,English,606,General,44,Face Close-up
V003065,C00652,2024-01-15,Education,Standard Video,English,768,General,36,Before-After
V003066,C01954,2015-02-11,Comedy,Short,Portuguese,29,Teen,27,Text Overlay
V003067,C01346,2022-06-22,News,Short,English,29,General,37,Screenshot
V003068,C00171,2018-04-23,Technology,Short,Filipino,19,Mature,9,Before-After
V003069,C00204,2022-11-28,Sports,Short,English,23,General,24,Minimalist
V003070,C01533,2019-12-09,News,Short,Hindi,43,Teen,34,Screenshot
V003071,C01731,2023-01-08,Music,Standard Video,Indonesian,954,Teen,41,Before-After
V003072,C00386,2025-04-16,Sports,Short,Hindi,15,General,22,Face Close-up
V003073,C01776,2022-03-07,Education,Premiere,Japanese,715,General,47,Before-After
V003074,C00175,2020-05-03,Gaming,Standard Video,Turkish,1480,General,22,Face Close-up
V003075,C00496,2025-03-12,Lifestyle,Short,Spanish,24,,31,Face Close-up
V003076,C00035,2024-06-01,Gaming,Standard Video,Hindi,502,Teen,57,Screenshot
V003077,C01678,2018-01-14,Gaming,Standard Video,Hindi,1468,Mature,38,Screenshot
V003078,C01212,2012-10-18,Entertainment,Short,English,45,Teen,10,Face Close-up
V003079,C01249,2020-08-29,Entertainment,Standard Video,Portuguese,750,Teen,59,Face Close-up
V003080,C00847,2010-08-17,Film,Short,English,29,Teen,17,Collage
V003081,C00808,2020-10-07,Lifestyle,Short,Indonesian,29,Teen,40,Face Close-up
V003082,C00970,2012-11-26,Entertainment,Short,Hindi,24,Teen,22,Screenshot
V003083,C01967,2019-10-10,News,Standard Video,Turkish,116,General,41,Face Close-up
V003084,C00903,2019-02-24,Film,Short,English,56,General,44,Minimalist
V003085,C00464,2010-12-22,Sports,Standard Video,Japanese,473,General,66,Minimalist
V003086,C01071,2017-02-22,Music,Standard Video,English,192,General,59,Bright Colors
V003087,C01528,2018-08-19,Film,Short,Korean,33,General,8,Text Overlay
V003088,C00148,2011-05-23,Technology,Standard Video,English,457,General,24,Collage
V003089,C01496,2022-03-19,Comedy,Standard Video,Portuguese,456,Teen,10,Text Overlay
V003090,C01777,2022-09-03,Technology,Standard Video,Portuguese,61,Teen,14,Before-After
V003091,C01628,2022-03-11,Gaming,Standard Video,English,165,General,,Face Close-up
V003092,C01378,2016-09-23,Education,Short,Turkish,55,,37,Bright Colors
V003093,C01785,2022-03-23,News,Standard Video,Portuguese,702,General,71,Before-After
V003094,C00230,2018-02-01,Film,Standard Video,Hindi,171,General,47,Before-After
V003095,C01348,2016-10-04,Entertainment,Standard Video,English,487,General,59,Before-After
V003096,C01679,2014-05-24,Gaming,Short,Filipino,22,General,23,Collage
V003097,C01348,2025-10-03,Entertainment,Short,English,15,General,18,Face Close-up
V003098,C01908,2010-12-27,Lifestyle,Standard Video,Telugu,130,General,48,Screenshot
V003099,C00583,2022-07-25,Sports,Standard Video,Portuguese,91,General,55,Before-After
V003100,C01216,2025-07-05,News,Standard Video,English,364,General,27,Collage
V003101,C01092,2014-02-27,Film,Standard Video,Portuguese,1289,General,43,Minimalist
V003102,C00861,2022-10-07,News,Standard Video,English,975,Mature,69,Text Overlay
V003103,C01785,2014-03-14,Sports,Short,Hindi,18,General,16,Before-After
V003104,C01214,2014-09-28,Education,Premiere,Hindi,420,Teen,36,Screenshot
V003105,C01399,2021-05-26,Education,Premiere,Hindi,327,General,49,Collage
V003106,C00191,2017-06-20,Technology,Standard Video,French,1350,General,36,Bright Colors
V003107,C00849,2011-09-07,Comedy,Standard Video,German,1712,General,76,Bright Colors
V003108,C01875,2021-09-30,News,Short,English,37,General,28,Collage
V003109,C00445,2012-02-25,Gaming,Short,Urdu,45,General,19,Bright Colors
V003110,C01655,2024-12-22,Music,Standard Video,Spanish,1092,General,69,Collage
V003111,C00744,2012-12-12,Comedy,Short,Spanish,51,General,27,Face Close-up
V003112,C00865,2010-09-10,Gaming,Standard Video,Spanish,137,General,64,Bright Colors
V003113,C00442,2011-05-08,Education,Standard Video,Tamil,2086,General,35,Face Close-up
V003114,C01111,2014-07-22,Music,Short,English,18,General,24,Bright Colors
V003115,C01704,2014-05-24,Sports,Short,English,22,General,18,Collage
V003116,C01007,2024-07-15,Film,Short,Spanish,17,General,29,
V003117,C01184,2019-05-06,Music,Short,Urdu,49,General,13,Collage
V003118,C01737,2022-04-22,Music,Short,Bengali,21,General,13,
V003119,C01335,2010-06-10,Sports,Standard Video,Japanese,1614,General,41,Face Close-up
V003120,C00858,2024-03-24,Lifestyle,Short,English,33,General,24,Screenshot
V003121,C00596,2025-08-13,Film,Premiere,Vietnamese,373,General,41,Before-After
V003122,C01009,2014-01-08,Education,Standard Video,Spanish,247,General,57,Screenshot
V003123,C00209,2023-08-17,News,Short,Portuguese,15,General,15,Bright Colors
V003124,C01268,2014-03-30,Film,Standard Video,English,148,General,37,Face Close-up
V003125,C01306,2018-06-27,Comedy,Short,Hindi,59,General,17,Bright Colors
V003126,C01663,2020-04-21,Education,Standard Video,English,2278,General,58,Minimalist
V003127,C00231,2018-05-12,Education,Premiere,Portuguese,149,General,61,Before-After
V003128,C00237,2024-01-29,Education,Standard Video,Vietnamese,882,Teen,56,Bright Colors
V003129,C00037,2017-12-18,News,Standard Video,English,548,Mature,67,Collage
V003130,C01718,2011-07-30,Entertainment,Standard Video,English,280,Teen,36,Bright Colors
V003131,C01066,2011-10-09,Technology,Short,English,56,General,29,Face Close-up
V003132,C01233,2024-12-11,Technology,Standard Video,Hindi,80,,31,Bright Colors
V003133,C00577,2019-09-02,Lifestyle,Short,German,50,General,38,Before-After
V003134,C01213,2022-10-01,Sports,Standard Video,Filipino,184,General,21,Face Close-up
V003135,C01623,2024-11-16,Film,Short,English,18,General,26,Minimalist
V003136,C01507,2011-12-26,Education,Short,Hindi,53,General,21,Collage
V003137,C00408,2011-08-30,Lifestyle,Short,Hindi,42,General,28,Before-After
V003138,C00744,2023-06-30,Comedy,Short,Spanish,31,General,33,Screenshot
V003139,C01958,2015-01-03,Education,Standard Video,German,267,Mature,35,Text Overlay
V003140,C00828,2025-02-04,Music,Short,English,54,Teen,19,Screenshot
V003141,C00977,2025-07-14,Film,Standard Video,English,709,General,50,Face Close-up
V003142,C01250,2018-11-14,Entertainment,Standard Video,English,167,General,67,Collage
V003143,C00834,2025-11-12,Sports,Standard Video,Vietnamese,728,,48,Text Overlay
V003144,C00535,2012-07-26,Lifestyle,Short,English,46,General,8,
V003145,C00752,2014-02-12,Comedy,Standard Video,Indonesian,939,General,61,Face Close-up
V003146,C00308,2024-07-11,Film,Short,German,31,Mature,30,Collage
V003147,C01248,2024-12-15,Lifestyle,Standard Video,Spanish,1018,General,54,Screenshot
V003148,C00769,2023-12-22,Education,Standard Video,Tamil,63,General,30,Text Overlay
V003149,C01391,2013-12-15,Education,Short,Hindi,45,General,19,Bright Colors
V003150,C01783,2020-01-09,Education,Standard Video,Hindi,3767,General,22,Bright Colors
V003151,C00860,2024-09-03,Lifestyle,Short,Thai,49,General,33,Face Close-up
V003152,C00392,2013-06-25,Sports,Standard Video,Bengali,390,Teen,40,Face Close-up
V003153,C00589,2021-03-14,Gaming,Standard Video,English,750,General,12,Collage
V003154,C00652,2023-12-08,Education,Short,English,39,General,12,Face Close-up
V003155,C00177,2018-12-08,Sports,Standard Video,Hindi,390,Teen,25,Screenshot
V003156,C01757,2014-02-05,Film,Short,Vietnamese,17,Mature,39,Bright Colors
V003157,C01297,2018-06-17,Education,Standard Video,English,588,General,37,Text Overlay
V003158,C00464,2016-10-08,Sports,Standard Video,Japanese,94,General,21,Minimalist
V003159,C00090,2025-05-11,Education,Standard Video,English,179,General,,Screenshot
V003160,C00179,2018-11-21,Education,Short,English,25,General,30,Text Overlay
V003161,C01793,2017-07-15,Sports,Short,Spanish,46,General,33,Screenshot
V003162,C01834,2026-07-04,Gaming,Standard Video,Portuguese,283,Teen,72,Text Overlay
V003163,C01483,2015-05-05,News,Short,Hindi,19,General,31,Text Overlay
V003164,C00626,2020-06-30,News,Standard Video,English,367,General,,Face Close-up
V003165,C00959,2019-03-17,Music,Standard Video,Hindi,286,General,51,Bright Colors
V003166,C01716,2025-11-30,Education,Standard Video,English,237,General,66,Minimalist
V003167,C00154,2022-01-22,Gaming,Short,Portuguese,15,Teen,27,Face Close-up
V003168,C00121,2019-07-14,Music,Short,Hindi,41,Teen,24,Bright Colors
V003169,C00014,2011-02-10,Film,Standard Video,German,286,General,51,Text Overlay
V003170,C00186,2022-11-11,Sports,Standard Video,English,548,General,77,Before-After
V003171,C00177,2015-01-15,Sports,Short,Spanish,32,Teen,39,Text Overlay
V003172,C00960,2026-01-30,Gaming,Live Stream,Vietnamese,9748,General,40,Before-After
V003173,C01499,2018-04-29,Entertainment,Short,Indonesian,38,Teen,20,Bright Colors
V003174,C00652,2023-12-20,Education,Standard Video,English,474,General,29,Collage
V003175,C00997,2025-01-18,Entertainment,Premiere,Filipino,631,General,52,Screenshot
V003176,C00285,2026-06-13,Technology,Standard Video,Portuguese,293,General,36,Collage
V003177,C00501,2024-02-24,Sports,Short,Spanish,36,General,30,Text Overlay
V003178,C01477,2016-05-10,Entertainment,Standard Video,English,470,Teen,51,Before-After
V003179,C00318,2020-04-17,Technology,Standard Video,Spanish,928,General,24,Collage
V003180,C01975,2015-03-23,Film,Short,English,37,General,26,Before-After
V003181,C01777,2022-11-27,Technology,Standard Video,Portuguese,216,General,70,Screenshot
V003182,C01541,2020-09-20,Education,Short,French,31,General,51,Screenshot
V003183,C01336,2026-06-19,Technology,Standard Video,Urdu,405,Teen,83,Face Close-up
V003184,C01291,2025-01-26,Comedy,Standard Video,Portuguese,310,General,43,Face Close-up
V003185,C00443,2026-05-11,Music,Standard Video,Spanish,580,General,51,Before-After
V003186,C01610,2021-10-21,Music,Short,Indonesian,60,General,16,Minimalist
V003187,C00903,2019-07-21,Film,Standard Video,English,72,General,46,Minimalist
V003188,C01595,2023-09-09,Education,Standard Video,Spanish,354,General,51,Text Overlay
V003189,C00139,2022-05-23,Film,Standard Video,Hindi,257,General,,Bright Colors
V003190,C01606,2022-12-15,Gaming,Short,English,32,General,40,Face Close-up
V003191,C00985,2017-11-13,Music,Short,Korean,59,General,26,
V003192,C00015,2021-09-30,Entertainment,Standard Video,English,288,General,44,Collage
V003193,C00167,2022-05-17,Sports,Premiere,Italian,5400,General,43,Minimalist
V003194,C00267,2014-01-10,Gaming,Standard Video,English,681,General,40,Face Close-up
V003195,C00520,2013-09-03,Comedy,Short,Spanish,21,Teen,11,Screenshot
V003196,C01831,2010-10-12,Entertainment,Standard Video,English,1776,General,42,Minimalist
V003197,C00460,2023-05-21,Gaming,Short,English,24,General,35,Before-After
V003198,C00265,2024-01-13,Music,Premiere,English,146,General,76,Before-After
V003199,C01975,2021-10-25,Gaming,Premiere,English,153,General,40,Minimalist
V003200,C00669,2026-07-12,Technology,Standard Video,Spanish,258,General,50,Face Close-up
V003201,C01990,2018-03-22,Music,Short,English,29,General,8,Screenshot
V003202,C01960,2024-02-18,Music,Standard Video,Hindi,726,Teen,32,Before-After
V003203,C00014,2010-09-09,Lifestyle,Short,German,32,General,20,Text Overlay
V003204,C01088,2024-10-05,Lifestyle,Standard Video,Hindi,2385,General,45,Screenshot
V003205,C01900,2026-01-21,Music,Short,English,53,Teen,24,Screenshot
V003206,C00257,2020-02-18,Technology,Short,Filipino,45,General,,Before-After
V003207,C00154,2022-09-19,Entertainment,Short,English,55,Teen,8,Bright Colors
V003208,C00364,2018-12-14,Sports,Short,Hindi,39,Teen,26,Text Overlay
V003209,C00424,2023-10-18,Education,Standard Video,Hindi,289,General,30,Text Overlay
V003210,C01015,2025-03-23,Music,Live Stream,Hindi,2934,General,74,Text Overlay
V003211,C01829,2017-12-01,Education,Short,Hindi,46,General,44,Before-After
V003212,C01527,2022-10-29,Education,Standard Video,Spanish,385,General,60,Face Close-up
V003213,C00094,2014-10-26,Technology,Standard Video,English,171,General,59,Minimalist
V003214,C01764,2016-09-24,Technology,Short,Spanish,31,General,36,Before-After
V003215,C00716,2011-09-20,Gaming,Standard Video,English,125,General,,Minimalist
V003216,C01900,2026-06-08,Music,Standard Video,English,874,Teen,54,Text Overlay
V003217,C00424,2021-11-04,Education,Standard Video,Hindi,228,General,23,Collage
V003218,C00175,2016-01-19,Gaming,Standard Video,Turkish,661,General,31,Collage
V003219,C00628,2026-02-28,Education,Standard Video,English,1226,General,34,Face Close-up
V003220,C00492,2020-05-11,Lifestyle,Standard Video,English,349,Mature,48,
V003221,C00977,2024-08-12,Film,Standard Video,English,557,General,37,Text Overlay
V003222,C01787,2017-01-14,Gaming,Standard Video,English,600,General,61,Collage
V003223,C01854,2026-03-09,News,Live Stream,English,12128,Teen,41,Face Close-up
V003224,C00103,2013-03-11,Music,Standard Video,English,530,General,57,Minimalist
V003225,C01238,2015-01-30,Lifestyle,Standard Video,Spanish,1687,General,34,Bright Colors
V003226,C01233,2025-01-15,Education,Short,Spanish,46,General,47,Before-After
V003227,C01071,2016-01-28,Music,Short,English,52,General,27,Before-After
V003228,C01886,2026-02-13,Gaming,Standard Video,Spanish,805,General,13,Bright Colors
V003229,C00224,2024-06-28,Comedy,Short,English,21,Teen,14,Collage
V003230,C00871,2013-07-12,Lifestyle,Short,Japanese,33,General,37,Before-After
V003231,C00442,2014-02-09,Education,Standard Video,Tamil,594,General,61,Collage
V003232,C00888,2025-03-10,Gaming,Standard Video,Hindi,222,General,69,Bright Colors
V003233,C01305,2018-08-03,Gaming,Standard Video,English,182,General,51,Text Overlay
V003234,C00535,2013-05-16,Lifestyle,Standard Video,English,176,General,29,Face Close-up
V003235,C01988,2020-07-25,Film,Short,Portuguese,53,General,19,Bright Colors
V003236,C01432,2025-11-16,Gaming,Standard Video,English,206,General,51,Before-After
V003237,C01825,2025-05-16,Entertainment,Short,English,20,General,45,Collage
V003238,C00260,2021-06-14,Entertainment,Standard Video,Hindi,1460,Teen,27,Collage
V003239,C01894,2025-01-09,Music,Standard Video,Hindi,483,General,35,Text Overlay
V003240,C00195,2025-03-03,Entertainment,Live Stream,English,6483,General,43,Collage
V003241,C00380,2022-11-16,Gaming,Short,English,53,General,34,Minimalist
V003242,C00500,2026-03-30,Sports,Standard Video,English,193,General,26,Before-After
V003243,C00677,2025-07-16,Technology,Short,English,33,General,9,Before-After
V003244,C01600,2014-06-15,Sports,Standard Video,Hindi,320,General,45,Minimalist
V003245,C00760,2017-10-18,Comedy,Short,Spanish,44,Mature,19,Text Overlay
V003246,C01082,2019-09-04,Music,Live Stream,Hindi,8566,General,43,Bright Colors
V003247,C01768,2010-09-07,Education,Standard Video,English,1087,General,35,Bright Colors
V003248,C00406,2024-07-19,Lifestyle,Short,French,40,General,23,Text Overlay
V003249,C01894,2024-02-20,Music,Short,Hindi,16,General,20,Text Overlay
V003250,C01607,2021-07-25,Music,Standard Video,Vietnamese,1086,Teen,60,Collage
V003251,C01668,2023-08-03,Music,Standard Video,Spanish,511,General,65,Text Overlay
V003252,C01110,2025-09-19,Music,Live Stream,Portuguese,12140,General,56,Before-After
V003253,C01694,2020-08-12,Entertainment,Standard Video,English,491,General,43,Bright Colors
V003254,C01814,2016-07-20,Lifestyle,Standard Video,Hindi,315,General,36,Minimalist
V003255,C00891,2015-09-10,Entertainment,Short,English,34,Teen,19,Minimalist
V003256,C00418,2016-06-28,Gaming,Standard Video,Italian,84,Teen,54,Screenshot
V003257,C00591,2014-08-30,Gaming,Short,English,34,Teen,25,
V003258,C00179,2018-07-10,Education,Premiere,English,532,General,59,Text Overlay
V003259,C01584,2012-07-09,Sports,Short,Hindi,54,Teen,15,Before-After
V003260,C00560,2020-04-17,Lifestyle,Standard Video,Indonesian,328,General,58,Text Overlay
V003261,C01841,2022-08-24,Education,Standard Video,English,931,General,46,Text Overlay
V003262,C01306,2025-07-16,Comedy,Short,English,42,General,23,Before-After
V003263,C00035,2024-12-13,Gaming,Standard Video,Hindi,146,Teen,74,Minimalist
V003264,C01844,2019-10-08,Music,Standard Video,Hindi,208,General,18,Before-After
V003265,C00520,2013-11-28,Comedy,Standard Video,French,561,General,45,Text Overlay
V003266,C00592,2014-12-29,Music,Short,Portuguese,20,General,29,Bright Colors
V003267,C00035,2022-07-13,Gaming,Short,Hindi,53,Teen,22,Text Overlay
V003268,C00194,2011-11-07,Film,Premiere,Hindi,992,General,48,Bright Colors
V003269,C01931,2013-08-12,Comedy,Short,French,30,General,8,Text Overlay
V003270,C00512,2025-06-29,Technology,Short,English,29,General,8,Screenshot
V003271,C01565,2025-05-07,Music,Standard Video,Korean,681,Mature,20,Minimalist
V003272,C01528,2020-08-31,Film,Standard Video,Korean,1278,General,50,Face Close-up
V003273,C00738,2024-07-13,Lifestyle,Standard Video,English,439,General,20,Collage
V003274,C00261,2022-12-28,Technology,Standard Video,Hindi,346,Teen,45,Minimalist
V003275,C01894,2025-07-05,Music,Short,Hindi,53,General,25,Minimalist
V003276,C00597,2022-06-04,Entertainment,Short,Portuguese,28,General,28,Collage
V003277,C00596,2024-03-09,Film,Short,Vietnamese,40,General,25,Minimalist
V003278,C00779,2025-04-01,News,Standard Video,English,1199,General,26,Collage
V003279,C01711,2017-04-14,Sports,Standard Video,Portuguese,1804,General,33,Collage
V003280,C01386,2015-06-16,Education,Standard Video,Hindi,769,,47,Minimalist
V003281,C01188,2025-09-30,Lifestyle,Standard Video,Portuguese,667,General,69,Text Overlay
V003282,C01027,2014-12-05,Entertainment,Short,English,57,General,35,Collage
V003283,C00543,2017-11-25,Technology,Standard Video,English,368,General,52,Before-After
V003284,C00156,2011-01-21,Music,Short,English,23,General,10,Bright Colors
V003285,C00613,2020-02-13,Entertainment,Standard Video,English,245,General,34,Text Overlay
V003286,C00591,2022-02-17,Gaming,Standard Video,English,422,Teen,65,Collage
V003287,C01538,2026-01-31,Sports,Standard Video,Hindi,61,General,63,Text Overlay
V003288,C00463,2024-03-22,Comedy,Short,English,51,General,16,Before-After
V003289,C00136,2021-08-26,Education,Premiere,English,68,General,20,Face Close-up
V003290,C01702,2010-11-10,Education,Standard Video,German,1418,General,52,Face Close-up
V003291,C01913,2017-06-24,Sports,Standard Video,Hindi,573,General,34,Minimalist
V003292,C01268,2014-05-24,Film,Short,Hindi,56,General,27,Screenshot
V003293,C00321,2025-10-27,Comedy,Standard Video,English,417,General,10,
V003294,C00951,2020-02-26,Sports,Standard Video,English,2357,General,39,Before-After
V003295,C00155,2024-03-28,Technology,Standard Video,English,779,Teen,57,Before-After
V003296,C01371,2025-03-29,Entertainment,Standard Video,Spanish,262,General,48,Screenshot
V003297,C00655,2023-03-25,Entertainment,Standard Video,Filipino,302,General,58,Text Overlay
V003298,C01865,2012-12-18,Entertainment,Standard Video,Portuguese,320,General,27,Text Overlay
V003299,C01028,2021-08-20,Entertainment,Premiere,Hindi,234,Teen,55,
V003300,C00843,2017-03-10,Education,Short,English,32,Teen,20,Collage
V003301,C00382,2023-03-23,Technology,Standard Video,Kannada,829,General,59,Text Overlay
V003302,C00443,2024-08-13,Sports,Standard Video,Spanish,521,Teen,48,Before-After
V003303,C00592,2011-12-02,Music,Live Stream,English,2772,General,31,Text Overlay
V003304,C00013,2016-05-11,Education,Short,Japanese,37,General,20,Collage
V003305,C01931,2011-01-06,Comedy,Standard Video,French,302,Teen,25,Text Overlay
V003306,C01366,2023-10-23,Entertainment,Premiere,English,176,General,15,Before-After
V003307,C01230,2024-04-10,Gaming,Standard Video,English,2569,General,62,Before-After
V003308,C00047,2023-02-24,Music,Short,English,38,General,30,Face Close-up
V003309,C01132,2017-12-28,Film,Standard Video,Hindi,76,General,48,Screenshot
V003310,C01735,2025-11-12,Education,Standard Video,English,163,General,60,Before-After
V003311,C00752,2014-08-28,Comedy,Live Stream,Indonesian,8441,General,63,Bright Colors
V003312,C00385,2023-02-06,Music,Live Stream,Turkish,7896,General,37,Before-After
V003313,C01670,2023-08-04,Entertainment,Standard Video,English,310,General,32,Collage
V003314,C00928,2025-02-27,News,Standard Video,Portuguese,211,General,41,Bright Colors
V003315,C00523,2016-12-05,Comedy,Live Stream,Filipino,5345,,41,Face Close-up
V003316,C00449,2018-07-12,Lifestyle,Short,Portuguese,21,General,8,Minimalist
V003317,C01723,2024-12-29,Entertainment,Short,English,40,General,24,Screenshot
V003318,C01507,2017-08-31,Education,Standard Video,Hindi,101,Teen,71,Face Close-up
V003319,C01983,2024-02-16,Technology,Standard Video,English,453,General,62,Minimalist
V003320,C01586,2018-02-17,Lifestyle,Short,Spanish,59,General,,Minimalist
V003321,C00559,2021-11-04,Film,Short,Hindi,39,Teen,44,Screenshot
V003322,C01547,2023-02-01,Gaming,Standard Video,English,768,General,61,Screenshot
V003323,C01471,2025-02-04,Music,Live Stream,Kannada,8844,General,31,Bright Colors
V003324,C01256,2022-10-27,Entertainment,Short,Spanish,44,General,25,Minimalist
V003325,C01049,2022-04-16,Gaming,Standard Video,Indonesian,392,General,41,Before-After
V003326,C01955,2018-08-02,Comedy,Standard Video,English,514,Teen,43,Face Close-up
V003327,C00319,2025-08-30,Gaming,Standard Video,Spanish,1512,General,62,Bright Colors
V003328,C01003,2025-12-04,Film,Short,English,50,General,31,Screenshot
V003329,C01599,2019-04-17,Technology,Short,Vietnamese,18,General,50,Screenshot
V003330,C00576,2015-11-03,Technology,Standard Video,French,478,Mature,43,Before-After
V003331,C01132,2020-06-04,Film,Standard Video,Hindi,92,General,32,Before-After
V003332,C00431,2026-01-07,Music,Standard Video,Tamil,1252,General,52,Face Close-up
V003333,C00780,2026-05-13,Lifestyle,Short,Thai,46,General,30,Face Close-up
V003334,C00827,2015-11-16,Comedy,Standard Video,Japanese,930,General,47,Collage
V003335,C01734,2026-06-18,Entertainment,Standard Video,Filipino,61,Teen,54,Screenshot
V003336,C01805,2011-04-10,Music,Standard Video,Indonesian,576,Mature,27,Minimalist
V003337,C00443,2024-06-03,Music,Standard Video,Spanish,1033,Teen,78,Minimalist
V003338,C00016,2021-09-17,Lifestyle,Short,Indonesian,59,Teen,43,Screenshot
V003339,C00365,2017-02-21,Technology,Live Stream,English,14078,General,35,Text Overlay
V003340,C00843,2019-11-02,Education,Standard Video,Hindi,562,Teen,41,Bright Colors
V003341,C01507,2011-03-18,Entertainment,Standard Video,Hindi,239,General,42,Bright Colors
V003342,C01697,2024-02-25,Education,Standard Video,English,2682,General,33,Face Close-up
V003343,C00410,2023-06-12,Technology,Live Stream,English,7400,General,31,Bright Colors
V003344,C01622,2014-07-30,Gaming,Premiere,Hindi,552,General,59,Text Overlay
V003345,C00943,2023-01-18,News,Short,Italian,50,Teen,21,Collage
V003346,C00169,2020-12-14,Sports,Short,English,28,General,45,Collage
V003347,C01246,2022-10-03,Education,Live Stream,Spanish,10100,Mature,61,Before-After
V003348,C00318,2020-04-23,Technology,Standard Video,Spanish,293,General,44,Before-After
V003349,C01742,2026-06-08,Gaming,Short,Hindi,35,Teen,21,Collage
V003350,C00626,2022-01-12,News,Standard Video,English,1843,General,23,Minimalist
V003351,C00931,2025-08-29,Sports,Standard Video,Portuguese,81,General,49,Collage
V003352,C00412,2019-05-07,Gaming,Premiere,Spanish,89,General,39,Bright Colors
V003353,C00513,2025-10-05,Education,Short,Spanish,27,Teen,23,Face Close-up
V003354,C00424,2011-10-26,Comedy,Short,Hindi,52,,19,Collage
V003355,C00980,2020-09-11,Sports,Short,Urdu,58,General,28,Collage
V003356,C01582,2017-11-02,Lifestyle,Live Stream,English,9290,General,19,Face Close-up
V003357,C00891,2021-08-13,Entertainment,Short,Korean,40,Teen,10,Screenshot
V003358,C00186,2022-01-09,Sports,Standard Video,English,305,General,36,Before-After
V003359,C00752,2023-05-04,Comedy,Short,Indonesian,33,General,24,Collage
V003360,C00443,2026-04-08,Music,Standard Video,Spanish,2364,Teen,53,Minimalist
V003361,C00418,2020-05-25,Gaming,Standard Video,Italian,123,General,36,Face Close-up
V003362,C00015,2021-10-20,Entertainment,Short,English,45,General,55,Before-After
V003363,C01973,2014-03-23,News,Standard Video,Hindi,697,General,33,Text Overlay
V003364,C00946,2022-10-09,News,Standard Video,English,949,Mature,50,Collage
V003365,C01644,2017-04-13,Music,Standard Video,English,934,General,64,Screenshot
V003366,C01634,2022-12-14,Education,Short,English,29,General,14,Bright Colors
V003367,C01215,2019-06-03,Sports,Standard Video,English,5400,General,52,Bright Colors
V003368,C01212,2021-09-06,Entertainment,Short,English,44,Teen,8,Minimalist
V003369,C01224,2019-12-14,Gaming,Short,Portuguese,55,General,28,Bright Colors
V003370,C01246,2025-12-08,Sports,Standard Video,Spanish,475,General,72,Bright Colors
V003371,C01821,2020-04-12,Lifestyle,Short,Hindi,17,Teen,8,Minimalist
V003372,C00090,2022-06-22,Education,Standard Video,English,1178,General,43,Minimalist
V003373,C00545,2015-08-21,News,Standard Video,German,661,General,60,Collage
V003374,C01267,2026-02-26,Gaming,Standard Video,French,445,General,39,Bright Colors
V003375,C00708,2019-10-25,Music,Standard Video,Hindi,249,General,61,Minimalist
V003376,C00674,2019-03-27,Music,Short,German,50,General,15,Minimalist
V003377,C00186,2024-08-02,Sports,Standard Video,English,419,,38,Collage
V003378,C00372,2025-10-14,Education,Premiere,English,3199,General,44,Collage
V003379,C00368,2016-03-08,Technology,Standard Video,English,1210,General,35,Minimalist
V003380,C01059,2018-12-06,Gaming,Live Stream,English,13921,Teen,44,Face Close-up
V003381,C01885,2025-08-12,Technology,Standard Video,Spanish,137,Teen,49,Text Overlay
V003382,C00330,2018-05-23,Education,Short,English,27,Mature,26,Bright Colors
V003383,C00635,2025-05-18,Gaming,Standard Video,English,904,Teen,49,Screenshot
V003384,C00555,2018-12-22,Entertainment,Standard Video,Spanish,2611,General,61,Bright Colors
V003385,C00689,2021-04-24,Entertainment,Short,English,37,Teen,34,Screenshot
V003386,C00909,2016-04-16,Education,Standard Video,German,998,Teen,45,Before-After
V003387,C00090,2016-12-01,Education,Standard Video,English,1032,General,66,Face Close-up
V003388,C00139,2020-01-14,Film,Standard Video,Hindi,1156,General,15,Collage
V003389,C01489,2011-10-25,Gaming,Standard Video,Spanish,564,General,62,Bright Colors
V003390,C01763,2016-04-21,Comedy,Standard Video,German,2502,General,50,Before-After
V003391,C00199,2019-09-14,Gaming,Short,Korean,39,General,26,Bright Colors
V003392,C01468,2018-02-07,Education,Standard Video,English,692,Teen,81,Face Close-up
V003393,C00185,2023-12-20,Gaming,Standard Video,Spanish,1026,Teen,41,Collage
V003394,C00592,2010-01-27,Entertainment,Short,English,57,General,14,Text Overlay
V003395,C01560,2025-06-20,Technology,Short,English,41,Teen,,Face Close-up
V003396,C00694,2026-06-29,Sports,Live Stream,Japanese,3928,General,39,Bright Colors
V003397,C00207,2019-08-03,Education,Standard Video,Spanish,740,General,33,Collage
V003398,C01268,2026-02-08,Film,Short,English,27,General,9,Minimalist
V003399,C00369,2012-08-12,Gaming,Short,Portuguese,16,General,22,Text Overlay
V003400,C01638,2025-10-15,Entertainment,Live Stream,Japanese,9651,General,52,Bright Colors
V003401,C01461,2015-05-01,Film,Short,English,19,General,37,Bright Colors
V003402,C01633,2018-04-10,News,Short,Indonesian,29,Teen,37,Face Close-up
V003403,C01650,2017-08-19,Lifestyle,Standard Video,English,75,General,51,Minimalist
V003404,C01663,2021-01-05,Education,Standard Video,English,1052,General,30,Screenshot
V003405,C01680,2011-01-19,Gaming,Live Stream,English,7539,General,47,Text Overlay
V003406,C00427,2018-02-02,Entertainment,Live Stream,English,7237,General,35,Text Overlay
V003407,C01218,2016-02-26,Entertainment,Standard Video,English,1207,General,16,Minimalist
V003408,C01054,2024-02-23,Gaming,Standard Video,Filipino,732,General,41,Face Close-up
V003409,C00982,2013-12-01,Lifestyle,Short,Hindi,29,General,18,Minimalist
V003410,C01389,2013-01-25,Gaming,Standard Video,Hindi,287,General,76,Screenshot
V003411,C00678,2020-10-26,Music,Standard Video,Portuguese,78,General,49,Collage
V003412,C01082,2013-06-30,Music,Short,Hindi,32,General,35,Bright Colors
V003413,C01725,2015-12-01,News,Standard Video,Filipino,790,General,28,Collage
V003414,C00247,2026-06-20,Sports,Short,English,55,General,22,Screenshot
V003415,C00507,2014-05-19,Sports,Short,English,27,General,9,Bright Colors
V003416,C00178,2016-02-24,Gaming,Standard Video,French,536,Teen,57,Before-After
V003417,C01861,2025-06-29,Music,Short,English,23,General,17,Before-After
V003418,C00414,2017-12-07,Entertainment,Live Stream,English,11766,General,66,Minimalist
V003419,C00086,2011-07-20,Sports,Standard Video,Hindi,92,Teen,46,Minimalist
V003420,C01180,2020-07-26,Music,Short,Korean,44,General,26,Bright Colors
V003421,C01626,2024-11-28,Technology,Standard Video,Hindi,475,General,55,
V003422,C01204,2026-07-24,Film,Standard Video,English,384,Mature,38,Bright Colors
V003423,C00254,2021-06-12,Education,Standard Video,English,378,General,50,Minimalist
V003424,C01777,2022-10-16,Technology,Short,Portuguese,19,Teen,41,Bright Colors
V003425,C00323,2020-01-09,Entertainment,Short,English,49,Teen,48,Screenshot
V003426,C00406,2026-03-08,Lifestyle,Premiere,English,269,General,60,Text Overlay
V003427,C01738,2022-07-07,Music,Short,English,29,General,26,Text Overlay
V003428,C01509,2025-04-20,Gaming,Standard Video,Spanish,433,General,49,Face Close-up
V003429,C01982,2017-04-10,Film,Premiere,Turkish,282,General,61,Minimalist
V003430,C01787,2019-03-19,Entertainment,Short,English,39,,40,Before-After
V003431,C01298,2014-09-12,Entertainment,Short,Filipino,41,General,25,Bright Colors
V003432,C00738,2025-01-23,Lifestyle,Live Stream,English,2165,General,28,Before-After
V003433,C01517,2011-11-08,Lifestyle,Short,Portuguese,26,Mature,17,Screenshot
V003434,C01574,2025-01-14,Music,Standard Video,English,447,,45,Before-After
V003435,C00443,2024-07-12,Music,Short,Spanish,20,Teen,38,Minimalist
V003436,C00034,2020-06-30,Music,Short,English,24,Teen,20,Collage
V003437,C00679,2025-04-12,Entertainment,Short,Japanese,34,General,24,Bright Colors
V003438,C01826,2013-02-10,Gaming,Premiere,Indonesian,1148,General,48,Minimalist
V003439,C01215,2021-01-17,Entertainment,Short,English,50,General,30,Collage
V003440,C00448,2024-10-08,Technology,Standard Video,Urdu,157,,49,Collage
V003441,C00388,2012-12-12,Entertainment,Short,Indonesian,28,General,28,Text Overlay
V003442,C00806,2016-05-25,Technology,Short,English,28,General,34,Text Overlay
V003443,C00261,2026-05-30,Technology,Standard Video,Vietnamese,542,Teen,26,Collage
V003444,C00868,2021-08-30,Sports,Standard Video,Vietnamese,951,General,42,Face Close-up
V003445,C00188,2023-05-26,News,Premiere,Hindi,1047,General,24,Text Overlay
V003446,C01679,2021-12-10,Gaming,Standard Video,Filipino,573,General,33,Bright Colors
V003447,C01735,2022-11-04,Education,Standard Video,English,3760,General,54,Screenshot
V003448,C01070,2022-04-07,Education,Standard Video,Indonesian,293,General,51,Before-After
V003449,C01720,2025-06-26,Sports,Standard Video,Portuguese,944,General,42,Minimalist
V003450,C00143,2026-05-11,Education,Short,Korean,48,Teen,19,Face Close-up
V003451,C01324,2012-02-15,Lifestyle,Standard Video,Marathi,246,Teen,43,Collage
V003452,C01308,2020-06-09,Lifestyle,Standard Video,English,717,Teen,48,Minimalist
V003453,C00626,2020-06-17,News,Standard Video,English,262,General,54,Collage
V003454,C01651,2025-09-19,Entertainment,Short,Spanish,49,General,21,Bright Colors
V003455,C00581,2013-03-14,Education,Standard Video,Portuguese,442,General,57,Face Close-up
V003456,C00626,2022-08-29,News,Standard Video,English,245,General,64,Text Overlay
V003457,C01802,2011-02-06,Music,Standard Video,English,1636,General,32,Screenshot
V003458,C00409,2015-12-10,Gaming,Standard Video,Hindi,2643,General,30,Minimalist
V003459,C00891,2023-09-30,Film,Short,Korean,39,Teen,18,Bright Colors
V003460,C01800,2018-01-04,Gaming,Standard Video,Spanish,932,,57,Collage
V003461,C00512,2021-04-06,Technology,Standard Video,English,315,General,35,Collage
V003462,C01199,2022-10-13,Entertainment,Standard Video,English,1217,General,42,Collage
V003463,C01197,2016-04-26,Lifestyle,Standard Video,English,137,General,43,Screenshot
V003464,C01304,2024-11-16,Gaming,Standard Video,Spanish,629,General,62,Collage
V003465,C01095,2010-10-17,News,Standard Video,English,1090,General,62,Face Close-up
V003466,C01694,2020-12-13,Entertainment,Live Stream,English,12194,General,28,Text Overlay
V003467,C00380,2014-03-01,Gaming,Standard Video,English,588,General,38,Collage
V003468,C01607,2016-01-26,Comedy,Short,Vietnamese,47,Teen,32,Screenshot
V003469,C01829,2015-01-12,Education,Standard Video,Hindi,994,General,49,Bright Colors
V003470,C00140,2018-11-30,Gaming,Standard Video,Turkish,220,General,64,Text Overlay
V003471,C01153,2023-03-21,Music,Standard Video,Hindi,164,General,75,Text Overlay
V003472,C01204,2026-07-22,Film,Short,English,31,Mature,36,Face Close-up
V003473,C00288,2017-09-30,Technology,Standard Video,English,263,General,42,Collage
V003474,C00702,2022-06-11,Entertainment,Short,Filipino,29,General,36,Bright Colors
V003475,C00961,2020-01-22,Sports,Short,English,25,Mature,28,Minimalist
V003476,C00697,2026-06-30,News,Short,English,54,General,30,Face Close-up
V003477,C01327,2016-12-16,Music,Short,Hindi,17,General,48,Face Close-up
V003478,C00818,2024-02-08,Comedy,Standard Video,Spanish,193,General,39,Text Overlay
V003479,C01455,2025-07-05,Sports,Standard Video,English,2050,General,39,Screenshot
V003480,C00472,2022-01-30,Entertainment,Premiere,Urdu,870,General,47,Screenshot
V003481,C00726,2017-03-30,Education,Short,German,54,General,19,Face Close-up
V003482,C01025,2020-02-28,Sports,Standard Video,English,1452,Teen,55,Before-After
V003483,C00317,2011-06-28,Gaming,Short,Japanese,56,General,30,Before-After
V003484,C01826,2021-07-13,Gaming,Standard Video,Indonesian,2035,General,45,Screenshot
V003485,C01581,2026-02-06,Film,Standard Video,Spanish,358,General,,Text Overlay
V003486,C01274,2020-12-12,Education,Short,English,39,General,35,Text Overlay
V003487,C01901,2012-11-30,Music,Short,Turkish,45,General,18,Collage
V003488,C01020,2023-07-19,Gaming,Standard Video,Hindi,918,Mature,44,Bright Colors
V003489,C01098,2025-10-19,Sports,Short,Filipino,23,General,26,Before-After
V003490,C01481,2023-07-16,Lifestyle,Short,Hindi,28,General,20,Screenshot
V003491,C00136,2024-05-31,Education,Short,English,49,General,8,Text Overlay
V003492,C01084,2023-03-13,Entertainment,Standard Video,English,470,General,35,Text Overlay
V003493,C00195,2025-04-15,Technology,Standard Video,English,793,General,,Face Close-up
V003494,C01375,2019-01-07,Comedy,Short,English,42,General,13,Before-After
V003495,C01468,2013-07-15,Education,Short,English,16,Teen,35,Collage
V003496,C00655,2023-04-04,Entertainment,Standard Video,Hindi,1717,General,59,Face Close-up
V003497,C00738,2025-09-08,Lifestyle,Premiere,English,158,General,78,Bright Colors
V003498,C01758,2023-11-14,Comedy,Standard Video,Portuguese,930,General,36,Bright Colors
V003499,C01592,2025-03-12,Entertainment,Standard Video,Spanish,2364,General,38,Text Overlay
V003500,C01456,2020-10-27,Technology,Standard Video,English,2942,General,49,Before-After
V003501,C01543,2026-05-22,Sports,Standard Video,German,444,General,29,Bright Colors
V003502,C00796,2018-07-10,Lifestyle,Short,Hindi,51,General,21,Text Overlay
V003503,C00093,2025-12-11,Lifestyle,Short,Filipino,30,Teen,39,Minimalist
V003504,C00576,2019-05-04,Technology,Standard Video,French,227,Mature,55,Screenshot
V003505,C01156,2019-08-22,Film,Live Stream,English,6166,General,37,Minimalist
V003506,C00577,2024-08-29,Lifestyle,Standard Video,German,378,General,47,Bright Colors
V003507,C01497,2015-07-11,Gaming,Standard Video,Spanish,281,General,54,Bright Colors
V003508,C00744,2026-07-14,Comedy,Standard Video,Spanish,607,General,50,Screenshot
V003509,C01574,2020-06-19,Music,Short,English,16,General,18,Before-After
V003510,C00280,2023-06-26,Entertainment,Short,English,23,General,20,Bright Colors
V003511,C01658,2026-04-18,Gaming,Standard Video,Spanish,347,General,33,Bright Colors
V003512,C00181,2013-03-31,Lifestyle,Standard Video,Portuguese,3905,General,50,Bright Colors
V003513,C00182,2019-07-24,Music,Standard Video,Portuguese,64,Teen,21,Screenshot
V003514,C00399,2025-06-24,Lifestyle,Short,English,16,General,34,Minimalist
V003515,C00829,2015-08-14,Education,Premiere,Hindi,949,General,47,Minimalist
V003516,C00020,2019-01-27,Gaming,Short,Indonesian,34,General,20,
V003517,C00892,2024-02-20,Comedy,Short,German,20,General,25,Text Overlay
V003518,C01027,2019-02-19,Entertainment,Standard Video,English,1607,General,64,Collage
V003519,C00043,2013-01-25,Entertainment,Standard Video,English,765,General,45,Minimalist
V003520,C00431,2025-08-13,Music,Short,Tamil,38,General,25,Bright Colors
V003521,C01710,2017-07-10,Comedy,Standard Video,Italian,187,General,33,Face Close-up
V003522,C00611,2013-10-06,Technology,Standard Video,Japanese,507,General,56,Collage
V003523,C00692,2025-06-09,Comedy,Standard Video,English,960,Teen,45,Text Overlay
V003524,C00733,2010-09-06,News,Standard Video,Portuguese,541,General,22,Minimalist
V003525,C01783,2016-06-25,Education,Short,Hindi,56,General,28,Face Close-up
V003526,C01167,2025-10-25,Film,Standard Video,English,144,General,45,Collage
V003527,C00571,2018-04-24,Technology,Standard Video,Portuguese,301,Teen,48,Before-After
V003528,C01322,2025-01-22,Entertainment,Live Stream,Vietnamese,10599,General,45,Minimalist
V003529,C00227,2015-11-18,Technology,Short,English,18,General,24,Screenshot
V003530,C00425,2016-04-21,Comedy,Short,Hindi,19,General,8,Screenshot
V003531,C00121,2016-05-14,Music,Premiere,Hindi,638,Teen,89,Bright Colors
V003532,C01527,2022-08-13,Education,Standard Video,Vietnamese,283,General,59,Face Close-up
V003533,C00186,2023-03-31,Sports,Standard Video,English,178,General,57,Collage
V003534,C01552,2015-05-08,Entertainment,Standard Video,Filipino,245,Teen,66,Collage
V003535,C01538,2021-09-04,Music,Short,Hindi,59,General,34,Text Overlay
V003536,C01467,2018-08-01,Sports,Live Stream,English,3465,General,55,Bright Colors
V003537,C01406,2015-06-29,Comedy,Standard Video,English,948,General,55,Minimalist
V003538,C00774,2024-06-12,Film,Live Stream,English,12997,General,55,Face Close-up
V003539,C01012,2011-11-11,News,Short,Hindi,49,General,15,Face Close-up
V003540,C00549,2023-06-18,News,Standard Video,Japanese,450,General,51,Face Close-up
V003541,C01023,2024-10-15,Film,Short,Indonesian,49,General,28,Bright Colors
V003542,C01960,2024-02-06,Music,Standard Video,Hindi,1245,Teen,43,Minimalist
V003543,C01685,2023-07-19,Music,Standard Video,English,326,General,56,Screenshot
V003544,C00903,2014-11-12,Film,Short,Portuguese,19,General,26,Before-After
V003545,C01670,2023-05-21,Education,Short,English,25,General,29,Minimalist
V003546,C01013,2025-09-02,Entertainment,Standard Video,Spanish,843,General,33,Collage
V003547,C01007,2024-07-03,Film,Standard Video,Spanish,160,General,47,Minimalist
V003548,C00653,2025-11-04,Entertainment,Standard Video,Portuguese,281,General,51,Face Close-up
V003549,C01859,2026-01-05,Technology,Standard Video,Vietnamese,540,Teen,44,Screenshot
V003550,C01529,2025-06-10,Technology,Standard Video,German,978,General,43,Collage
V003551,C00870,2018-10-03,Music,Standard Video,Hindi,1374,General,29,Minimalist
V003552,C00245,2010-01-07,Sports,Short,Spanish,32,General,28,Face Close-up
V003553,C01883,2015-12-24,Comedy,Standard Video,Filipino,217,Teen,47,Bright Colors
V003554,C01216,2025-08-03,Entertainment,Standard Video,English,383,General,61,Bright Colors
V003555,C00618,2021-03-01,Education,Live Stream,Hindi,12034,General,38,Before-After
V003556,C01777,2024-10-28,Education,Standard Video,Portuguese,315,Teen,57,Text Overlay
V003557,C00181,2019-01-19,Lifestyle,Standard Video,Portuguese,404,General,65,Text Overlay
V003558,C00700,2020-11-09,Music,Standard Video,Hindi,888,Teen,46,Bright Colors
V003559,C01249,2021-10-23,Entertainment,Standard Video,Portuguese,876,Teen,65,Text Overlay
V003560,C00225,2023-02-14,Sports,Premiere,English,176,General,44,Before-After
V003561,C01339,2011-05-28,Sports,Short,English,59,General,55,Face Close-up
V003562,C01872,2013-11-22,Lifestyle,Standard Video,Indonesian,309,General,54,Before-After
V003563,C01281,2026-07-20,Lifestyle,Premiere,German,466,General,46,Face Close-up
V003564,C00583,2025-12-19,Sports,Standard Video,Portuguese,129,General,54,Text Overlay
V003565,C00636,2017-09-29,Sports,Standard Video,Hindi,273,Teen,41,Collage
V003566,C00903,2020-07-09,Film,Standard Video,English,1178,General,21,Before-After
V003567,C00866,2014-08-12,Education,Standard Video,Spanish,1160,General,44,Collage
V003568,C00181,2013-03-08,Lifestyle,Standard Video,Portuguese,1085,General,43,Collage
V003569,C00318,2021-10-20,Music,Standard Video,Spanish,435,General,26,Face Close-up
V003570,C01918,2013-08-07,Sports,Short,Hindi,38,General,8,Screenshot
V003571,C01371,2016-02-29,Entertainment,Short,Spanish,41,General,21,Bright Colors
V003572,C01231,2025-11-16,Technology,Standard Video,English,399,General,45,Collage
V003573,C01144,2013-10-04,Lifestyle,Short,English,23,Teen,22,Face Close-up
V003574,C00744,2013-01-17,Lifestyle,Standard Video,Spanish,214,General,44,Before-After
V003575,C00260,2021-05-21,Entertainment,Standard Video,Portuguese,526,Teen,44,Screenshot
V003576,C01111,2013-02-07,Music,Standard Video,English,118,General,48,Minimalist
V003577,C01578,2024-02-22,Music,Short,Hindi,39,General,42,Bright Colors
V003578,C00979,2017-01-20,Sports,Short,English,28,General,13,Face Close-up
V003579,C01772,2021-02-17,Film,Standard Video,English,264,Teen,53,Bright Colors
V003580,C00661,2025-01-21,Sports,Standard Video,German,508,General,35,Bright Colors
V003581,C01437,2024-03-23,Gaming,Standard Video,English,758,General,35,Collage
V003582,C00032,2018-04-10,Gaming,Standard Video,English,757,General,76,Face Close-up
V003583,C00512,2022-07-27,Technology,Standard Video,English,1695,General,16,Bright Colors
V003584,C00579,2026-06-17,Entertainment,Standard Video,English,487,General,57,Minimalist
V003585,C00440,2024-03-13,Lifestyle,Standard Video,Turkish,571,General,45,Before-After
V003586,C00744,2017-09-02,Comedy,Standard Video,Hindi,557,General,46,Before-After
V003587,C00609,2024-09-04,Lifestyle,Live Stream,Hindi,2301,General,33,Before-After
V003588,C01859,2021-06-17,Technology,Short,Vietnamese,23,Teen,28,Text Overlay
V003589,C01126,2013-09-10,Lifestyle,Short,Spanish,24,General,27,Face Close-up
V003590,C01013,2014-06-01,Entertainment,Premiere,Spanish,175,General,39,Before-After
V003591,C00891,2024-10-27,Entertainment,Standard Video,Korean,147,Teen,50,Face Close-up
V003592,C00684,2021-12-18,Sports,Premiere,Portuguese,98,General,27,Bright Colors
V003593,C00731,2016-01-13,Gaming,Standard Video,English,576,General,15,Screenshot
V003594,C01268,2014-03-01,Film,Standard Video,English,851,General,54,Text Overlay
V003595,C01187,2010-12-31,Gaming,Standard Video,Portuguese,262,Teen,50,Minimalist
V003596,C00296,2025-10-25,News,Standard Video,Hindi,791,General,26,Screenshot
V003597,C00786,2023-03-18,Gaming,Standard Video,English,1510,General,38,Before-After
V003598,C00575,2026-04-09,Lifestyle,Standard Video,Tamil,332,General,47,Collage
V003599,C01007,2024-04-01,Film,Standard Video,Spanish,442,General,53,Before-After
V003600,C01007,2026-02-04,Comedy,Standard Video,Spanish,218,General,54,Screenshot
V003601,C01150,2022-07-09,Entertainment,Standard Video,English,394,General,27,Text Overlay
V003602,C01366,2022-07-03,Entertainment,Standard Video,English,870,General,37,Collage
V003603,C01552,2025-07-10,Entertainment,Short,Filipino,44,Teen,18,Collage
V003604,C01064,2011-05-12,Education,Short,Thai,36,Teen,21,Minimalist
V003605,C01419,2021-12-05,Technology,Standard Video,Spanish,244,Teen,26,Text Overlay
V003606,C01269,2021-10-09,Film,Standard Video,Hindi,1375,General,47,Collage
V003607,C00773,2019-12-26,News,Standard Video,English,853,General,42,Text Overlay
V003608,C01607,2019-04-22,Music,Standard Video,Vietnamese,811,Teen,19,Face Close-up
V003609,C01481,2021-09-20,Lifestyle,Standard Video,Hindi,902,General,38,Screenshot
V003610,C01467,2013-07-09,Sports,Short,English,47,Teen,18,Collage
V003611,C00769,2019-01-14,Education,Standard Video,Tamil,872,General,11,Text Overlay
V003612,C01326,2024-03-16,Technology,Short,English,18,General,14,Bright Colors
V003613,C00651,2023-12-11,Lifestyle,Standard Video,Hindi,1263,General,50,Minimalist
V003614,C01527,2023-05-03,Education,Standard Video,Hindi,538,General,39,Before-After
V003615,C00424,2014-02-05,Education,Live Stream,Hindi,5601,General,31,Before-After
V003616,C01925,2026-01-21,Sports,Short,Portuguese,37,General,25,Collage
V003617,C01499,2021-11-19,Entertainment,Short,Indonesian,48,Teen,8,Before-After
V003618,C01723,2025-05-09,Education,Standard Video,English,547,General,32,Bright Colors
V003619,C00916,2025-04-09,Gaming,Standard Video,English,1388,General,23,Minimalist
V003620,C00265,2023-10-18,Music,Standard Video,Indonesian,1162,General,,Minimalist
V003621,C01507,2022-04-10,Education,Short,Hindi,28,General,27,Before-After
V003622,C01346,2023-06-23,News,Standard Video,English,318,General,77,
V003623,C00459,2015-08-24,Education,Short,Vietnamese,36,General,34,Minimalist
V003624,C01990,2017-08-05,Film,Standard Video,English,1020,General,33,Bright Colors
V003625,C01016,2015-12-09,News,Standard Video,Urdu,541,General,,Bright Colors
V003626,C01812,2024-02-14,Entertainment,Premiere,Indonesian,144,Mature,36,Minimalist
V003627,C01247,2017-12-17,Lifestyle,Short,English,56,General,46,Screenshot
V003628,C00089,2023-11-21,Technology,Standard Video,Indonesian,981,General,61,Screenshot
V003629,C00520,2021-12-02,Lifestyle,Live Stream,French,6112,Teen,29,Collage
V003630,C01105,2013-02-06,Technology,Standard Video,Japanese,481,General,42,Text Overlay
V003631,C00326,2014-10-17,Gaming,Short,English,59,General,17,Screenshot
V003632,C01869,2018-05-21,Music,Short,English,44,General,25,Screenshot
V003633,C01440,2023-10-25,Entertainment,Standard Video,Indonesian,1802,General,45,Face Close-up
V003634,C00589,2025-10-05,Gaming,Short,English,21,General,41,Before-After
V003635,C00599,2015-05-21,News,Standard Video,Spanish,536,General,45,Minimalist
V003636,C00139,2020-04-19,Film,Standard Video,Hindi,290,General,27,Before-After
V003637,C01674,2026-07-17,Gaming,Short,Hindi,25,General,31,Face Close-up
V003638,C00706,2022-09-18,Gaming,Standard Video,Spanish,1094,General,21,Text Overlay
V003639,C00204,2016-04-04,Sports,Live Stream,English,6762,General,56,Face Close-up
V003640,C00571,2021-04-22,Technology,Standard Video,Portuguese,108,Teen,29,Minimalist
V003641,C00631,2021-09-20,Technology,Live Stream,English,11054,General,42,Screenshot
V003642,C01496,2022-01-15,Comedy,Standard Video,Portuguese,200,Teen,41,Screenshot
V003643,C01988,2018-12-22,Film,Standard Video,Portuguese,1924,General,37,Text Overlay
V003644,C00647,2026-04-05,Education,Standard Video,Hindi,79,Mature,39,Minimalist
V003645,C01023,2025-09-15,Entertainment,Standard Video,English,61,General,46,Collage
V003646,C00001,2020-12-23,Sports,Short,Japanese,29,General,30,Collage
V003647,C01571,2019-07-18,Education,Standard Video,English,1110,General,34,Collage
V003648,C01663,2020-04-11,Education,Short,English,43,General,14,Before-After
V003649,C00576,2021-04-13,Technology,Short,French,54,Mature,53,Bright Colors
V003650,C00496,2020-12-10,Lifestyle,Standard Video,Hindi,112,General,14,Before-After
V003651,C01454,2012-06-23,Gaming,Standard Video,Indonesian,432,General,56,Minimalist
V003652,C00812,2017-12-22,Education,Short,Filipino,23,General,25,Text Overlay
V003653,C00535,2025-01-03,Lifestyle,Standard Video,English,538,General,76,Collage
V003654,C01575,2024-07-09,Technology,Short,English,56,General,38,Bright Colors
V003655,C00592,2011-01-28,Music,Standard Video,English,287,General,42,Minimalist
V003656,C01247,2024-08-24,Lifestyle,Live Stream,English,8393,General,25,Face Close-up
V003657,C01767,2018-10-18,Gaming,Standard Video,Hindi,221,General,66,Collage
V003658,C01219,2023-11-30,Entertainment,Live Stream,English,13957,General,46,Face Close-up
V003659,C00969,2018-11-15,Lifestyle,Standard Video,Hindi,363,General,70,Face Close-up
V003660,C01761,2024-02-04,Entertainment,Premiere,Portuguese,61,General,52,Screenshot
V003661,C01428,2020-02-03,Education,Short,Portuguese,26,General,43,Text Overlay
V003662,C01419,2020-11-01,Technology,Standard Video,Spanish,826,Teen,23,Before-After
V003663,C00851,2016-03-28,Comedy,Live Stream,English,8824,General,37,Text Overlay
V003664,C00694,2025-06-08,Sports,Standard Video,Japanese,354,General,48,
V003665,C00835,2017-07-19,News,Standard Video,Spanish,1956,General,36,Collage
V003666,C00858,2024-08-01,Lifestyle,Short,English,55,General,27,Screenshot
V003667,C01182,2024-01-14,Lifestyle,Standard Video,Portuguese,102,General,66,Before-After
V003668,C00409,2021-05-09,Music,Standard Video,Hindi,179,General,50,Before-After
V003669,C01989,2022-11-28,Comedy,Standard Video,French,244,General,21,Screenshot
V003670,C00773,2022-09-22,Education,Short,English,19,General,37,Before-After
V003671,C01567,2023-06-21,Sports,Standard Video,English,1067,General,59,Screenshot
V003672,C01802,2010-09-15,Music,Short,English,17,General,29,Screenshot
V003673,C00249,2024-06-07,Lifestyle,Short,English,44,General,29,Screenshot
V003674,C01563,2022-04-14,Entertainment,Standard Video,Vietnamese,296,General,72,Collage
V003675,C01659,2019-11-06,Film,Short,Spanish,32,Teen,40,Minimalist
V003676,C01553,2014-01-20,Lifestyle,Standard Video,English,969,General,50,Text Overlay
V003677,C00356,2015-08-19,Technology,Standard Video,English,609,General,32,Collage
V003678,C00716,2021-10-29,Gaming,Short,English,34,General,8,Minimalist
V003679,C00177,2023-12-15,Sports,Standard Video,Spanish,1027,Teen,31,Before-After
V003680,C00992,2021-08-15,Music,Standard Video,Tamil,970,General,,Face Close-up
V003681,C00518,2011-03-05,Comedy,Short,Spanish,49,General,27,Bright Colors
V003682,C00409,2021-06-03,Music,Short,Hindi,22,General,31,Face Close-up
V003683,C01680,2019-01-24,Gaming,Standard Video,English,733,General,35,Before-After
V003684,C01671,2016-12-25,Music,Standard Video,English,132,General,74,Bright Colors
V003685,C01348,2023-12-22,Entertainment,Short,English,31,General,14,Bright Colors
V003686,C00177,2019-06-27,Sports,Standard Video,Spanish,310,Teen,55,Before-After
V003687,C00563,2026-04-01,Music,Standard Video,English,438,General,63,Minimalist
V003688,C00589,2011-07-30,Gaming,Short,English,22,General,28,Text Overlay
V003689,C01260,2024-09-04,Gaming,Standard Video,English,210,General,25,Bright Colors
V003690,C00786,2017-11-25,Gaming,Short,English,40,Mature,21,Bright Colors
V003691,C00676,2020-01-06,Comedy,Standard Video,Portuguese,304,General,30,Screenshot
V003692,C00961,2017-06-21,Sports,Short,English,30,Mature,43,Collage
V003693,C01321,2026-06-12,Entertainment,Standard Video,Hindi,254,General,62,Screenshot
V003694,C00626,2025-01-28,Education,Standard Video,English,375,General,53,Text Overlay
V003695,C01914,2016-02-05,Music,Short,English,25,Teen,24,Face Close-up
V003696,C00424,2017-07-05,Education,Standard Video,Hindi,529,General,54,Screenshot
V003697,C00805,2023-09-22,News,Standard Video,English,1085,Teen,34,Bright Colors
V003698,C01777,2023-12-09,Technology,Standard Video,Portuguese,1150,Teen,59,Bright Colors
V003699,C01542,2022-10-26,Sports,Short,Indonesian,28,General,23,Bright Colors
V003700,C01307,2014-01-28,Music,Short,English,55,General,32,Bright Colors
V003701,C01161,2021-04-07,Gaming,Short,Spanish,45,General,18,Before-After
V003702,C01368,2023-12-26,Sports,Standard Video,Hindi,281,Teen,39,Face Close-up
V003703,C01193,2022-04-02,Sports,Standard Video,French,163,General,81,Text Overlay
V003704,C00576,2015-03-31,News,Standard Video,French,315,Mature,49,Screenshot
V003705,C01964,2021-08-19,Music,Short,Italian,46,General,24,Text Overlay
V003706,C00317,2016-07-07,Gaming,Premiere,Hindi,215,General,,Text Overlay
V003707,C00832,2016-04-03,Technology,Standard Video,English,113,General,71,Text Overlay
V003708,C01746,2023-02-06,Education,Standard Video,English,5400,Teen,54,Screenshot
V003709,C01096,2022-12-02,Education,Standard Video,Vietnamese,2204,General,47,Face Close-up
V003710,C01973,2015-02-27,News,Standard Video,Hindi,565,General,53,Before-After
V003711,C00018,2026-01-24,Comedy,Standard Video,English,214,General,29,Bright Colors
V003712,C01013,2017-05-17,Entertainment,Live Stream,Spanish,7700,General,62,Bright Colors
V003713,C01188,2026-06-19,Lifestyle,Short,Portuguese,28,General,29,Before-After
V003714,C01776,2025-08-12,Education,Live Stream,Japanese,6893,General,22,Face Close-up
V003715,C00679,2024-07-01,Entertainment,Standard Video,Japanese,778,General,49,Face Close-up
V003716,C00577,2015-04-07,Lifestyle,Short,German,21,General,12,Screenshot
V003717,C00891,2015-06-01,Entertainment,Short,Korean,25,Teen,33,
V003718,C00767,2025-05-09,Entertainment,Short,English,38,General,46,Before-After
V003719,C00580,2025-06-14,Gaming,Standard Video,Portuguese,297,General,57,Minimalist
V003720,C01189,2022-09-13,Technology,Standard Video,English,488,Teen,23,Text Overlay
V003721,C00571,2021-05-26,Technology,Standard Video,Portuguese,1014,Teen,40,Text Overlay
V003722,C01450,2026-06-15,Sports,Short,Hindi,22,General,32,Collage
V003723,C01633,2015-05-05,News,Standard Video,Indonesian,92,Teen,70,Text Overlay
V003724,C00068,2017-04-12,Entertainment,Standard Video,Portuguese,1317,Teen,59,Screenshot
V003725,C01592,2024-07-24,Entertainment,Short,Spanish,19,General,25,Face Close-up
V003726,C01103,2020-07-20,News,Standard Video,English,481,Mature,67,Bright Colors
V003727,C00652,2026-07-19,Education,Standard Video,English,998,General,32,Face Close-up
V003728,C01861,2025-03-20,Music,Standard Video,English,537,General,39,Minimalist
V003729,C01547,2013-08-03,Gaming,Standard Video,English,198,General,45,Before-After
V003730,C00035,2020-05-09,Gaming,Standard Video,Hindi,143,Teen,53,Text Overlay
V003731,C01603,2014-05-28,Music,Live Stream,Hindi,3573,General,83,Minimalist
V003732,C00597,2019-08-22,Entertainment,Standard Video,English,578,,71,Bright Colors
V003733,C00449,2015-11-09,Lifestyle,Short,Portuguese,57,General,26,Face Close-up
V003734,C00539,2025-11-03,Comedy,Standard Video,Turkish,583,Teen,47,Screenshot
V003735,C01584,2012-05-06,Sports,Standard Video,Marathi,1075,Teen,42,Screenshot
V003736,C01676,2014-06-19,Comedy,Short,English,28,General,28,Text Overlay
V003737,C00527,2013-03-01,Entertainment,Standard Video,English,219,General,57,Face Close-up
V003738,C00186,2023-11-25,Sports,Short,English,47,General,41,Minimalist
V003739,C01060,2025-06-07,Lifestyle,Standard Video,English,402,General,39,Bright Colors
V003740,C01814,2016-11-09,Lifestyle,Standard Video,Spanish,347,General,44,Before-After
V003741,C01292,2010-10-17,Technology,Standard Video,Hindi,416,General,45,Collage
V003742,C00443,2025-03-12,Music,Short,Spanish,27,Teen,,Face Close-up
V003743,C00591,2023-11-30,Gaming,Standard Video,English,793,Teen,36,Minimalist
V003744,C00678,2024-09-20,Music,Short,Portuguese,39,General,31,Face Close-up
V003745,C01247,2022-04-29,Entertainment,Standard Video,English,274,General,24,Text Overlay
V003746,C01091,2022-11-10,Entertainment,Standard Video,Spanish,611,General,60,Text Overlay
V003747,C01139,2012-01-18,Entertainment,Short,English,53,General,25,Minimalist
V003748,C00866,2022-05-17,Education,Standard Video,Spanish,523,General,34,Bright Colors
V003749,C00431,2025-09-28,Music,Standard Video,Tamil,1267,General,33,Collage
V003750,C01902,2010-08-02,Lifestyle,Short,French,40,General,34,Text Overlay
V003751,C01644,2023-12-26,Music,Short,English,54,General,22,Minimalist
V003752,C00658,2018-06-09,Comedy,Standard Video,Turkish,264,General,29,Collage
V003753,C01564,2023-05-24,Lifestyle,Standard Video,English,1141,General,55,Minimalist
V003754,C01449,2016-03-08,Education,Short,German,46,General,15,Face Close-up
V003755,C00842,2016-02-26,News,Short,Kannada,36,General,22,Before-After
V003756,C00820,2021-03-26,Sports,Standard Video,English,1441,Teen,47,Screenshot
V003757,C00796,2017-05-26,Lifestyle,Short,Hindi,57,General,24,Bright Colors
V003758,C01445,2023-06-08,News,Short,Hindi,20,General,35,Text Overlay
V003759,C01457,2020-11-23,Gaming,Short,French,19,Teen,21,Minimalist
V003760,C00839,2013-11-30,Music,Standard Video,German,114,Teen,51,Face Close-up
V003761,C01683,2021-11-28,Technology,Standard Video,Indonesian,1136,General,66,Screenshot
V003762,C00752,2025-05-12,Comedy,Short,Indonesian,23,General,34,Face Close-up
V003763,C00569,2024-03-18,Gaming,Standard Video,Bengali,653,General,41,Minimalist
V003764,C01964,2019-08-27,Music,Standard Video,Portuguese,1745,Mature,57,Minimalist
V003765,C00321,2023-03-04,Comedy,Short,English,46,General,19,Collage
V003766,C00636,2021-09-22,Sports,Standard Video,Hindi,61,Teen,22,Collage
V003767,C00626,2020-05-08,News,Short,English,22,General,21,Collage
V003768,C01410,2025-05-25,Lifestyle,Standard Video,English,3897,General,33,Screenshot
V003769,C01925,2026-06-22,Sports,Standard Video,Hindi,991,General,56,Face Close-up
V003770,C01717,2017-02-18,Comedy,Standard Video,Filipino,784,General,34,Minimalist
V003771,C00177,2018-10-05,Sports,Standard Video,Spanish,1397,Teen,22,Minimalist
V003772,C01499,2021-06-05,Entertainment,Standard Video,Indonesian,191,Teen,39,Before-After
V003773,C00204,2017-02-20,Sports,Standard Video,English,620,General,,Screenshot
V003774,C00496,2012-08-13,Lifestyle,Standard Video,Hindi,923,General,70,Collage
V003775,C00496,2012-12-05,Gaming,Standard Video,Hindi,535,General,51,Screenshot
V003776,C01233,2026-05-27,Technology,Standard Video,Spanish,2841,General,39,Text Overlay
V003777,C00642,2025-12-23,Music,Short,English,36,Mature,32,Before-After
V003778,C00973,2023-10-06,Education,Standard Video,Portuguese,2113,General,34,Collage
V003779,C01763,2017-08-14,Comedy,Short,German,17,General,26,Minimalist
V003780,C00768,2026-06-21,Film,Live Stream,Turkish,10143,General,37,Text Overlay
V003781,C01552,2017-05-04,Entertainment,Premiere,Filipino,61,Teen,59,Bright Colors
V003782,C00404,2020-12-03,Gaming,Short,English,21,General,8,Text Overlay
V003783,C01771,2016-07-07,Education,Standard Video,English,302,General,47,Before-After
V003784,C00288,2011-05-16,Technology,Standard Video,English,166,General,31,Face Close-up
V003785,C00415,2014-12-01,Music,Premiere,English,638,General,58,Before-After
V003786,C01764,2013-06-23,Technology,Standard Video,Spanish,3572,General,51,Text Overlay
V003787,C00018,2026-03-30,Comedy,Live Stream,English,10390,General,36,Bright Colors
V003788,C01074,2017-10-29,Lifestyle,Premiere,French,222,General,69,Text Overlay
V003789,C01823,2023-06-17,Lifestyle,Standard Video,Hindi,1237,Teen,34,Bright Colors
V003790,C01081,2018-04-13,Gaming,Short,French,46,General,34,Minimalist
V003791,C01847,2024-06-24,Comedy,Standard Video,Spanish,81,General,42,Minimalist
V003792,C00589,2011-05-08,Gaming,Short,English,22,General,34,Bright Colors
V003793,C01680,2015-04-02,Gaming,Standard Video,English,614,General,46,Face Close-up
V003794,C00486,2015-03-12,Music,Standard Video,Filipino,397,General,61,Minimalist
V003795,C00105,2011-12-18,Gaming,Standard Video,English,583,General,32,Screenshot
V003796,C00589,2011-04-14,Gaming,Standard Video,English,394,General,38,Bright Colors
V003797,C00891,2019-09-16,Entertainment,Short,Hindi,38,Teen,22,Screenshot
V003798,C00178,2011-12-26,Gaming,Short,French,46,Teen,37,Face Close-up
V003799,C01233,2026-01-28,Technology,Standard Video,Spanish,588,General,34,Collage
V003800,C01045,2024-05-04,Entertainment,Standard Video,Vietnamese,468,General,49,Minimalist
V003801,C00036,2024-02-27,Gaming,Short,Hindi,48,General,19,Face Close-up
V003802,C00694,2026-07-02,Sports,Short,Japanese,22,Teen,23,Minimalist
V003803,C00655,2023-11-30,Entertainment,Standard Video,Filipino,1974,General,17,Collage
V003804,C01005,2011-09-20,Music,Short,Hindi,56,General,28,Before-After
V003805,C01174,2025-10-30,Music,Standard Video,English,104,General,32,Bright Colors
V003806,C00257,2016-12-06,Technology,Short,Filipino,41,General,40,Minimalist
V003807,C01386,2013-03-23,Music,Live Stream,Hindi,8511,General,36,Before-After
V003808,C01199,2025-02-06,Entertainment,Short,English,24,General,26,Face Close-up
V003809,C00455,2025-04-16,Lifestyle,Standard Video,English,175,General,65,Bright Colors
V003810,C01630,2025-04-13,Gaming,Short,German,56,General,16,Minimalist
V003811,C00700,2021-03-14,Music,Standard Video,Hindi,999,Teen,48,Bright Colors
V003812,C01012,2012-10-01,Entertainment,Standard Video,Hindi,1046,General,17,Text Overlay
V003813,C01191,2021-01-31,Gaming,Short,Hindi,41,General,36,Minimalist
V003814,C01917,2023-10-29,Music,Standard Video,English,1670,Mature,49,Screenshot
V003815,C00868,2024-10-01,Sports,Short,Vietnamese,17,General,14,Minimalist
V003816,C01214,2015-05-02,Education,Standard Video,Hindi,600,General,81,
V003817,C01425,2012-12-26,Comedy,Standard Video,English,685,General,47,Text Overlay
V003818,C00011,2014-08-23,Music,Standard Video,Turkish,564,Teen,32,Face Close-up
V003819,C00208,2020-12-05,Comedy,Standard Video,Spanish,849,General,50,Face Close-up
V003820,C00752,2014-02-14,Comedy,Standard Video,Spanish,837,General,28,Bright Colors
V003821,C01971,2017-05-08,Entertainment,Short,English,24,,28,Screenshot
V003822,C00395,2025-05-23,Music,Standard Video,English,1627,General,26,Before-After
V003823,C01695,2015-10-07,Entertainment,Short,English,54,Teen,29,Face Close-up
V003824,C00047,2011-11-25,Music,Standard Video,English,1001,General,40,Text Overlay
V003825,C01964,2025-03-19,Music,Standard Video,Italian,550,Mature,48,Minimalist
V003826,C00414,2021-09-13,Entertainment,Short,English,58,General,8,Before-After
V003827,C01173,2018-11-12,Music,Standard Video,English,472,Teen,57,Screenshot
V003828,C01041,2022-06-28,Film,Short,English,26,Teen,13,Before-After
V003829,C01812,2020-08-31,Entertainment,Standard Video,Hindi,507,Mature,50,Collage
V003830,C01506,2010-08-20,Gaming,Short,Portuguese,25,Teen,21,Bright Colors
V003831,C01908,2015-03-14,Sports,Standard Video,Telugu,852,General,85,Before-After
V003832,C01028,2021-05-09,Comedy,Standard Video,Hindi,397,Teen,57,Face Close-up
V003833,C00406,2025-07-16,Gaming,Standard Video,Portuguese,312,General,44,Text Overlay
V003834,C01507,2014-09-20,Education,Standard Video,Hindi,194,General,52,Face Close-up
V003835,C01841,2010-09-29,Education,Standard Video,Portuguese,643,General,42,Text Overlay
V003836,C01975,2019-11-20,Film,Standard Video,English,491,General,37,Screenshot
V003837,C00016,2021-08-13,Lifestyle,Standard Video,Indonesian,271,General,47,Collage
V003838,C00750,2017-07-01,Sports,Standard Video,Vietnamese,1636,General,59,Bright Colors
V003839,C01988,2017-12-15,News,Standard Video,Portuguese,839,General,55,Face Close-up
V003840,C00891,2012-10-28,Entertainment,Short,Korean,37,Teen,16,Before-After
V003841,C00694,2024-05-26,Sports,Standard Video,Japanese,551,General,40,Before-After
V003842,C00047,2011-11-09,Music,Short,Portuguese,52,General,27,Minimalist
V003843,C01960,2025-01-08,Music,Standard Video,Hindi,1724,Teen,13,Collage
V003844,C00470,2010-08-01,Sports,Standard Video,English,414,General,38,Before-After
V003845,C00745,2015-05-04,Education,Short,Japanese,37,General,22,Face Close-up
V003846,C01268,2017-06-22,Film,Short,English,59,General,10,Screenshot
V003847,C00615,2022-01-10,Film,Standard Video,Hindi,75,General,36,Collage
V003848,C01456,2017-03-15,Technology,Short,English,44,General,15,Screenshot
V003849,C00225,2023-12-20,Sports,Standard Video,English,576,General,10,Minimalist
V003850,C01092,2020-08-14,Film,Premiere,Portuguese,1865,General,63,Bright Colors
V003851,C01213,2019-08-17,Technology,Standard Video,Filipino,120,General,29,Screenshot
V003852,C00755,2021-08-16,Education,Live Stream,Hindi,5790,General,43,Collage
V003853,C01479,2014-07-24,Gaming,Standard Video,English,3022,General,51,Text Overlay
V003854,C01012,2023-06-09,Entertainment,Standard Video,Hindi,299,Teen,62,Text Overlay
V003855,C00781,2020-06-20,Lifestyle,Premiere,English,1287,Teen,29,Before-After
V003856,C01815,2025-09-16,Sports,Short,Tamil,59,General,27,Minimalist
V003857,C01436,2019-07-08,Entertainment,Short,English,24,General,35,Bright Colors
V003858,C01235,2016-06-10,Comedy,Standard Video,English,468,General,,Minimalist
V003859,C01569,2019-12-17,Gaming,Live Stream,French,4973,Teen,54,Minimalist
V003860,C00186,2022-02-01,Sports,Short,English,43,,25,Collage
V003861,C00793,2018-10-10,Entertainment,Short,English,47,General,46,Face Close-up
V003862,C01180,2012-08-11,Music,Standard Video,Korean,2039,General,65,Text Overlay
V003863,C01877,2016-12-13,Gaming,Short,English,46,General,25,Screenshot
V003864,C00970,2013-01-24,Lifestyle,Standard Video,Hindi,1383,Teen,24,Face Close-up
V003865,C00960,2026-07-01,Gaming,Short,Vietnamese,27,General,38,Bright Colors
V003866,C01725,2017-12-26,News,Standard Video,Filipino,445,General,69,Bright Colors
V003867,C01545,2023-04-13,Technology,Short,English,42,General,23,Before-After
V003868,C00876,2013-09-27,Sports,Standard Video,English,801,Teen,27,Before-After
V003869,C00752,2020-09-16,Comedy,Standard Video,Indonesian,374,General,35,Text Overlay
V003870,C01982,2024-04-18,Film,Short,Turkish,47,General,33,Bright Colors
V003871,C00750,2014-10-10,Sports,Standard Video,Vietnamese,182,General,50,Before-After
V003872,C00015,2021-05-29,Technology,Standard Video,English,471,General,37,Minimalist
V003873,C01021,2010-07-22,Lifestyle,Standard Video,Hindi,374,General,58,Bright Colors
V003874,C01446,2025-01-21,Gaming,Short,Portuguese,33,Mature,35,Text Overlay
V003875,C00803,2014-01-24,Entertainment,Standard Video,English,175,General,75,Text Overlay
V003876,C00741,2024-10-27,Lifestyle,Standard Video,Portuguese,285,General,51,Minimalist
V003877,C00531,2026-04-11,Music,Short,Japanese,22,General,21,Screenshot
V003878,C01180,2014-12-19,Music,Short,Korean,57,General,30,Minimalist
V003879,C01399,2025-10-02,Education,Standard Video,Hindi,550,General,42,Face Close-up
V003880,C01624,2021-02-04,Technology,Short,Spanish,20,General,37,Minimalist
V003881,C00920,2015-06-21,Music,Short,Spanish,34,Mature,36,Minimalist
V003882,C00752,2022-06-09,Comedy,Short,Indonesian,32,General,13,Bright Colors
V003883,C01507,2011-08-23,Education,Short,Spanish,24,General,8,Before-After
V003884,C00131,2016-06-30,Technology,Short,English,47,General,29,Collage
V003885,C01211,2022-03-11,Technology,Standard Video,English,3089,General,50,Screenshot
V003886,C01356,2012-11-18,Education,Short,Spanish,44,Teen,24,Before-After
V003887,C01871,2022-01-07,Lifestyle,Short,Portuguese,41,General,21,Face Close-up
V003888,C00245,2012-04-03,Sports,Standard Video,Hindi,483,General,41,Collage
V003889,C00985,2014-02-15,Music,Premiere,Korean,165,Teen,48,Face Close-up
V003890,C00339,2014-03-30,Entertainment,Standard Video,English,306,General,73,Collage
V003891,C01013,2014-05-31,Entertainment,Short,Spanish,29,Mature,27,Face Close-up
V003892,C01841,2014-02-17,Education,Short,Portuguese,50,General,33,Bright Colors
V003893,C01831,2026-03-28,Entertainment,Standard Video,English,453,General,19,Minimalist
V003894,C00865,2011-06-18,Gaming,Standard Video,Spanish,600,General,63,Face Close-up
V003895,C01535,2026-02-12,Technology,Standard Video,English,663,General,38,Collage
V003896,C00619,2019-06-07,Gaming,Short,English,38,General,42,Minimalist
V003897,C00519,2010-04-13,Music,Standard Video,Urdu,1628,General,51,Minimalist
V003898,C01457,2017-12-02,Gaming,Standard Video,Hindi,374,Teen,46,Collage
V003899,C01589,2020-02-13,Gaming,Short,English,17,General,25,Before-After
V003900,C00216,2016-07-15,Education,Standard Video,Indonesian,320,Teen,41,Minimalist
V003901,C00566,2012-05-31,News,Short,English,53,Teen,39,Text Overlay
V003902,C01117,2025-07-29,Technology,Short,Portuguese,40,General,12,Before-After
V003903,C00257,2016-01-13,Technology,Live Stream,Filipino,7536,General,36,Collage
V003904,C00866,2017-12-19,Education,Premiere,Spanish,1717,General,58,Screenshot
V003905,C01570,2017-01-14,Entertainment,Short,Japanese,18,Mature,36,
V003906,C01169,2014-09-07,News,Standard Video,German,763,General,51,
V003907,C00719,2017-10-26,Education,Standard Video,English,790,General,26,Face Close-up
V003908,C01457,2015-11-08,Music,Standard Video,French,2086,Teen,51,Collage
V003909,C01468,2026-05-31,Education,Premiere,Portuguese,3639,Teen,48,Before-After
V003910,C00671,2019-01-03,Film,Short,Spanish,56,General,41,Text Overlay
V003911,C00983,2026-05-29,News,Premiere,Indonesian,250,General,34,Before-After
V003912,C00810,2025-02-20,Music,Short,French,31,General,21,Text Overlay
V003913,C01085,2019-07-24,Sports,Standard Video,English,134,General,52,Minimalist
V003914,C00024,2021-11-10,Comedy,Short,Indonesian,31,General,24,Bright Colors
V003915,C00379,2010-03-12,Technology,Live Stream,Filipino,7185,General,46,Bright Colors
V003916,C00494,2024-06-20,Gaming,Short,Spanish,47,General,36,Before-After
V003917,C00691,2012-10-03,Education,Standard Video,English,86,General,79,Face Close-up
V003918,C01545,2026-02-05,Technology,Standard Video,English,137,General,45,Screenshot
V003919,C00179,2025-01-17,Education,Standard Video,English,424,General,62,Screenshot
V003920,C00371,2016-02-10,Education,Short,English,19,General,31,Face Close-up
V003921,C01584,2013-09-11,Sports,Short,Marathi,36,General,24,Collage
V003922,C01998,2023-07-31,Education,Short,Spanish,46,General,27,Collage
V003923,C00128,2022-04-06,Film,Standard Video,English,377,Teen,53,Screenshot
V003924,C00916,2025-04-03,Gaming,Standard Video,English,509,General,44,Text Overlay
V003925,C01685,2022-12-06,Music,Short,English,42,General,23,Bright Colors
V003926,C00272,2013-06-01,Entertainment,Standard Video,English,317,General,72,Screenshot
V003927,C01372,2025-05-09,Sports,Standard Video,Hindi,775,General,40,Face Close-up
V003928,C00902,2023-07-31,Gaming,Standard Video,German,785,Mature,48,Collage
V003929,C01622,2013-08-16,Music,Short,Hindi,17,General,34,Text Overlay
V003930,C01684,2012-01-22,Lifestyle,Live Stream,English,4647,General,19,Minimalist
V003931,C01274,2019-08-15,Education,Short,English,41,General,15,Face Close-up
V003932,C00051,2026-04-01,Sports,Standard Video,English,176,General,59,Screenshot
V003933,C00256,2025-05-28,Lifestyle,Short,English,47,General,23,Text Overlay
V003934,C01794,2015-07-23,Lifestyle,Short,Hindi,37,General,8,Before-After
V003935,C00620,2016-04-29,Comedy,Live Stream,Hindi,3869,Teen,59,Before-After
V003936,C01610,2022-07-13,Music,Premiere,Indonesian,1892,General,32,Text Overlay
V003937,C01722,2013-08-12,Technology,Standard Video,English,477,General,52,Minimalist
V003938,C01529,2020-10-08,Technology,Standard Video,German,451,General,21,Face Close-up
V003939,C00903,2022-06-18,Film,Standard Video,English,319,General,54,Before-After
V003940,C01267,2020-04-26,Gaming,Standard Video,French,347,General,42,Minimalist
V003941,C00502,2024-12-26,Gaming,Standard Video,Spanish,494,General,44,Bright Colors
V003942,C00865,2010-02-09,Technology,Standard Video,Spanish,305,General,52,Text Overlay
V003943,C01867,2019-10-10,Education,Standard Video,English,213,General,42,Bright Colors
V003944,C01500,2020-05-28,Comedy,Short,Spanish,30,General,13,Collage
V003945,C00583,2023-10-05,Sports,Live Stream,Portuguese,8295,General,42,Minimalist
V003946,C01357,2022-07-29,Technology,Live Stream,Telugu,11692,General,45,Face Close-up
V003947,C01249,2014-03-12,Entertainment,Standard Video,Portuguese,798,Teen,57,Minimalist
V003948,C01031,2018-05-11,Sports,Standard Video,English,262,General,42,Collage
V003949,C01529,2021-02-13,Technology,Short,German,41,General,8,Minimalist
V003950,C01430,2020-10-12,Education,Standard Video,Vietnamese,479,General,38,Screenshot
V003951,C01775,2021-11-18,Comedy,Standard Video,Portuguese,514,General,10,Text Overlay
V003952,C01791,2021-01-14,Entertainment,Standard Video,Filipino,484,General,40,Before-After
V003953,C01403,2025-06-28,Lifestyle,Standard Video,Hindi,1158,General,41,Text Overlay
V003954,C01233,2025-02-18,Technology,Standard Video,Spanish,167,Teen,48,
V003955,C01348,2019-12-30,Entertainment,Standard Video,English,137,General,49,Text Overlay
V003956,C01712,2013-09-12,Technology,Short,Urdu,22,General,32,Collage
V003957,C00576,2020-04-17,Technology,Short,French,57,Mature,23,Before-After
V003958,C00744,2013-02-04,Comedy,Live Stream,Spanish,12697,General,52,Bright Colors
V003959,C00009,2023-12-15,Technology,Short,English,59,General,28,
V003960,C01054,2024-08-26,Gaming,Short,Filipino,51,General,16,Minimalist
V003961,C00596,2024-02-14,Film,Short,Vietnamese,28,General,33,Face Close-up
V003962,C01780,2025-09-19,Sports,Short,English,38,General,20,Screenshot
V003963,C01717,2021-02-05,Comedy,Premiere,Filipino,257,General,15,Bright Colors
V003964,C01712,2012-07-22,Technology,Standard Video,Urdu,341,General,37,Collage
V003965,C00424,2011-09-28,Education,Standard Video,Hindi,416,General,38,Minimalist
V003966,C00496,2016-01-03,Lifestyle,Standard Video,Hindi,506,General,50,Text Overlay
V003967,C01737,2022-03-05,Education,Standard Video,Bengali,359,General,38,Collage
V003968,C00247,2026-07-10,Sports,Standard Video,English,1152,General,30,Bright Colors
V003969,C00198,2023-07-26,Gaming,Standard Video,Hindi,152,General,59,Face Close-up
V003970,C01712,2024-09-04,Technology,Short,English,35,General,8,Text Overlay
V003971,C00103,2012-06-05,Entertainment,Standard Video,English,328,General,45,Screenshot
V003972,C00024,2018-12-21,Comedy,Standard Video,Indonesian,259,Mature,35,Collage
V003973,C00006,2012-06-09,Comedy,Short,Korean,50,General,20,Face Close-up
V003974,C01399,2022-11-04,Education,Short,Hindi,52,General,32,Face Close-up
V003975,C01693,2017-11-26,Entertainment,Short,Hindi,19,General,29,Before-After
V003976,C00179,2018-07-12,Education,Standard Video,English,1844,General,44,Collage
V003977,C00155,2020-01-24,Technology,Short,English,56,Teen,27,Minimalist
V003978,C00339,2012-04-25,Education,Short,English,35,General,28,Minimalist
V003979,C00185,2025-04-02,Gaming,Short,Spanish,35,Teen,36,Bright Colors
V003980,C01674,2016-06-27,Gaming,Short,Hindi,57,General,28,Face Close-up
V003981,C00752,2022-05-28,Gaming,Premiere,Indonesian,308,General,51,Face Close-up
V003982,C01740,2022-04-09,Sports,Short,Spanish,18,General,21,Face Close-up
V003983,C01777,2024-10-20,Technology,Standard Video,Portuguese,3249,Teen,63,Text Overlay
V003984,C00807,2012-06-07,Lifestyle,Live Stream,Turkish,13359,General,47,Bright Colors
V003985,C00801,2018-02-16,Sports,Premiere,German,1104,Mature,27,Screenshot
V003986,C00449,2018-04-18,Film,Short,Portuguese,19,General,14,Collage
V003987,C01731,2026-03-07,Music,Standard Video,Indonesian,328,General,42,Text Overlay
V003988,C01145,2026-02-23,Gaming,Standard Video,Urdu,202,Mature,33,Screenshot
V003989,C01020,2020-04-30,Gaming,Standard Video,Hindi,646,General,60,Face Close-up
V003990,C01676,2016-06-09,Comedy,Short,English,52,General,15,Text Overlay
V003991,C01978,2021-08-09,Technology,Standard Video,Hindi,1469,General,25,Bright Colors
V003992,C01507,2018-08-30,Education,Short,Hindi,56,General,19,Face Close-up
V003993,C01254,2024-05-25,Music,Standard Video,Hindi,83,General,63,Before-After
V003994,C00068,2018-05-16,Entertainment,Short,English,19,Teen,36,Collage
V003995,C00185,2021-03-02,Gaming,Standard Video,Spanish,251,Teen,51,Collage
V003996,C01169,2026-01-30,News,Standard Video,German,182,General,50,Screenshot
V003997,C00726,2023-01-26,Education,Standard Video,German,550,General,51,
V003998,C00216,2014-03-03,Education,Standard Video,Indonesian,601,Teen,41,Text Overlay
V003999,C00676,2017-03-20,Entertainment,Standard Video,Portuguese,473,General,61,Collage
V004000,C01658,2026-06-03,Gaming,Standard Video,English,1555,General,58,Bright Colors
V004001,C01361,2021-10-31,News,Standard Video,Portuguese,311,Teen,51,Screenshot
V004002,C00474,2019-12-04,Lifestyle,Standard Video,Marathi,216,General,37,Face Close-up
V004003,C01421,2026-04-20,Film,Short,English,55,General,43,Minimalist
V004004,C01453,2018-04-05,Education,Standard Video,Hindi,1339,Teen,50,Bright Colors
V004005,C00928,2024-09-10,News,Premiere,Portuguese,229,General,32,Face Close-up
V004006,C01027,2016-12-17,Entertainment,Standard Video,English,1712,General,19,Bright Colors
V004007,C01455,2025-08-12,Sports,Standard Video,English,415,General,15,Screenshot
V004008,C00835,2015-03-30,News,Short,Spanish,19,General,,Text Overlay
V004009,C01623,2013-05-13,Lifestyle,Standard Video,English,411,General,,Screenshot
V004010,C00576,2019-09-21,Technology,Short,English,26,Mature,26,Before-After
V004011,C01789,2020-08-03,Education,Standard Video,English,334,General,36,Minimalist
V004012,C00916,2024-11-18,Gaming,Standard Video,English,597,General,68,Minimalist
V004013,C01852,2026-07-04,Film,Short,Indonesian,46,,30,Bright Colors
V004014,C00374,2017-10-08,News,Standard Video,Hindi,188,General,31,Screenshot
V004015,C00735,2023-11-29,Technology,Short,English,40,General,11,Text Overlay
V004016,C01334,2015-02-13,Technology,Standard Video,Hindi,360,General,43,Face Close-up
V004017,C01885,2025-08-20,Technology,Standard Video,Spanish,1919,Teen,40,Before-After
V004018,C01778,2012-11-10,Sports,Standard Video,English,941,General,60,Bright Colors
V004019,C01468,2017-03-23,Education,Standard Video,English,778,Teen,52,Screenshot
V004020,C00928,2014-07-23,News,Standard Video,Portuguese,1014,General,47,Minimalist
V004021,C01247,2011-10-02,Lifestyle,Standard Video,English,2223,General,41,Bright Colors
V004022,C01988,2023-07-22,Film,Standard Video,Portuguese,771,General,54,Text Overlay
V004023,C01646,2019-02-25,News,Standard Video,Filipino,1042,General,54,Screenshot
V004024,C00277,2020-04-28,Sports,Premiere,Spanish,1706,General,63,Collage
V004025,C00721,2013-03-07,Sports,Standard Video,Korean,525,Teen,25,Text Overlay
V004026,C00609,2024-09-15,Lifestyle,Standard Video,Hindi,77,General,62,Bright Colors
V004027,C01280,2019-09-18,Entertainment,Standard Video,English,167,General,20,Collage
V004028,C01348,2026-02-05,Entertainment,Live Stream,English,3565,General,61,Bright Colors
V004029,C00316,2024-10-14,Comedy,Short,Spanish,35,General,21,Before-After
V004030,C01677,2024-09-16,Education,Short,English,19,General,20,Before-After
V004031,C00431,2025-08-11,Music,Standard Video,Hindi,445,General,66,Screenshot
V004032,C01384,2012-01-16,Lifestyle,Standard Video,Japanese,285,Mature,18,Minimalist
V004033,C00676,2015-08-17,Sports,Standard Video,Portuguese,558,General,38,Before-After
V004034,C01005,2022-07-16,Music,Standard Video,Hindi,1147,General,44,Before-After
V004035,C01606,2020-08-16,Gaming,Standard Video,English,318,Teen,47,Bright Colors
V004036,C00933,2021-02-09,Technology,Standard Video,Portuguese,117,General,48,Face Close-up
V004037,C01642,2026-06-19,Education,Standard Video,French,379,General,56,Screenshot
V004038,C00288,2015-01-20,Technology,Short,English,44,General,8,Bright Colors
V004039,C00068,2018-05-03,Sports,Standard Video,Hindi,387,Teen,51,Text Overlay
V004040,C01821,2019-12-25,Technology,Standard Video,Hindi,1167,Teen,34,Text Overlay
V004041,C01595,2024-07-26,Education,Standard Video,Spanish,189,General,54,Minimalist
V004042,C00769,2024-07-19,Education,Short,Tamil,50,General,20,Bright Colors
V004043,C00458,2014-09-22,News,Standard Video,English,498,General,10,Minimalist
V004044,C01191,2010-05-21,Entertainment,Standard Video,Hindi,351,General,,Minimalist
V004045,C00552,2026-02-27,Entertainment,Short,Urdu,58,General,35,Collage
V004046,C00928,2021-09-29,News,Short,Portuguese,49,General,43,Screenshot
V004047,C01931,2011-04-01,Comedy,Premiere,French,1942,General,87,Screenshot
V004048,C01878,2015-10-10,Music,Short,Portuguese,28,General,46,Collage
V004049,C00273,2018-08-25,Sports,Short,Spanish,16,General,18,Text Overlay
V004050,C00179,2018-12-31,Education,Short,English,50,General,36,Collage
V004051,C01839,2023-12-12,Entertainment,Short,Turkish,39,Teen,17,Bright Colors
V004052,C00431,2026-04-16,Music,Standard Video,Tamil,568,General,27,Bright Colors
V004053,C01291,2016-07-24,Film,Standard Video,Portuguese,109,General,36,Text Overlay
V004054,C00336,2025-10-24,Gaming,Short,Indonesian,56,General,,Face Close-up
V004055,C01573,2024-06-23,Comedy,Standard Video,Thai,570,General,43,Bright Colors
V004056,C01233,2026-07-03,Technology,Short,Spanish,26,General,27,Screenshot
V004057,C01650,2015-09-02,Technology,Live Stream,English,5200,General,47,Bright Colors
V004058,C00121,2024-01-03,Music,Standard Video,Hindi,5400,Teen,45,Collage
V004059,C00891,2012-03-07,Music,Short,Korean,55,Teen,25,Before-After
V004060,C01787,2017-03-10,Entertainment,Standard Video,English,257,General,17,Text Overlay
V004061,C01465,2018-07-31,Music,Standard Video,English,336,General,46,Face Close-up
V004062,C00583,2023-07-24,Sports,Standard Video,Portuguese,490,General,44,Minimalist
V004063,C00335,2022-07-17,News,Short,English,40,Teen,23,Before-After
V004064,C01348,2020-08-26,Entertainment,Standard Video,English,275,General,58,Bright Colors
V004065,C01753,2024-10-25,Entertainment,Standard Video,Spanish,695,General,53,Text Overlay
V004066,C01214,2026-06-22,Education,Short,Hindi,25,Teen,25,Minimalist
V004067,C01286,2014-08-15,Gaming,Standard Video,Hindi,661,General,45,Before-After
V004068,C00767,2026-06-20,Education,Short,Portuguese,17,General,51,Minimalist
V004069,C00302,2022-02-23,Lifestyle,Short,English,51,General,24,Face Close-up
V004070,C01757,2014-07-29,Film,Premiere,Vietnamese,804,Mature,62,Minimalist
V004071,C01844,2019-07-03,Music,Standard Video,Hindi,400,General,35,Before-After
V004072,C01859,2025-11-09,Technology,Standard Video,Vietnamese,387,Teen,51,Minimalist
V004073,C01655,2024-11-28,Music,Standard Video,Spanish,393,General,63,Text Overlay
V004074,C00734,2014-06-04,Lifestyle,Short,Hindi,33,Teen,24,Bright Colors
V004075,C00726,2025-07-18,Education,Short,German,32,General,21,Collage
V004076,C01397,2022-10-05,Sports,Standard Video,English,188,Teen,34,Face Close-up
V004077,C00367,2024-01-12,Sports,Standard Video,Urdu,2007,Teen,56,Minimalist
V004078,C00574,2022-10-18,Education,Standard Video,English,284,General,57,Bright Colors
V004079,C00060,2022-09-10,Entertainment,Standard Video,Italian,1823,General,47,Minimalist
V004080,C00977,2026-02-18,Film,Standard Video,English,4340,General,50,Face Close-up
V004081,C00750,2026-02-07,Sports,Standard Video,Vietnamese,222,General,39,Face Close-up
V004082,C00431,2026-07-10,Music,Standard Video,Tamil,303,General,51,Bright Colors
V004083,C01119,2024-06-04,Technology,Standard Video,Hindi,290,General,55,Screenshot
V004084,C01517,2022-10-24,Lifestyle,Short,Filipino,52,General,40,Before-After
V004085,C01031,2021-04-30,Sports,Premiere,English,534,General,20,Collage
V004086,C01773,2024-01-17,Sports,Short,English,20,Teen,8,Face Close-up
V004087,C00903,2015-02-18,Film,Premiere,English,369,General,26,Collage
V004088,C00878,2018-04-18,Technology,Standard Video,Italian,389,General,62,Text Overlay
V004089,C00535,2021-06-26,Lifestyle,Short,English,47,General,18,Text Overlay
V004090,C00053,2025-12-10,Gaming,Standard Video,Turkish,1925,General,48,Bright Colors
V004091,C00496,2012-09-22,Lifestyle,Short,Hindi,41,General,37,Before-After
V004092,C00047,2013-03-09,Music,Standard Video,English,248,General,49,Bright Colors
V004093,C00858,2024-05-14,Lifestyle,Premiere,English,471,General,47,Before-After
V004094,C01030,2020-11-23,Comedy,Standard Video,English,365,General,38,Screenshot
V004095,C00591,2017-12-10,Gaming,Standard Video,English,1861,Teen,62,Screenshot
V004096,C01308,2020-07-12,Lifestyle,Standard Video,Spanish,1265,Teen,66,
V004097,C00403,2025-08-17,News,Standard Video,Korean,446,General,48,Collage
V004098,C00865,2010-02-02,Gaming,Standard Video,Spanish,655,,56,Screenshot
V004099,C01994,2019-04-04,Entertainment,Standard Video,Spanish,1064,General,46,Before-After
V004100,C00860,2022-11-04,Lifestyle,Standard Video,Thai,250,General,46,Bright Colors
V004101,C01714,2020-01-04,Entertainment,Short,English,24,General,22,Text Overlay
V004102,C00998,2017-06-18,Entertainment,Short,Hindi,24,Teen,18,Screenshot
V004103,C00716,2020-09-14,Gaming,Standard Video,English,395,General,59,Text Overlay
V004104,C01677,2025-07-12,Education,Short,English,43,General,15,Screenshot
V004105,C00449,2014-07-21,News,Standard Video,Portuguese,329,General,60,Bright Colors
V004106,C00665,2012-09-14,Lifestyle,Short,Hindi,32,General,18,Face Close-up
V004107,C00181,2015-12-26,Lifestyle,Short,Portuguese,41,General,11,Text Overlay
V004108,C00653,2025-01-17,Entertainment,Standard Video,English,133,General,14,Collage
V004109,C01734,2026-07-06,Film,Standard Video,Filipino,510,Teen,41,Before-After
V004110,C00794,2019-09-22,Music,Standard Video,English,602,General,74,Before-After
V004111,C01703,2020-06-04,Lifestyle,Short,Japanese,56,Mature,19,Text Overlay
V004112,C00676,2011-10-30,Sports,Live Stream,Portuguese,9085,General,34,Collage
V004113,C00505,2012-07-02,Music,Standard Video,English,303,General,44,Text Overlay
V004114,C01636,2025-10-11,Film,Standard Video,Hindi,959,General,34,Minimalist
V004115,C00059,2023-09-07,Sports,Premiere,Portuguese,811,Mature,59,
V004116,C00825,2016-08-19,Lifestyle,Standard Video,Vietnamese,84,General,27,Bright Colors
V004117,C01900,2021-06-20,Music,Short,English,59,Teen,42,Collage
V004118,C01970,2017-10-29,Music,Live Stream,Spanish,13836,General,,Text Overlay
V004119,C01802,2010-10-16,Music,Standard Video,English,3522,General,10,Collage
V004120,C00535,2012-02-25,Lifestyle,Standard Video,English,534,General,38,Text Overlay
V004121,C01627,2013-07-07,Education,Short,English,32,General,37,Face Close-up
V004122,C01895,2018-10-19,Education,Short,Vietnamese,34,General,42,Screenshot
V004123,C00186,2026-02-26,Sports,Standard Video,English,968,General,24,Collage
V004124,C01894,2026-04-04,Music,Short,Hindi,15,General,12,Bright Colors
V004125,C01877,2023-01-10,Gaming,Standard Video,Hindi,604,General,,Face Close-up
V004126,C01409,2024-09-11,Sports,Standard Video,Vietnamese,734,General,56,Screenshot
V004127,C00670,2012-11-06,Lifestyle,Live Stream,English,5162,General,27,Before-After
V004128,C00408,2013-04-09,Lifestyle,Short,Hindi,24,General,8,Face Close-up
V004129,C01545,2026-04-27,Technology,Premiere,English,214,General,55,
V004130,C00235,2023-12-15,Music,Short,English,37,General,23,Face Close-up
V004131,C01233,2024-10-08,Education,Standard Video,Spanish,1412,General,60,
V004132,C00044,2019-03-08,Education,Standard Video,Spanish,231,General,43,
V004133,C00243,2015-04-11,Music,Standard Video,Hindi,2291,Mature,67,Minimalist
V004134,C00380,2012-03-09,Gaming,Short,English,31,General,,Text Overlay
V004135,C00093,2026-07-10,Lifestyle,Short,Portuguese,23,Teen,20,Screenshot
V004136,C01626,2023-10-09,Technology,Premiere,Hindi,65,General,16,Collage
V004137,C01972,2019-12-05,Lifestyle,Short,English,34,General,8,Minimalist
V004138,C00888,2016-11-21,Gaming,Short,Hindi,52,General,20,Face Close-up
V004139,C01457,2015-11-19,Gaming,Standard Video,French,187,Teen,62,Bright Colors
V004140,C00035,2024-09-06,Gaming,Standard Video,Hindi,176,Teen,68,Before-After
V004141,C01233,2024-10-20,Technology,Premiere,Spanish,830,General,36,Text Overlay
V004142,C01421,2026-04-09,Sports,Standard Video,English,199,General,34,Minimalist
V004143,C00810,2025-06-29,Music,Standard Video,French,443,General,30,Screenshot
V004144,C01666,2016-10-31,Education,Standard Video,Hindi,1028,General,33,Text Overlay
V004145,C01763,2017-11-11,Music,Standard Video,German,89,General,46,Minimalist
V004146,C01626,2017-10-03,Technology,Short,Hindi,50,General,33,Face Close-up
V004147,C01894,2024-06-20,Music,Short,Hindi,16,General,21,Screenshot
V004148,C01011,2025-06-29,Lifestyle,Standard Video,Hindi,347,General,26,Minimalist
V004149,C00989,2022-09-20,Sports,Standard Video,French,599,General,35,Bright Colors
V004150,C01791,2014-08-24,Gaming,Short,Filipino,59,General,24,Collage
V004151,C00993,2017-12-25,Lifestyle,Standard Video,English,225,General,60,Screenshot
V004152,C00303,2023-10-10,Entertainment,Standard Video,Turkish,570,General,33,Text Overlay
V004153,C01918,2013-12-28,Sports,Standard Video,Hindi,1621,General,31,Collage
V004154,C01821,2014-04-21,Technology,Short,Hindi,28,Teen,38,Face Close-up
V004155,C00535,2014-07-04,Gaming,Short,English,34,General,27,Minimalist
V004156,C00302,2021-06-10,Lifestyle,Premiere,English,987,General,27,Screenshot
V004157,C00813,2022-07-22,Music,Short,Bengali,46,General,40,Face Close-up
V004158,C00112,2022-01-05,Gaming,Standard Video,Filipino,646,General,,Bright Colors
V004159,C00243,2015-06-08,Music,Standard Video,Spanish,364,Mature,55,Screenshot
V004160,C01529,2021-01-29,Technology,Short,German,19,General,36,Minimalist
V004161,C01988,2020-01-31,Film,Standard Video,Portuguese,1752,General,49,Bright Colors
V004162,C00068,2024-11-05,Entertainment,Standard Video,Hindi,288,Teen,74,Minimalist
V004163,C01602,2019-07-12,Music,Standard Video,Portuguese,150,General,62,Before-After
V004164,C00776,2025-01-31,Lifestyle,Standard Video,Filipino,228,General,38,Minimalist
V004165,C01526,2025-07-07,Lifestyle,Standard Video,English,676,General,30,Text Overlay
V004166,C01305,2017-04-14,Gaming,Short,English,52,General,39,Screenshot
V004167,C01260,2026-03-13,Gaming,Live Stream,Spanish,7490,General,42,Screenshot
V004168,C01747,2017-02-07,Music,Short,English,29,Teen,26,Collage
V004169,C01914,2021-03-28,Music,Live Stream,English,9366,Teen,26,Face Close-up
V004170,C01227,2020-03-24,Education,Short,Hindi,24,Mature,41,Minimalist
V004171,C00279,2025-02-28,Entertainment,Short,Hindi,40,General,11,Text Overlay
V004172,C01558,2021-08-11,Music,Standard Video,Vietnamese,736,General,31,Face Close-up
V004173,C00249,2022-10-23,Lifestyle,Standard Video,Spanish,168,General,21,Face Close-up
V004174,C01567,2020-12-05,Lifestyle,Standard Video,English,345,General,57,Before-After
V004175,C00580,2022-03-31,Gaming,Short,Spanish,41,General,16,Bright Colors
V004176,C00024,2019-10-02,Comedy,Live Stream,Indonesian,14388,General,15,Face Close-up
V004177,C01274,2019-05-29,Education,Standard Video,English,1321,General,33,Bright Colors
V004178,C00625,2024-03-25,Comedy,Short,Japanese,32,Teen,42,Minimalist
V004179,C01045,2020-07-30,Entertainment,Standard Video,Vietnamese,3274,General,43,Minimalist
V004180,C01192,2010-10-08,Sports,Premiere,Filipino,168,General,56,Screenshot
V004181,C01579,2016-10-29,Gaming,Standard Video,Hindi,1355,General,35,Bright Colors
V004182,C01553,2010-11-26,Sports,Standard Video,English,305,General,36,Before-After
V004183,C00105,2025-12-31,Gaming,Standard Video,English,590,Mature,55,Before-After
V004184,C01304,2025-02-19,Gaming,Short,English,26,General,8,Face Close-up
V004185,C00682,2021-01-02,Sports,Standard Video,English,1763,General,26,Face Close-up
V004186,C01509,2024-11-09,Music,Premiere,Spanish,745,General,36,Face Close-up
V004187,C00053,2025-04-03,Gaming,Short,Turkish,26,General,52,Face Close-up
V004188,C01661,2021-03-02,Sports,Short,English,27,General,25,Screenshot
V004189,C01263,2022-09-03,Music,Standard Video,Portuguese,731,Teen,35,Screenshot
V004190,C00422,2026-06-09,Music,Standard Video,English,191,General,43,Minimalist
V004191,C01651,2020-08-16,Entertainment,Standard Video,Spanish,2062,General,53,Minimalist
V004192,C01650,2021-12-29,Technology,Short,English,48,General,26,Before-After
V004193,C01993,2011-06-09,Education,Standard Video,Japanese,354,General,29,Screenshot
V004194,C00449,2018-05-13,Lifestyle,Standard Video,Portuguese,823,General,46,Bright Colors
V004195,C01305,2018-12-27,Gaming,Short,English,23,General,24,Collage
V004196,C01908,2017-07-17,Comedy,Short,Telugu,20,General,30,Collage
V004197,C00580,2022-09-12,Gaming,Short,Portuguese,58,General,8,Collage
V004198,C01039,2018-07-21,Lifestyle,Short,English,16,Teen,12,Text Overlay
V004199,C01981,2017-01-12,Technology,Standard Video,English,61,Teen,37,Before-After
V004200,C01137,2013-07-15,Education,Standard Video,English,314,General,,Bright Colors
V004201,C00064,2018-01-19,Sports,Short,Kannada,20,General,25,Face Close-up
V004202,C01032,2022-04-30,Gaming,Standard Video,Portuguese,149,General,32,Bright Colors
V004203,C00035,2020-06-04,Lifestyle,Short,Hindi,56,Teen,8,Bright Colors
V004204,C00569,2022-11-29,Gaming,Standard Video,Bengali,273,General,29,Minimalist
V004205,C00499,2026-04-04,Sports,Standard Video,English,226,Mature,55,Face Close-up
V004206,C01037,2025-04-16,Music,Standard Video,German,343,General,64,Before-After
V004207,C01194,2021-02-27,Sports,Short,German,23,General,19,Minimalist
V004208,C00667,2026-07-18,Lifestyle,Standard Video,Filipino,175,General,62,Face Close-up
V004209,C01644,2025-06-29,Music,Short,English,37,General,10,Minimalist
V004210,C01158,2010-02-28,Film,Standard Video,Japanese,225,General,47,Face Close-up
V004211,C00204,2019-01-21,News,Premiere,English,1789,General,30,Bright Colors
V004212,C00811,2024-01-02,Technology,Short,Indonesian,37,General,11,Screenshot
V004213,C01584,2011-12-31,Technology,Short,Marathi,42,,26,Text Overlay
V004214,C01604,2012-02-29,Lifestyle,Short,Indonesian,15,General,20,Collage
V004215,C01891,2015-02-15,Lifestyle,Short,Spanish,48,General,34,Screenshot
V004216,C00779,2025-06-29,News,Standard Video,English,308,General,41,Face Close-up
V004217,C00290,2018-02-04,Gaming,Live Stream,Filipino,11862,,48,Screenshot
V004218,C01070,2022-05-31,Film,Standard Video,Indonesian,650,General,55,Minimalist
V004219,C00217,2010-08-25,Gaming,Standard Video,German,491,General,43,Screenshot
V004220,C01626,2017-07-23,Technology,Standard Video,Hindi,319,General,43,Text Overlay
V004221,C00652,2026-04-23,Education,Premiere,Hindi,307,General,46,Text Overlay
V004222,C01885,2025-08-15,Technology,Live Stream,Spanish,6095,Teen,56,Minimalist
V004223,C00199,2020-04-08,Gaming,Standard Video,Korean,743,General,24,Before-After
V004224,C00006,2016-02-26,Comedy,Standard Video,Korean,213,General,46,Text Overlay
V004225,C01267,2018-04-07,Gaming,Short,French,56,General,28,Face Close-up
V004226,C00211,2021-04-30,Entertainment,Standard Video,Portuguese,464,General,45,Collage
V004227,C01115,2025-04-22,Comedy,Short,English,15,General,32,Minimalist
V004228,C01320,2024-03-31,Comedy,Standard Video,Spanish,333,Mature,49,Screenshot
V004229,C01538,2017-10-06,Music,Standard Video,Hindi,147,General,38,Collage
V004230,C00669,2014-07-01,Technology,Short,Spanish,39,General,31,Text Overlay
V004231,C00752,2017-03-01,Comedy,Short,Indonesian,41,General,30,Minimalist
V004232,C01020,2018-05-11,Gaming,Standard Video,Hindi,212,Mature,29,Text Overlay
V004233,C01133,2022-07-20,Education,Premiere,Italian,590,Teen,33,Before-After
V004234,C00416,2022-12-08,Entertainment,Short,English,50,Mature,9,Before-After
V004235,C01735,2023-02-16,Education,Short,English,54,General,14,Text Overlay
V004236,C01100,2023-01-20,Sports,Standard Video,English,691,General,,Collage
V004237,C01606,2019-12-06,Gaming,Standard Video,Spanish,421,General,47,Minimalist
V004238,C00664,2026-06-23,Technology,Standard Video,English,429,General,41,Collage
V004239,C01810,2024-06-18,Comedy,Standard Video,Hindi,152,General,44,Collage
V004240,C01045,2024-10-09,Entertainment,Short,Spanish,44,General,40,Bright Colors
V004241,C01297,2018-01-11,Education,Short,English,46,General,32,Face Close-up
V004242,C00903,2017-10-28,Film,Standard Video,English,622,General,21,Face Close-up
V004243,C00941,2013-03-09,Education,Standard Video,English,498,General,23,Text Overlay
V004244,C01606,2019-09-25,Gaming,Short,English,57,Teen,29,Collage
V004245,C01605,2026-01-20,Gaming,Standard Video,Japanese,142,Teen,46,Bright Colors
V004246,C01185,2021-11-14,Education,Short,Hindi,20,General,34,Face Close-up
V004247,C01485,2023-06-07,News,Standard Video,Korean,781,General,17,Minimalist
V004248,C00010,2025-09-30,Entertainment,Standard Video,English,292,General,63,Face Close-up
V004249,C01914,2024-08-02,Music,Standard Video,Hindi,1403,Teen,23,Face Close-up
V004250,C00636,2014-10-06,Sports,Live Stream,Hindi,3518,Teen,20,Face Close-up
V004251,C00145,2022-04-14,Entertainment,Standard Video,English,768,Teen,64,Collage
V004252,C01507,2011-08-22,Education,Short,Hindi,60,General,31,Minimalist
V004253,C00140,2017-10-12,Gaming,Short,Turkish,35,General,34,Minimalist
V004254,C00380,2016-09-21,Gaming,Short,Spanish,36,General,15,Text Overlay
V004255,C01737,2023-04-12,Education,Standard Video,Bengali,165,Mature,,Bright Colors
V004256,C00075,2020-09-06,Sports,Standard Video,Portuguese,1231,Mature,43,Before-After
V004257,C01663,2024-09-06,Education,Standard Video,English,415,General,38,Face Close-up
V004258,C01250,2019-09-22,Lifestyle,Standard Video,English,351,General,38,Face Close-up
V004259,C01173,2019-04-07,Music,Standard Video,English,874,Teen,57,Face Close-up
V004260,C00177,2018-11-30,Sports,Short,Spanish,20,Teen,27,Before-After
V004261,C00596,2025-02-14,Education,Short,Vietnamese,50,General,8,Text Overlay
V004262,C01737,2023-08-25,Education,Standard Video,Spanish,336,General,24,Minimalist
V004263,C01899,2020-07-11,Music,Standard Video,Spanish,952,Teen,47,Before-After
V004264,C01959,2021-01-16,Gaming,Short,Spanish,35,General,37,Bright Colors
V004265,C01930,2025-12-22,Comedy,Standard Video,German,79,Teen,58,Collage
V004266,C01861,2025-11-03,Music,Live Stream,English,12083,General,47,Screenshot
V004267,C01279,2015-05-12,Comedy,Short,English,32,General,29,Screenshot
V004268,C00018,2025-12-03,Comedy,Short,English,50,General,36,Minimalist
V004269,C01505,2026-03-20,Education,Premiere,Hindi,147,General,56,Text Overlay
V004270,C01342,2021-10-25,News,Short,English,39,General,33,Before-After
V004271,C01287,2014-02-08,Film,Standard Video,Urdu,983,General,56,Face Close-up
V004272,C00937,2017-07-07,Gaming,Short,Japanese,29,Teen,31,Minimalist
V004273,C00769,2018-02-23,Education,Short,Tamil,47,General,13,Face Close-up
V004274,C00779,2022-05-16,News,Standard Video,English,258,General,23,Minimalist
V004275,C00169,2014-07-19,Gaming,Short,English,20,General,25,Collage
V004276,C00323,2021-09-13,Entertainment,Short,English,41,Teen,18,Bright Colors
V004277,C01620,2026-06-19,Film,Short,Korean,22,General,39,Minimalist
V004278,C01061,2023-01-04,Gaming,Standard Video,German,364,Mature,69,Before-After
V004279,C00034,2018-11-16,Education,Standard Video,English,378,General,24,Bright Colors
V004280,C00575,2020-11-16,Lifestyle,Short,Tamil,44,General,35,Before-After
V004281,C01918,2021-06-21,Sports,Standard Video,Hindi,1450,General,38,Screenshot
V004282,C00838,2014-08-05,Entertainment,Standard Video,Spanish,99,Teen,40,Face Close-up
V004283,C01751,2024-08-09,Technology,Standard Video,English,703,General,52,Before-After
V004284,C01644,2016-02-23,Music,Standard Video,English,245,General,49,Before-After
V004285,C00992,2015-08-18,Technology,Standard Video,Tamil,2006,General,10,Bright Colors
V004286,C01685,2023-11-02,Technology,Standard Video,English,954,General,68,Bright Colors
V004287,C01496,2022-04-20,Comedy,Standard Video,Portuguese,428,General,75,Bright Colors
V004288,C00621,2025-03-29,Comedy,Standard Video,Spanish,352,,48,Minimalist
V004289,C01328,2016-05-17,Entertainment,Standard Video,English,941,Teen,43,Face Close-up
V004290,C01468,2024-10-22,Education,Short,English,44,Teen,35,Minimalist
V004291,C00207,2010-08-23,Education,Short,Spanish,24,General,35,Before-After
V004292,C00124,2018-05-31,Music,Standard Video,English,90,Teen,17,Before-After
V004293,C00855,2022-10-12,Lifestyle,Short,Indonesian,48,General,23,Face Close-up
V004294,C01998,2026-01-01,Education,Short,Spanish,58,General,27,Minimalist
V004295,C01641,2017-07-29,Education,Standard Video,English,1471,General,17,Minimalist
V004296,C01273,2017-02-08,Gaming,Standard Video,English,300,General,26,Collage
V004297,C01428,2018-07-02,Education,Standard Video,Portuguese,268,General,42,Before-After
V004298,C00577,2024-08-15,Lifestyle,Live Stream,German,13061,General,23,Minimalist
V004299,C00575,2025-04-21,Lifestyle,Short,Tamil,57,General,29,Screenshot
V004300,C00287,2021-09-25,Entertainment,Short,Korean,34,General,22,
V004301,C00599,2026-03-24,News,Standard Video,Spanish,242,General,48,Bright Colors
V004302,C01723,2022-01-11,Entertainment,Standard Video,English,388,General,42,Face Close-up
V004303,C00970,2012-09-24,Entertainment,Live Stream,Hindi,4078,General,48,Face Close-up
V004304,C00743,2025-01-03,Music,Standard Video,Spanish,130,General,40,Screenshot
V004305,C01213,2018-08-31,Technology,Short,Filipino,52,General,18,Minimalist
V004306,C01986,2011-11-30,Lifestyle,Premiere,Vietnamese,498,General,70,Face Close-up
V004307,C00734,2019-01-06,Lifestyle,Standard Video,Hindi,969,Teen,30,Collage
V004308,C01034,2024-07-03,Comedy,Standard Video,English,158,General,45,Face Close-up
V004309,C00404,2020-11-30,Gaming,Short,English,59,General,29,Face Close-up
V004310,C01884,2015-05-02,Entertainment,Short,Thai,34,General,23,Bright Colors
V004311,C01742,2025-02-09,Music,Short,Hindi,33,Mature,24,Before-After
V004312,C00997,2025-01-14,Technology,Standard Video,Filipino,1724,General,27,Screenshot
V004313,C01764,2026-03-24,Technology,Standard Video,Spanish,1100,General,47,Collage
V004314,C01192,2015-08-13,Sports,Standard Video,Filipino,159,General,62,Before-After
V004315,C00090,2018-08-31,Education,Standard Video,English,1006,General,65,Text Overlay
V004316,C01569,2025-06-17,Gaming,Standard Video,French,220,General,28,Screenshot
V004317,C00776,2019-01-07,Lifestyle,Standard Video,Filipino,1051,General,60,Screenshot
V004318,C00486,2014-10-26,Music,Premiere,Filipino,644,General,42,Screenshot
V004319,C01650,2022-10-29,Technology,Short,English,44,General,25,Collage
V004320,C00369,2022-10-24,Gaming,Short,Portuguese,23,Teen,20,Bright Colors
V004321,C00840,2012-01-10,Comedy,Short,English,43,General,24,Text Overlay
V004322,C00601,2010-12-01,Gaming,Standard Video,Japanese,1038,General,31,Screenshot
V004323,C00794,2017-12-10,Music,Short,English,58,General,29,Screenshot
V004324,C01035,2021-12-27,Lifestyle,Live Stream,Hindi,4550,General,56,Before-After
V004325,C01307,2014-03-27,Music,Short,English,59,General,40,Face Close-up
V004326,C00559,2021-07-16,Film,Short,Hindi,33,Teen,30,Collage
V004327,C00181,2023-11-13,Lifestyle,Standard Video,Portuguese,488,,44,Face Close-up
V004328,C01564,2026-05-08,Lifestyle,Short,Spanish,51,General,29,Screenshot
V004329,C01538,2014-01-21,Music,Short,Hindi,46,General,51,Face Close-up
V004330,C00361,2021-02-13,Technology,Standard Video,Indonesian,446,General,32,Text Overlay
V004331,C00449,2015-02-12,Lifestyle,Short,Portuguese,53,General,,Before-After
V004332,C01135,2024-06-04,News,Standard Video,English,807,General,48,Face Close-up
V004333,C01337,2020-07-15,Entertainment,Short,Turkish,45,General,34,Face Close-up
V004334,C01978,2026-07-11,Technology,Standard Video,Hindi,275,General,64,Collage
V004335,C00766,2024-12-08,Technology,Short,Indonesian,54,Teen,16,Screenshot
V004336,C00737,2020-02-04,Entertainment,Standard Video,Telugu,154,General,28,Before-After
V004337,C00729,2024-07-27,Comedy,Standard Video,English,598,General,65,Face Close-up
V004338,C01014,2019-10-02,Technology,Standard Video,English,694,Teen,52,Face Close-up
V004339,C00470,2011-02-18,Sports,Standard Video,English,112,General,70,Before-After
V004340,C01931,2010-10-19,Comedy,Short,Portuguese,27,General,41,Face Close-up
V004341,C00186,2023-11-10,Technology,Short,English,18,General,17,Face Close-up
V004342,C00499,2024-10-03,Education,Standard Video,Spanish,886,Mature,57,Text Overlay
V004343,C01071,2018-08-02,Music,Standard Video,English,1033,General,48,Before-After
V004344,C00807,2019-07-06,Lifestyle,Short,Turkish,47,General,29,Face Close-up
V004345,C01805,2021-08-26,Music,Short,Indonesian,47,Mature,22,Text Overlay
V004346,C01375,2022-01-19,News,Live Stream,English,7158,General,33,Face Close-up
V004347,C01861,2025-12-06,Music,Live Stream,English,7176,General,65,Text Overlay
V004348,C01170,2023-07-18,News,Short,English,37,General,14,Bright Colors
V004349,C01900,2020-07-15,Music,Short,English,32,Teen,22,Before-After
V004350,C00369,2012-05-11,Gaming,Standard Video,Portuguese,303,Teen,58,Minimalist
V004351,C00620,2021-12-23,Comedy,Standard Video,Hindi,874,Teen,64,Collage
V004352,C00903,2025-10-26,Film,Standard Video,English,817,General,42,Minimalist
V004353,C01147,2020-04-06,Technology,Short,French,33,General,22,Face Close-up
V004354,C00620,2019-04-30,Comedy,Standard Video,Hindi,336,Teen,71,Text Overlay
V004355,C01247,2015-08-31,Lifestyle,Short,English,38,General,28,Face Close-up
V004356,C00803,2019-02-12,Entertainment,Live Stream,English,12769,General,44,Before-After
V004357,C00916,2023-12-25,Gaming,Short,Portuguese,36,General,34,Minimalist
V004358,C00575,2023-12-18,Lifestyle,Standard Video,Tamil,1067,General,41,Before-After
V004359,C00065,2019-11-10,News,Standard Video,Bengali,3984,Teen,55,Minimalist
V004360,C01108,2015-10-22,Music,Standard Video,English,153,General,55,Collage
V004361,C01536,2021-11-07,Sports,Standard Video,English,544,Teen,57,Before-After
V004362,C01576,2023-10-27,Gaming,Standard Video,Korean,155,General,38,Minimalist
V004363,C00520,2010-05-27,Comedy,Short,French,37,Teen,23,Face Close-up
V004364,C01547,2017-07-13,Gaming,Standard Video,English,1171,General,20,Face Close-up
V004365,C01262,2020-12-22,Lifestyle,Standard Video,Hindi,400,Mature,68,Text Overlay
V004366,C00306,2024-08-20,Entertainment,Standard Video,Thai,155,General,23,Bright Colors
V004367,C00906,2010-03-22,Technology,Short,English,25,Teen,28,Collage
V004368,C01423,2011-10-14,Comedy,Standard Video,Spanish,299,General,56,Text Overlay
V004369,C00103,2025-09-08,Technology,Short,English,56,General,34,Bright Colors
V004370,C00424,2011-11-30,Education,Short,Hindi,25,General,16,Bright Colors
V004371,C00218,2026-04-24,Music,Standard Video,English,212,General,50,Collage
V004372,C00256,2026-04-28,Lifestyle,Standard Video,English,685,General,50,Bright Colors
V004373,C00719,2024-05-17,Education,Short,English,26,General,11,Face Close-up
V004374,C01619,2025-08-18,Gaming,Short,English,18,General,32,Collage
V004375,C00796,2019-05-04,Lifestyle,Premiere,English,74,General,53,Bright Colors
V004376,C01658,2025-12-07,Lifestyle,Short,English,35,General,19,Text Overlay
V004377,C01346,2023-08-04,News,Short,English,33,General,8,Text Overlay
V004378,C00757,2018-01-05,Sports,Standard Video,Portuguese,693,General,41,Bright Colors
V004379,C01389,2016-03-23,Technology,Standard Video,Hindi,150,General,45,Before-After
V004380,C00135,2023-09-14,Education,Short,Filipino,25,General,37,Face Close-up
V004381,C00207,2011-02-07,Education,Short,English,58,General,,Face Close-up
V004382,C00418,2016-04-22,Film,Short,Italian,22,Teen,32,Text Overlay
V004383,C00769,2021-09-24,Education,Standard Video,Tamil,2019,General,35,Bright Colors
V004384,C00409,2021-03-28,Music,Short,Portuguese,32,General,11,Face Close-up
V004385,C00453,2024-04-02,Gaming,Standard Video,Italian,97,General,19,Text Overlay
V004386,C00181,2015-08-03,Lifestyle,Standard Video,Portuguese,1006,General,24,Collage
V004387,C01591,2025-07-07,Sports,Standard Video,English,924,General,21,Screenshot
V004388,C01325,2013-07-14,Entertainment,Standard Video,Portuguese,194,General,74,Screenshot
V004389,C01685,2026-06-05,Music,Premiere,English,134,General,66,Before-After
V004390,C00588,2025-02-28,Education,Standard Video,Hindi,1741,General,59,Before-After
V004391,C00689,2022-03-31,Entertainment,Live Stream,English,9941,General,36,Text Overlay
V004392,C01742,2019-05-11,Gaming,Standard Video,Hindi,827,Mature,53,Before-After
V004393,C00390,2014-02-01,Technology,Standard Video,Hindi,300,General,46,Text Overlay
V004394,C00196,2023-05-25,Comedy,Standard Video,English,1101,General,55,Minimalist
V004395,C00409,2016-05-11,News,Short,Hindi,37,General,22,Face Close-up
V004396,C01502,2025-04-21,Music,Standard Video,Portuguese,1121,General,44,Minimalist
V004397,C00546,2025-12-10,Comedy,Standard Video,English,126,General,66,Minimalist
V004398,C00365,2016-08-14,Technology,Standard Video,English,1552,General,41,Face Close-up
V004399,C00703,2023-11-30,Film,Standard Video,English,2924,General,42,Bright Colors
V004400,C01545,2022-09-30,Technology,Standard Video,English,549,General,69,Minimalist
V004401,C01675,2025-11-02,Education,Standard Video,English,422,General,52,Bright Colors
V004402,C01925,2025-10-28,Sports,Standard Video,English,600,General,52,Before-After
V004403,C00422,2026-06-02,Comedy,Standard Video,English,147,General,61,Text Overlay
V004404,C00565,2024-01-18,Gaming,Standard Video,Filipino,993,General,47,Screenshot
V004405,C01437,2018-08-04,Gaming,Short,English,53,General,33,Text Overlay
V004406,C01031,2019-05-17,Sports,Standard Video,English,787,General,52,Text Overlay
V004407,C01557,2026-07-20,Entertainment,Short,English,35,General,8,Before-After
V004408,C00891,2012-05-28,Entertainment,Short,English,41,Teen,14,Minimalist
V004409,C00549,2014-12-07,News,Standard Video,Japanese,892,General,49,Text Overlay
V004410,C00345,2025-11-11,Music,Live Stream,Indonesian,7453,General,21,Face Close-up
V004411,C01595,2023-04-27,Education,Standard Video,Spanish,2126,General,21,Face Close-up
V004412,C00652,2023-08-20,Education,Premiere,English,1110,General,19,Screenshot
V004413,C01894,2025-02-09,Music,Standard Video,Hindi,658,General,46,Before-After
V004414,C00335,2024-06-28,Comedy,Standard Video,English,635,General,34,Screenshot
V004415,C01348,2015-06-20,Entertainment,Standard Video,English,408,General,30,Bright Colors
V004416,C00006,2016-11-05,Film,Standard Video,Korean,439,General,42,
V004417,C01039,2018-11-08,Entertainment,Short,English,53,Teen,31,Bright Colors
V004418,C00018,2025-12-04,Comedy,Standard Video,Spanish,1686,General,38,
V004419,C00776,2019-01-15,Lifestyle,Short,Filipino,53,General,37,Text Overlay
V004420,C00343,2023-04-12,Gaming,Standard Video,Kannada,406,General,16,Face Close-up
V004421,C01645,2025-11-17,Gaming,Live Stream,English,3785,General,36,Text Overlay
V004422,C01449,2015-04-19,Comedy,Standard Video,German,919,General,24,Text Overlay
V004423,C00797,2025-12-30,Gaming,Short,French,16,General,36,Before-After
V004424,C00418,2022-01-06,Gaming,Standard Video,Italian,520,Teen,38,Before-After
V004425,C00257,2023-12-28,Technology,Premiere,Filipino,436,General,51,Collage
V004426,C00209,2024-06-24,News,Standard Video,English,62,General,27,Before-After
V004427,C01680,2015-02-18,Gaming,Standard Video,English,552,General,50,Collage
V004428,C01587,2024-02-28,Music,Standard Video,Portuguese,575,Mature,49,Screenshot
V004429,C00384,2021-03-17,News,Short,English,29,General,14,Text Overlay
V004430,C01676,2013-11-03,Music,Short,English,44,General,19,Collage
V004431,C01639,2026-06-10,Technology,Standard Video,Hindi,182,General,60,Before-After
V004432,C00775,2022-10-04,Music,Short,Indonesian,38,General,17,Bright Colors
V004433,C00773,2023-07-25,News,Standard Video,English,208,General,63,Text Overlay
V004434,C01437,2020-12-10,Entertainment,Standard Video,English,675,General,56,Minimalist
V004435,C00014,2019-09-28,Lifestyle,Premiere,German,835,General,58,Bright Colors
V004436,C01609,2026-03-12,Lifestyle,Short,English,23,General,8,Bright Colors
V004437,C01631,2014-01-02,Music,Short,Indonesian,46,General,38,Bright Colors
V004438,C01115,2012-03-07,Comedy,Standard Video,English,1344,General,33,Screenshot
V004439,C01735,2022-12-05,Education,Standard Video,English,156,General,45,Face Close-up
V004440,C00559,2012-11-14,Film,Standard Video,Hindi,194,Teen,37,Screenshot
V004441,C00148,2011-06-08,Technology,Standard Video,English,964,General,29,Screenshot
V004442,C01574,2018-08-29,Music,Standard Video,English,519,General,35,Bright Colors
V004443,C01545,2025-05-02,Technology,Short,English,55,General,19,Collage
V004444,C00465,2011-05-03,Lifestyle,Standard Video,Hindi,421,General,,Collage
V004445,C00243,2018-11-17,Music,Standard Video,Spanish,302,Mature,30,Text Overlay
V004446,C01770,2026-01-11,Sports,Standard Video,English,169,General,55,Minimalist
V004447,C00642,2025-11-11,Music,Live Stream,English,13700,Mature,66,Minimalist
V004448,C01047,2025-04-23,Film,Short,Telugu,40,General,43,Collage
V004449,C01816,2010-08-31,Entertainment,Standard Video,Portuguese,1166,Teen,54,Minimalist
V004450,C00526,2018-02-22,Music,Short,English,60,General,29,Face Close-up
V004451,C00778,2015-11-14,Gaming,Standard Video,English,2191,General,37,Minimalist
V004452,C01874,2014-03-30,Technology,Standard Video,English,518,General,54,Collage
V004453,C00416,2021-06-28,Entertainment,Standard Video,English,871,Mature,58,Before-After
V004454,C01644,2019-06-30,Music,Short,English,57,General,33,
V004455,C00292,2017-01-24,Technology,Live Stream,Filipino,9465,General,51,Collage
V004456,C01705,2021-06-12,Education,Short,Thai,38,Teen,17,Before-After
V004457,C00937,2021-09-25,Gaming,Standard Video,Japanese,3264,Teen,42,Minimalist
V004458,C01626,2021-01-28,Technology,Standard Video,Portuguese,307,General,32,Before-After
V004459,C00423,2013-11-10,Comedy,Premiere,English,607,General,,Minimalist
V004460,C00865,2025-07-28,Gaming,Standard Video,Spanish,314,General,57,Screenshot
V004461,C00744,2016-07-04,Comedy,Standard Video,Spanish,1003,General,67,
V004462,C01988,2019-01-11,Film,Short,English,44,General,16,Face Close-up
V004463,C01952,2019-04-20,Entertainment,Short,Indonesian,39,Teen,8,Face Close-up
V004464,C01908,2011-06-13,Lifestyle,Short,Telugu,59,General,18,Bright Colors
V004465,C01565,2025-04-22,Music,Premiere,Korean,649,Teen,16,Screenshot
V004466,C00019,2021-10-24,Music,Short,English,41,General,32,Face Close-up
V004467,C00170,2025-02-11,Education,Standard Video,French,134,General,22,Bright Colors
V004468,C01487,2024-07-14,Technology,Short,English,24,General,25,Collage
V004469,C00697,2026-07-22,News,Short,English,26,Teen,10,Before-After
V004470,C01441,2023-08-07,Gaming,Short,Tamil,24,General,27,Collage
V004471,C01677,2026-06-18,Education,Short,English,41,General,24,Bright Colors
V004472,C00344,2025-04-12,Lifestyle,Short,Hindi,58,General,17,Bright Colors
V004473,C01723,2022-01-08,Entertainment,Standard Video,Spanish,841,General,55,Minimalist
V004474,C01988,2018-04-17,Film,Standard Video,Portuguese,158,General,,Screenshot
V004475,C00744,2016-08-27,Comedy,Standard Video,Spanish,241,General,43,Minimalist
V004476,C01610,2014-05-27,Music,Standard Video,Indonesian,319,General,28,Collage
V004477,C01699,2016-05-05,Gaming,Short,English,37,General,14,Bright Colors
V004478,C01990,2014-04-14,Music,Standard Video,English,1162,General,50,Screenshot
V004479,C01088,2020-08-09,Sports,Short,Hindi,27,General,22,Before-After
V004480,C00896,2022-08-14,Entertainment,Short,Japanese,15,Teen,28,Text Overlay
V004481,C00856,2018-08-25,Education,Standard Video,English,369,General,62,Screenshot
V004482,C01349,2019-09-21,Gaming,Short,English,15,Teen,37,Collage
V004483,C00955,2020-05-21,Gaming,Standard Video,Urdu,86,Mature,65,Bright Colors
V004484,C00786,2017-07-07,Gaming,Standard Video,English,2584,Mature,37,Minimalist
V004485,C00956,2022-01-02,Technology,Standard Video,Filipino,683,General,56,Screenshot
V004486,C00555,2019-10-10,Entertainment,Standard Video,Spanish,728,General,50,Screenshot
V004487,C01115,2012-12-28,Comedy,Short,English,29,General,28,Text Overlay
V004488,C01729,2014-11-28,Education,Standard Video,Portuguese,1010,General,36,Collage
V004489,C01547,2022-11-01,Gaming,Short,English,58,General,31,Bright Colors
V004490,C00555,2019-04-01,Entertainment,Standard Video,Spanish,162,General,53,Minimalist
V004491,C00194,2010-01-17,Gaming,Standard Video,Hindi,1246,General,25,Collage
V004492,C01043,2026-06-08,Entertainment,Standard Video,English,988,General,35,Screenshot
V004493,C01888,2021-01-10,Technology,Standard Video,Korean,482,General,22,Minimalist
V004494,C01449,2017-05-11,Comedy,Standard Video,German,242,General,46,Text Overlay
V004495,C00643,2010-11-19,Comedy,Premiere,Hindi,470,General,43,Collage
V004496,C00774,2024-05-14,Film,Short,English,53,General,29,Text Overlay
V004497,C01644,2016-07-08,Music,Standard Video,English,563,General,44,Screenshot
V004498,C00324,2026-03-16,Entertainment,Live Stream,Hindi,3417,General,10,Screenshot
V004499,C01787,2019-09-07,Entertainment,Standard Video,English,177,General,54,Before-After
V004500,C00784,2019-02-09,Gaming,Standard Video,Urdu,130,Teen,21,Screenshot
V004501,C00382,2024-07-14,Technology,Short,Kannada,31,General,37,Bright Colors
V004502,C00084,2024-04-29,Entertainment,Standard Video,English,1443,General,40,Collage
V004503,C00990,2011-07-13,Gaming,Short,English,23,General,21,Minimalist
V004504,C01016,2011-08-31,Music,Standard Video,Urdu,88,,68,Collage
V004505,C01709,2013-03-28,Education,Standard Video,English,162,General,64,Before-After
V004506,C00596,2024-06-09,Film,Premiere,Vietnamese,247,General,29,Collage
V004507,C01507,2016-05-25,Education,Standard Video,Hindi,111,General,57,Collage
V004508,C00242,2022-06-25,Technology,Short,Vietnamese,55,General,24,Collage
V004509,C00286,2025-05-24,Entertainment,Standard Video,Hindi,407,General,50,Screenshot
V004510,C00592,2013-07-07,Music,Premiere,English,371,General,43,Minimalist
V004511,C01169,2016-06-07,News,Short,German,19,General,30,Text Overlay
V004512,C01767,2012-06-11,Gaming,Standard Video,Hindi,80,General,54,Text Overlay
V004513,C00121,2017-10-11,Music,Short,Hindi,58,Teen,44,Bright Colors
V004514,C01658,2025-12-08,Gaming,Standard Video,English,537,General,56,Collage
V004515,C00227,2022-07-22,Technology,Short,English,40,Teen,20,Minimalist
V004516,C01344,2026-05-11,Comedy,Short,English,32,Teen,26,Bright Colors
V004517,C01681,2017-05-06,Sports,Standard Video,Portuguese,189,General,14,Text Overlay
V004518,C01841,2014-02-06,Education,Standard Video,English,728,General,18,Before-After
V004519,C01800,2022-02-13,Gaming,Standard Video,Hindi,1127,,32,Before-After
V004520,C00619,2026-07-15,Entertainment,Short,English,46,General,10,Before-After
V004521,C01457,2019-07-24,Gaming,Standard Video,French,1065,Teen,49,Collage
V004522,C00148,2012-06-27,Technology,Short,English,44,,28,Text Overlay
V004523,C01324,2013-10-31,Lifestyle,Standard Video,Marathi,269,Teen,45,Collage
V004524,C01038,2018-09-06,News,Standard Video,Hindi,153,General,74,Before-After
V004525,C01839,2022-03-04,Entertainment,Standard Video,Turkish,166,Teen,48,Face Close-up
V004526,C01978,2022-10-27,Sports,Premiere,Hindi,122,General,66,Collage
V004527,C00466,2024-10-15,Music,Short,Portuguese,59,Teen,40,Minimalist
V004528,C01720,2024-01-26,Sports,Short,Portuguese,57,General,8,Bright Colors
V004529,C01777,2023-01-29,Entertainment,Standard Video,Portuguese,329,Teen,52,Before-After
V004530,C00736,2023-07-09,Education,Standard Video,Indonesian,528,General,41,
V004531,C01495,2025-03-26,News,Live Stream,Portuguese,3268,General,55,Before-After
V004532,C02000,2025-04-03,Lifestyle,Short,English,59,General,29,Text Overlay
V004533,C01805,2013-03-24,Music,Short,Indonesian,29,Mature,44,
V004534,C00037,2021-06-15,Education,Short,English,40,General,20,Before-After
V004535,C01931,2014-06-01,Comedy,Standard Video,French,3516,General,,Face Close-up
V004536,C01592,2024-11-29,Entertainment,Standard Video,Spanish,4210,Teen,57,
V004537,C01247,2012-04-02,Lifestyle,Standard Video,English,1481,General,42,Before-After
V004538,C00460,2021-06-20,Gaming,Short,English,29,General,21,Screenshot
V004539,C01426,2020-04-09,Technology,Short,Vietnamese,21,General,15,Before-After
V004540,C00929,2021-10-12,Gaming,Standard Video,Indonesian,61,Mature,35,Before-After
V004541,C00621,2022-10-25,Comedy,Standard Video,Telugu,717,General,55,Bright Colors
V004542,C00451,2025-09-13,Music,Standard Video,Portuguese,1540,General,49,Text Overlay
V004543,C01831,2016-01-17,Comedy,Standard Video,English,1168,General,46,Face Close-up
V004544,C01583,2017-10-12,Lifestyle,Standard Video,English,337,General,45,Face Close-up
V004545,C01500,2020-10-27,Comedy,Standard Video,Spanish,1681,General,44,Collage
V004546,C01025,2021-05-07,Sports,Standard Video,English,704,Teen,53,Collage
V004547,C00320,2026-07-21,Music,Standard Video,Hindi,84,General,63,Collage
V004548,C01554,2024-03-14,Entertainment,Standard Video,Spanish,224,General,49,Text Overlay
V004549,C00683,2022-11-05,Education,Standard Video,Spanish,1844,Teen,80,Face Close-up
V004550,C01240,2017-09-28,Entertainment,Premiere,English,625,General,40,Collage
V004551,C00208,2020-02-23,Comedy,Short,Spanish,49,General,27,Bright Colors
V004552,C00622,2025-08-16,Entertainment,Standard Video,German,1814,Teen,54,Before-After
V004553,C01508,2024-02-05,Music,Standard Video,English,288,General,37,Collage
V004554,C01931,2010-09-18,Comedy,Standard Video,French,126,General,50,Before-After
V004555,C00829,2014-11-10,Music,Short,Hindi,32,General,30,Before-After
V004556,C01610,2016-05-03,Music,Standard Video,Indonesian,1156,General,36,Bright Colors
V004557,C00418,2017-01-26,Gaming,Short,Italian,60,Teen,19,Bright Colors
V004558,C00292,2020-10-04,Technology,Live Stream,Filipino,9870,General,,Before-After
V004559,C01646,2018-08-08,News,Standard Video,Filipino,608,General,64,Minimalist
V004560,C00717,2013-01-11,Sports,Short,Spanish,54,General,26,Before-After
V004561,C01694,2020-06-24,Entertainment,Standard Video,English,360,General,49,Before-After
V004562,C01192,2012-02-14,Sports,Standard Video,Filipino,122,General,40,Before-After
V004563,C01649,2020-04-06,Lifestyle,Short,Urdu,16,General,34,Bright Colors
V004564,C00185,2016-07-08,Gaming,Live Stream,English,12431,Teen,54,Face Close-up
V004565,C01288,2022-04-27,Sports,Standard Video,English,1102,Teen,,Bright Colors
V004566,C01547,2013-08-16,Gaming,Standard Video,English,765,General,15,Screenshot
V004567,C00955,2020-12-26,Gaming,Standard Video,Urdu,296,Mature,54,Bright Colors
V004568,C01973,2022-05-07,News,Standard Video,Hindi,281,General,30,Minimalist
V004569,C01877,2017-12-30,Gaming,Live Stream,Hindi,4678,General,39,Screenshot
V004570,C00825,2023-06-04,Lifestyle,Standard Video,Vietnamese,560,General,46,Minimalist
V004571,C00676,2013-11-27,Sports,Live Stream,Portuguese,4997,General,42,Bright Colors
V004572,C01090,2016-06-15,Film,Premiere,French,1006,General,69,Minimalist
V004573,C00647,2019-09-18,News,Standard Video,Hindi,915,Mature,41,Text Overlay
V004574,C00706,2018-09-02,Gaming,Standard Video,Spanish,424,General,52,Bright Colors
V004575,C01792,2018-02-19,Gaming,Standard Video,Spanish,271,General,51,Collage
V004576,C01052,2021-05-28,News,Standard Video,Telugu,687,General,29,Text Overlay
V004577,C01507,2014-07-07,Education,Standard Video,Hindi,174,General,60,Screenshot
V004578,C01551,2026-05-01,Gaming,Premiere,Hindi,247,General,49,Text Overlay
V004579,C01714,2024-10-13,Entertainment,Premiere,English,148,General,48,Face Close-up
V004580,C01975,2017-06-04,Gaming,Standard Video,English,254,General,62,Minimalist
V004581,C00769,2021-07-21,Education,Standard Video,Tamil,616,General,35,Collage
V004582,C01502,2025-09-10,Music,Short,Hindi,19,General,9,Bright Colors
V004583,C00236,2016-09-22,Gaming,Standard Video,Hindi,77,General,24,Before-After
V004584,C00843,2013-08-26,Technology,Short,Hindi,48,Teen,29,Screenshot
V004585,C01305,2017-11-06,Gaming,Standard Video,English,812,General,43,Minimalist
V004586,C00196,2025-10-02,Comedy,Standard Video,English,403,General,20,Bright Colors
V004587,C00417,2011-09-21,Education,Standard Video,Portuguese,1350,Teen,76,Minimalist
V004588,C01119,2024-05-30,Technology,Short,Hindi,43,General,8,Text Overlay
V004589,C00822,2025-04-30,Entertainment,Standard Video,Filipino,530,General,59,Collage
V004590,C00626,2023-09-11,News,Premiere,English,732,General,26,Screenshot
V004591,C01666,2023-10-17,Education,Short,Spanish,33,General,26,Bright Colors
V004592,C00443,2025-11-17,Music,Standard Video,Spanish,743,Teen,40,Collage
V004593,C01279,2024-04-18,Comedy,Standard Video,English,132,General,40,Collage
V004594,C01631,2023-11-10,Music,Standard Video,Indonesian,245,Teen,27,Minimalist
V004595,C00583,2024-07-20,Sports,Short,Portuguese,19,General,15,Before-After
V004596,C01779,2025-01-23,Lifestyle,Standard Video,Turkish,212,General,62,Screenshot
V004597,C00693,2024-01-26,Entertainment,Short,Bengali,41,Teen,12,Screenshot
V004598,C00655,2023-04-07,Entertainment,Short,Filipino,34,Teen,40,Bright Colors
V004599,C01317,2020-12-01,Technology,Short,Indonesian,46,General,8,Screenshot
V004600,C00053,2025-04-03,Gaming,Standard Video,Turkish,283,General,45,Minimalist
V004601,C00431,2025-08-11,Music,Standard Video,Tamil,1788,General,77,Minimalist
V004602,C01257,2024-01-14,Gaming,Standard Video,French,973,General,42,Face Close-up
V004603,C00003,2025-12-07,Education,Short,Hindi,21,General,14,Bright Colors
V004604,C00527,2011-03-01,Entertainment,Standard Video,English,1146,General,25,Minimalist
V004605,C00132,2019-05-17,Music,Short,English,51,Teen,,Before-After
V004606,C01045,2020-04-16,Entertainment,Standard Video,Vietnamese,1688,General,59,Collage
V004607,C01861,2025-06-11,Music,Short,English,37,General,21,Screenshot
V004608,C01768,2025-12-05,Sports,Short,English,48,,11,Face Close-up
V004609,C01192,2020-11-24,Sports,Standard Video,Filipino,346,General,38,Collage
V004610,C00746,2022-11-12,Sports,Live Stream,French,9410,General,77,Screenshot
V004611,C01805,2013-06-15,Music,Standard Video,Indonesian,572,Mature,26,Screenshot
V004612,C00257,2015-12-22,Technology,Standard Video,Filipino,1006,General,31,Face Close-up
V004613,C01714,2020-05-23,Entertainment,Short,Hindi,35,General,12,Text Overlay
V004614,C00631,2025-02-28,Technology,Standard Video,English,287,General,41,Collage
V004615,C00995,2025-04-20,Technology,Short,German,52,Teen,24,Face Close-up
V004616,C01267,2020-04-07,Gaming,Standard Video,French,911,General,49,Bright Colors
V004617,C00025,2026-01-06,News,Premiere,Thai,209,General,74,Face Close-up
V004618,C00361,2016-02-08,Technology,Short,Indonesian,45,General,16,Screenshot
V004619,C00278,2020-04-23,Education,Short,English,52,General,28,Minimalist
V004620,C00353,2020-09-11,Gaming,Short,Spanish,37,General,23,Text Overlay
V004621,C01202,2024-12-05,Film,Short,Japanese,45,General,24,Screenshot
V004622,C00728,2015-05-07,Education,Standard Video,Japanese,1804,General,51,Face Close-up
V004623,C00094,2014-11-27,Technology,Short,English,35,General,26,
V004624,C01386,2019-07-16,Education,Short,Spanish,28,General,25,Minimalist
V004625,C00512,2021-08-15,Technology,Short,English,42,General,41,Collage
V004626,C00243,2015-09-06,Music,Standard Video,Spanish,342,Mature,51,Before-After
V004627,C00400,2015-03-01,Education,Standard Video,Indonesian,381,General,25,Before-After
V004628,C01325,2015-04-13,Entertainment,Short,Portuguese,17,General,24,Before-After
V004629,C01086,2025-03-09,Gaming,Short,Indonesian,56,General,9,Text Overlay
V004630,C01247,2025-01-21,Lifestyle,Standard Video,English,1325,General,78,Screenshot
V004631,C00985,2010-11-22,Music,Short,Hindi,17,General,21,Bright Colors
V004632,C01285,2018-11-01,Sports,Standard Video,English,124,General,,Minimalist
V004633,C01238,2014-10-14,Lifestyle,Standard Video,Spanish,1064,General,48,Text Overlay
V004634,C01591,2024-11-13,Sports,Premiere,English,165,General,,Collage
V004635,C00925,2019-06-13,Music,Short,Thai,31,Mature,8,Collage
V004636,C01324,2018-09-23,Lifestyle,Standard Video,Marathi,1384,Teen,68,Collage
V004637,C00703,2024-06-03,Film,Short,English,15,General,8,Screenshot
V004638,C01651,2021-07-16,Entertainment,Standard Video,Spanish,1450,General,40,Collage
V004639,C00305,2014-04-09,Gaming,Standard Video,Italian,705,Teen,34,Bright Colors
V004640,C01461,2014-12-21,Sports,Premiere,English,233,General,33,Before-After
V004641,C01794,2026-02-04,Technology,Standard Video,Hindi,542,General,39,Bright Colors
V004642,C01007,2024-06-03,Gaming,Standard Video,Spanish,143,General,44,Minimalist
V004643,C00025,2026-06-19,News,Standard Video,Hindi,541,General,28,Minimalist
V004644,C01490,2012-03-30,Entertainment,Live Stream,English,6802,General,55,Minimalist
V004645,C00683,2024-07-10,Education,Standard Video,Spanish,880,Teen,46,Screenshot
V004646,C01777,2026-03-13,Music,Standard Video,Portuguese,1436,Teen,46,Screenshot
V004647,C00840,2017-08-10,Comedy,Standard Video,English,614,General,71,Bright Colors
V004648,C00076,2025-12-04,Technology,Standard Video,Filipino,258,General,53,Screenshot
V004649,C00673,2024-04-04,Comedy,Standard Video,English,253,General,52,Face Close-up
V004650,C00514,2019-05-13,Education,Standard Video,English,61,General,35,Bright Colors
V004651,C01020,2019-08-21,Gaming,Short,Hindi,45,Mature,17,Face Close-up
V004652,C00975,2022-01-12,News,Short,Spanish,48,General,29,Before-After
V004653,C01658,2025-12-23,Gaming,Standard Video,English,884,General,38,Collage
V004654,C01553,2021-08-01,Sports,Standard Video,English,642,General,67,Collage
V004655,C01380,2022-07-04,Sports,Standard Video,Turkish,1337,General,35,Collage
V004656,C01161,2025-03-17,News,Standard Video,Spanish,111,General,21,Before-After
V004657,C01135,2022-12-31,News,Standard Video,English,1530,General,74,Bright Colors
V004658,C01730,2020-12-21,Music,Short,Urdu,51,General,16,Before-After
V004659,C01582,2021-08-02,Lifestyle,Short,English,38,General,11,Collage
V004660,C00561,2017-06-13,Comedy,Standard Video,Italian,430,General,35,Collage
V004661,C00585,2021-04-16,Gaming,Standard Video,Portuguese,424,General,45,Collage
V004662,C00163,2025-12-15,Comedy,Short,English,27,Mature,38,Minimalist
V004663,C01495,2025-06-30,News,Premiere,Portuguese,213,General,52,Screenshot
V004664,C01046,2025-11-04,News,Standard Video,English,93,General,16,Bright Colors
V004665,C00260,2020-10-06,Education,Standard Video,Portuguese,143,,44,Collage
V004666,C00694,2024-02-29,Sports,Live Stream,Japanese,12130,General,56,Before-After
V004667,C01685,2019-08-13,Music,Short,Spanish,24,General,24,Screenshot
V004668,C01578,2019-05-05,Music,Standard Video,Hindi,819,General,42,Minimalist
V004669,C00342,2012-12-14,Entertainment,Short,English,57,General,23,Text Overlay
V004670,C00565,2020-10-05,Gaming,Standard Video,Filipino,3058,General,18,Face Close-up
V004671,C00669,2015-09-29,Technology,Standard Video,Spanish,171,General,59,Before-After
V004672,C00715,2026-06-03,Education,Standard Video,Vietnamese,883,General,18,Before-After
V004673,C00435,2015-07-09,Technology,Short,English,45,General,21,Minimalist
V004674,C01455,2026-03-21,Sports,Live Stream,English,4165,General,58,Screenshot
V004675,C01015,2012-09-22,Education,Short,English,21,General,29,Text Overlay
V004676,C01802,2026-01-06,Music,Short,English,45,General,26,Screenshot
V004677,C00855,2025-12-06,Lifestyle,Short,Indonesian,27,General,23,Bright Colors
V004678,C01669,2023-05-15,Sports,Short,Korean,50,General,31,Minimalist
V004679,C01185,2020-09-04,Education,Standard Video,Portuguese,67,General,32,Face Close-up
V004680,C01733,2012-01-08,Education,Standard Video,English,586,General,52,Collage
V004681,C01812,2020-01-06,Entertainment,Short,Indonesian,60,Mature,24,Before-After
V004682,C01621,2025-08-13,Sports,Short,English,27,Teen,15,Face Close-up
V004683,C00452,2014-01-26,Entertainment,Standard Video,Korean,539,General,32,Before-After
V004684,C01270,2017-08-27,Sports,Standard Video,French,207,General,43,Collage
V004685,C01982,2025-11-13,Film,Standard Video,Turkish,108,General,38,Screenshot
V004686,C01720,2015-09-24,Sports,Short,Portuguese,46,General,26,Minimalist
V004687,C00514,2021-10-01,Education,Standard Video,English,61,General,20,Before-After
V004688,C00658,2020-06-29,Entertainment,Standard Video,Turkish,407,General,18,Collage
V004689,C00299,2026-01-12,Gaming,Short,English,52,General,37,Collage
V004690,C01549,2026-03-16,Gaming,Standard Video,Hindi,595,Mature,56,Screenshot
V004691,C00087,2023-07-19,News,Live Stream,Indonesian,9924,Teen,43,Text Overlay
V004692,C00776,2021-02-15,Lifestyle,Standard Video,Filipino,687,General,41,Collage
V004693,C00865,2010-01-31,Gaming,Standard Video,Spanish,710,General,64,Before-After
V004694,C01821,2014-09-29,Technology,Short,Hindi,29,Teen,17,Screenshot
V004695,C01549,2026-03-29,Music,Standard Video,Hindi,220,Mature,42,Text Overlay
V004696,C00658,2022-12-17,Comedy,Standard Video,Turkish,1145,General,36,Collage
V004697,C01694,2020-07-02,Comedy,Premiere,English,752,General,51,Before-After
V004698,C01685,2019-01-14,Music,Short,English,45,General,8,Screenshot
V004699,C01511,2016-01-10,Gaming,Standard Video,English,538,General,46,Before-After
V004700,C00119,2015-02-09,Education,Standard Video,English,200,General,48,
V004701,C00367,2024-03-01,Sports,Short,Spanish,38,Teen,13,Bright Colors
V004702,C01189,2022-10-07,Music,Standard Video,French,683,Teen,42,Screenshot
V004703,C00677,2025-06-21,Technology,Short,English,45,General,23,Before-After
V004704,C00583,2022-10-31,Sports,Short,Portuguese,56,General,24,Text Overlay
V004705,C01884,2023-02-05,Entertainment,Short,Thai,32,General,24,Text Overlay
V004706,C01268,2018-10-21,Film,Live Stream,English,6761,General,44,Before-After
V004707,C00265,2025-08-01,Music,Standard Video,Indonesian,215,General,55,Bright Colors
V004708,C01679,2013-04-15,Gaming,Standard Video,Filipino,399,General,31,Collage
V004709,C01440,2022-10-02,Entertainment,Short,Indonesian,49,General,10,Bright Colors
V004710,C00295,2010-06-07,Entertainment,Short,Korean,49,General,8,Text Overlay
V004711,C01993,2024-06-05,Education,Standard Video,Hindi,418,,71,Before-After
V004712,C01591,2024-10-05,Sports,Short,English,21,General,28,Before-After
V004713,C01353,2021-05-02,Entertainment,Short,English,54,Teen,8,Face Close-up
V004714,C01180,2013-05-30,Music,Short,Korean,51,General,11,Before-After
V004715,C00975,2014-09-14,News,Short,Spanish,36,General,16,Bright Colors
V004716,C01694,2020-07-31,Entertainment,Premiere,English,1037,General,46,Text Overlay
V004717,C00952,2015-04-11,Technology,Premiere,Portuguese,468,General,47,Minimalist
V004718,C00568,2019-08-31,News,Short,German,50,General,31,
V004719,C00318,2020-08-31,Technology,Short,Spanish,18,General,21,Face Close-up
V004720,C01507,2018-11-01,Education,Standard Video,Hindi,2482,General,81,Minimalist
V004721,C00323,2021-01-08,Entertainment,Standard Video,English,765,Teen,50,Collage
V004722,C00404,2026-03-22,Gaming,Short,English,32,General,13,Collage
V004723,C01471,2025-06-26,Music,Premiere,Kannada,206,General,24,Screenshot
V004724,C00247,2026-06-16,Sports,Short,English,22,General,24,Collage
V004725,C00690,2026-01-20,Sports,Short,English,32,General,23,Screenshot
V004726,C01879,2026-05-08,Gaming,Standard Video,Hindi,1154,General,28,Minimalist
V004727,C01076,2026-05-11,News,Standard Video,English,309,Teen,23,Bright Colors
V004728,C01911,2025-05-21,Lifestyle,Standard Video,French,1293,General,59,Collage
V004729,C00196,2025-06-02,Lifestyle,Standard Video,English,374,General,50,Collage
V004730,C01639,2025-07-31,Technology,Standard Video,Hindi,531,General,37,Collage
V004731,C00003,2025-12-04,Education,Short,Hindi,23,General,8,Screenshot
V004732,C01117,2018-01-25,Technology,Standard Video,Portuguese,824,General,62,Text Overlay
V004733,C01510,2025-02-13,Education,Standard Video,Kannada,61,General,24,Text Overlay
V004734,C01305,2017-04-20,Gaming,Standard Video,Hindi,487,General,54,Before-After
V004735,C01231,2026-01-22,Technology,Live Stream,English,11253,General,47,Minimalist
V004736,C00442,2010-09-06,Education,Short,Tamil,59,General,32,Bright Colors
V004737,C01306,2013-06-12,Comedy,Standard Video,English,132,General,47,Bright Colors
V004738,C00889,2022-12-07,Sports,Standard Video,German,3950,General,,Bright Colors
V004739,C00664,2025-01-12,Education,Standard Video,English,206,General,74,Before-After
V004740,C01714,2014-12-22,Entertainment,Short,English,59,General,12,Collage
V004741,C01978,2022-06-12,Technology,Short,Hindi,15,General,26,Text Overlay
V004742,C00626,2024-04-18,News,Live Stream,English,11049,General,41,Minimalist
V004743,C01230,2021-09-14,Gaming,Standard Video,English,664,General,50,Collage
V004744,C01853,2024-07-24,Education,Short,English,28,General,13,Bright Colors
V004745,C00343,2017-08-09,Gaming,Standard Video,Kannada,1990,General,42,Bright Colors
V004746,C01639,2025-07-31,Technology,Standard Video,Spanish,2053,General,10,Text Overlay
V004747,C00365,2019-10-07,Technology,Standard Video,English,1032,General,55,Text Overlay
V004748,C00435,2015-12-17,Technology,Short,English,58,General,22,Before-After
V004749,C01932,2026-01-10,Education,Standard Video,Vietnamese,868,Teen,50,Bright Colors
V004750,C00635,2021-11-12,Gaming,Standard Video,English,605,Teen,43,Minimalist
V004751,C01369,2014-04-15,Gaming,Standard Video,Tamil,419,General,66,Minimalist
V004752,C00779,2024-09-26,News,Standard Video,English,396,General,18,Face Close-up
V004753,C01240,2011-08-21,Entertainment,Standard Video,English,1590,General,40,Collage
V004754,C00555,2020-04-12,Entertainment,Standard Video,Spanish,719,General,32,Screenshot
V004755,C01098,2024-12-18,Sports,Standard Video,English,1500,General,45,Minimalist
V004756,C01450,2026-03-16,Sports,Standard Video,Hindi,598,General,32,Screenshot
V004757,C00860,2014-11-10,Lifestyle,Standard Video,English,154,General,53,Before-After
V004758,C01837,2023-11-27,Gaming,Short,English,24,General,24,Minimalist
V004759,C01677,2022-12-21,Film,Short,English,48,General,21,Screenshot
V004760,C00324,2026-03-02,Entertainment,Standard Video,Spanish,673,General,24,Minimalist
V004761,C01821,2015-06-09,Technology,Premiere,Hindi,797,Teen,33,Bright Colors
V004762,C01498,2017-01-19,Sports,Standard Video,Indonesian,844,Teen,38,Screenshot
V004763,C00411,2023-11-08,Entertainment,Short,English,53,General,15,Text Overlay
V004764,C00389,2020-04-28,Education,Standard Video,English,1721,General,59,Before-After
V004765,C00643,2010-11-25,Comedy,Live Stream,Hindi,10989,General,47,Collage
V004766,C01521,2020-04-14,Music,Standard Video,Kannada,1424,General,18,Face Close-up
V004767,C01216,2025-06-16,Entertainment,Standard Video,English,1130,General,44,Bright Colors
V004768,C00024,2018-10-02,Comedy,Short,Indonesian,39,General,11,Before-After
V004769,C01435,2022-10-22,Technology,Standard Video,Korean,1056,General,58,Screenshot
V004770,C00652,2023-09-08,Education,Standard Video,English,231,General,59,Before-After
V004771,C00175,2015-01-18,Gaming,Standard Video,Turkish,374,General,48,Face Close-up
V004772,C00983,2017-08-17,Education,Short,Indonesian,43,General,28,Face Close-up
V004773,C01471,2025-01-17,Music,Standard Video,Kannada,251,General,59,Bright Colors
V004774,C00309,2024-02-15,Sports,Short,Portuguese,23,Teen,47,Text Overlay
V004775,C00547,2018-03-29,Technology,Short,German,28,General,15,Screenshot
V004776,C01534,2022-03-30,Technology,Short,English,59,General,8,Bright Colors
V004777,C01697,2023-11-03,Education,Short,English,47,General,26,Bright Colors
V004778,C00860,2019-05-04,Lifestyle,Standard Video,Thai,425,General,30,Face Close-up
V004779,C00431,2025-08-13,Music,Standard Video,Tamil,294,General,30,Minimalist
V004780,C00845,2023-07-11,Sports,Standard Video,Kannada,665,Teen,37,Screenshot
V004781,C00193,2010-12-14,Film,Standard Video,Spanish,83,General,,Collage
V004782,C01658,2025-12-12,Gaming,Short,English,48,General,17,Face Close-up
V004783,C01082,2011-04-23,Music,Short,Hindi,49,General,23,Screenshot
V004784,C00656,2025-07-24,Education,Standard Video,English,179,General,38,Text Overlay
V004785,C01852,2026-07-24,Film,Standard Video,English,674,General,47,Bright Colors
V004786,C01787,2018-10-08,Entertainment,Standard Video,English,936,General,35,Minimalist
V004787,C00006,2013-04-08,Comedy,Short,Korean,32,General,41,Before-After
V004788,C00168,2023-01-17,Music,Standard Video,Filipino,194,General,31,
V004789,C00658,2021-11-22,Entertainment,Short,Turkish,57,General,25,Minimalist
V004790,C01803,2020-04-01,Lifestyle,Standard Video,English,1926,General,57,Before-After
V004791,C00087,2022-09-14,News,Standard Video,Indonesian,1636,Teen,43,Screenshot
V004792,C01500,2021-01-25,Comedy,Short,Spanish,32,General,31,Face Close-up
V004793,C00619,2016-06-02,Entertainment,Standard Video,English,423,General,39,Face Close-up
V004794,C00047,2015-02-22,Music,Standard Video,English,231,General,52,Collage
V004795,C01592,2024-08-20,Comedy,Standard Video,Spanish,903,General,44,Minimalist
V004796,C00047,2026-05-13,Music,Standard Video,English,149,General,52,Minimalist
V004797,C01468,2023-10-11,Music,Short,English,49,Teen,,Bright Colors
V004798,C01752,2022-07-15,Gaming,Standard Video,English,565,General,32,Screenshot
V004799,C01007,2024-01-31,Sports,Standard Video,Spanish,531,General,56,Bright Colors
V004800,C01554,2015-03-15,Entertainment,Standard Video,English,523,General,56,Before-After
V004801,C01728,2023-12-23,Entertainment,Short,Portuguese,20,General,17,Screenshot
V004802,C01671,2020-06-29,Music,Short,English,25,General,36,Bright Colors
V004803,C01419,2024-05-02,Technology,Short,Spanish,44,General,15,Minimalist
V004804,C00175,2011-12-15,Gaming,Standard Video,Turkish,325,General,,Minimalist
V004805,C01918,2012-12-24,Sports,Standard Video,Hindi,210,General,61,Screenshot
V004806,C00204,2019-06-19,Sports,Short,English,20,General,25,Minimalist
V004807,C01147,2022-02-28,Technology,Premiere,Portuguese,625,General,37,Minimalist
V004808,C01005,2012-03-11,Music,Short,Hindi,27,,28,Bright Colors
V004809,C01658,2026-01-27,Gaming,Live Stream,English,11483,General,56,Screenshot
V004810,C01084,2019-10-30,Entertainment,Standard Video,English,573,General,48,Minimalist
V004811,C01705,2022-11-10,Education,Standard Video,Thai,231,Mature,46,Screenshot
V004812,C01686,2024-06-21,Lifestyle,Live Stream,Portuguese,4192,General,69,Screenshot
V004813,C00112,2022-01-02,Gaming,Standard Video,Filipino,286,General,40,Screenshot
V004814,C00309,2021-01-11,Sports,Short,Korean,34,Teen,14,Before-After
V004815,C01121,2020-08-27,Gaming,Standard Video,Portuguese,257,General,61,Minimalist
V004816,C00806,2019-01-10,Technology,Premiere,Portuguese,492,General,53,Face Close-up
V004817,C01746,2024-06-27,Education,Standard Video,English,809,Teen,61,
V004818,C01189,2021-07-17,Lifestyle,Premiere,French,985,Teen,77,Bright Colors
V004819,C01783,2026-01-26,Education,Standard Video,Hindi,247,General,35,Screenshot
V004820,C00031,2013-07-12,Education,Short,English,39,Mature,34,Before-After
V004821,C01807,2023-01-18,Music,Short,English,31,General,,Bright Colors
V004822,C00582,2014-09-14,Gaming,Standard Video,French,61,General,69,Bright Colors
V004823,C00509,2017-05-27,Technology,Standard Video,German,748,General,37,Bright Colors
V004824,C01985,2017-08-14,Entertainment,Standard Video,Hindi,423,Teen,56,Before-After
V004825,C00647,2017-09-06,Education,Short,Hindi,24,,19,Minimalist
V004826,C00156,2019-05-09,Music,Standard Video,English,261,Teen,43,Text Overlay
V004827,C00895,2026-04-30,Gaming,Short,English,25,General,21,Bright Colors
V004828,C01485,2013-03-03,News,Short,Korean,50,General,20,Before-After
V004829,C00744,2018-03-15,Comedy,Standard Video,Spanish,142,General,38,Collage
V004830,C01425,2016-07-07,Comedy,Standard Video,English,336,General,40,Screenshot
V004831,C01409,2022-10-30,Sports,Standard Video,Vietnamese,61,General,67,Text Overlay
V004832,C01783,2014-09-18,Education,Standard Video,Hindi,388,General,48,Collage
V004833,C00337,2017-12-18,Film,Short,Portuguese,42,Teen,33,Minimalist
V004834,C01261,2017-09-08,Lifestyle,Standard Video,German,204,,34,Collage
V004835,C01207,2020-08-22,Comedy,Standard Video,English,87,Mature,29,Text Overlay
V004836,C01297,2018-01-19,Education,Short,English,35,General,8,Bright Colors
V004837,C00013,2016-01-11,Education,Standard Video,Japanese,431,,47,Screenshot
V004838,C01808,2014-08-06,Entertainment,Short,Indonesian,25,General,23,Minimalist
V004839,C00678,2021-12-16,Music,Standard Video,Portuguese,531,General,40,Before-After
V004840,C00129,2020-08-15,Education,Standard Video,Hindi,395,General,28,Face Close-up
V004841,C00099,2013-04-04,Entertainment,Short,English,25,Mature,30,Minimalist
V004842,C00705,2016-03-03,Entertainment,Standard Video,English,380,General,51,Face Close-up
V004843,C01737,2023-08-24,Education,Short,Bengali,46,General,30,Collage
V004844,C01910,2023-11-22,Sports,Short,Hindi,43,General,27,Bright Colors
V004845,C00744,2026-05-18,Entertainment,Standard Video,Spanish,1041,General,34,Before-After
V004846,C00684,2011-07-13,Sports,Live Stream,Portuguese,9231,General,50,Text Overlay
V004847,C01315,2011-11-20,Gaming,Short,English,28,Mature,24,Minimalist
V004848,C01524,2023-07-28,Sports,Standard Video,English,72,General,33,Bright Colors
V004849,C01006,2016-04-18,Comedy,Short,Indonesian,31,General,40,Screenshot
V004850,C01859,2022-05-05,Film,Standard Video,Vietnamese,251,Teen,,Text Overlay
V004851,C01399,2024-07-25,Sports,Standard Video,Hindi,983,General,56,Bright Colors
V004852,C00449,2023-06-30,Lifestyle,Standard Video,Portuguese,3856,General,32,Screenshot
V004853,C01348,2021-04-04,Gaming,Standard Video,English,1089,General,28,Minimalist
V004854,C00812,2016-02-06,Education,Standard Video,Filipino,80,General,43,Text Overlay
V004855,C00258,2020-06-21,Education,Live Stream,Hindi,9283,Mature,55,Minimalist
V004856,C01870,2010-01-26,Education,Short,Filipino,44,Teen,8,Screenshot
V004857,C00068,2017-06-25,Entertainment,Standard Video,Hindi,338,Teen,54,Minimalist
V004858,C00916,2023-12-18,Gaming,Standard Video,English,458,General,66,Text Overlay
V004859,C00887,2021-07-09,Film,Standard Video,English,311,General,64,Collage
V004860,C01035,2024-08-01,Comedy,Standard Video,Portuguese,366,General,51,Face Close-up
V004861,C00044,2020-10-01,Entertainment,Standard Video,Hindi,433,General,33,Face Close-up
V004862,C01189,2024-03-08,Lifestyle,Live Stream,French,6814,Teen,49,Bright Colors
V004863,C01738,2023-05-31,Music,Standard Video,English,1480,General,36,Text Overlay
V004864,C00424,2018-10-29,Education,Standard Video,Hindi,655,General,52,Minimalist
V004865,C01033,2014-08-18,Technology,Standard Video,Vietnamese,1469,General,26,Bright Colors
V004866,C01830,2012-03-09,Film,Live Stream,Spanish,1934,General,40,Screenshot
V004867,C00589,2011-03-28,Gaming,Standard Video,English,469,General,42,Collage
V004868,C01850,2026-03-12,Gaming,Standard Video,Hindi,1801,General,60,Screenshot
V004869,C00591,2013-04-25,Gaming,Standard Video,English,1900,Teen,59,Face Close-up
V004870,C00465,2024-10-11,Lifestyle,Standard Video,Hindi,1122,General,74,Before-After
V004871,C01639,2026-06-13,Technology,Standard Video,Hindi,182,General,58,Text Overlay
V004872,C00211,2015-04-29,Entertainment,Short,Portuguese,42,General,37,Collage
V004873,C00255,2018-04-06,Comedy,Short,English,23,Teen,42,Screenshot
V004874,C01618,2025-01-16,Film,Standard Video,Kannada,443,General,59,Text Overlay
V004875,C00047,2016-03-31,Music,Short,English,33,General,23,Collage
V004876,C00776,2020-05-15,Lifestyle,Standard Video,Filipino,297,General,43,Before-After
V004877,C00977,2025-10-25,Film,Standard Video,English,831,General,66,Screenshot
V004878,C00097,2016-11-24,Gaming,Short,Portuguese,54,General,39,Bright Colors
V004879,C00995,2011-05-27,Technology,Short,German,28,Teen,22,Minimalist
V004880,C01577,2025-03-13,Technology,Standard Video,Bengali,3415,General,75,Screenshot
V004881,C01902,2013-12-12,Lifestyle,Premiere,French,1306,General,38,Minimalist
V004882,C01511,2025-03-13,Gaming,Standard Video,English,453,General,49,Text Overlay
V004883,C00265,2022-12-04,Music,Standard Video,Indonesian,530,General,47,Face Close-up
V004884,C00201,2020-10-16,News,Standard Video,Italian,393,General,54,Face Close-up
V004885,C00374,2021-03-08,Education,Short,Hindi,37,General,25,Bright Colors
V004886,C01960,2024-05-19,Music,Live Stream,Hindi,11391,Teen,29,Text Overlay
V004887,C00655,2023-03-30,Entertainment,Standard Video,Filipino,507,General,71,Face Close-up
V004888,C01777,2024-11-11,Technology,Short,Portuguese,34,Teen,30,Text Overlay
V004889,C01458,2025-11-22,Education,Premiere,English,1230,General,38,Before-After
V004890,C00785,2024-09-05,Music,Standard Video,Spanish,399,General,43,Screenshot
V004891,C01685,2019-05-14,Music,Premiere,English,433,General,56,Screenshot
V004892,C01039,2017-06-17,Lifestyle,Standard Video,English,2001,Teen,35,Screenshot
V004893,C01605,2026-02-04,Gaming,Live Stream,Japanese,10329,Teen,51,Collage
V004894,C00039,2019-07-02,Entertainment,Standard Video,Vietnamese,736,General,42,Screenshot
V004895,C00449,2017-06-29,Film,Standard Video,Portuguese,137,General,43,Bright Colors
V004896,C01094,2018-01-03,Entertainment,Standard Video,Hindi,343,General,49,Collage
V004897,C00090,2016-10-17,Education,Standard Video,English,334,General,35,Collage
V004898,C00559,2013-04-07,Film,Standard Video,English,144,Teen,42,Text Overlay
V004899,C01508,2025-01-09,Music,Short,English,45,General,43,Face Close-up
V004900,C01221,2021-08-23,Education,Short,English,24,General,25,Before-After
V004901,C01349,2025-03-19,Gaming,Standard Video,English,480,Teen,30,Bright Colors
V004902,C00679,2024-06-07,Entertainment,Short,Portuguese,43,General,22,Text Overlay
V004903,C00783,2016-08-21,Sports,Standard Video,English,212,General,23,Screenshot
V004904,C01189,2022-10-07,Lifestyle,Short,French,35,General,32,Collage
V004905,C00371,2020-08-30,Education,Live Stream,English,5354,General,31,Minimalist
V004906,C00928,2024-08-18,News,Standard Video,English,1921,General,38,Screenshot
V004907,C00047,2013-10-19,Music,Standard Video,English,907,General,24,Minimalist
V004908,C00927,2026-06-22,Entertainment,Short,Japanese,17,General,28,Collage
V004909,C00576,2016-09-16,News,Standard Video,French,1294,Teen,65,Face Close-up
V004910,C01564,2024-01-05,Lifestyle,Short,English,34,General,37,Text Overlay
V004911,C00210,2023-09-25,Entertainment,Short,English,18,General,15,Collage
V004912,C01369,2025-09-17,Entertainment,Standard Video,Tamil,781,General,50,Face Close-up
V004913,C01007,2025-07-19,Film,Standard Video,Spanish,187,General,59,Before-After
V004914,C01387,2026-06-08,News,Standard Video,Hindi,327,General,42,Text Overlay
V004915,C00766,2025-04-01,Technology,Standard Video,Indonesian,620,Teen,,Text Overlay
V004916,C01698,2024-08-13,Film,Short,German,21,General,10,
V004917,C00047,2016-01-29,Music,Standard Video,English,272,General,34,Screenshot
V004918,C00406,2024-01-09,Lifestyle,Live Stream,French,6919,General,47,Bright Colors
V004919,C01530,2016-07-30,Education,Standard Video,English,512,General,62,Face Close-up
V004920,C00177,2015-04-14,Music,Standard Video,Spanish,84,Teen,51,Face Close-up
V004921,C01852,2026-07-05,Film,Premiere,Indonesian,449,General,37,Text Overlay
V004922,C00929,2015-12-23,Gaming,Short,Indonesian,46,Mature,40,Bright Colors
V004923,C01035,2024-09-04,Lifestyle,Premiere,Portuguese,370,General,30,Before-After
V004924,C01035,2022-03-19,Technology,Standard Video,Portuguese,1132,General,45,Before-After
V004925,C01787,2017-02-10,Entertainment,Short,English,44,General,8,Collage
V004926,C01391,2015-06-22,Education,Standard Video,Hindi,265,General,41,Screenshot
V004927,C00256,2026-05-26,Lifestyle,Standard Video,English,538,General,44,Screenshot
V004928,C01235,2017-11-16,Comedy,Short,English,16,General,17,Collage
V004929,C00738,2024-11-30,Lifestyle,Short,English,59,General,9,Before-After
V004930,C00105,2013-02-16,Technology,Short,English,35,Mature,25,Bright Colors
V004931,C01560,2021-04-14,Technology,Short,English,34,Teen,21,Minimalist
V004932,C01058,2026-01-15,Gaming,Short,Korean,59,General,10,Screenshot
V004933,C01139,2023-11-17,Entertainment,Short,Spanish,36,General,13,Face Close-up
V004934,C00262,2025-04-08,Music,Short,Hindi,25,General,32,Bright Colors
V004935,C00569,2012-07-13,Gaming,Short,Bengali,51,General,35,Screenshot
V004936,C01200,2022-06-24,Sports,Short,Spanish,45,General,32,Before-After
V004937,C00552,2020-08-12,Entertainment,Standard Video,Urdu,395,General,66,Face Close-up
V004938,C01487,2024-08-04,Sports,Standard Video,English,1295,General,21,Text Overlay
V004939,C01376,2024-08-13,Comedy,Standard Video,Hindi,113,General,39,Before-After
V004940,C01651,2025-01-30,Entertainment,Standard Video,Spanish,103,General,47,Screenshot
V004941,C01991,2018-12-22,Entertainment,Standard Video,English,742,General,40,Face Close-up
V004942,C01583,2023-03-27,Lifestyle,Premiere,English,260,General,54,Before-After
V004943,C00238,2018-10-26,Film,Standard Video,Thai,657,General,47,Screenshot
V004944,C00323,2023-10-08,Entertainment,Short,English,46,Teen,8,Collage
V004945,C00006,2026-02-07,Comedy,Standard Video,Korean,148,General,52,Screenshot
V004946,C00354,2024-10-10,Sports,Live Stream,Hindi,4545,Teen,39,Screenshot
V004947,C01965,2014-02-08,News,Standard Video,Japanese,61,General,63,Collage
V004948,C01020,2020-04-20,Gaming,Short,Hindi,41,Mature,16,Bright Colors
V004949,C01071,2015-12-30,Music,Standard Video,English,723,General,47,Collage
V004950,C01800,2019-09-03,Gaming,Standard Video,Hindi,260,Teen,35,Bright Colors
V004951,C01257,2016-11-25,Gaming,Short,French,45,General,23,Before-After
V004952,C01200,2022-06-29,Technology,Premiere,Spanish,635,General,42,Face Close-up
V004953,C01701,2019-04-13,Entertainment,Live Stream,Kannada,11909,General,48,Before-After
V004954,C01121,2018-08-21,News,Short,Portuguese,29,General,26,Before-After
V004955,C00730,2024-02-29,News,Short,Spanish,46,Teen,20,Bright Colors
V004956,C00049,2024-01-29,Gaming,Standard Video,Portuguese,1057,Teen,49,Before-After
V004957,C00406,2023-06-16,Lifestyle,Standard Video,French,1532,General,21,Bright Colors
V004958,C01333,2020-07-12,Entertainment,Standard Video,Indonesian,437,General,46,Collage
V004959,C00090,2017-08-08,Gaming,Premiere,English,737,General,23,Text Overlay
V004960,C00035,2020-10-11,Gaming,Short,Hindi,47,,25,Collage
V004961,C01916,2022-01-18,Technology,Standard Video,Kannada,734,General,36,Text Overlay
V004962,C00865,2023-06-29,Gaming,Standard Video,Hindi,352,General,,Before-After
V004963,C01717,2017-05-21,Comedy,Standard Video,Filipino,508,General,43,Minimalist
V004964,C00449,2026-01-23,Lifestyle,Standard Video,Portuguese,1329,General,38,Minimalist
V004965,C01467,2012-10-05,Sports,Premiere,English,876,General,70,
V004966,C00065,2026-05-18,News,Standard Video,Bengali,165,Teen,53,Screenshot
V004967,C01753,2015-07-23,Entertainment,Standard Video,Spanish,462,General,28,Text Overlay
V004968,C00673,2023-01-13,Technology,Short,English,45,General,20,Face Close-up
V004969,C01506,2011-01-25,Sports,Short,Spanish,49,Teen,11,Before-After
V004970,C01735,2025-05-26,Education,Short,English,43,General,28,Before-After
V004971,C01181,2024-02-01,Entertainment,Short,English,41,General,24,Minimalist
V004972,C01739,2019-04-14,Music,Short,English,27,General,38,Bright Colors
V004973,C01787,2018-09-25,Entertainment,Standard Video,English,179,General,46,Collage
V004974,C01460,2010-01-13,News,Live Stream,Korean,8357,General,28,Before-After
V004975,C01723,2022-02-11,Entertainment,Standard Video,English,740,General,66,Face Close-up
V004976,C01837,2025-03-16,Gaming,Premiere,English,322,General,39,Screenshot
V004977,C01132,2019-04-12,Film,Standard Video,Hindi,1256,General,24,Text Overlay
V004978,C00790,2024-08-07,Lifestyle,Live Stream,English,9560,Teen,48,Collage
V004979,C00427,2018-10-02,Lifestyle,Premiere,English,329,General,27,Minimalist
V004980,C01425,2016-02-27,Comedy,Standard Video,English,1661,General,16,Screenshot
V004981,C01896,2025-05-10,Comedy,Short,English,48,General,18,Minimalist
V004982,C01837,2023-07-26,Comedy,Short,English,39,General,23,Before-After
V004983,C01569,2014-05-07,Gaming,Premiere,French,1098,General,47,Minimalist
V004984,C00103,2018-05-30,Music,Short,Hindi,20,General,18,Text Overlay
V004985,C01500,2020-06-19,Comedy,Live Stream,Spanish,6553,General,38,Bright Colors
V004986,C00550,2025-06-11,Entertainment,Standard Video,French,1461,General,64,Before-After
V004987,C00769,2017-01-21,Education,Standard Video,Tamil,107,General,54,Collage
V004988,C00077,2021-06-23,Comedy,Standard Video,Thai,61,General,63,Collage
V004989,C01502,2024-10-11,Music,Short,Portuguese,27,General,8,
V004990,C00678,2020-02-29,Lifestyle,Short,Portuguese,38,General,49,Before-After
V004991,C01716,2026-01-29,Education,Standard Video,English,221,General,54,Screenshot
V004992,C00053,2025-08-10,Music,Premiere,Turkish,1243,General,35,Before-After
V004993,C00919,2010-05-05,Technology,Short,Spanish,50,General,38,Collage
V004994,C01625,2018-03-09,Gaming,Standard Video,Hindi,429,General,70,Bright Colors
V004995,C01785,2012-10-05,Comedy,Short,Hindi,17,General,15,Face Close-up
V004996,C01268,2018-01-23,Film,Short,English,39,General,33,Before-After
V004997,C01605,2026-06-23,Gaming,Standard Video,Hindi,769,Teen,47,Bright Colors
V004998,C01663,2024-02-28,Education,Standard Video,English,558,General,55,Minimalist
V004999,C00868,2026-06-06,Gaming,Short,Vietnamese,37,General,25,Face Close-up
V005000,C01144,2016-12-05,Lifestyle,Short,English,39,Teen,17,Screenshot
V005001,C00542,2012-10-28,Technology,Standard Video,Spanish,1447,General,45,Face Close-up
V005002,C00102,2020-06-30,Technology,Standard Video,Spanish,318,General,22,Minimalist
V005003,C00903,2016-12-21,Film,Standard Video,English,61,General,42,Before-After
V005004,C01862,2011-06-18,Education,Short,Portuguese,40,Teen,14,Screenshot
V005005,C00892,2024-09-14,Technology,Short,Portuguese,40,General,28,Face Close-up
V005006,C00636,2017-06-13,Sports,Standard Video,Spanish,1394,Teen,26,Screenshot
V005007,C01675,2025-05-24,Education,Short,English,54,General,26,
V005008,C00852,2020-05-09,Gaming,Standard Video,Vietnamese,938,General,56,Screenshot
V005009,C00789,2021-06-06,Entertainment,Short,German,38,General,20,Minimalist
V005010,C00261,2016-10-31,Comedy,Standard Video,Spanish,92,Teen,50,Before-After
V005011,C01787,2022-02-12,Entertainment,Standard Video,English,497,General,43,Text Overlay
V005012,C01713,2026-01-29,Lifestyle,Standard Video,Japanese,276,General,56,Face Close-up
V005013,C01281,2023-11-24,Lifestyle,Short,German,58,General,40,Face Close-up
V005014,C00103,2011-07-09,Music,Standard Video,English,258,General,54,Text Overlay
V005015,C01100,2018-06-01,Sports,Standard Video,Portuguese,141,General,46,
V005016,C01420,2016-06-05,Gaming,Short,Portuguese,23,General,21,Face Close-up
V005017,C01812,2022-03-02,News,Short,Indonesian,45,Mature,28,Before-After
V005018,C00909,2015-12-04,Education,Standard Video,German,165,Teen,33,Screenshot
V005019,C01921,2017-09-27,Sports,Standard Video,English,720,General,65,Before-After
V005020,C01325,2022-04-21,Entertainment,Short,Portuguese,19,General,16,Text Overlay
V005021,C01587,2011-12-21,Education,Short,Portuguese,18,General,,Screenshot
V005022,C00676,2011-06-13,Sports,Standard Video,Portuguese,121,General,63,Text Overlay
V005023,C00916,2023-12-14,Gaming,Standard Video,English,715,General,50,Screenshot
V005024,C01241,2013-08-08,Gaming,Standard Video,Hindi,1009,General,50,Text Overlay
V005025,C00707,2016-02-26,Entertainment,Standard Video,Japanese,1392,Teen,36,Before-After
V005026,C00903,2017-01-17,Film,Short,English,24,General,21,Minimalist
V005027,C01373,2016-02-02,Sports,Standard Video,English,296,Teen,34,Before-After
V005028,C01546,2024-01-20,Gaming,Short,Vietnamese,17,General,35,Face Close-up
V005029,C01900,2024-08-19,Music,Standard Video,English,236,Teen,45,Minimalist
V005030,C00103,2024-07-20,Sports,Premiere,English,307,General,47,Bright Colors
V005031,C00768,2026-05-14,Film,Standard Video,Turkish,358,General,31,Minimalist
V005032,C01304,2025-01-26,Gaming,Standard Video,English,2350,General,59,Bright Colors
V005033,C01932,2023-01-30,Education,Short,Vietnamese,40,General,13,Bright Colors
V005034,C01117,2026-03-31,Technology,Premiere,Portuguese,287,General,26,Minimalist
V005035,C01902,2024-12-01,Film,Standard Video,French,2747,,,Face Close-up
V005036,C00047,2013-02-13,Music,Standard Video,English,599,General,33,Minimalist
V005037,C00449,2014-04-09,Lifestyle,Short,Portuguese,54,General,34,Collage
V005038,C01076,2026-05-28,Entertainment,Short,English,48,Teen,9,Bright Colors
V005039,C01509,2025-06-09,Music,Short,Spanish,22,General,27,Minimalist
V005040,C01787,2017-02-10,Entertainment,Short,English,56,General,13,Bright Colors
V005041,C01230,2024-03-21,Gaming,Standard Video,English,552,General,38,Minimalist
V005042,C01719,2012-02-26,Comedy,Short,Hindi,46,General,33,Before-After
V005043,C01013,2015-02-25,Entertainment,Short,Spanish,59,General,31,Screenshot
V005044,C00527,2010-12-05,Entertainment,Standard Video,English,865,General,34,Bright Colors
V005045,C00774,2023-06-27,Film,Standard Video,English,647,General,50,
V005046,C01332,2022-07-02,Entertainment,Standard Video,English,1858,General,30,Text Overlay
V005047,C01506,2013-02-06,Gaming,Short,English,57,Teen,30,Text Overlay
V005048,C00592,2011-05-17,Music,Standard Video,English,258,General,49,Bright Colors
V005049,C00808,2023-08-03,Film,Standard Video,Portuguese,636,Teen,52,Collage
V005050,C00812,2024-02-22,Education,Standard Video,Filipino,539,General,24,Before-After
V005051,C00550,2022-02-21,Entertainment,Standard Video,French,840,General,45,Text Overlay
V005052,C01625,2017-12-07,Music,Short,Hindi,39,Teen,35,Screenshot
V005053,C00196,2023-05-05,Comedy,Standard Video,English,1415,General,30,Bright Colors
V005054,C01092,2015-12-25,Lifestyle,Short,Portuguese,23,General,38,Face Close-up
V005055,C01553,2012-06-04,Sports,Standard Video,English,440,General,41,Text Overlay
V005056,C00500,2026-03-02,Entertainment,Live Stream,English,12113,,26,Collage
V005057,C01639,2026-06-13,Technology,Short,Hindi,49,General,13,Bright Colors
V005058,C01875,2025-12-29,News,Short,English,38,,13,Text Overlay
V005059,C01625,2018-07-23,Music,Standard Video,Hindi,188,Teen,44,Screenshot
V005060,C00065,2021-03-07,News,Standard Video,Bengali,374,Teen,35,Before-After
V005061,C00843,2012-07-31,Education,Short,Hindi,26,Teen,27,Bright Colors
V005062,C00644,2025-10-09,Lifestyle,Standard Video,Vietnamese,899,Teen,49,Screenshot
V005063,C01254,2019-07-31,Music,Short,Hindi,26,General,27,Minimalist
V005064,C01858,2016-08-30,Music,Standard Video,English,108,General,45,Bright Colors
V005065,C01921,2025-01-03,Sports,Standard Video,English,402,General,73,Collage
V005066,C00520,2010-08-26,Comedy,Standard Video,Spanish,468,Teen,44,Screenshot
V005067,C00418,2026-04-13,Gaming,Premiere,Italian,467,Teen,,Minimalist
V005068,C01383,2017-02-21,Entertainment,Standard Video,Japanese,1840,General,66,
V005069,C00098,2019-09-20,Comedy,Standard Video,Urdu,299,General,42,Text Overlay
V005070,C01698,2016-08-07,Sports,Premiere,German,961,General,76,Collage
V005071,C01132,2018-04-06,Sports,Standard Video,Hindi,98,General,62,Text Overlay
V005072,C00502,2025-08-11,Gaming,Short,Spanish,46,General,30,Screenshot
V005073,C01609,2026-04-01,Lifestyle,Premiere,English,241,General,61,Screenshot
V005074,C01564,2023-08-10,Lifestyle,Standard Video,English,296,General,58,Bright Colors
V005075,C01934,2021-03-02,Film,Short,German,38,General,26,Before-After
V005076,C01182,2024-09-12,Lifestyle,Standard Video,Portuguese,1382,General,34,Collage
V005077,C01597,2020-11-10,Lifestyle,Short,English,51,Mature,25,Face Close-up
V005078,C01592,2026-05-08,Entertainment,Short,Spanish,31,General,31,Before-After
V005079,C00533,2026-05-16,Sports,Standard Video,Hindi,369,General,58,Bright Colors
V005080,C01711,2015-06-24,Sports,Short,English,38,General,29,Text Overlay
V005081,C00708,2020-09-07,Music,Standard Video,English,226,General,46,Minimalist
V005082,C01627,2014-08-15,Education,Short,Portuguese,39,General,26,Screenshot
V005083,C00245,2014-12-23,Sports,Standard Video,Hindi,158,General,37,Before-After
V005084,C01320,2022-09-03,Comedy,Short,Spanish,25,Mature,8,Bright Colors
V005085,C01957,2020-04-23,Comedy,Standard Video,English,574,General,36,Screenshot
V005086,C01788,2023-08-03,News,Standard Video,Spanish,289,General,50,Minimalist
V005087,C00750,2021-06-19,Lifestyle,Short,Vietnamese,59,General,26,Bright Colors
V005088,C01955,2022-06-18,Comedy,Short,English,23,Teen,8,Minimalist
V005089,C01307,2020-08-01,Music,Short,English,17,General,46,Text Overlay
V005090,C01561,2015-06-06,Gaming,Standard Video,Turkish,361,Mature,36,Text Overlay
V005091,C00159,2026-01-15,Gaming,Standard Video,English,319,Teen,75,Collage
V005092,C01316,2023-03-27,Music,Standard Video,Turkish,1162,Teen,36,Before-After
V005093,C00676,2012-03-09,Sports,Standard Video,Portuguese,1129,General,55,Bright Colors
V005094,C00323,2019-02-01,Entertainment,Standard Video,English,433,Teen,50,Screenshot
V005095,C00626,2024-10-16,News,Short,English,43,General,18,Minimalist
V005096,C00234,2026-06-16,Sports,Live Stream,English,13267,Teen,36,Face Close-up
V005097,C00367,2025-06-20,Sports,Short,Urdu,33,Teen,26,Face Close-up
V005098,C00706,2018-06-30,Gaming,Standard Video,Spanish,512,General,35,Minimalist
V005099,C01031,2024-09-16,Sports,Premiere,English,1164,General,57,Minimalist
V005100,C00694,2025-07-27,News,Short,Japanese,17,Teen,28,Minimalist
V005101,C00736,2023-12-11,Music,Standard Video,Indonesian,78,General,42,Screenshot
V005102,C01728,2024-06-29,Entertainment,Standard Video,Portuguese,423,General,27,Minimalist
V005103,C01349,2019-09-10,Gaming,Standard Video,English,1049,Teen,42,Bright Colors
V005104,C01877,2024-03-13,Gaming,Standard Video,Hindi,614,General,44,Before-After
V005105,C01694,2023-03-19,Entertainment,Standard Video,English,61,General,23,Minimalist
V005106,C00677,2026-06-08,Technology,Live Stream,English,8649,General,30,Before-After
V005107,C00025,2024-12-20,Music,Standard Video,Thai,1194,General,61,Minimalist
V005108,C01224,2019-10-29,Gaming,Standard Video,Portuguese,182,General,40,Collage
V005109,C00659,2011-01-31,News,Standard Video,English,294,General,28,Screenshot
V005110,C00007,2023-09-23,Education,Standard Video,Hindi,1105,General,74,Collage
V005111,C00486,2018-05-14,Music,Short,Filipino,38,General,19,Text Overlay
V005112,C01676,2014-07-15,Comedy,Standard Video,Hindi,721,General,47,Screenshot
V005113,C01921,2020-05-29,Sports,Short,English,17,General,30,Minimalist
V005114,C01638,2025-08-06,Entertainment,Short,Japanese,19,General,19,Minimalist
V005115,C01191,2011-02-19,Entertainment,Premiere,Hindi,158,General,11,Face Close-up
V005116,C01913,2016-08-10,Comedy,Short,Hindi,20,General,13,Collage
V005117,C01420,2016-12-05,News,Standard Video,Portuguese,2342,General,10,Bright Colors
V005118,C00196,2025-11-27,Comedy,Standard Video,English,1023,General,48,Face Close-up
V005119,C00773,2020-10-05,News,Standard Video,English,899,General,28,Text Overlay
V005120,C00361,2021-06-24,Technology,Short,Indonesian,53,General,30,Minimalist
V005121,C01184,2019-06-22,Music,Standard Video,Urdu,701,General,44,Text Overlay
V005122,C01511,2022-03-28,Gaming,Short,English,28,,29,Minimalist
V005123,C01864,2010-09-01,Music,Short,English,58,General,30,Before-After
V005124,C01900,2025-06-20,Music,Short,English,51,Teen,29,
V005125,C01549,2026-02-11,Music,Short,Hindi,28,Mature,20,Before-After
V005126,C01051,2025-12-14,Technology,Standard Video,Urdu,692,General,73,Face Close-up
V005127,C00171,2024-12-13,Technology,Short,Filipino,54,Mature,19,Collage
V005128,C01471,2025-02-18,Music,Short,Spanish,38,General,8,Screenshot
V005129,C00163,2020-12-19,Entertainment,Premiere,English,99,Mature,68,Collage
V005130,C00072,2018-08-16,Comedy,Short,English,25,General,8,Face Close-up
V005131,C01739,2011-03-16,Music,Standard Video,English,373,General,49,Minimalist
V005132,C00137,2019-11-11,Entertainment,Standard Video,English,2098,General,33,Face Close-up
V005133,C00619,2025-12-31,Entertainment,Short,English,46,General,46,Minimalist
V005134,C01352,2023-04-04,Gaming,Standard Video,English,236,General,43,Collage
V005135,C00738,2023-01-17,Lifestyle,Short,English,25,General,30,Collage
V005136,C01877,2018-10-26,Gaming,Standard Video,Hindi,252,General,61,Text Overlay
V005137,C00704,2025-11-09,Film,Standard Video,Indonesian,388,Teen,41,Screenshot
V005138,C00180,2012-10-11,Gaming,Standard Video,Spanish,189,General,65,Face Close-up
V005139,C00396,2017-06-06,Music,Short,Bengali,54,General,33,Screenshot
V005140,C01257,2016-04-21,Gaming,Standard Video,French,717,General,66,Screenshot
V005141,C00891,2022-03-18,Entertainment,Standard Video,Korean,900,Teen,54,Minimalist
V005142,C00726,2025-04-27,Technology,Short,German,49,General,22,Minimalist
V005143,C01677,2022-12-28,Education,Standard Video,English,314,General,77,Text Overlay
V005144,C01132,2020-08-31,Film,Standard Video,Hindi,468,General,50,Collage
V005145,C01727,2023-08-24,Entertainment,Live Stream,French,8676,General,24,Screenshot
V005146,C00434,2024-08-21,Music,Live Stream,English,12808,General,39,Before-After
V005147,C00782,2011-01-01,Music,Standard Video,Hindi,259,General,36,Before-After
V005148,C00935,2023-06-28,Technology,Premiere,English,985,General,45,Collage
V005149,C01449,2018-10-21,Comedy,Standard Video,German,416,General,29,Text Overlay
V005150,C01216,2025-05-19,Entertainment,Short,English,16,General,18,Minimalist
V005151,C00026,2013-05-18,Entertainment,Standard Video,Tamil,931,General,68,Bright Colors
V005152,C01814,2017-10-26,Lifestyle,Standard Video,Hindi,1464,General,36,Minimalist
V005153,C01834,2026-07-04,Gaming,Standard Video,English,813,Teen,50,Before-After
V005154,C00582,2019-08-11,Gaming,Short,French,42,Teen,15,Before-After
V005155,C00302,2019-04-04,Lifestyle,Short,English,49,General,,Bright Colors
V005156,C01783,2013-08-15,Education,Standard Video,Hindi,330,General,61,Screenshot
V005157,C01572,2014-12-05,Sports,Standard Video,Hindi,90,General,51,Face Close-up
V005158,C01399,2021-10-28,Education,Short,Hindi,55,General,29,Minimalist
V005159,C00698,2018-10-12,Entertainment,Standard Video,English,693,General,50,Face Close-up
V005160,C01900,2024-01-19,Comedy,Short,English,17,Teen,25,Before-After
V005161,C01576,2023-04-17,Entertainment,Standard Video,Korean,451,General,25,Collage
V005162,C01191,2011-04-19,Entertainment,Standard Video,Hindi,616,General,58,Bright Colors
V005163,C01453,2018-04-05,Education,Short,Hindi,42,Teen,24,Bright Colors
V005164,C01045,2023-05-29,Entertainment,Standard Video,Vietnamese,2570,General,67,Before-After
V005165,C01910,2025-10-17,Sports,Standard Video,Hindi,407,General,68,Screenshot
V005166,C00285,2025-07-04,Technology,Standard Video,Portuguese,61,General,62,Collage
V005167,C01382,2014-09-16,Gaming,Short,English,18,General,22,Screenshot
V005168,C01644,2020-09-07,Music,Live Stream,English,13702,Teen,54,Screenshot
V005169,C00173,2020-05-09,Gaming,Short,Portuguese,43,Teen,23,Collage
V005170,C01683,2021-09-19,Technology,Short,Indonesian,25,Teen,36,Face Close-up
V005171,C00463,2026-05-11,Comedy,Short,English,43,General,36,Before-After
V005172,C00769,2020-09-15,Music,Standard Video,Tamil,460,General,50,Before-After
V005173,C00181,2015-10-10,Lifestyle,Short,Portuguese,25,General,11,Minimalist
V005174,C00920,2017-10-29,Music,Short,Urdu,33,Mature,25,Bright Colors
V005175,C01458,2014-09-12,Education,Standard Video,Korean,133,General,36,Face Close-up
V005176,C00626,2020-03-06,News,Short,Portuguese,39,General,16,Collage
V005177,C00751,2019-01-03,Film,Standard Video,English,506,General,34,Screenshot
V005178,C01281,2023-03-18,Lifestyle,Short,German,44,General,14,Face Close-up
V005179,C01014,2024-11-04,Film,Short,English,24,Teen,13,Minimalist
V005180,C01623,2011-05-30,Lifestyle,Standard Video,English,383,General,27,Collage
V005181,C01060,2023-03-02,Lifestyle,Standard Video,English,1443,,46,Text Overlay
V005182,C01736,2018-03-16,Sports,Premiere,Filipino,325,General,48,Text Overlay
V005183,C01249,2013-06-10,Entertainment,Standard Video,Portuguese,364,Teen,41,Before-After
V005184,C00655,2023-05-02,Entertainment,Short,Filipino,27,General,16,Minimalist
V005185,C00865,2010-02-05,Gaming,Standard Video,Spanish,1918,General,51,Before-After
V005186,C01872,2016-05-11,Lifestyle,Short,Indonesian,41,General,13,Screenshot
V005187,C01924,2020-12-14,Entertainment,Standard Video,Hindi,689,General,58,Face Close-up
V005188,C01740,2016-07-27,Sports,Short,Thai,42,General,23,Collage
V005189,C01587,2012-09-09,Education,Standard Video,Portuguese,629,General,60,Before-After
V005190,C00652,2024-07-20,Education,Premiere,Hindi,2527,General,32,Bright Colors
V005191,C01308,2023-07-21,Lifestyle,Standard Video,English,61,Teen,21,Before-After
V005192,C01822,2025-05-18,Entertainment,Standard Video,Hindi,555,General,43,
V005193,C01904,2011-01-26,Sports,Live Stream,Thai,5522,General,30,Before-After
V005194,C01274,2020-03-02,Education,Standard Video,English,262,General,14,Minimalist
V005195,C00543,2016-04-26,Technology,Short,English,40,General,28,Before-After
V005196,C00088,2024-11-02,Gaming,Standard Video,Kannada,396,General,23,Before-After
V005197,C00256,2026-05-25,Lifestyle,Standard Video,English,543,General,55,Minimalist
V005198,C01783,2020-09-26,Education,Standard Video,Hindi,195,General,42,Face Close-up
V005199,C01059,2017-10-11,Gaming,Standard Video,English,1314,Teen,19,Text Overlay
V005200,C01918,2014-04-13,Sports,Standard Video,Hindi,728,General,15,Minimalist
V005201,C01597,2014-05-03,Lifestyle,Standard Video,Vietnamese,240,Mature,51,Minimalist
V005202,C00794,2017-08-24,Music,Standard Video,English,79,General,31,Bright Colors
V005203,C00520,2023-03-17,Comedy,Short,French,59,Teen,21,Before-After
V005204,C01509,2024-06-04,Music,Standard Video,Spanish,182,General,29,Collage
V005205,C01348,2016-08-22,Music,Standard Video,English,998,General,33,Before-After
V005206,C00579,2020-09-03,Entertainment,Standard Video,English,296,General,47,Before-After
V005207,C01852,2026-07-15,Film,Standard Video,English,673,General,48,Bright Colors
V005208,C00928,2023-02-08,News,Standard Video,Portuguese,377,General,39,Screenshot
V005209,C01041,2020-02-26,Film,Standard Video,Hindi,1129,General,21,Minimalist
V005210,C01528,2024-11-19,Lifestyle,Short,Korean,21,General,8,Screenshot
V005211,C00613,2013-07-02,Sports,Short,English,21,General,9,Text Overlay
V005212,C01913,2013-11-26,Sports,Short,Hindi,18,General,38,Text Overlay
V005213,C01554,2014-11-18,Entertainment,Short,English,56,General,35,Text Overlay
V005214,C01398,2025-06-25,Entertainment,Short,English,40,General,27,Minimalist
V005215,C00913,2021-09-05,Entertainment,Standard Video,Hindi,519,General,23,Screenshot
V005216,C01639,2026-03-29,Technology,Standard Video,Hindi,2508,General,42,Screenshot
V005217,C01089,2016-01-02,Education,Standard Video,English,692,Mature,43,Collage
V005218,C01812,2019-12-05,Entertainment,Standard Video,Indonesian,1063,Mature,37,Collage
V005219,C00143,2026-05-23,Education,Standard Video,Korean,216,Teen,49,Minimalist
V005220,C00243,2018-12-23,Music,Short,Spanish,58,Mature,9,Text Overlay
V005221,C01214,2011-06-15,Education,Live Stream,Hindi,9698,Teen,68,Collage
V005222,C00995,2015-04-25,Comedy,Short,German,39,Teen,8,Before-After
V005223,C00414,2018-07-06,Entertainment,Premiere,English,1190,General,55,Screenshot
V005224,C01821,2014-12-09,Technology,Live Stream,Hindi,12414,Teen,40,Minimalist
V005225,C00577,2012-06-10,Lifestyle,Short,German,52,General,14,Bright Colors
V005226,C01914,2016-08-04,Music,Short,Hindi,20,General,32,Screenshot
V005227,C01998,2023-06-09,Education,Premiere,Spanish,164,General,39,Bright Colors
V005228,C00909,2019-07-25,Education,Short,German,40,Teen,25,Minimalist
V005229,C00181,2013-07-11,Lifestyle,Premiere,Portuguese,1061,General,30,Minimalist
V005230,C00859,2017-09-27,Entertainment,Standard Video,English,488,General,45,Minimalist
V005231,C01506,2020-02-10,Gaming,Standard Video,English,555,Teen,71,Before-After
V005232,C01148,2020-04-04,Education,Short,Portuguese,23,General,13,Bright Colors
V005233,C01180,2015-10-14,Music,Short,Korean,36,General,23,Screenshot
V005234,C00024,2024-07-11,Comedy,Live Stream,Indonesian,13924,General,46,Screenshot
V005235,C01805,2016-08-14,Music,Standard Video,Indonesian,200,General,72,Before-After
V005236,C00679,2024-03-17,Entertainment,Standard Video,Japanese,725,General,38,Collage
V005237,C00247,2025-12-14,Sports,Standard Video,English,80,General,60,Minimalist
V005238,C00279,2020-01-15,Entertainment,Standard Video,Hindi,734,General,95,
V005239,C00804,2016-09-30,Technology,Standard Video,English,129,Mature,29,Text Overlay
V005240,C01348,2015-06-12,Entertainment,Premiere,English,709,General,56,Face Close-up
V005241,C00655,2024-02-29,Gaming,Standard Video,Filipino,801,General,81,Before-After
V005242,C01587,2015-05-26,Education,Standard Video,Portuguese,789,Mature,71,Bright Colors
V005243,C00465,2026-05-10,Comedy,Standard Video,Hindi,492,General,44,Face Close-up
V005244,C00224,2025-04-16,Comedy,Standard Video,English,778,Teen,55,Minimalist
V005245,C00065,2018-05-26,News,Short,Bengali,28,Teen,22,Face Close-up
V005246,C01173,2021-10-27,Music,Standard Video,English,478,Teen,61,Before-After
V005247,C01087,2026-06-06,Entertainment,Short,Spanish,47,Teen,8,Bright Colors
V005248,C00401,2023-09-30,Music,Standard Video,Spanish,658,Teen,51,Before-After
V005249,C00462,2021-10-13,Sports,Standard Video,English,360,Teen,28,Text Overlay
V005250,C00424,2012-01-12,Education,Short,Hindi,39,General,25,Minimalist
V005251,C00361,2010-09-14,Technology,Short,Indonesian,40,General,20,Before-After
V005252,C00127,2015-03-20,Technology,Premiere,English,600,General,47,Before-After
V005253,C01119,2018-07-31,Technology,Standard Video,Hindi,206,General,12,Collage
V005254,C01936,2012-03-22,Lifestyle,Standard Video,Hindi,775,General,29,Before-After
V005255,C00465,2011-05-06,Lifestyle,Standard Video,Hindi,121,General,38,Text Overlay
V005256,C01444,2021-04-03,Sports,Short,Filipino,39,General,36,Collage
V005257,C00319,2015-01-08,Gaming,Short,Spanish,56,General,26,Screenshot
V005258,C01247,2019-06-01,Lifestyle,Live Stream,English,13691,General,15,Text Overlay
V005259,C01674,2026-05-29,Gaming,Standard Video,Hindi,969,General,43,Bright Colors
V005260,C01292,2011-02-17,Technology,Standard Video,Hindi,1559,General,47,Screenshot
V005261,C00153,2026-06-12,Film,Short,English,44,Mature,27,Collage
V005262,C01906,2026-02-06,News,Standard Video,English,453,General,22,Minimalist
V005263,C00865,2025-12-20,Gaming,Standard Video,Spanish,727,Teen,46,Screenshot
V005264,C01636,2025-06-30,Film,Standard Video,Hindi,677,General,30,Text Overlay
V005265,C01872,2011-04-23,News,Standard Video,Indonesian,366,General,41,Text Overlay
V005266,C01685,2025-11-10,Music,Standard Video,Hindi,1143,General,11,Before-After
V005267,C00526,2020-11-22,Music,Standard Video,English,434,General,54,Face Close-up
V005268,C00948,2023-06-30,Entertainment,Short,Marathi,56,General,23,Minimalist
V005269,C00486,2014-04-28,Music,Standard Video,Filipino,250,General,32,Text Overlay
V005270,C00054,2023-08-13,Lifestyle,Short,Tamil,49,General,30,Before-After
V005271,C00265,2023-04-29,Music,Standard Video,Indonesian,276,General,50,Before-After
V005272,C01780,2023-07-03,Sports,Standard Video,English,560,General,32,Face Close-up
V005273,C01247,2017-10-08,Lifestyle,Short,English,53,General,19,Screenshot
V005274,C00774,2024-10-06,Film,Standard Video,Portuguese,3984,General,15,Text Overlay
V005275,C01440,2022-02-25,Entertainment,Short,Indonesian,59,General,31,Before-After
V005276,C01146,2020-10-03,Technology,Standard Video,Japanese,2456,General,33,Before-After
V005277,C01007,2024-01-23,Film,Standard Video,Spanish,355,General,42,Collage
V005278,C00018,2026-04-03,Comedy,Live Stream,English,12596,General,26,Screenshot
V005279,C01601,2024-09-23,Sports,Standard Video,Japanese,534,General,66,Before-After
V005280,C01031,2020-10-01,Sports,Standard Video,English,184,General,42,Screenshot
V005281,C01770,2022-11-06,Sports,Standard Video,English,347,,50,Minimalist
V005282,C00746,2021-12-23,Technology,Standard Video,French,504,General,44,Text Overlay
V005283,C01894,2024-11-30,Music,Standard Video,Hindi,971,General,57,Screenshot
V005284,C01790,2018-01-31,Gaming,Standard Video,Spanish,928,General,29,Face Close-up
V005285,C00369,2016-01-02,Gaming,Standard Video,Portuguese,291,Teen,35,Text Overlay
V005286,C01894,2025-04-18,Music,Short,Hindi,36,General,22,Before-After
V005287,C01391,2019-08-01,Education,Standard Video,Hindi,384,General,63,Text Overlay
V005288,C00018,2026-03-01,Comedy,Standard Video,English,344,General,33,Minimalist
V005289,C01978,2023-09-04,Technology,Short,Hindi,55,General,16,Face Close-up
V005290,C01942,2018-03-22,Lifestyle,Short,Portuguese,45,General,30,Before-After
V005291,C00496,2012-03-30,Lifestyle,Short,Hindi,54,General,26,Face Close-up
V005292,C01903,2024-08-29,Comedy,Short,Thai,58,General,19,Face Close-up
V005293,C00104,2023-07-01,Entertainment,Standard Video,English,3143,General,56,Bright Colors
V005294,C00192,2011-01-12,Entertainment,Standard Video,English,636,General,10,Before-After
V005295,C01172,2015-04-11,Lifestyle,Short,English,54,General,31,Before-After
V005296,C01720,2017-03-05,Sports,Standard Video,Portuguese,179,General,34,Text Overlay
V005297,C00142,2025-09-01,Education,Standard Video,Japanese,465,General,,Bright Colors
V005298,C00311,2019-12-07,Lifestyle,Standard Video,Thai,3710,General,41,Face Close-up
V005299,C00142,2024-10-21,Lifestyle,Standard Video,Japanese,396,General,37,Before-After
V005300,C00623,2012-06-05,News,Short,German,54,General,38,Before-After
V005301,C01622,2020-07-31,Gaming,Standard Video,Hindi,321,General,46,Text Overlay
V005302,C00769,2017-02-25,Education,Standard Video,Tamil,1545,General,47,Collage
V005303,C01156,2019-02-26,Film,Short,English,34,General,31,Bright Colors
V005304,C01677,2023-02-16,Education,Short,English,17,General,25,Face Close-up
V005305,C01925,2026-05-15,Sports,Standard Video,English,1021,General,67,Face Close-up
V005306,C00035,2020-12-18,Gaming,Short,Hindi,46,Teen,17,Bright Colors
V005307,C01998,2025-05-23,Education,Short,Hindi,31,General,15,Text Overlay
V005308,C01802,2023-06-24,Music,Standard Video,English,106,General,59,
V005309,C00163,2025-01-02,Entertainment,Standard Video,English,69,Mature,43,Text Overlay
V005310,C00028,2026-03-14,News,Short,Indonesian,26,Teen,29,Face Close-up
V005311,C01935,2026-03-31,Music,Standard Video,English,874,,55,Text Overlay
V005312,C00047,2023-03-11,Music,Short,English,35,General,20,Face Close-up
V005313,C00424,2012-08-21,Education,Standard Video,Hindi,580,General,41,Screenshot
V005314,C00691,2014-11-07,Education,Standard Video,English,467,,25,Before-After
V005315,C01239,2024-08-03,Technology,Standard Video,Portuguese,570,General,47,Collage
V005316,C00062,2020-09-17,Technology,Live Stream,Indonesian,10084,General,68,Text Overlay
V005317,C01699,2019-07-08,Gaming,Short,English,36,General,22,Minimalist
V005318,C00605,2015-04-08,Education,Standard Video,Spanish,1890,General,23,Screenshot
V005319,C00501,2025-09-10,Gaming,Standard Video,Hindi,498,General,35,Screenshot
V005320,C01256,2023-04-20,Lifestyle,Short,Spanish,18,General,8,Text Overlay
V005321,C00308,2023-02-12,Entertainment,Standard Video,German,304,General,24,Screenshot
V005322,C01549,2025-01-24,Music,Standard Video,Hindi,312,General,56,Collage
V005323,C00181,2022-01-13,Lifestyle,Short,Portuguese,26,Teen,12,Bright Colors
V005324,C01298,2015-09-11,Entertainment,Standard Video,Filipino,256,General,37,Minimalist
V005325,C00720,2024-04-09,Technology,Standard Video,Hindi,255,Teen,70,Collage
V005326,C01720,2017-12-30,Sports,Premiere,Portuguese,531,General,19,Collage
V005327,C00350,2026-07-15,Education,Standard Video,English,701,Teen,70,Collage
V005328,C01901,2012-02-05,Education,Premiere,Turkish,236,General,81,Text Overlay
V005329,C01679,2015-08-05,Gaming,Short,Filipino,49,General,29,Collage
V005330,C01012,2018-09-18,Entertainment,Standard Video,Hindi,251,General,47,Bright Colors
V005331,C01233,2026-05-02,Technology,Premiere,Spanish,1201,General,41,Screenshot
V005332,C01132,2018-08-30,Film,Short,Hindi,40,General,26,Before-After
V005333,C00020,2021-04-04,Gaming,Standard Video,Indonesian,808,General,37,Minimalist
V005334,C00078,2015-09-22,Sports,Standard Video,Hindi,725,Teen,38,Screenshot
V005335,C01325,2019-05-11,Entertainment,Standard Video,Portuguese,517,General,52,Bright Colors
V005336,C01704,2013-09-01,Sports,Short,English,15,General,29,Screenshot
V005337,C01996,2018-10-18,Gaming,Standard Video,English,1070,General,51,Collage
V005338,C00025,2019-10-01,News,Short,Thai,38,General,22,Collage
V005339,C00035,2020-05-23,Technology,Short,Spanish,39,Teen,30,Bright Colors
V005340,C00511,2022-09-15,Gaming,Short,English,32,General,12,Collage
V005341,C01870,2019-07-30,Education,Short,Filipino,23,Teen,31,Before-After
V005342,C00559,2015-04-17,Film,Short,English,54,Teen,22,Minimalist
V005343,C01723,2022-01-08,Entertainment,Short,English,53,General,17,Minimalist
V005344,C00995,2021-04-17,Technology,Short,Portuguese,46,Teen,19,Face Close-up
V005345,C00731,2016-10-14,Gaming,Standard Video,English,596,General,62,Face Close-up
V005346,C00108,2022-01-27,Music,Short,English,44,General,34,Bright Colors
V005347,C00723,2014-04-05,News,Standard Video,Turkish,548,General,45,Bright Colors
V005348,C01124,2014-09-06,Entertainment,Standard Video,Spanish,603,General,43,Bright Colors
V005349,C00299,2026-06-27,Gaming,Standard Video,Spanish,698,General,54,Face Close-up
V005350,C00075,2024-06-19,Sports,Standard Video,Portuguese,1205,Mature,28,Before-After
V005351,C01362,2024-06-15,Gaming,Premiere,Spanish,565,General,41,Text Overlay
V005352,C00211,2013-11-27,Entertainment,Short,Portuguese,34,General,8,Bright Colors
V005353,C00526,2017-07-28,Music,Standard Video,English,315,General,62,Collage
V005354,C01924,2016-03-07,Entertainment,Standard Video,Hindi,362,General,50,Bright Colors
V005355,C00773,2022-12-03,News,Standard Video,English,532,General,40,Bright Colors
V005356,C01110,2022-04-16,Gaming,Short,Portuguese,54,General,31,Text Overlay
V005357,C01861,2025-05-17,Music,Short,English,33,General,25,Bright Colors
V005358,C00644,2025-11-30,Lifestyle,Standard Video,Vietnamese,420,Mature,59,Face Close-up
V005359,C01326,2017-12-11,Technology,Short,Spanish,52,General,9,Text Overlay
V005360,C01201,2021-07-06,Music,Short,English,26,General,19,Before-After
V005361,C00047,2023-07-24,Music,Live Stream,English,12701,General,43,Screenshot
V005362,C00888,2015-12-31,Gaming,Short,Hindi,35,General,18,Face Close-up
V005363,C01586,2018-02-05,Lifestyle,Standard Video,Spanish,1234,General,12,Text Overlay
V005364,C00336,2024-07-15,Gaming,Standard Video,Indonesian,265,General,32,Before-After
V005365,C01644,2023-12-13,Music,Standard Video,English,590,General,70,Minimalist
V005366,C00776,2021-01-05,Lifestyle,Premiere,Filipino,374,General,50,Before-After
V005367,C00679,2024-05-06,Entertainment,Standard Video,Japanese,1254,General,51,Collage
V005368,C00653,2024-12-14,Entertainment,Standard Video,Portuguese,510,General,38,Face Close-up
V005369,C01373,2013-02-18,Film,Standard Video,English,126,Teen,57,Face Close-up
V005370,C01499,2017-09-07,Entertainment,Short,Indonesian,38,Teen,30,Collage
V005371,C01892,2010-09-27,Sports,Premiere,German,118,General,33,Before-After
V005372,C01213,2022-02-04,Technology,Standard Video,Filipino,602,General,45,
V005373,C00179,2023-06-17,Education,Short,English,35,General,34,Text Overlay
V005374,C00559,2013-10-09,Film,Standard Video,Portuguese,474,Teen,69,
V005375,C01063,2025-01-10,Lifestyle,Short,Urdu,53,General,,Screenshot
V005376,C00613,2013-04-10,Film,Standard Video,English,229,General,38,Bright Colors
V005377,C00416,2025-06-26,Entertainment,Standard Video,English,211,Mature,52,Screenshot
V005378,C01536,2023-11-12,News,Premiere,English,239,Teen,35,Collage
V005379,C00193,2025-06-27,Film,Standard Video,Spanish,489,General,47,Screenshot
V005380,C00752,2018-10-19,Comedy,Standard Video,Hindi,161,General,50,Face Close-up
V005381,C01914,2017-07-30,Music,Standard Video,English,1491,Teen,39,Collage
V005382,C01122,2014-02-10,Film,Short,English,54,General,21,Face Close-up
V005383,C00698,2014-09-29,Entertainment,Standard Video,English,935,General,60,Before-After
V005384,C01134,2020-06-08,Comedy,Standard Video,Spanish,2390,General,44,Screenshot
V005385,C01279,2026-03-12,Comedy,Standard Video,English,204,General,41,Collage
V005386,C01136,2020-05-30,News,Standard Video,German,1128,General,54,Screenshot
V005387,C00647,2021-11-30,Education,Short,Hindi,44,Mature,29,Face Close-up
V005388,C01498,2016-05-17,Sports,Standard Video,English,626,Teen,40,Text Overlay
V005389,C00849,2025-07-10,Education,Standard Video,German,389,General,16,
V005390,C00649,2023-01-11,Music,Standard Video,English,500,General,36,Bright Colors
V005391,C00769,2019-11-13,Education,Short,Hindi,54,General,33,Screenshot
V005392,C01223,2013-04-10,Education,Premiere,English,1319,General,53,Collage
V005393,C01910,2024-06-25,Sports,Standard Video,Portuguese,555,General,73,Text Overlay
V005394,C00060,2026-02-02,Film,Standard Video,English,141,General,38,Before-After
V005395,C00766,2024-10-25,Technology,Standard Video,Indonesian,5308,Teen,56,
V005396,C00818,2024-02-09,Comedy,Standard Video,Spanish,1274,General,60,Bright Colors
V005397,C00865,2010-07-26,Gaming,Standard Video,Spanish,215,General,35,Screenshot
V005398,C01771,2017-04-19,Education,Short,English,26,General,12,Before-After
V005399,C01918,2022-03-01,Sports,Short,Hindi,28,General,31,Bright Colors
V005400,C00756,2024-08-30,Lifestyle,Short,Turkish,48,General,15,Face Close-up
V005401,C00903,2018-07-05,Film,Standard Video,English,332,General,38,Collage
V005402,C01383,2016-08-26,Entertainment,Standard Video,Japanese,218,General,52,Face Close-up
V005403,C00234,2026-02-21,Sports,Standard Video,English,291,Teen,48,Text Overlay
V005404,C01802,2012-12-28,Music,Short,English,22,General,27,Text Overlay
V005405,C01211,2020-06-13,Technology,Short,English,58,Teen,22,Before-After
V005406,C00676,2023-10-05,Sports,Standard Video,Portuguese,344,General,41,Minimalist
V005407,C01007,2024-07-13,Film,Standard Video,Spanish,1198,General,37,Screenshot
V005408,C01670,2023-05-07,Entertainment,Standard Video,English,102,General,33,Screenshot
V005409,C00383,2024-08-21,Music,Standard Video,English,409,Teen,29,Face Close-up
V005410,C01674,2020-11-01,Gaming,Short,Hindi,21,General,20,Face Close-up
V005411,C01005,2018-01-31,Music,Standard Video,Hindi,3115,General,39,
V005412,C00593,2025-02-08,Comedy,Premiere,Portuguese,332,General,30,Minimalist
V005413,C00996,2024-10-10,Lifestyle,Standard Video,Portuguese,1249,General,42,Face Close-up
V005414,C01705,2020-12-26,Education,Standard Video,Thai,203,Mature,76,Minimalist
V005415,C00559,2012-10-24,Film,Standard Video,Hindi,1014,Teen,45,Face Close-up
V005416,C01777,2023-01-01,Film,Standard Video,Portuguese,862,Teen,24,Screenshot
V005417,C01523,2011-04-15,Gaming,Short,Japanese,28,Teen,27,Minimalist
V005418,C00790,2012-04-04,Lifestyle,Standard Video,English,460,Teen,43,Bright Colors
V005419,C01085,2024-02-10,Sports,Live Stream,English,5260,General,52,Collage
V005420,C01787,2018-01-12,Entertainment,Short,English,28,General,46,Collage
V005421,C00984,2021-05-03,Entertainment,Standard Video,English,799,General,54,Before-After
V005422,C01344,2025-02-07,Comedy,Standard Video,English,930,Teen,27,Collage
V005423,C01695,2023-02-23,Entertainment,Standard Video,English,1905,Teen,39,Text Overlay
V005424,C00148,2011-09-10,Comedy,Standard Video,English,1366,General,53,Minimalist
V005425,C01392,2025-12-31,Technology,Short,English,28,General,31,Minimalist
V005426,C01113,2024-08-06,Music,Standard Video,Hindi,954,General,54,Bright Colors
V005427,C00326,2016-09-13,Gaming,Standard Video,English,61,General,44,Before-After
V005428,C00906,2010-06-02,Technology,Standard Video,English,1104,Teen,43,Text Overlay
V005429,C00847,2011-09-20,Lifestyle,Standard Video,English,411,Teen,43,Bright Colors
V005430,C01029,2014-12-17,Music,Short,Filipino,22,General,34,Collage
V005431,C00098,2019-07-02,Comedy,Standard Video,Urdu,1742,General,44,Minimalist
V005432,C00455,2016-12-19,Lifestyle,Standard Video,English,277,General,50,Bright Colors
V005433,C01307,2015-12-10,Music,Short,Hindi,39,General,13,Face Close-up
V005434,C01184,2020-12-25,Music,Short,Urdu,30,General,24,Bright Colors
V005435,C01872,2018-03-22,Education,Standard Video,Indonesian,384,General,59,Screenshot
V005436,C00168,2026-03-04,Gaming,Standard Video,Filipino,1113,General,28,Before-After
V005437,C00977,2026-02-27,Sports,Live Stream,English,4479,General,87,Minimalist
V005438,C00919,2011-06-02,Technology,Standard Video,Spanish,374,General,45,Bright Colors
V005439,C00910,2024-04-23,News,Standard Video,German,80,General,50,Minimalist
V005440,C00088,2022-12-31,Gaming,Short,Kannada,36,General,31,Face Close-up
V005441,C00721,2023-05-08,Comedy,Short,Korean,20,Teen,10,Collage
V005442,C01790,2015-08-09,Gaming,Standard Video,English,711,General,49,Collage
V005443,C00946,2022-10-09,Entertainment,Short,English,33,,29,Face Close-up
V005444,C01679,2013-07-18,Gaming,Short,Hindi,34,General,14,Before-After
V005445,C01738,2026-07-15,Music,Standard Video,English,913,General,33,Text Overlay
V005446,C01833,2021-03-30,Gaming,Short,English,58,General,33,Screenshot
V005447,C01534,2018-01-21,Technology,Standard Video,English,1016,General,42,Bright Colors
V005448,C00604,2021-09-22,Gaming,Standard Video,Hindi,787,General,23,Before-After
V005449,C00494,2020-12-06,Gaming,Standard Video,Spanish,742,General,47,Face Close-up
V005450,C00196,2020-10-22,Comedy,Standard Video,English,251,General,51,Bright Colors
V005451,C01675,2024-10-20,Education,Standard Video,English,111,General,71,
V005452,C01526,2025-10-18,Lifestyle,Premiere,English,1360,General,47,Text Overlay
V005453,C00723,2018-11-04,News,Premiere,Turkish,2448,General,37,Minimalist
V005454,C00507,2019-05-08,Sports,Short,English,31,Teen,39,Collage
V005455,C00914,2024-11-14,Comedy,Standard Video,Bengali,534,Teen,,Bright Colors
V005456,C01564,2025-06-05,Lifestyle,Standard Video,English,94,General,61,Bright Colors
V005457,C01739,2019-11-11,Music,Short,English,23,General,19,Screenshot
V005458,C01910,2022-08-31,Sports,Standard Video,Hindi,875,General,20,Bright Colors
V005459,C01315,2020-02-07,Gaming,Short,English,30,General,17,
V005460,C00221,2017-07-15,Entertainment,Short,French,41,Teen,24,Text Overlay
V005461,C01644,2016-02-10,Music,Standard Video,English,778,General,37,Screenshot
V005462,C00975,2020-05-03,News,Standard Video,Spanish,700,General,41,Screenshot
V005463,C01318,2013-08-12,Education,Standard Video,Vietnamese,1001,General,57,Face Close-up
V005464,C00653,2025-07-27,Entertainment,Standard Video,English,893,Mature,49,Screenshot
V005465,C00744,2017-11-20,Comedy,Standard Video,Spanish,742,General,47,Face Close-up
V005466,C00971,2023-08-31,Music,Premiere,Hindi,353,General,66,Text Overlay
V005467,C01561,2013-02-27,Gaming,Live Stream,Turkish,13785,Mature,67,Text Overlay
V005468,C01529,2020-02-16,Technology,Standard Video,German,413,General,45,Minimalist
V005469,C00752,2014-05-10,Comedy,Live Stream,Indonesian,7661,Teen,41,Face Close-up
V005470,C00118,2019-09-24,Entertainment,Short,Hindi,53,General,24,Before-After
V005471,C00806,2022-12-20,Gaming,Short,Portuguese,47,General,29,Bright Colors
V005472,C01234,2013-09-11,Sports,Standard Video,Hindi,100,Teen,50,Screenshot
V005473,C00878,2018-05-09,Technology,Short,Italian,52,General,35,Minimalist
V005474,C01289,2017-05-20,Education,Premiere,Hindi,746,Teen,76,Bright Colors
V005475,C00916,2023-12-02,Gaming,Short,English,25,General,23,Minimalist
V005476,C00985,2010-07-27,Music,Standard Video,Korean,150,General,33,Minimalist
V005477,C00549,2014-01-26,News,Standard Video,Japanese,536,General,72,Face Close-up
V005478,C00472,2012-10-30,Entertainment,Short,Urdu,41,General,32,
V005479,C01679,2013-08-07,Gaming,Standard Video,Filipino,326,General,59,Face Close-up
V005480,C01623,2023-09-13,Lifestyle,Short,English,43,General,34,Screenshot
V005481,C01231,2025-12-01,Technology,Short,English,53,General,8,Face Close-up
V005482,C00718,2024-12-19,Gaming,Short,English,28,General,24,Face Close-up
V005483,C01193,2017-11-06,Sports,Standard Video,French,725,General,36,Screenshot
V005484,C00891,2017-12-21,Entertainment,Standard Video,Korean,227,Teen,17,Screenshot
V005485,C01110,2023-04-27,Music,Standard Video,Portuguese,73,General,51,Text Overlay
V005486,C00191,2024-08-18,Technology,Premiere,French,405,General,43,Before-After
V005487,C01722,2015-05-25,Technology,Standard Video,Portuguese,216,General,28,Collage
V005488,C00439,2024-12-12,Entertainment,Standard Video,Hindi,1254,General,,Bright Colors
V005489,C00443,2025-08-30,Sports,Standard Video,Spanish,1505,Teen,40,Screenshot
V005490,C01802,2020-10-16,Music,Standard Video,English,259,,32,Collage
V005491,C01540,2012-02-21,Entertainment,Standard Video,Japanese,5400,General,40,Collage
V005492,C01709,2015-10-16,Education,Standard Video,English,847,Teen,32,Minimalist
V005493,C00536,2025-05-15,Lifestyle,Standard Video,Kannada,579,General,47,Face Close-up
V005494,C01826,2022-07-26,Gaming,Standard Video,Indonesian,231,General,59,Screenshot
V005495,C01425,2023-07-07,Comedy,Standard Video,English,5303,General,61,Minimalist
V005496,C00609,2024-04-08,Lifestyle,Standard Video,Hindi,370,General,43,Screenshot
V005497,C01638,2024-12-26,Entertainment,Standard Video,Japanese,340,General,43,Minimalist
V005498,C00156,2025-07-27,Music,Short,English,51,Teen,34,Minimalist
V005499,C01207,2021-01-19,Comedy,Standard Video,English,967,Mature,59,Collage
V005500,C01280,2019-02-25,Entertainment,Standard Video,English,1124,Teen,10,Text Overlay
V005501,C01444,2022-10-14,Comedy,Standard Video,Filipino,2672,General,41,Bright Colors
V005502,C00181,2023-04-14,Lifestyle,Short,Portuguese,27,General,17,Bright Colors
V005503,C00218,2024-07-02,Music,Standard Video,English,1249,General,55,Text Overlay
V005504,C01031,2019-06-05,Lifestyle,Standard Video,English,478,General,24,Screenshot
V005505,C00865,2017-03-17,Gaming,Short,Spanish,34,General,39,Face Close-up
V005506,C00501,2025-04-25,Sports,Standard Video,Hindi,688,General,46,
V005507,C01461,2015-11-28,Sports,Standard Video,English,564,General,59,Minimalist
V005508,C00117,2011-12-10,Entertainment,Standard Video,English,1612,General,52,Bright Colors
V005509,C01988,2026-03-28,Film,Standard Video,Portuguese,1808,General,10,Bright Colors
V005510,C00367,2025-06-27,Sports,Standard Video,Urdu,122,Teen,31,Collage
V005511,C00273,2015-05-07,Sports,Standard Video,Spanish,1484,Mature,35,Face Close-up
V005512,C00773,2019-02-26,News,Short,English,42,General,12,Screenshot
V005513,C01268,2018-09-07,Film,Premiere,English,640,General,49,Minimalist
V005514,C00583,2023-11-30,Sports,Short,Portuguese,23,General,23,Screenshot
V005515,C00929,2016-02-19,Gaming,Standard Video,Portuguese,750,Mature,48,Face Close-up
V005516,C00997,2024-11-11,Entertainment,Short,Filipino,30,General,34,Collage
V005517,C00486,2015-03-27,Film,Short,Filipino,32,General,16,Collage
V005518,C01726,2016-11-15,Education,Standard Video,English,436,General,33,Text Overlay
V005519,C00497,2019-12-27,Comedy,Standard Video,Portuguese,96,General,39,Screenshot
V005520,C01901,2013-06-12,Music,Standard Video,Turkish,128,General,27,Minimalist
V005521,C01685,2019-06-20,Music,Standard Video,English,239,General,59,Screenshot
V005522,C00561,2019-08-10,Comedy,Short,Italian,38,General,25,Face Close-up
V005523,C00591,2018-03-14,Gaming,Short,English,49,Teen,29,Minimalist
V005524,C01797,2014-12-30,Music,Live Stream,Hindi,10594,Mature,54,Screenshot
V005525,C01131,2014-09-25,Music,Standard Video,Portuguese,1271,General,32,Bright Colors
V005526,C00374,2020-09-30,Education,Standard Video,Hindi,129,General,32,Bright Colors
V005527,C00929,2023-12-13,Gaming,Short,Indonesian,57,General,36,Text Overlay
V005528,C00233,2017-08-09,Education,Standard Video,English,450,General,49,Screenshot
V005529,C01592,2025-07-16,Entertainment,Short,Spanish,18,General,40,Collage
V005530,C00132,2018-07-26,Music,Standard Video,English,1309,Teen,10,Text Overlay
V005531,C00523,2021-03-17,Sports,Short,Filipino,45,Teen,8,Bright Colors
V005532,C00108,2022-03-31,Sports,Short,English,33,General,41,Minimalist
V005533,C00843,2012-04-28,Education,Standard Video,Hindi,893,Teen,54,Screenshot
V005534,C00380,2011-10-16,Gaming,Standard Video,English,233,General,57,Bright Colors
V005535,C00024,2018-12-21,Comedy,Standard Video,Indonesian,282,General,34,Before-After
V005536,C01529,2023-01-09,Technology,Standard Video,German,656,General,50,Bright Colors
V005537,C00716,2015-05-21,Gaming,Standard Video,English,395,General,45,Text Overlay
V005538,C01131,2019-12-29,Entertainment,Standard Video,Portuguese,2201,General,,Collage
V005539,C01419,2020-08-18,Technology,Standard Video,Spanish,143,Teen,68,Before-After
V005540,C01777,2025-02-21,Technology,Short,Portuguese,34,Teen,10,Minimalist
V005541,C01686,2021-09-09,Lifestyle,Standard Video,Hindi,148,General,46,Screenshot
V005542,C00303,2015-10-29,Entertainment,Premiere,Turkish,760,General,54,Text Overlay
V005543,C01876,2010-08-03,Gaming,Short,English,32,General,32,Face Close-up
V005544,C01910,2024-05-08,Sports,Standard Video,Hindi,545,General,28,Collage
V005545,C00716,2023-09-21,Gaming,Standard Video,English,131,General,43,Before-After
V005546,C01095,2012-02-04,Sports,Standard Video,English,290,General,67,Screenshot
V005547,C00207,2011-08-12,Education,Standard Video,Spanish,61,General,64,Screenshot
V005548,C01252,2025-12-16,Gaming,Standard Video,English,460,General,40,Screenshot
V005549,C01343,2018-01-21,Technology,Standard Video,English,288,General,43,Collage
V005550,C01545,2023-04-27,Technology,Standard Video,English,399,General,54,Face Close-up
V005551,C01208,2022-01-10,Education,Live Stream,Spanish,2151,Teen,26,Bright Colors
V005552,C01119,2019-07-31,Technology,Short,Hindi,38,,23,Face Close-up
V005553,C01064,2024-10-06,Education,Standard Video,Hindi,224,Teen,40,Screenshot
V005554,C01910,2023-03-07,Sports,Short,Hindi,21,General,19,Collage
V005555,C01533,2016-12-19,News,Standard Video,Hindi,1980,Teen,60,Face Close-up
V005556,C00749,2024-08-20,Gaming,Short,Hindi,49,General,29,Minimalist
V005557,C01680,2011-03-02,Gaming,Short,English,42,General,22,Minimalist
V005558,C00877,2015-11-18,Gaming,Standard Video,English,353,General,39,Before-After
V005559,C00769,2017-03-21,Education,Premiere,Tamil,225,General,40,Face Close-up
V005560,C00760,2014-03-09,Comedy,Standard Video,Spanish,1062,Mature,47,Screenshot
V005561,C00652,2024-02-24,Education,Short,English,26,General,36,Screenshot
V005562,C01341,2018-02-15,Gaming,Premiere,English,562,Mature,39,Screenshot
V005563,C00700,2021-11-01,Music,Standard Video,Hindi,797,General,57,Minimalist
V005564,C00456,2020-06-24,Film,Standard Video,Thai,2097,General,66,Face Close-up
V005565,C01336,2026-05-27,Technology,Standard Video,Urdu,422,Teen,48,Before-After
V005566,C00994,2022-04-27,Entertainment,Standard Video,Hindi,133,General,40,Collage
V005567,C00188,2022-02-06,News,Standard Video,Hindi,166,General,30,Before-After
V005568,C01900,2021-05-04,Music,Standard Video,English,598,Teen,67,Before-After
V005569,C00999,2022-08-13,Lifestyle,Standard Video,English,280,Mature,29,Bright Colors
V005570,C00090,2018-10-29,Education,Short,English,35,General,41,Minimalist
V005571,C00908,2011-12-04,Gaming,Standard Video,English,1132,General,25,Collage
V005572,C00626,2022-07-19,News,Short,Hindi,20,General,24,Bright Colors
V005573,C01990,2012-07-23,Music,Standard Video,English,822,General,67,
V005574,C00618,2022-01-10,Education,Standard Video,Hindi,1660,General,56,Minimalist
V005575,C00235,2024-11-19,Music,Standard Video,English,1191,General,,Collage
V005576,C01391,2015-09-30,Education,Live Stream,English,13744,General,23,Collage
V005577,C00424,2017-03-05,Education,Standard Video,Hindi,799,General,56,Bright Colors
V005578,C00851,2018-02-10,Comedy,Standard Video,English,719,General,69,Before-After
V005579,C01386,2024-04-27,Education,Short,Hindi,19,General,26,Text Overlay
V005580,C00552,2020-06-20,Entertainment,Short,Spanish,33,General,21,Before-After
V005581,C00424,2016-04-24,Education,Short,Hindi,37,Mature,42,Face Close-up
V005582,C00597,2022-12-02,Entertainment,Short,English,29,General,45,Collage
V005583,C00576,2017-09-03,Lifestyle,Standard Video,French,308,Mature,52,Bright Colors
V005584,C00648,2020-09-27,Lifestyle,Premiere,Filipino,343,General,33,Collage
V005585,C00637,2026-07-20,Entertainment,Short,English,51,General,26,Text Overlay
V005586,C00204,2017-12-04,Sports,Short,Portuguese,42,General,19,Bright Colors
V005587,C01377,2017-06-17,Technology,Short,Japanese,41,General,34,Face Close-up
V005588,C00493,2019-11-20,Comedy,Standard Video,Spanish,117,General,53,Text Overlay
V005589,C00047,2019-03-23,Music,Live Stream,English,2330,General,51,Collage
V005590,C01487,2024-06-06,Sports,Standard Video,English,1519,General,44,Face Close-up
V005591,C01998,2024-12-28,Education,Short,Spanish,17,General,29,Text Overlay
V005592,C01184,2020-06-12,Music,Short,Urdu,30,General,33,Screenshot
V005593,C00698,2021-10-07,Entertainment,Short,English,57,General,18,Minimalist
V005594,C01860,2017-06-19,Lifestyle,Premiere,English,61,General,41,Before-After
V005595,C01391,2020-12-15,Education,Standard Video,Hindi,709,General,59,Screenshot
V005596,C01526,2025-09-07,Gaming,Standard Video,English,197,General,44,Text Overlay
V005597,C01877,2024-12-30,Gaming,Standard Video,Hindi,61,Mature,50,Text Overlay
V005598,C01249,2015-10-17,Entertainment,Short,Portuguese,21,Teen,21,Before-After
V005599,C01223,2013-08-20,Entertainment,Standard Video,English,1682,General,57,Text Overlay
V005600,C01766,2019-10-23,Music,Short,English,58,General,25,Before-After
V005601,C00842,2015-03-26,News,Short,Kannada,15,General,24,Before-After
V005602,C01200,2025-12-21,Sports,Standard Video,Spanish,475,Mature,53,
V005603,C01132,2019-03-27,Film,Standard Video,Hindi,944,General,52,Screenshot
V005604,C00856,2025-05-03,Education,Short,English,36,Mature,34,Collage
V005605,C01111,2021-04-14,Music,Standard Video,English,1579,General,61,Minimalist
V005606,C00038,2022-06-11,Technology,Standard Video,Hindi,113,General,57,Screenshot
V005607,C01783,2013-08-30,Education,Standard Video,Hindi,281,General,,Before-After
V005608,C01723,2022-01-11,Entertainment,Short,English,43,General,12,Collage
V005609,C01709,2013-05-09,Education,Standard Video,English,61,Teen,63,Minimalist
V005610,C01078,2013-04-29,Entertainment,Standard Video,Bengali,153,General,58,Collage
V005611,C01908,2011-08-09,Lifestyle,Standard Video,Telugu,1168,General,43,Face Close-up
V005612,C01495,2025-01-26,News,Standard Video,Portuguese,352,General,54,Minimalist
V005613,C00669,2025-01-20,Technology,Standard Video,Spanish,218,General,40,Text Overlay
V005614,C00071,2026-04-07,Education,Standard Video,English,517,General,48,Minimalist
V005615,C00984,2014-12-31,Technology,Short,English,21,General,18,Text Overlay
V005616,C01294,2011-08-16,Lifestyle,Standard Video,Hindi,85,General,40,Collage
V005617,C00016,2023-11-18,Lifestyle,Standard Video,Indonesian,408,General,71,Face Close-up
V005618,C00409,2022-08-23,Music,Standard Video,Hindi,838,General,51,Screenshot
V005619,C00345,2022-10-14,Music,Standard Video,Indonesian,2273,General,51,Before-After
V005620,C00957,2015-07-17,Lifestyle,Short,Hindi,19,General,23,Text Overlay
V005621,C00436,2012-04-10,Technology,Short,English,57,General,36,Text Overlay
V005622,C01742,2022-05-26,Gaming,Standard Video,Hindi,468,Mature,57,Screenshot
V005623,C00559,2015-11-01,Comedy,Short,Hindi,33,Teen,17,Before-After
V005624,C01942,2024-03-14,Lifestyle,Standard Video,Portuguese,186,General,54,Text Overlay
V005625,C01734,2026-07-10,Gaming,Standard Video,Hindi,1077,Teen,22,Collage
V005626,C00717,2013-06-05,Education,Standard Video,Spanish,403,General,43,Minimalist
V005627,C01316,2026-03-28,Music,Standard Video,Turkish,993,General,68,Text Overlay
V005628,C01834,2026-07-22,Gaming,Standard Video,English,378,Teen,29,Before-After
V005629,C01076,2022-04-22,Entertainment,Standard Video,English,518,Teen,58,Minimalist
V005630,C00230,2022-03-18,Film,Short,Hindi,22,General,8,Minimalist
V005631,C01851,2012-07-16,Gaming,Standard Video,Hindi,396,Teen,48,Before-After
V005632,C01699,2015-02-20,Gaming,Standard Video,English,165,General,24,
V005633,C01520,2025-10-27,Entertainment,Standard Video,English,361,General,46,Collage
V005634,C00326,2014-07-01,Lifestyle,Short,English,48,General,26,Minimalist
V005635,C01192,2014-08-13,Sports,Short,Filipino,19,General,23,Collage
V005636,C01842,2019-02-09,Comedy,Short,Hindi,44,General,18,Minimalist
V005637,C00449,2020-09-02,Lifestyle,Standard Video,Portuguese,147,General,48,Screenshot
V005638,C01015,2012-09-12,Education,Standard Video,Spanish,327,General,28,Screenshot
V005639,C00679,2024-03-23,Entertainment,Standard Video,Japanese,400,General,27,Face Close-up
V005640,C01035,2022-05-02,Lifestyle,Standard Video,Portuguese,394,General,45,Face Close-up
V005641,C00305,2013-09-13,Comedy,Live Stream,Italian,10221,Teen,41,Face Close-up
V005642,C00937,2018-10-10,Gaming,Premiere,Japanese,413,Teen,52,Screenshot
V005643,C01239,2024-06-28,Sports,Standard Video,Portuguese,583,General,34,Collage
V005644,C00744,2021-12-14,Comedy,Standard Video,Spanish,721,General,72,Screenshot
V005645,C00475,2015-08-17,Comedy,Short,Vietnamese,19,General,14,Before-After
V005646,C01247,2018-02-22,Lifestyle,Standard Video,English,559,General,14,Collage
V005647,C00555,2024-09-27,Entertainment,Standard Video,Spanish,372,Teen,45,Before-After
V005648,C00044,2024-01-12,Entertainment,Live Stream,Hindi,5812,General,21,Text Overlay
V005649,C00918,2025-07-13,Sports,Standard Video,Spanish,2215,General,54,Screenshot
V005650,C01006,2014-01-09,Sports,Standard Video,Indonesian,471,General,62,Before-After
V005651,C01702,2015-12-03,Education,Short,German,58,General,37,Collage
V005652,C01948,2025-01-14,Entertainment,Standard Video,French,517,General,58,Minimalist
V005653,C00700,2023-12-18,Music,Short,Hindi,18,Teen,37,Face Close-up
V005654,C01760,2017-01-28,Entertainment,Standard Video,English,649,General,35,Collage
V005655,C01450,2026-03-12,Technology,Standard Video,Hindi,158,General,32,Before-After
V005656,C01005,2013-07-01,Music,Standard Video,Hindi,437,General,46,Collage
V005657,C01195,2023-03-20,Education,Short,English,36,General,12,Before-After
V005658,C01723,2025-07-25,Film,Short,English,28,General,36,Minimalist
V005659,C00816,2026-01-03,Lifestyle,Short,Spanish,25,General,17,Before-After
V005660,C01037,2026-04-18,Music,Standard Video,German,243,General,47,Face Close-up
V005661,C01241,2026-04-15,Gaming,Standard Video,Hindi,606,General,44,Bright Colors
V005662,C01709,2016-03-07,Education,Premiere,English,1104,Teen,46,Minimalist
V005663,C00979,2017-04-25,Sports,Short,English,51,General,23,
V005664,C00930,2025-04-01,Comedy,Standard Video,Japanese,308,General,31,Screenshot
V005665,C00678,2022-02-23,Music,Short,Portuguese,19,General,22,Minimalist
V005666,C00512,2022-11-30,Technology,Standard Video,English,651,General,48,Before-After
V005667,C00679,2026-03-06,Entertainment,Standard Video,Japanese,223,General,47,Bright Colors
V005668,C00501,2026-04-15,Sports,Short,Hindi,21,General,23,Bright Colors
V005669,C01205,2010-09-14,Comedy,Standard Video,Hindi,167,General,44,Text Overlay
V005670,C00520,2013-01-13,Comedy,Short,French,30,Teen,45,Bright Colors
V005671,C00171,2015-08-29,Technology,Short,Filipino,44,Mature,9,Minimalist
V005672,C01164,2022-04-28,Comedy,Short,Hindi,21,General,24,Bright Colors
V005673,C01852,2026-07-09,Film,Standard Video,Indonesian,1068,General,49,Text Overlay
V005674,C00045,2013-11-05,Comedy,Standard Video,Hindi,687,General,54,Face Close-up
V005675,C01143,2018-04-24,Technology,Standard Video,English,577,General,48,Collage
V005676,C01546,2024-01-12,Gaming,Standard Video,Vietnamese,842,General,41,
V005677,C01698,2016-05-26,Film,Short,German,28,General,21,Minimalist
V005678,C01988,2024-05-26,Film,Short,Portuguese,28,General,18,Collage
V005679,C00619,2023-02-09,Entertainment,Short,English,39,General,25,Bright Colors
V005680,C00928,2026-07-24,News,Short,Portuguese,34,General,32,Bright Colors
V005681,C01908,2011-02-05,Lifestyle,Standard Video,Telugu,738,General,37,Before-After
V005682,C00893,2022-11-04,Music,Standard Video,Thai,427,General,85,Collage
V005683,C00115,2023-05-02,Comedy,Standard Video,French,165,General,24,Screenshot
V005684,C00975,2014-12-17,News,Live Stream,Spanish,6619,Teen,38,Screenshot
V005685,C00443,2025-09-18,Music,Live Stream,Spanish,6621,Teen,68,
V005686,C01644,2016-01-13,Music,Standard Video,English,966,General,22,Before-After
V005687,C01777,2025-01-05,Technology,Short,Portuguese,18,Teen,19,Minimalist
V005688,C01553,2010-11-19,Sports,Short,English,24,General,8,Collage
V005689,C00906,2010-09-05,Technology,Standard Video,English,865,Teen,46,Bright Colors
V005690,C00818,2022-05-29,Comedy,Standard Video,Spanish,1056,General,15,Before-After
V005691,C01419,2025-10-16,Technology,Standard Video,Spanish,583,Teen,36,Screenshot
V005692,C01137,2011-12-21,Entertainment,Standard Video,English,775,General,55,Before-After
V005693,C01555,2022-05-23,Entertainment,Standard Video,English,1084,Mature,55,Face Close-up
V005694,C01346,2022-07-05,Lifestyle,Short,English,19,General,19,Collage
V005695,C01084,2012-09-10,Entertainment,Standard Video,Portuguese,238,General,53,Minimalist
V005696,C01308,2025-07-09,Lifestyle,Live Stream,English,7149,Teen,37,Before-After
V005697,C00196,2021-05-22,Comedy,Standard Video,English,1090,General,58,Screenshot
V005698,C00977,2024-08-13,Technology,Premiere,English,137,General,45,Screenshot
V005699,C01268,2021-06-23,Film,Standard Video,English,522,General,78,Face Close-up
V005700,C01261,2011-11-12,Lifestyle,Live Stream,German,9610,General,43,Screenshot
V005701,C00067,2024-02-15,Entertainment,Standard Video,English,104,General,48,Minimalist
V005702,C00577,2022-08-01,Comedy,Standard Video,German,934,General,32,Bright Colors
V005703,C00582,2019-05-28,Gaming,Short,French,28,Teen,25,Screenshot
V005704,C01816,2011-04-02,Entertainment,Standard Video,Portuguese,529,General,22,Bright Colors
V005705,C01785,2010-05-31,Sports,Standard Video,Spanish,231,General,39,Minimalist
V005706,C00047,2011-12-16,Gaming,Short,English,53,General,35,Minimalist
V005707,C00549,2022-08-01,News,Standard Video,Portuguese,330,General,38,Minimalist
V005708,C00744,2025-03-28,Technology,Standard Video,Spanish,389,General,41,Face Close-up
V005709,C01447,2024-01-28,Film,Short,Spanish,19,General,37,Minimalist
V005710,C01419,2020-11-29,Technology,Standard Video,Spanish,370,Teen,45,Bright Colors
V005711,C01589,2019-12-03,Gaming,Standard Video,Hindi,97,General,25,Text Overlay
V005712,C00219,2024-04-01,Entertainment,Short,English,39,General,22,Text Overlay
V005713,C00743,2023-01-14,Music,Standard Video,Portuguese,707,General,46,Text Overlay
V005714,C00822,2011-09-17,Entertainment,Short,Filipino,16,General,18,Screenshot
V005715,C00826,2025-02-08,Entertainment,Standard Video,Turkish,176,General,44,Collage
V005716,C01957,2022-03-27,Music,Standard Video,English,1097,General,31,Face Close-up
V005717,C01209,2024-09-29,Lifestyle,Standard Video,Hindi,410,General,42,Face Close-up
V005718,C00899,2019-02-26,Sports,Standard Video,English,213,General,32,Face Close-up
V005719,C00925,2015-02-20,Music,Short,Thai,33,Mature,21,Face Close-up
V005720,C01246,2024-07-19,Education,Short,Spanish,44,General,17,Screenshot
V005721,C01826,2017-07-12,Gaming,Short,Indonesian,45,General,18,Minimalist
V005722,C00095,2018-09-26,Technology,Premiere,Portuguese,77,Teen,59,Screenshot
V005723,C00409,2017-03-02,Music,Standard Video,Hindi,217,General,45,Minimalist
V005724,C01512,2013-12-08,Music,Standard Video,Filipino,498,Teen,63,Before-After
V005725,C01932,2026-07-23,Education,Premiere,Vietnamese,416,General,29,Minimalist
V005726,C01547,2012-01-01,Gaming,Standard Video,English,352,General,35,Bright Colors
V005727,C01598,2018-01-27,Music,Standard Video,Spanish,373,General,45,Before-After
V005728,C00449,2014-10-04,Lifestyle,Standard Video,Portuguese,911,General,67,Minimalist
V005729,C01595,2023-12-09,Education,Short,Spanish,16,General,26,Minimalist
V005730,C01219,2023-09-20,Entertainment,Standard Video,English,758,General,66,Face Close-up
V005731,C00296,2022-01-21,News,Short,Hindi,28,General,13,Face Close-up
V005732,C00928,2023-03-25,News,Short,Portuguese,30,General,31,Bright Colors
V005733,C00222,2026-06-01,Technology,Standard Video,Hindi,1178,Teen,66,Collage
V005734,C00931,2025-04-30,Sports,Standard Video,Portuguese,3182,General,38,Text Overlay
V005735,C00218,2024-07-03,Gaming,Standard Video,English,146,General,44,Face Close-up
V005736,C00287,2024-07-02,Gaming,Live Stream,Korean,12312,General,65,Text Overlay
V005737,C00466,2024-12-30,Entertainment,Short,Portuguese,31,General,26,Before-After
V005738,C01195,2024-06-21,Education,Standard Video,English,140,General,21,Minimalist
V005739,C01471,2025-12-05,Music,Short,Kannada,41,General,28,Bright Colors
V005740,C01765,2019-02-06,Sports,Standard Video,Vietnamese,282,Teen,42,Collage
V005741,C01137,2012-07-10,Education,Standard Video,English,1180,,50,Screenshot
V005742,C00694,2024-02-14,Sports,Standard Video,Japanese,178,General,37,Face Close-up
V005743,C00855,2019-04-19,Lifestyle,Standard Video,Indonesian,705,General,76,Face Close-up
V005744,C01733,2010-09-04,Education,Standard Video,English,885,General,27,Collage
V005745,C00369,2012-03-11,Gaming,Standard Video,Portuguese,299,Teen,66,Screenshot
V005746,C01426,2015-05-11,Technology,Standard Video,Hindi,222,General,30,Face Close-up
V005747,C00806,2016-07-19,Education,Short,Portuguese,40,General,25,Text Overlay
V005748,C01709,2011-07-29,Education,Standard Video,English,75,Teen,51,Screenshot
V005749,C01468,2013-09-13,Education,Short,English,54,Teen,12,Face Close-up
V005750,C01559,2019-10-22,Lifestyle,Short,Hindi,51,General,24,Face Close-up
V005751,C00520,2020-06-11,Lifestyle,Standard Video,English,1138,Teen,41,Screenshot
V005752,C00256,2025-08-21,Lifestyle,Standard Video,English,721,General,56,Face Close-up
V005753,C01343,2021-07-20,Technology,Standard Video,English,1733,General,28,Face Close-up
V005754,C00651,2025-09-14,Lifestyle,Standard Video,Hindi,5238,General,63,Screenshot
V005755,C00677,2025-06-20,Technology,Short,English,26,General,20,Bright Colors
V005756,C01584,2013-02-02,Sports,Short,Marathi,23,Teen,12,Text Overlay
V005757,C00678,2018-12-04,Music,Standard Video,Portuguese,61,General,27,Minimalist
V005758,C01257,2018-05-05,Gaming,Standard Video,French,1508,General,52,Face Close-up
V005759,C00652,2023-11-10,Education,Standard Video,Spanish,261,General,10,Bright Colors
V005760,C01305,2023-04-12,Gaming,Short,English,50,General,17,Before-After
V005761,C01144,2010-06-14,Lifestyle,Premiere,English,592,Teen,42,Collage
V005762,C01675,2023-04-29,Education,Short,English,35,General,29,Screenshot
V005763,C01397,2020-08-21,Sports,Standard Video,English,632,Teen,42,Minimalist
V005764,C00277,2022-12-10,Sports,Standard Video,Spanish,335,General,50,Minimalist
V005765,C01111,2013-03-28,Gaming,Standard Video,English,354,General,71,Bright Colors
V005766,C00465,2019-09-21,Lifestyle,Live Stream,Hindi,9370,General,41,Collage
V005767,C00186,2021-11-11,Sports,Live Stream,English,9792,,40,Minimalist
V005768,C01030,2018-07-03,Comedy,Standard Video,English,1423,General,10,Collage
V005769,C00552,2024-09-11,Entertainment,Standard Video,Urdu,5400,General,60,Before-After
V005770,C01121,2025-12-20,Gaming,Short,Portuguese,20,General,30,Collage
V005771,C01020,2018-04-07,Gaming,Standard Video,Hindi,188,General,20,Collage
V005772,C00217,2011-12-24,Gaming,Live Stream,German,7328,General,55,Screenshot
V005773,C00865,2025-04-03,Gaming,Short,English,27,General,39,Before-After
V005774,C01268,2015-02-09,Film,Standard Video,English,491,General,54,Text Overlay
V005775,C01249,2017-12-27,Entertainment,Standard Video,Portuguese,576,Teen,48,Text Overlay
V005776,C01105,2015-03-01,Technology,Standard Video,Japanese,379,General,77,Before-After
V005777,C01800,2024-12-19,Gaming,Standard Video,Hindi,307,Teen,63,Collage
V005778,C01289,2012-02-23,Education,Short,Hindi,28,Teen,32,Text Overlay
V005779,C00876,2018-04-23,Sports,Standard Video,English,806,Teen,35,Minimalist
V005780,C01455,2025-07-25,Sports,Short,English,28,General,23,Screenshot
V005781,C00305,2019-07-11,Gaming,Short,Italian,44,Teen,48,Minimalist
V005782,C00621,2022-10-29,Comedy,Standard Video,English,1374,General,23,Minimalist
V005783,C01095,2011-04-28,Sports,Standard Video,English,209,General,33,Collage
V005784,C01775,2024-08-25,Comedy,Standard Video,Turkish,321,General,52,Minimalist
V005785,C00261,2012-04-16,Comedy,Short,Spanish,31,Teen,25,Screenshot
V005786,C00067,2019-11-26,Entertainment,Standard Video,Korean,421,General,27,Bright Colors
V005787,C00937,2017-06-10,Gaming,Short,Japanese,48,Teen,27,Collage
V005788,C00053,2025-04-06,Gaming,Short,Turkish,22,General,,Text Overlay
V005789,C01554,2017-04-19,Entertainment,Standard Video,English,251,General,38,Bright Colors
V005790,C01029,2021-05-12,Music,Standard Video,Filipino,271,,17,Face Close-up
V005791,C01373,2025-12-03,Film,Short,English,20,Teen,33,Bright Colors
V005792,C01072,2025-05-10,Education,Standard Video,Hindi,233,Teen,49,Collage
V005793,C01681,2020-09-17,Sports,Standard Video,English,281,General,31,Collage
V005794,C00788,2018-07-01,Technology,Short,Telugu,56,Teen,8,Face Close-up
V005795,C00975,2021-07-03,News,Standard Video,Spanish,740,General,42,Bright Colors
V005796,C01955,2019-01-13,Comedy,Short,English,60,Teen,16,Before-After
V005797,C00110,2020-04-08,Lifestyle,Standard Video,French,272,General,71,Collage
V005798,C00090,2024-07-19,Education,Short,English,22,General,22,Collage
V005799,C00443,2026-02-21,Music,Short,Portuguese,16,Teen,19,Text Overlay
V005800,C01174,2026-06-25,Music,Short,English,52,General,13,Text Overlay
V005801,C00500,2024-01-02,Entertainment,Short,English,38,General,34,Screenshot
V005802,C00135,2021-10-07,News,Standard Video,Filipino,158,General,49,Collage
V005803,C00018,2025-11-25,Comedy,Short,English,42,General,19,Before-After
V005804,C00040,2023-01-01,Music,Short,English,37,General,,Collage
V005805,C00666,2025-05-13,Education,Standard Video,Spanish,1264,General,31,
V005806,C01735,2023-10-02,Education,Standard Video,English,671,General,59,Text Overlay
V005807,C00761,2013-09-12,Music,Live Stream,Japanese,11198,General,65,Collage
V005808,C00901,2024-11-23,Lifestyle,Standard Video,English,1175,General,37,Text Overlay
V005809,C01925,2025-11-28,Sports,Standard Video,English,169,General,67,Minimalist
V005810,C00920,2015-05-08,Music,Standard Video,Urdu,312,Mature,27,Collage
V005811,C01132,2020-10-01,Technology,Short,Hindi,41,General,43,Minimalist
V005812,C00172,2011-09-06,Film,Standard Video,Portuguese,179,General,63,Bright Colors
V005813,C00701,2023-02-19,Technology,Short,English,17,General,37,Face Close-up
V005814,C00678,2025-09-17,Music,Short,Portuguese,17,General,36,Minimalist
V005815,C00455,2016-03-12,Lifestyle,Short,English,44,General,32,Text Overlay
V005816,C01978,2021-05-24,Education,Standard Video,Hindi,94,General,24,Collage
V005817,C01141,2026-07-09,Technology,Standard Video,Indonesian,382,General,36,Before-After
V005818,C00890,2025-11-09,News,Short,English,55,General,41,Before-After
V005819,C01777,2022-11-04,Technology,Short,English,23,Teen,36,Minimalist
V005820,C00052,2013-04-08,Music,Live Stream,Portuguese,6678,Teen,28,Text Overlay
V005821,C00191,2021-01-28,Technology,Standard Video,French,236,General,30,Face Close-up
V005822,C01247,2013-06-10,Technology,Short,English,49,General,40,Minimalist
V005823,C00735,2023-12-22,Education,Short,English,25,General,8,
V005824,C01124,2015-11-29,Entertainment,Standard Video,Spanish,615,General,49,Screenshot
V005825,C01437,2019-02-24,Gaming,Short,English,24,General,25,Text Overlay
V005826,C01133,2019-09-02,Education,Standard Video,Italian,582,Teen,36,Before-After
V005827,C01085,2017-12-26,Sports,Standard Video,English,189,General,35,Minimalist
V005828,C01681,2022-03-20,Sports,Standard Video,English,946,General,14,Text Overlay
V005829,C01260,2026-06-20,Gaming,Standard Video,Spanish,446,General,57,Text Overlay
V005830,C01066,2023-11-03,News,Short,English,57,General,8,Collage
V005831,C00039,2019-09-09,Education,Standard Video,Vietnamese,521,General,67,Collage
V005832,C00133,2021-03-02,News,Live Stream,English,9624,General,66,Face Close-up
V005833,C00592,2016-11-21,Music,Standard Video,English,640,General,57,Text Overlay
V005834,C00013,2023-03-10,Education,Standard Video,Japanese,1034,General,49,Text Overlay
V005835,C00218,2025-05-23,Music,Standard Video,English,353,General,42,Collage
V005836,C01960,2023-12-09,Education,Standard Video,Spanish,2514,Teen,56,Collage
V005837,C01917,2018-07-22,Technology,Standard Video,English,622,Mature,47,Text Overlay
V005838,C01834,2026-07-08,Lifestyle,Short,English,43,Teen,24,Minimalist
V005839,C00362,2015-10-24,Music,Standard Video,Spanish,580,General,53,Before-After
V005840,C01619,2025-12-16,Music,Live Stream,English,5060,General,50,Text Overlay
V005841,C00708,2025-02-24,Lifestyle,Short,English,41,General,45,Minimalist
V005842,C00463,2025-06-15,Comedy,Short,English,48,General,24,Collage
V005843,C00104,2026-07-11,Entertainment,Premiere,English,1250,General,53,Before-After
V005844,C01680,2011-03-08,Gaming,Short,English,29,General,35,Screenshot
V005845,C01054,2024-01-16,Gaming,Standard Video,Filipino,809,General,35,Text Overlay
V005846,C00585,2017-08-01,Gaming,Short,Portuguese,44,General,9,Screenshot
V005847,C01964,2017-11-15,Music,Short,Italian,57,Mature,31,Before-After
V005848,C01643,2013-05-10,Comedy,Standard Video,English,231,General,45,Text Overlay
V005849,C01525,2023-08-02,Comedy,Live Stream,English,12918,General,68,Face Close-up
V005850,C00230,2021-07-10,Film,Premiere,Hindi,155,General,80,Minimalist
V005851,C01025,2016-11-25,Sports,Short,English,17,Teen,30,Screenshot
V005852,C00303,2021-03-07,Entertainment,Standard Video,Portuguese,293,General,36,Minimalist
V005853,C01846,2026-03-17,Technology,Premiere,English,3207,General,70,Bright Colors
V005854,C00133,2021-05-15,News,Standard Video,English,134,General,50,Collage
V005855,C00170,2022-12-28,Education,Standard Video,French,393,General,34,Before-After
V005856,C01173,2021-06-11,Music,Short,English,37,Teen,18,Before-After
V005857,C01900,2022-06-30,Music,Short,English,43,Teen,22,Face Close-up
V005858,C00807,2012-09-29,Lifestyle,Standard Video,Turkish,1595,General,65,Collage
V005859,C01567,2022-03-28,Sports,Short,Hindi,48,General,28,Collage
V005860,C00572,2015-10-17,Sports,Standard Video,English,97,General,42,Text Overlay
V005861,C00603,2013-04-10,Entertainment,Short,Filipino,45,General,38,Text Overlay
V005862,C00259,2017-12-30,Sports,Standard Video,Portuguese,115,Teen,36,Collage
V005863,C00247,2025-11-26,Education,Standard Video,English,439,General,,Screenshot
V005864,C00893,2023-09-28,Music,Standard Video,Thai,887,General,44,Screenshot
V005865,C00981,2025-12-04,Lifestyle,Standard Video,Portuguese,338,General,24,Minimalist
V005866,C01378,2011-07-15,Lifestyle,Short,Turkish,43,General,17,Minimalist
V005867,C00039,2024-12-24,Entertainment,Live Stream,Vietnamese,4175,General,44,Collage
V005868,C01327,2021-10-27,Music,Short,Hindi,56,General,18,Face Close-up
V005869,C00647,2023-07-26,Education,Short,Hindi,41,Mature,25,Text Overlay
V005870,C00678,2019-08-29,Music,Short,Spanish,35,General,24,Text Overlay
V005871,C01610,2017-10-07,Music,Standard Video,Indonesian,295,General,28,Screenshot
V005872,C01703,2020-10-07,Lifestyle,Premiere,Japanese,534,Mature,32,Minimalist
V005873,C01891,2010-12-11,Lifestyle,Short,Portuguese,57,General,17,Minimalist
V005874,C01849,2026-07-18,Technology,Standard Video,Portuguese,313,General,51,Before-After
V005875,C01066,2024-12-04,Technology,Short,English,56,General,39,Bright Colors
V005876,C01075,2025-06-29,Comedy,Standard Video,German,519,General,69,Screenshot
V005877,C01666,2020-02-03,Education,Live Stream,Hindi,8987,General,38,Text Overlay
V005878,C01045,2023-06-12,Entertainment,Short,Vietnamese,22,General,15,Screenshot
V005879,C01535,2026-03-28,Technology,Standard Video,English,367,General,39,Minimalist
V005880,C01973,2013-09-01,News,Standard Video,Hindi,240,General,37,Minimalist
V005881,C01468,2013-07-20,Education,Short,English,38,Teen,24,Collage
V005882,C01608,2019-02-06,Education,Short,Indonesian,28,General,21,Screenshot
V005883,C00496,2015-09-22,Lifestyle,Premiere,Hindi,595,General,48,Minimalist
V005884,C00864,2024-02-03,Entertainment,Short,Portuguese,32,General,25,Minimalist
V005885,C01584,2012-01-10,Sports,Standard Video,Marathi,276,Teen,32,Text Overlay
V005886,C01705,2025-06-22,Education,Short,Thai,23,Mature,26,
V005887,C01763,2025-10-12,Comedy,Standard Video,German,139,General,80,Face Close-up
V005888,C00895,2026-02-16,Comedy,Standard Video,English,1154,General,33,Screenshot
V005889,C01196,2025-06-07,Gaming,Short,Urdu,23,Teen,22,Bright Colors
V005890,C00465,2013-09-17,Entertainment,Short,Hindi,31,General,22,Bright Colors
V005891,C01510,2024-09-16,Education,Standard Video,Kannada,926,,50,Minimalist
V005892,C01513,2023-06-23,Entertainment,Standard Video,Hindi,1282,General,26,Collage
V005893,C01379,2026-05-07,Education,Standard Video,Vietnamese,876,General,52,Face Close-up
V005894,C00608,2024-03-13,Gaming,Standard Video,Hindi,924,General,39,Before-After
V005895,C01922,2026-07-10,Sports,Short,Indonesian,15,General,31,Screenshot
V005896,C01798,2020-06-03,Entertainment,Short,Urdu,26,General,17,Bright Colors
V005897,C01060,2025-05-10,Lifestyle,Standard Video,English,1344,Teen,37,Before-After
V005898,C00156,2019-05-15,Music,Standard Video,English,421,Teen,53,Before-After
V005899,C01643,2013-03-07,Comedy,Live Stream,English,5090,General,21,Before-After
V005900,C01608,2024-08-13,Education,Standard Video,English,107,General,38,Text Overlay
V005901,C00287,2018-03-19,Gaming,Short,Korean,41,General,15,Screenshot
V005902,C00626,2021-05-29,News,Standard Video,English,431,General,27,Screenshot
V005903,C00514,2019-04-22,Education,Standard Video,English,659,General,69,Face Close-up
V005904,C00914,2025-04-17,Comedy,Short,Bengali,39,Teen,16,Face Close-up
V005905,C01085,2025-01-10,Sports,Standard Video,English,623,General,46,Collage
V005906,C00605,2023-03-30,Technology,Standard Video,Spanish,443,General,40,Minimalist
V005907,C00583,2026-02-25,Sports,Standard Video,Portuguese,1278,General,33,Before-After
V005908,C00497,2020-12-23,Comedy,Standard Video,Portuguese,794,General,23,Minimalist
V005909,C01268,2017-04-25,Film,Short,English,36,General,29,Screenshot
V005910,C00552,2020-07-06,Entertainment,Standard Video,Urdu,71,General,16,Bright Colors
V005911,C01265,2023-06-30,Entertainment,Short,Vietnamese,27,Mature,14,Screenshot
V005912,C01953,2021-09-29,News,Standard Video,Hindi,3617,General,48,Face Close-up
V005913,C00647,2024-12-22,Education,Standard Video,Hindi,692,Mature,48,Collage
V005914,C01636,2025-11-19,Film,Standard Video,Hindi,496,General,39,Bright Colors
V005915,C00422,2026-06-17,Music,Short,English,31,General,27,Face Close-up
V005916,C01305,2018-07-13,Gaming,Short,English,30,General,17,Minimalist
V005917,C01900,2024-03-09,Music,Short,English,43,Teen,16,Minimalist
V005918,C00227,2026-04-17,Technology,Standard Video,English,2500,General,21,Minimalist
V005919,C00548,2019-12-27,Gaming,Standard Video,English,460,General,26,Screenshot
V005920,C00409,2023-12-18,Music,Standard Video,Hindi,507,General,76,Text Overlay
V005921,C00888,2014-10-09,Gaming,Premiere,Hindi,218,Mature,39,Text Overlay
V005922,C00179,2021-01-21,Education,Short,English,26,General,27,Bright Colors
V005923,C01224,2020-08-10,Gaming,Short,Portuguese,53,General,20,Before-After
V005924,C00459,2015-12-21,Education,Standard Video,Vietnamese,716,General,43,Before-After
V005925,C01826,2011-06-30,Gaming,Standard Video,Indonesian,965,General,37,Text Overlay
V005926,C00596,2024-10-29,Film,Short,Vietnamese,46,General,40,Minimalist
V005927,C01776,2020-03-02,Education,Premiere,Hindi,1020,General,41,Bright Colors
V005928,C01800,2023-05-26,Gaming,Short,Hindi,51,General,29,Before-After
V005929,C00409,2017-02-09,Music,Short,Hindi,22,General,22,Before-After
V005930,C00649,2025-07-01,Music,Short,English,46,General,,Text Overlay
V005931,C01821,2015-05-11,Technology,Standard Video,Hindi,61,General,49,Before-After
V005932,C01209,2023-03-07,Gaming,Standard Video,Hindi,165,General,55,Bright Colors
V005933,C00954,2010-07-22,Sports,Premiere,Korean,469,Teen,32,Minimalist
V005934,C00614,2020-03-23,Sports,Short,English,37,General,27,Bright Colors
V005935,C01783,2017-12-27,Education,Short,Hindi,22,General,38,Screenshot
V005936,C01232,2026-06-27,Gaming,Short,Hindi,50,Teen,33,Face Close-up
V005937,C00726,2017-06-20,Comedy,Short,German,30,General,22,Text Overlay
V005938,C01507,2015-04-07,Entertainment,Standard Video,Hindi,459,General,38,Minimalist
V005939,C00289,2023-07-12,Technology,Standard Video,English,141,General,47,Screenshot
V005940,C00776,2023-04-04,Lifestyle,Standard Video,Spanish,1974,General,34,
V005941,C01522,2016-03-15,Education,Standard Video,English,200,General,52,Minimalist
V005942,C01735,2024-02-01,Education,Standard Video,English,1192,General,40,Before-After
V005943,C00679,2024-03-01,Entertainment,Premiere,Japanese,1073,General,62,Minimalist
V005944,C01861,2026-02-23,Music,Standard Video,English,764,General,51,Before-After
V005945,C00768,2026-05-01,Film,Standard Video,Turkish,435,General,43,Text Overlay
V005946,C01755,2025-04-24,Entertainment,Premiere,German,1039,Mature,27,Collage
V005947,C01058,2021-03-19,Gaming,Short,Korean,28,General,20,Text Overlay
V005948,C01873,2020-10-20,Gaming,Premiere,Turkish,164,Teen,68,
V005949,C01341,2021-05-01,Comedy,Short,English,32,Mature,23,Face Close-up
V005950,C00583,2022-11-12,Sports,Standard Video,Portuguese,1256,General,55,
V005951,C00751,2013-11-17,Lifestyle,Short,English,20,General,28,Collage
V005952,C00256,2024-02-18,Lifestyle,Short,English,30,,19,Screenshot
V005953,C01640,2025-03-19,Entertainment,Live Stream,English,12457,General,97,Text Overlay
V005954,C00855,2019-12-15,Lifestyle,Premiere,Indonesian,613,General,66,Face Close-up
V005955,C01399,2023-09-07,Education,Standard Video,Hindi,70,General,40,Screenshot
V005956,C01962,2021-09-01,Technology,Standard Video,Hindi,137,Teen,50,Screenshot
V005957,C01739,2017-01-25,Music,Standard Video,English,403,General,57,Minimalist
V005958,C00626,2025-01-30,News,Short,English,52,General,14,Screenshot
V005959,C00512,2023-07-29,Technology,Short,English,50,General,27,Face Close-up
V005960,C00296,2025-01-07,Technology,Premiere,Hindi,281,General,29,Minimalist
V005961,C00601,2023-11-12,Gaming,Standard Video,English,971,General,24,Face Close-up
V005962,C00104,2023-05-30,Entertainment,Short,English,15,General,22,Face Close-up
V005963,C00497,2023-07-21,Comedy,Standard Video,Portuguese,1140,General,31,Before-After
V005964,C01132,2025-04-17,Film,Short,Hindi,26,General,35,Before-After
V005965,C00652,2026-01-01,Education,Standard Video,Hindi,1632,General,43,Face Close-up
V005966,C01385,2025-02-17,Sports,Standard Video,Hindi,718,General,21,Text Overlay
V005967,C00975,2014-07-29,News,Premiere,Spanish,403,General,72,Collage
V005968,C00592,2012-06-07,Music,Standard Video,English,267,General,64,Minimalist
V005969,C00366,2025-11-03,Entertainment,Standard Video,German,573,General,41,Face Close-up
V005970,C00947,2024-03-15,Gaming,Short,English,46,General,28,Minimalist
V005971,C01592,2024-09-21,Entertainment,Short,Spanish,46,General,35,Bright Colors
V005972,C00624,2018-09-06,Technology,Short,Hindi,49,General,8,Bright Colors
V005973,C00843,2016-08-13,Education,Premiere,Hindi,4427,Teen,57,Face Close-up
V005974,C00230,2017-07-15,Film,Standard Video,Hindi,772,General,51,Text Overlay
V005975,C00592,2010-04-21,Music,Short,Portuguese,29,General,18,Text Overlay
V005976,C00365,2016-02-25,Technology,Short,English,22,General,16,Screenshot
V005977,C01888,2019-06-24,Sports,Standard Video,Korean,319,General,18,Collage
V005978,C00485,2025-03-25,Lifestyle,Standard Video,Urdu,544,General,40,Screenshot
V005979,C00309,2024-08-30,Sports,Short,Korean,18,Teen,17,Text Overlay
V005980,C01007,2026-06-10,Film,Standard Video,Spanish,261,General,30,Text Overlay
V005981,C00953,2026-07-02,Entertainment,Standard Video,English,181,General,33,Collage
V005982,C01665,2026-06-18,Entertainment,Short,English,25,General,14,Collage
V005983,C01941,2011-12-17,Film,Standard Video,Vietnamese,982,General,85,Minimalist
V005984,C00728,2020-02-01,Education,Short,Spanish,46,General,13,Before-After
V005985,C01254,2013-12-23,News,Live Stream,Hindi,7364,General,55,Bright Colors
V005986,C00391,2025-12-26,Lifestyle,Short,Tamil,18,General,41,Minimalist
V005987,C01005,2020-02-29,Music,Standard Video,Hindi,188,General,21,Minimalist
V005988,C00025,2018-09-03,News,Standard Video,Thai,167,General,60,Minimalist
V005989,C01071,2014-05-17,Music,Standard Video,English,312,General,21,Text Overlay
V005990,C00062,2018-02-17,Technology,Standard Video,Portuguese,4441,General,58,
V005991,C01012,2015-07-31,Entertainment,Short,Hindi,16,Teen,29,Bright Colors
V005992,C01428,2018-02-28,Education,Live Stream,Portuguese,3425,General,80,Minimalist
V005993,C01212,2012-06-20,Entertainment,Short,English,58,Teen,24,Text Overlay
V005994,C01606,2021-02-25,Gaming,Short,English,33,Teen,30,Collage
V005995,C00409,2017-02-07,Music,Short,Hindi,48,General,27,Collage
V005996,C01559,2014-08-09,Lifestyle,Live Stream,Hindi,12245,Teen,26,Text Overlay
V005997,C01584,2021-08-23,Education,Premiere,Marathi,369,Teen,41,Bright Colors
V005998,C00310,2025-03-29,Film,Short,Hindi,16,General,14,Text Overlay
V005999,C00957,2013-08-06,Lifestyle,Standard Video,Hindi,627,General,49,Face Close-up
V006000,C01784,2024-12-18,Comedy,Standard Video,Filipino,304,General,25,Face Close-up
V006001,C00658,2019-01-27,Entertainment,Short,Turkish,38,General,27,Collage
V006002,C01659,2022-01-02,News,Standard Video,Spanish,96,Teen,54,Face Close-up
V006003,C00409,2016-07-31,Music,Standard Video,Hindi,1207,General,21,Text Overlay
V006004,C00721,2021-06-26,Sports,Standard Video,Korean,1429,Teen,46,Bright Colors
V006005,C01594,2010-04-20,Sports,Standard Video,Indonesian,540,General,60,Text Overlay
V006006,C00811,2020-05-15,Gaming,Standard Video,Indonesian,3199,General,67,Bright Colors
V006007,C00931,2025-09-03,Sports,Standard Video,Portuguese,83,General,24,Bright Colors
V006008,C01495,2024-11-26,Entertainment,Standard Video,Portuguese,466,General,53,Minimalist
V006009,C00344,2021-09-03,Education,Standard Video,Hindi,300,General,56,Collage
V006010,C00294,2024-08-20,Entertainment,Short,Spanish,25,General,18,Text Overlay
V006011,C00040,2023-09-10,Music,Standard Video,English,1264,General,37,Before-After
V006012,C01222,2016-08-16,Comedy,Short,English,37,General,19,Before-After
V006013,C01138,2025-05-20,Technology,Short,Spanish,27,General,,Collage
V006014,C01758,2018-01-13,Technology,Short,Hindi,50,General,31,Collage
V006015,C00218,2026-02-02,Music,Premiere,English,355,General,62,Screenshot
V006016,C00463,2025-06-13,Comedy,Standard Video,English,262,General,53,Text Overlay
V006017,C01591,2024-11-24,Sports,Standard Video,English,1183,General,37,Before-After
V006018,C01263,2016-08-28,Music,Standard Video,Portuguese,183,Teen,55,Collage
V006019,C00740,2013-09-12,Film,Short,English,50,General,8,Text Overlay
V006020,C01725,2023-08-26,News,Standard Video,Filipino,1383,Teen,53,Minimalist
V006021,C00570,2018-02-24,Comedy,Short,Hindi,16,General,23,Text Overlay
V006022,C00742,2018-01-31,Entertainment,Standard Video,Kannada,119,General,66,Screenshot
V006023,C01256,2021-06-23,Music,Premiere,Spanish,133,General,47,Text Overlay
V006024,C00658,2018-10-30,Education,Short,Hindi,59,General,12,Screenshot
V006025,C00657,2025-12-25,Gaming,Standard Video,Spanish,257,General,50,Face Close-up
V006026,C00103,2014-10-10,Music,Standard Video,English,195,General,48,Minimalist
V006027,C01651,2026-04-14,Entertainment,Standard Video,Spanish,247,General,48,Text Overlay
V006028,C01348,2016-06-23,Entertainment,Standard Video,English,303,General,91,Face Close-up
V006029,C01099,2024-04-22,Technology,Short,English,53,General,43,Face Close-up
V006030,C01289,2014-10-18,Education,Standard Video,Hindi,2612,Teen,70,Minimalist
V006031,C01595,2025-04-10,Education,Standard Video,Spanish,363,General,12,Collage
V006032,C00547,2016-04-23,Technology,Short,German,24,General,28,Bright Colors
V006033,C01787,2019-03-08,Entertainment,Standard Video,English,1049,General,48,Text Overlay
V006034,C00688,2016-02-22,Lifestyle,Standard Video,English,1840,General,66,Before-After
V006035,C01589,2018-09-19,Music,Standard Video,Portuguese,630,General,66,Text Overlay
V006036,C00245,2015-03-16,Sports,Short,Hindi,51,General,28,Bright Colors
V006037,C00105,2017-04-06,Comedy,Premiere,English,1101,,44,Face Close-up
V006038,C01533,2023-04-24,News,Live Stream,Hindi,11797,Teen,41,Screenshot
V006039,C00769,2019-03-08,Education,Premiere,Tamil,876,General,38,Face Close-up
V006040,C01071,2024-11-03,Music,Standard Video,English,464,General,47,Face Close-up
V006041,C01494,2012-07-10,News,Premiere,Hindi,277,General,43,Face Close-up
V006042,C01141,2026-05-20,Technology,Short,Indonesian,55,General,31,Bright Colors
V006043,C01144,2015-12-12,Lifestyle,Short,English,38,Teen,22,Before-After
V006044,C01703,2013-09-12,Lifestyle,Standard Video,Japanese,393,Mature,62,Minimalist
V006045,C01439,2025-06-04,Entertainment,Short,English,20,General,8,Before-After
V006046,C01295,2023-09-06,Lifestyle,Short,Portuguese,23,Teen,35,Bright Colors
V006047,C01379,2023-12-09,Education,Live Stream,Vietnamese,2327,General,50,Collage
V006048,C01541,2022-09-10,Education,Standard Video,French,390,General,63,Bright Colors
V006049,C00353,2018-03-13,Gaming,Standard Video,Kannada,414,General,82,Screenshot
V006050,C01516,2025-10-18,Lifestyle,Short,Spanish,56,General,34,Collage
V006051,C01373,2019-04-24,Film,Standard Video,English,295,General,39,Before-After
V006052,C00592,2010-08-19,Lifestyle,Live Stream,English,2823,General,79,Collage
V006053,C00103,2011-12-05,Music,Short,English,40,General,24,Face Close-up
V006054,C00652,2025-07-26,Education,Standard Video,English,606,General,38,Face Close-up
V006055,C01738,2026-05-10,Lifestyle,Short,English,55,General,19,Face Close-up
V006056,C00555,2018-12-29,Entertainment,Short,Spanish,59,General,46,Before-After
V006057,C00418,2016-01-14,Gaming,Short,English,45,Teen,18,Minimalist
V006058,C01287,2012-04-04,Film,Short,Urdu,54,General,14,Collage
V006059,C00048,2012-12-15,Education,Short,German,24,Teen,25,
V006060,C00459,2024-08-31,Education,Standard Video,Vietnamese,1223,General,48,Screenshot
V006061,C00779,2024-10-01,News,Standard Video,English,455,General,24,Face Close-up
V006062,C01487,2025-03-20,Sports,Short,English,29,General,22,Bright Colors
V006063,C00553,2024-02-19,Technology,Standard Video,English,536,General,44,Screenshot
V006064,C00531,2025-02-06,Music,Standard Video,Japanese,558,General,52,Before-After
V006065,C01254,2014-01-27,Music,Short,Hindi,32,General,25,Before-After
V006066,C01826,2016-10-11,Gaming,Standard Video,Spanish,299,General,76,Screenshot
V006067,C00075,2022-02-06,Sports,Live Stream,Portuguese,7343,General,50,Collage
V006068,C01978,2025-08-21,Education,Short,Hindi,22,General,21,Before-After
V006069,C01489,2021-10-20,Gaming,Short,Spanish,37,General,17,Minimalist
V006070,C00779,2024-07-13,News,Standard Video,English,658,General,,Minimalist
V006071,C00559,2013-02-26,Film,Standard Video,English,147,Teen,10,Minimalist
V006072,C01070,2026-04-01,Education,Premiere,Indonesian,650,General,23,Collage
V006073,C00583,2023-01-13,Sports,Standard Video,Portuguese,223,General,21,Face Close-up
V006074,C01711,2015-06-09,Sports,Live Stream,Portuguese,12079,General,48,Text Overlay
V006075,C01620,2025-12-06,Film,Short,Korean,23,General,23,Face Close-up
V006076,C00440,2010-12-03,Lifestyle,Standard Video,Turkish,1160,General,46,Bright Colors
V006077,C00088,2023-09-13,Gaming,Standard Video,Kannada,852,General,28,Face Close-up
V006078,C00327,2010-08-02,Lifestyle,Short,English,50,General,24,Screenshot
V006079,C01194,2020-01-30,Entertainment,Short,German,41,General,32,Text Overlay
V006080,C00409,2020-04-02,Music,Short,Hindi,48,General,23,Face Close-up
V006081,C01863,2019-05-25,Film,Premiere,English,391,General,25,Before-After
V006082,C01792,2020-01-17,Gaming,Standard Video,Portuguese,479,General,64,Minimalist
V006083,C01500,2020-02-03,Comedy,Standard Video,Spanish,252,General,36,Face Close-up
V006084,C00196,2023-08-26,Comedy,Short,English,26,General,31,Minimalist
V006085,C01013,2015-06-08,Sports,Standard Video,Spanish,192,General,30,Bright Colors
V006086,C00424,2012-03-18,Education,Short,Hindi,42,General,23,Text Overlay
V006087,C01576,2023-09-07,Gaming,Standard Video,Korean,888,General,67,Bright Colors
V006088,C00812,2025-12-05,Education,Short,Filipino,15,General,10,Bright Colors
V006089,C00801,2020-02-05,Sports,Short,German,29,General,20,Face Close-up
V006090,C01567,2023-08-29,Music,Short,Spanish,47,General,34,Bright Colors
V006091,C01946,2017-11-16,Lifestyle,Short,Hindi,49,General,24,Text Overlay
V006092,C01878,2023-10-11,Music,Short,Portuguese,60,General,41,Collage
V006093,C01925,2025-11-03,Sports,Standard Video,Portuguese,1223,General,43,Collage
V006094,C01552,2021-01-28,Entertainment,Short,Hindi,30,Teen,34,Bright Colors
V006095,C00045,2015-03-02,Comedy,Standard Video,Hindi,1575,General,50,Bright Colors
V006096,C01325,2014-02-07,Entertainment,Standard Video,Portuguese,418,General,61,Collage
V006097,C00807,2018-06-16,Lifestyle,Short,Spanish,60,General,12,Minimalist
V006098,C00034,2023-07-26,Music,Short,English,58,General,27,Screenshot
V006099,C00491,2021-11-24,Gaming,Standard Video,English,2625,General,28,Face Close-up
V006100,C01159,2022-06-22,Gaming,Standard Video,English,301,,51,Minimalist
V006101,C01502,2025-03-03,Music,Short,Portuguese,59,General,37,Face Close-up
V006102,C00055,2017-10-27,Entertainment,Standard Video,Vietnamese,673,General,49,Text Overlay
V006103,C01205,2011-04-18,Film,Standard Video,Hindi,154,General,22,Minimalist
V006104,C00204,2021-05-10,Sports,Standard Video,English,931,General,26,Text Overlay
V006105,C01085,2019-06-21,Sports,Standard Video,English,257,General,45,Collage
V006106,C00018,2026-01-06,Comedy,Standard Video,English,475,General,24,Face Close-up
V006107,C00319,2018-02-28,Gaming,Standard Video,Spanish,109,General,31,Bright Colors
V006108,C01654,2013-07-10,Sports,Short,Hindi,40,,38,Screenshot
V006109,C00550,2025-03-12,Entertainment,Live Stream,French,11248,General,44,Bright Colors
V006110,C01564,2024-04-06,Lifestyle,Standard Video,English,1179,General,22,Screenshot
V006111,C00330,2014-06-22,Music,Short,English,35,Mature,42,Before-After
V006112,C01195,2022-05-06,Education,Standard Video,English,129,General,43,Text Overlay
V006113,C00103,2023-12-21,Music,Short,English,54,General,20,Screenshot
V006114,C01962,2016-09-13,Technology,Standard Video,Hindi,1170,Teen,57,Before-After
V006115,C01876,2012-03-05,Gaming,Standard Video,English,1259,General,29,Collage
V006116,C01112,2020-11-05,Technology,Standard Video,English,372,General,54,Bright Colors
V006117,C00577,2022-09-18,Lifestyle,Short,German,45,General,27,Bright Colors
V006118,C01279,2021-09-29,Comedy,Short,English,56,General,40,Text Overlay
V006119,C01589,2024-12-02,Gaming,Standard Video,English,500,General,66,Text Overlay
V006120,C01013,2023-01-19,Entertainment,Short,Spanish,52,General,31,Collage
V006121,C01153,2020-12-04,Comedy,Short,Hindi,27,General,16,Screenshot
V006122,C00537,2012-07-07,Film,Premiere,Portuguese,234,General,83,Before-After
V006123,C01205,2022-03-14,Comedy,Short,Hindi,23,General,23,Minimalist
V006124,C01332,2024-03-23,Entertainment,Standard Video,English,434,General,34,Screenshot
V006125,C01217,2025-02-01,Music,Short,English,24,General,34,Collage
V006126,C00919,2010-12-28,Technology,Short,Spanish,41,Teen,26,Face Close-up
V006127,C01569,2022-03-01,Gaming,Premiere,French,262,General,40,Screenshot
V006128,C00652,2024-01-03,Education,Premiere,English,852,General,45,Bright Colors
V006129,C01268,2017-05-11,Film,Standard Video,English,318,General,37,Collage
V006130,C01428,2026-06-16,Education,Standard Video,Portuguese,554,General,72,Screenshot
V006131,C01879,2025-11-22,Gaming,Short,Portuguese,43,General,13,Minimalist
V006132,C00310,2026-01-29,Film,Short,Hindi,39,General,24,Face Close-up
V006133,C00622,2012-05-07,Entertainment,Short,German,51,Teen,20,Minimalist
V006134,C01312,2024-02-09,News,Standard Video,Japanese,257,General,59,Face Close-up
V006135,C01247,2011-08-10,Lifestyle,Short,English,44,General,14,Text Overlay
V006136,C00886,2025-12-20,Technology,Short,English,23,General,28,Face Close-up
V006137,C01610,2014-11-25,Music,Short,Indonesian,49,General,11,Before-After
V006138,C00977,2025-03-10,Film,Standard Video,English,315,General,27,Face Close-up
V006139,C01436,2018-12-12,Entertainment,Standard Video,English,703,General,43,Screenshot
V006140,C01787,2018-11-16,Entertainment,Standard Video,English,983,General,46,Before-After
V006141,C00263,2025-08-30,Technology,Short,Hindi,31,Teen,32,Collage
V006142,C00014,2024-02-12,Lifestyle,Short,German,53,General,19,Before-After
V006143,C01164,2022-10-22,Technology,Short,Hindi,43,Teen,16,Text Overlay
V006144,C00867,2026-06-14,Gaming,Short,Hindi,56,General,11,Face Close-up
V006145,C01212,2018-06-25,Entertainment,Standard Video,English,313,Teen,47,Bright Colors
V006146,C00154,2022-11-11,Gaming,Standard Video,English,99,Teen,54,Collage
V006147,C01663,2015-03-08,Education,Standard Video,English,442,General,54,Face Close-up
V006148,C01703,2014-01-26,Lifestyle,Premiere,Hindi,1521,Mature,47,Screenshot
V006149,C01821,2016-01-14,Technology,Short,Hindi,49,Teen,27,Bright Colors
V006150,C00389,2019-01-26,Entertainment,Short,English,41,General,24,Text Overlay
V006151,C01547,2014-05-08,Gaming,Standard Video,English,853,General,53,Face Close-up
V006152,C01262,2016-10-15,Lifestyle,Standard Video,Hindi,1060,Mature,63,Minimalist
V006153,C00596,2026-01-01,Film,Standard Video,Portuguese,167,General,52,Collage
V006154,C01639,2025-12-13,News,Short,Hindi,54,General,23,Screenshot
V006155,C00877,2016-10-09,Gaming,Standard Video,English,180,General,39,Text Overlay
V006156,C00424,2023-07-23,Education,Standard Video,Hindi,1428,General,48,Text Overlay
V006157,C01545,2022-05-19,Technology,Short,English,48,General,43,Minimalist
V006158,C01675,2025-08-01,News,Standard Video,English,494,General,28,Collage
V006159,C00418,2017-05-03,Gaming,Short,Italian,35,Teen,14,Screenshot
V006160,C00676,2015-04-04,Comedy,Standard Video,Portuguese,173,General,44,Text Overlay
V006161,C00591,2023-04-01,Music,Standard Video,English,795,Teen,48,Bright Colors
V006162,C01180,2016-12-29,Music,Short,Korean,34,General,24,Bright Colors
V006163,C00858,2025-08-07,Lifestyle,Standard Video,English,230,General,33,Minimalist
V006164,C00945,2025-06-15,Lifestyle,Standard Video,Filipino,3495,General,31,Minimalist
V006165,C00380,2018-01-02,Gaming,Short,English,23,General,8,Screenshot
V006166,C01452,2020-08-10,Education,Standard Video,Indonesian,104,Teen,20,Face Close-up
V006167,C01308,2024-02-10,Lifestyle,Standard Video,English,292,Teen,60,Before-After
V006168,C01348,2021-08-02,Entertainment,Standard Video,English,1606,General,31,Minimalist
V006169,C01734,2026-07-23,Gaming,Premiere,Filipino,991,Teen,33,Bright Colors
V006170,C01924,2013-02-19,Entertainment,Short,Hindi,56,General,23,Collage
V006171,C00871,2015-01-15,Lifestyle,Short,Japanese,45,General,25,
V006172,C01735,2023-09-16,Education,Standard Video,English,498,General,34,Text Overlay
V006173,C01324,2014-04-23,Lifestyle,Short,Marathi,34,Teen,32,Before-After
V006174,C00163,2015-10-23,Entertainment,Short,English,19,Mature,39,Minimalist
V006175,C00903,2014-08-31,Gaming,Live Stream,English,3405,General,23,Collage
V006176,C01679,2013-11-02,Gaming,Standard Video,Portuguese,521,General,45,Face Close-up
V006177,C00443,2026-02-26,Music,Live Stream,Spanish,4906,Teen,39,Face Close-up
V006178,C01886,2026-03-01,Gaming,Short,Spanish,30,General,51,Minimalist
V006179,C01308,2016-05-25,Lifestyle,Live Stream,English,11441,Teen,46,Before-After
V006180,C01761,2024-03-27,Entertainment,Short,Portuguese,20,General,28,Face Close-up
V006181,C01821,2015-06-18,Technology,Standard Video,Hindi,896,Teen,18,Collage
V006182,C01346,2022-08-28,News,Short,English,52,General,32,Bright Colors
V006183,C01349,2024-12-30,Comedy,Standard Video,Spanish,213,Teen,31,Collage
V006184,C01171,2024-10-24,Technology,Standard Video,English,108,General,42,Collage
V006185,C00424,2011-09-25,Education,Standard Video,Hindi,529,General,22,Collage
V006186,C01247,2011-07-20,Lifestyle,Standard Video,English,365,General,37,Screenshot
V006187,C01117,2024-06-13,Technology,Short,Portuguese,20,General,26,Minimalist
V006188,C01162,2017-12-12,Lifestyle,Standard Video,Spanish,1771,Teen,61,Face Close-up
V006189,C00635,2025-02-26,Gaming,Standard Video,English,81,Teen,34,Collage
V006190,C00387,2015-07-30,Film,Standard Video,English,681,General,53,Minimalist
V006191,C00089,2012-05-29,Technology,Standard Video,Indonesian,244,General,,Text Overlay
V006192,C01434,2025-01-21,Gaming,Standard Video,Hindi,243,General,45,Bright Colors
V006193,C01305,2016-08-15,Gaming,Standard Video,English,4221,General,34,Collage
V006194,C01075,2025-10-31,Comedy,Short,German,26,General,37,Screenshot
V006195,C00861,2022-08-05,News,Standard Video,English,1828,Mature,27,Screenshot
V006196,C01988,2021-09-26,Film,Standard Video,Portuguese,1012,General,19,Minimalist
V006197,C01723,2022-01-08,Entertainment,Standard Video,English,695,General,32,Collage
V006198,C01146,2016-08-16,Technology,Standard Video,Japanese,331,General,53,Text Overlay
V006199,C00196,2025-07-11,Comedy,Short,English,52,General,23,Before-After
V006200,C00977,2025-07-07,Film,Standard Video,English,280,General,44,Face Close-up
V006201,C01066,2010-12-08,Technology,Short,English,33,Mature,21,Face Close-up
V006202,C01589,2018-12-16,Gaming,Standard Video,English,175,General,41,Face Close-up
V006203,C00463,2024-03-26,Comedy,Short,English,51,General,13,Face Close-up
V006204,C01770,2019-04-30,Sports,Standard Video,English,632,Teen,32,Minimalist
V006205,C01902,2011-04-29,Lifestyle,Standard Video,French,1064,General,24,Text Overlay
V006206,C00626,2024-06-20,News,Short,English,46,General,22,Before-After
V006207,C00808,2020-07-22,Lifestyle,Standard Video,Indonesian,331,Teen,50,Text Overlay
V006208,C01124,2022-08-20,Entertainment,Short,Spanish,47,General,38,Face Close-up
V006209,C00752,2016-02-21,Comedy,Standard Video,Indonesian,294,General,46,Screenshot
V006210,C00893,2017-03-30,News,Live Stream,Thai,4850,General,25,Bright Colors
V006211,C00073,2019-12-26,Gaming,Standard Video,Spanish,121,Teen,51,Collage
V006212,C01324,2016-08-01,Lifestyle,Short,Marathi,51,Teen,19,Collage
V006213,C00043,2015-06-16,Entertainment,Standard Video,English,227,General,40,Screenshot
V006214,C01552,2024-05-04,Entertainment,Premiere,Filipino,2139,Teen,47,Text Overlay
V006215,C01324,2017-12-11,Lifestyle,Short,Marathi,17,Teen,27,Face Close-up
V006216,C00209,2024-03-03,Music,Short,Portuguese,50,General,9,Before-After
V006217,C00781,2017-07-29,Lifestyle,Short,English,56,Teen,23,Screenshot
V006218,C01496,2023-03-14,Comedy,Short,Portuguese,28,Teen,38,Before-After
V006219,C00054,2019-11-17,Lifestyle,Standard Video,Tamil,66,General,41,
V006220,C00006,2019-03-29,Comedy,Short,Korean,53,General,37,Minimalist
V006221,C00177,2024-06-08,Sports,Short,Spanish,60,Teen,30,Collage
V006222,C01473,2014-10-23,Gaming,Standard Video,Turkish,185,General,65,Face Close-up
V006223,C00756,2022-11-20,Technology,Short,Turkish,32,General,22,Minimalist
V006224,C00489,2016-06-13,Music,Short,English,26,General,22,Text Overlay
V006225,C00558,2018-08-09,Gaming,Short,English,18,General,8,Collage
V006226,C00712,2020-12-28,Entertainment,Standard Video,Vietnamese,1476,General,31,Bright Colors
V006227,C00121,2022-06-11,Education,Standard Video,Hindi,803,Teen,50,Text Overlay
V006228,C00941,2022-09-20,Education,Standard Video,English,557,General,61,Text Overlay
V006229,C00725,2017-04-09,Entertainment,Live Stream,Japanese,5668,General,40,Before-After
V006230,C01025,2018-03-09,Sports,Live Stream,English,9795,Teen,39,Collage
V006231,C01085,2026-01-23,Sports,Short,English,58,General,13,Before-After
V006232,C00832,2012-01-26,Technology,Short,Spanish,19,General,27,Before-After
V006233,C00813,2023-03-16,Music,Standard Video,Bengali,718,General,79,Before-After
V006234,C01639,2025-07-31,Technology,Standard Video,Hindi,211,General,62,Text Overlay
V006235,C01534,2022-01-08,Technology,Standard Video,English,466,General,37,
V006236,C01037,2025-04-20,Film,Short,German,19,General,19,Collage
V006237,C01577,2025-07-10,Technology,Standard Video,Bengali,374,General,52,Minimalist
V006238,C01735,2022-04-21,Education,Standard Video,English,134,General,48,
V006239,C01249,2018-06-23,Lifestyle,Standard Video,Portuguese,1555,General,41,Screenshot
V006240,C00555,2019-07-23,Entertainment,Standard Video,Spanish,1839,General,16,Before-After
V006241,C00243,2017-10-25,Music,Standard Video,Spanish,183,Mature,65,Text Overlay
V006242,C00780,2026-04-16,Lifestyle,Standard Video,Thai,924,General,54,Face Close-up
V006243,C01168,2020-10-15,Lifestyle,Standard Video,English,658,General,71,Bright Colors
V006244,C00555,2024-09-08,Entertainment,Short,Portuguese,35,General,12,Collage
V006245,C00818,2021-11-14,News,Standard Video,Spanish,718,General,69,Screenshot
V006246,C00470,2022-09-26,Sports,Short,English,56,General,8,Text Overlay
V006247,C01655,2025-05-04,Music,Short,Spanish,37,General,19,Text Overlay
V006248,C01685,2020-09-17,Music,Standard Video,English,435,General,50,Screenshot
V006249,C01767,2014-06-28,Gaming,Standard Video,Portuguese,310,General,29,Minimalist
V006250,C00514,2020-12-28,Education,Standard Video,English,1045,General,66,Text Overlay
V006251,C00903,2014-09-07,Film,Short,English,23,General,12,Before-After
V006252,C01035,2022-10-19,Lifestyle,Standard Video,Portuguese,1289,General,54,Screenshot
V006253,C00036,2020-05-09,Gaming,Standard Video,Hindi,1031,General,28,Minimalist
V006254,C00047,2019-10-29,Music,Standard Video,English,840,General,23,Text Overlay
V006255,C01085,2020-01-20,Sports,Short,English,45,Teen,29,Text Overlay
V006256,C00924,2023-04-18,Comedy,Premiere,Japanese,2294,Mature,22,Minimalist
V006257,C01663,2015-02-08,Education,Short,Spanish,23,General,40,Face Close-up
V006258,C00843,2012-12-09,Education,Short,Hindi,59,Teen,33,Before-After
V006259,C01320,2025-10-31,Comedy,Short,Spanish,36,Mature,20,Minimalist
V006260,C00465,2011-07-30,Lifestyle,Short,Hindi,44,General,28,Bright Colors
V006261,C01499,2024-07-27,Entertainment,Standard Video,Indonesian,291,General,73,
V006262,C01344,2025-09-22,Comedy,Short,English,56,Teen,9,Face Close-up
V006263,C01913,2014-08-05,Sports,Standard Video,Hindi,583,General,78,Face Close-up
V006264,C01802,2013-10-23,Music,Standard Video,English,290,General,54,Screenshot
V006265,C01932,2022-08-27,Lifestyle,Short,Vietnamese,51,General,11,Text Overlay
V006266,C01777,2024-01-18,Technology,Premiere,Portuguese,1482,Teen,37,Text Overlay
V006267,C00676,2016-09-02,Film,Standard Video,Portuguese,698,General,45,Collage
V006268,C00769,2017-08-24,Film,Standard Video,Tamil,615,General,72,Before-After
V006269,C01908,2012-01-26,Lifestyle,Standard Video,Telugu,922,General,53,Collage
V006270,C01751,2022-10-06,Technology,Standard Video,English,3040,Teen,62,Screenshot
V006271,C01063,2024-07-27,Lifestyle,Standard Video,Hindi,1866,General,50,Minimalist
V006272,C00335,2024-07-08,News,Standard Video,English,180,General,48,Text Overlay
V006273,C01515,2024-04-27,Education,Standard Video,English,2739,Teen,32,Screenshot
V006274,C01419,2025-10-03,Technology,Standard Video,Spanish,1271,Teen,54,
V006275,C00948,2024-01-25,Entertainment,Standard Video,Marathi,992,General,51,Screenshot
V006276,C01297,2023-11-02,Education,Premiere,English,754,General,66,Bright Colors
V006277,C01931,2014-06-01,Comedy,Standard Video,French,1499,General,31,Collage
V006278,C01119,2012-12-26,Technology,Standard Video,Hindi,1167,General,27,Text Overlay
V006279,C00154,2022-03-30,Gaming,Standard Video,English,328,Teen,53,Face Close-up
V006280,C01554,2014-09-10,Entertainment,Short,English,38,General,28,Before-After
V006281,C01458,2018-04-14,Education,Short,Korean,33,General,25,Text Overlay
V006282,C01635,2019-10-14,Film,Standard Video,Vietnamese,749,General,53,Before-After
V006283,C01882,2014-12-20,Education,Short,Spanish,34,General,26,Text Overlay
V006284,C00039,2019-09-11,Entertainment,Short,Spanish,52,General,31,Minimalist
V006285,C00580,2020-12-18,Gaming,Standard Video,Portuguese,340,General,52,Before-After
V006286,C01118,2017-01-27,Music,Short,English,17,General,34,Minimalist
V006287,C00583,2023-01-10,Sports,Standard Video,Portuguese,1258,General,39,Before-After
V006288,C00601,2017-01-24,Gaming,Standard Video,Japanese,2122,General,41,Before-After
V006289,C01400,2022-08-30,Comedy,Short,Spanish,24,General,24,Text Overlay
V006290,C01929,2012-06-08,Education,Standard Video,English,518,General,30,Face Close-up
V006291,C01348,2020-01-31,Entertainment,Standard Video,English,126,General,39,Minimalist
V006292,C01281,2024-02-25,Lifestyle,Short,German,29,General,23,Text Overlay
V006293,C01399,2023-01-20,Education,Standard Video,Hindi,113,General,50,Before-After
V006294,C01412,2019-03-15,Film,Standard Video,Tamil,96,General,71,Before-After
V006295,C00925,2021-03-01,Music,Short,Thai,28,Mature,37,Text Overlay
V006296,C00245,2014-05-15,Sports,Standard Video,Hindi,558,General,,Face Close-up
V006297,C01468,2013-09-03,Technology,Standard Video,English,250,Teen,49,Collage
V006298,C00928,2014-10-30,News,Live Stream,Portuguese,14344,Mature,44,Before-After
V006299,C01338,2022-05-17,Technology,Standard Video,Hindi,537,General,66,Before-After
V006300,C00948,2024-05-07,News,Standard Video,Marathi,504,General,47,Text Overlay
V006301,C00997,2025-03-11,Entertainment,Standard Video,Portuguese,493,General,58,Screenshot
V006302,C01161,2026-07-03,Gaming,Standard Video,Spanish,442,General,60,Screenshot
V006303,C00624,2023-06-27,Sports,Premiere,Hindi,861,General,53,Bright Colors
V006304,C01743,2014-03-26,Music,Short,Urdu,18,General,25,Collage
V006305,C01433,2019-02-03,Music,Standard Video,English,726,General,32,Screenshot
V006306,C00626,2020-09-03,News,Standard Video,English,264,,61,
V006307,C01703,2014-04-25,Lifestyle,Standard Video,Japanese,322,Mature,44,Screenshot
V006308,C01894,2025-09-26,Music,Short,Hindi,59,General,,Collage
V006309,C01028,2024-01-10,Sports,Short,Hindi,22,Teen,18,Face Close-up
V006310,C00661,2024-11-05,Sports,Standard Video,German,789,General,37,Text Overlay
V006311,C00751,2013-07-31,Lifestyle,Short,English,44,General,17,Bright Colors
V006312,C00975,2017-01-16,News,Standard Video,Spanish,3997,General,30,Collage
V006313,C01010,2018-08-05,Lifestyle,Standard Video,Hindi,560,General,10,Screenshot
V006314,C00378,2010-04-11,Gaming,Standard Video,Filipino,472,,65,Collage
V006315,C00019,2014-10-08,Comedy,Premiere,English,696,General,49,Before-After
V006316,C00247,2026-06-01,Sports,Live Stream,English,9186,General,44,Screenshot
V006317,C00672,2019-11-22,Music,Short,French,33,General,25,Screenshot
V006318,C00365,2016-01-16,Technology,Short,English,59,General,38,Bright Colors
V006319,C00143,2026-04-06,Education,Short,Korean,42,Teen,34,Before-After
V006320,C01385,2025-06-24,Sports,Short,Hindi,30,General,46,Screenshot
V006321,C00520,2016-10-06,Gaming,Live Stream,French,4111,Teen,49,Before-After
V006322,C01256,2023-10-26,Entertainment,Standard Video,Spanish,921,General,48,Face Close-up
V006323,C01572,2013-04-27,Sports,Live Stream,Hindi,13831,General,39,Bright Colors
V006324,C00020,2020-07-14,Gaming,Standard Video,Indonesian,380,General,54,Face Close-up
V006325,C00919,2010-03-26,Technology,Standard Video,Spanish,5400,General,31,Bright Colors
V006326,C01878,2015-01-26,Music,Short,Portuguese,52,General,8,Text Overlay
V006327,C00514,2023-08-13,Education,Short,English,47,General,,Before-After
V006328,C01020,2018-10-15,Gaming,Standard Video,Hindi,3660,General,22,Minimalist
V006329,C01458,2020-03-01,Education,Short,Korean,27,General,17,Collage
V006330,C01886,2026-03-06,Lifestyle,Standard Video,English,852,General,66,Collage
V006331,C01297,2017-11-20,Education,Short,English,41,General,32,Face Close-up
V006332,C00592,2011-03-08,Music,Short,English,50,General,30,
V006333,C01039,2022-01-25,Lifestyle,Short,English,24,Teen,25,Screenshot
V006334,C01507,2014-11-18,Education,Standard Video,Hindi,213,General,56,Face Close-up
V006335,C00158,2018-03-09,Music,Short,Japanese,34,General,8,Bright Colors
V006336,C00786,2017-04-25,Gaming,Standard Video,English,68,Mature,46,Screenshot
V006337,C01735,2022-05-06,Education,Standard Video,English,187,General,44,Minimalist
V006338,C00812,2015-12-17,Education,Live Stream,Filipino,11421,General,45,Text Overlay
V006339,C00565,2026-03-06,Gaming,Short,Filipino,45,General,40,Screenshot
V006340,C00424,2014-08-17,Education,Short,Hindi,54,General,17,Text Overlay
V006341,C01561,2022-03-14,Gaming,Standard Video,Turkish,423,Mature,41,Screenshot
V006342,C00497,2019-01-04,Lifestyle,Standard Video,Portuguese,843,General,42,Bright Colors
V006343,C01003,2021-10-19,Education,Standard Video,English,193,General,39,Before-After
V006344,C00612,2019-10-22,Education,Short,English,52,General,19,Face Close-up
V006345,C01205,2022-01-06,Comedy,Standard Video,Hindi,416,General,28,Minimalist
V006346,C01623,2016-10-29,Lifestyle,Short,English,19,General,33,Minimalist
V006347,C01705,2024-12-15,Education,Standard Video,Thai,641,General,70,Collage
V006348,C01829,2013-02-27,Education,Standard Video,Hindi,330,General,33,Text Overlay
V006349,C00103,2012-09-22,Music,Standard Video,English,471,General,31,Minimalist
V006350,C00567,2022-09-18,Technology,Short,Hindi,51,General,29,Bright Colors
V006351,C01133,2019-03-24,News,Short,Hindi,28,Teen,24,Collage
V006352,C01254,2016-08-20,Music,Standard Video,Hindi,507,General,55,Before-After
V006353,C00380,2013-06-02,Gaming,Short,Spanish,33,General,29,Before-After
V006354,C01651,2020-02-14,Entertainment,Premiere,Spanish,228,General,,Bright Colors
V006355,C00031,2016-10-09,Comedy,Standard Video,English,719,Mature,54,
V006356,C00116,2025-05-19,Comedy,Premiere,Portuguese,489,General,32,Text Overlay
V006357,C00596,2024-01-18,Film,Standard Video,Hindi,438,General,59,Face Close-up
V006358,C01931,2015-05-14,Comedy,Standard Video,French,340,General,58,Minimalist
V006359,C00914,2016-01-20,Comedy,Standard Video,English,336,Teen,54,Text Overlay
V006360,C00254,2026-02-09,Gaming,Short,Hindi,59,General,17,Collage
V006361,C01426,2014-07-10,Technology,Standard Video,Vietnamese,135,General,33,Collage
V006362,C01110,2023-12-14,Music,Standard Video,Portuguese,373,General,52,Before-After
V006363,C01779,2024-11-03,Lifestyle,Standard Video,Turkish,366,General,67,Bright Colors
V006364,C01008,2014-04-18,Education,Standard Video,Vietnamese,782,General,53,Collage
V006365,C00058,2020-08-04,Sports,Standard Video,Filipino,336,Teen,20,Before-After
V006366,C00155,2020-10-07,Technology,Short,English,32,General,21,
V006367,C01526,2025-08-03,Lifestyle,Standard Video,English,220,General,77,Screenshot
V006368,C00389,2022-11-26,Entertainment,Short,English,43,General,30,Collage
V006369,C00655,2025-09-08,Entertainment,Standard Video,Filipino,904,General,60,Minimalist
V006370,C01891,2017-02-27,Entertainment,Standard Video,Portuguese,289,General,10,Minimalist
V006371,C00319,2021-01-23,Gaming,Standard Video,Spanish,277,General,42,Before-After
V006372,C00130,2021-11-18,Sports,Short,German,39,General,22,Bright Colors
V006373,C01448,2019-02-08,Entertainment,Short,Spanish,20,General,33,Text Overlay
V006374,C01085,2017-10-15,Sports,Short,English,43,General,33,Screenshot
V006375,C00589,2025-03-17,News,Standard Video,English,966,General,41,Text Overlay
V006376,C00496,2016-07-09,Lifestyle,Short,Hindi,47,General,18,Collage
V006377,C00807,2014-05-30,Lifestyle,Standard Video,Turkish,150,General,48,Text Overlay
V006378,C01076,2021-05-30,Entertainment,Short,English,33,Teen,12,Before-After
V006379,C00120,2023-08-15,Entertainment,Standard Video,English,581,Teen,70,Minimalist
V006380,C01680,2015-01-13,Gaming,Short,English,16,General,30,Face Close-up
V006381,C00239,2023-03-20,Technology,Live Stream,Hindi,3915,General,24,Before-After
V006382,C01346,2022-07-07,News,Standard Video,English,702,General,83,Screenshot
V006383,C00738,2025-02-15,Lifestyle,Standard Video,English,361,General,10,Before-After
V006384,C00770,2021-07-05,Education,Standard Video,Vietnamese,365,General,39,Face Close-up
V006385,C01545,2023-08-07,Technology,Standard Video,English,156,General,38,Before-After
V006386,C00078,2014-12-09,Film,Standard Video,Hindi,210,Teen,61,Text Overlay
V006387,C01786,2017-04-29,Music,Short,Indonesian,50,General,19,Screenshot
V006388,C00449,2016-05-25,Lifestyle,Short,Portuguese,26,General,25,Before-After
V006389,C00002,2023-01-23,Music,Short,English,41,General,39,Bright Colors
V006390,C00638,2015-08-24,Entertainment,Standard Video,Hindi,354,General,71,Screenshot
V006391,C01785,2021-04-26,Sports,Standard Video,Hindi,290,General,39,Minimalist
V006392,C00227,2021-12-05,Gaming,Short,English,19,General,30,Text Overlay
V006393,C01452,2020-07-13,Education,Standard Video,Indonesian,520,Teen,50,Collage
V006394,C01088,2024-03-15,Lifestyle,Short,Hindi,56,General,28,Before-After
V006395,C00575,2017-07-12,Lifestyle,Short,Hindi,58,General,32,Collage
V006396,C01646,2019-06-22,News,Short,Filipino,28,General,35,Screenshot
V006397,C01214,2024-10-07,Education,Short,Hindi,24,Teen,32,Minimalist
V006398,C01254,2026-03-22,Music,Standard Video,Hindi,1350,General,43,Text Overlay
V006399,C00792,2024-01-29,Music,Standard Video,English,346,,58,Before-After
V006400,C00592,2012-01-05,Music,Short,English,20,General,24,Screenshot
V006401,C01880,2026-06-14,Entertainment,Standard Video,Spanish,956,General,40,Screenshot
V006402,C00443,2024-10-12,Music,Short,Spanish,49,Teen,22,Minimalist
V006403,C01395,2017-07-20,Music,Standard Video,English,211,General,33,Minimalist
V006404,C00275,2022-10-05,Music,Short,Portuguese,25,General,12,Face Close-up
V006405,C00929,2021-04-22,Gaming,Short,Hindi,21,Mature,35,Collage
V006406,C00527,2015-05-10,Entertainment,Standard Video,English,472,General,46,Collage
V006407,C00725,2019-10-27,Entertainment,Standard Video,Japanese,303,General,38,Minimalist
V006408,C00044,2018-07-08,Entertainment,Short,Hindi,49,General,23,Bright Colors
V006409,C01942,2021-08-03,Lifestyle,Standard Video,Portuguese,185,General,70,Text Overlay
V006410,C01841,2011-10-16,Education,Short,Portuguese,24,General,29,Screenshot
V006411,C01630,2012-03-09,Gaming,Short,German,37,General,14,Collage
V006412,C01734,2026-06-20,Gaming,Standard Video,Filipino,1861,Teen,48,Before-After
V006413,C00659,2013-05-26,News,Live Stream,English,11223,General,52,Screenshot
V006414,C01111,2011-06-04,Music,Short,English,21,General,32,Minimalist
V006415,C01917,2018-09-03,Music,Standard Video,English,808,Mature,33,Screenshot
V006416,C01783,2021-05-10,Education,Short,Hindi,52,,32,Screenshot
V006417,C01136,2023-06-04,News,Standard Video,Spanish,550,General,38,Minimalist
V006418,C00386,2023-11-18,Sports,Premiere,Hindi,559,General,26,Screenshot
V006419,C00871,2020-10-09,Lifestyle,Short,Japanese,49,General,27,Minimalist
V006420,C00086,2012-09-19,Sports,Short,Hindi,55,Teen,27,Screenshot
V006421,C00769,2023-02-08,Education,Short,Tamil,30,General,28,Bright Colors
V006422,C01221,2018-10-07,Education,Standard Video,English,1720,General,43,Face Close-up
V006423,C01261,2018-05-24,Lifestyle,Standard Video,Hindi,498,General,36,Face Close-up
V006424,C01476,2015-09-26,Music,Standard Video,Portuguese,5400,General,46,Collage
V006425,C00147,2012-06-14,Music,Short,Urdu,23,General,30,Collage
V006426,C01247,2017-04-21,Entertainment,Short,English,18,General,27,Before-After
V006427,C01639,2025-12-01,Technology,Standard Video,Hindi,163,General,52,Screenshot
V006428,C01501,2015-08-13,Entertainment,Short,German,29,Teen,23,Minimalist
V006429,C00409,2025-01-18,Lifestyle,Short,Hindi,18,General,25,Face Close-up
V006430,C00599,2022-10-09,News,Premiere,Spanish,156,General,54,
V006431,C00399,2021-10-15,Lifestyle,Standard Video,English,386,General,34,Text Overlay
V006432,C01973,2013-03-09,News,Standard Video,Spanish,1053,General,63,Screenshot
V006433,C01000,2019-10-30,Comedy,Standard Video,Spanish,392,General,17,Minimalist
V006434,C01710,2025-03-30,Comedy,Standard Video,Hindi,395,General,21,Minimalist
V006435,C00654,2022-08-10,Sports,Standard Video,Italian,789,General,41,Bright Colors
V006436,C00591,2025-12-21,Gaming,Short,English,51,Teen,12,Face Close-up
V006437,C01644,2025-12-15,Music,Standard Video,English,225,General,35,Bright Colors
V006438,C00276,2023-05-24,Entertainment,Standard Video,English,535,General,24,Text Overlay
V006439,C01644,2020-05-16,Music,Standard Video,English,1255,General,61,Screenshot
V006440,C01505,2025-03-08,Education,Standard Video,Hindi,762,General,67,Screenshot
V006441,C00851,2019-09-19,Education,Standard Video,English,138,General,36,Before-After
V006442,C00427,2026-02-04,Entertainment,Standard Video,Hindi,320,General,38,Bright Colors
V006443,C01863,2016-10-25,Film,Standard Video,English,1061,General,36,Before-After
V006444,C00181,2021-09-29,Lifestyle,Short,Portuguese,53,General,26,Minimalist
V006445,C01931,2021-10-22,Gaming,Standard Video,French,88,General,61,Text Overlay
V006446,C00065,2018-05-18,News,Short,Bengali,32,Teen,31,Screenshot
V006447,C00527,2016-03-13,Entertainment,Short,English,35,General,24,Minimalist
V006448,C01883,2017-06-09,Comedy,Standard Video,Filipino,811,Teen,44,Collage
V006449,C00744,2013-09-11,Comedy,Standard Video,Spanish,774,General,38,Before-After
V006450,C00431,2025-09-29,Music,Standard Video,Tamil,298,General,47,Minimalist
V006451,C00321,2022-05-24,News,Short,English,24,General,12,Minimalist
V006452,C00625,2023-11-26,Entertainment,Short,Japanese,56,General,8,Collage
V006453,C00769,2019-09-23,Education,Standard Video,Spanish,287,General,69,Screenshot
V006454,C01764,2013-06-04,Technology,Premiere,Spanish,225,General,25,Collage
V006455,C01658,2025-12-07,Comedy,Standard Video,English,254,General,53,Before-After
V006456,C01950,2016-12-16,Music,Standard Video,Hindi,257,General,54,Collage
V006457,C01841,2010-06-02,Education,Standard Video,English,460,General,18,Screenshot
V006458,C01678,2023-02-09,Gaming,Live Stream,Hindi,4805,General,66,Face Close-up
V006459,C00178,2019-12-19,Technology,Standard Video,English,631,Teen,27,Collage
V006460,C01425,2022-01-30,Comedy,Short,English,24,General,17,Minimalist
V006461,C00365,2021-08-18,Technology,Live Stream,English,5205,General,54,Collage
V006462,C01820,2019-09-27,Sports,Standard Video,English,489,General,44,Text Overlay
V006463,C01461,2017-04-03,Sports,Short,English,17,General,28,Before-After
V006464,C01075,2024-12-27,Comedy,Short,German,24,General,12,Collage
V006465,C01975,2026-02-08,Gaming,Short,Spanish,35,General,15,Face Close-up
V006466,C01986,2017-02-11,Sports,Short,Vietnamese,25,General,21,Minimalist
V006467,C00576,2018-10-22,Technology,Standard Video,French,235,Mature,29,Bright Colors
V006468,C01623,2011-06-01,Lifestyle,Standard Video,English,551,General,55,Before-After
V006469,C01882,2019-09-08,Education,Standard Video,English,678,General,63,Bright Colors
V006470,C00227,2021-11-20,Technology,Standard Video,Spanish,678,General,83,Minimalist
V006471,C01964,2021-07-13,Music,Standard Video,Italian,193,Mature,35,Collage
V006472,C00465,2021-11-29,Lifestyle,Short,Hindi,33,General,21,Collage
V006473,C01130,2023-09-30,Entertainment,Standard Video,Portuguese,352,General,37,Bright Colors
V006474,C01960,2024-03-15,Music,Standard Video,Hindi,837,Teen,46,Before-After
V006475,C01856,2015-09-16,Music,Short,Spanish,56,General,13,Bright Colors
V006476,C01323,2014-12-09,Comedy,Live Stream,Filipino,12036,General,52,Minimalist
V006477,C01675,2024-07-15,Education,Short,English,40,Mature,24,Collage
V006478,C01256,2022-06-05,Entertainment,Premiere,Spanish,963,General,39,Before-After
V006479,C01534,2015-01-10,Technology,Standard Video,English,374,General,38,Minimalist
V006480,C01200,2022-09-09,Sports,Standard Video,Spanish,653,General,45,Before-After
V006481,C01486,2024-01-30,Sports,Standard Video,Japanese,821,,74,Collage
V006482,C01380,2026-02-07,Entertainment,Short,English,19,General,21,Face Close-up
V006483,C01661,2019-01-07,Sports,Standard Video,English,803,General,37,Before-After
V006484,C01323,2018-02-26,Comedy,Short,Filipino,15,General,38,Text Overlay
V006485,C01930,2015-10-09,Comedy,Short,Spanish,55,Teen,36,Text Overlay
V006486,C00551,2020-07-13,Gaming,Short,English,54,General,33,Before-After
V006487,C00559,2016-01-10,Film,Short,Hindi,59,Teen,21,Screenshot
V006488,C00862,2024-07-07,Gaming,Standard Video,Tamil,96,General,41,Text Overlay
V006489,C00081,2025-05-14,Gaming,Premiere,English,221,General,60,Minimalist
V006490,C01119,2020-03-21,Technology,Standard Video,Hindi,986,General,31,Screenshot
V006491,C00353,2019-08-07,Technology,Short,Kannada,56,General,26,Face Close-up
V006492,C01320,2025-01-24,Comedy,Standard Video,Spanish,761,Mature,76,Minimalist
V006493,C01814,2016-07-15,Lifestyle,Standard Video,Hindi,163,General,38,Text Overlay
V006494,C00858,2024-02-18,Lifestyle,Standard Video,English,621,General,27,Bright Colors
V006495,C00043,2012-08-30,Lifestyle,Standard Video,English,906,General,51,Before-After
V006496,C01187,2018-05-12,Gaming,Live Stream,Portuguese,8699,Teen,47,Face Close-up
V006497,C01740,2011-11-04,Technology,Premiere,Thai,184,General,45,Screenshot
V006498,C01964,2026-07-01,Music,Short,Italian,15,Mature,37,Collage
V006499,C00806,2016-10-30,Technology,Short,Portuguese,52,General,35,Text Overlay
V006500,C01771,2013-09-29,Education,Short,English,38,General,26,Face Close-up
V006501,C00260,2022-06-12,Entertainment,Short,Portuguese,44,Teen,32,Face Close-up
V006502,C00583,2024-12-19,Sports,Short,Portuguese,59,General,9,Screenshot
V006503,C00848,2026-06-02,Gaming,Standard Video,English,269,General,26,Face Close-up
V006504,C00794,2020-08-05,Music,Short,English,42,General,37,Before-After
V006505,C01305,2019-05-18,Gaming,Standard Video,English,446,General,64,Bright Colors
V006506,C00150,2025-06-11,Education,Short,English,28,General,36,Bright Colors
V006507,C01045,2020-04-18,Entertainment,Short,Vietnamese,16,General,26,Before-After
V006508,C01583,2017-12-08,Lifestyle,Standard Video,English,562,General,40,Bright Colors
V006509,C00185,2017-10-24,Gaming,Short,Spanish,44,Teen,27,Face Close-up
V006510,C01118,2023-03-23,Music,Short,English,50,General,8,Screenshot
V006511,C01378,2022-09-02,Education,Live Stream,Turkish,11384,General,29,Text Overlay
V006512,C00538,2020-08-16,Sports,Short,Portuguese,59,General,24,Text Overlay
V006513,C01326,2017-05-02,Technology,Premiere,English,419,General,22,Minimalist
V006514,C01247,2016-07-04,Lifestyle,Short,English,35,General,16,Face Close-up
V006515,C00002,2017-04-22,Music,Standard Video,English,1010,General,31,Before-After
V006516,C00181,2025-12-26,Lifestyle,Standard Video,Portuguese,1177,General,83,Text Overlay
V006517,C00422,2026-07-11,Music,Standard Video,English,265,General,53,Face Close-up
V006518,C01723,2023-10-04,Entertainment,Standard Video,English,690,General,36,Minimalist
V006519,C00832,2013-10-05,Technology,Short,Hindi,27,General,9,Bright Colors
V006520,C01738,2023-01-07,Music,Standard Video,English,1935,General,23,Text Overlay
V006521,C00015,2021-06-08,Entertainment,Short,English,54,General,28,Collage
V006522,C00137,2019-01-16,Entertainment,Standard Video,English,166,General,37,Before-After
V006523,C01802,2010-08-15,Music,Standard Video,English,1493,General,31,Face Close-up
V006524,C00825,2014-09-01,Lifestyle,Standard Video,Vietnamese,964,General,23,Before-After
V006525,C01644,2016-09-12,Music,Standard Video,Hindi,230,General,55,Screenshot
V006526,C00310,2025-04-02,Film,Premiere,Hindi,3052,General,49,Collage
V006527,C00914,2016-12-21,Comedy,Live Stream,Bengali,5468,Teen,24,Screenshot
V006528,C00555,2019-06-26,Entertainment,Standard Video,Spanish,485,General,32,Face Close-up
V006529,C01111,2011-02-28,Music,Live Stream,English,1857,General,51,Before-After
V006530,C00431,2026-02-18,Music,Standard Video,Tamil,742,General,54,Face Close-up
V006531,C00424,2011-10-17,Education,Short,Hindi,32,General,34,Collage
V006532,C01874,2019-11-12,Technology,Premiere,English,572,General,41,Screenshot
V006533,C00385,2024-04-21,Music,Standard Video,Turkish,674,General,42,Minimalist
V006534,C00062,2017-02-22,Technology,Standard Video,Indonesian,641,General,43,Text Overlay
V006535,C01173,2021-01-28,Music,Standard Video,English,723,Teen,40,Face Close-up
V006536,C01450,2026-03-11,Sports,Standard Video,English,886,General,67,Before-After
V006537,C01399,2026-01-06,Education,Short,Hindi,19,Teen,27,Screenshot
V006538,C01610,2024-08-03,Music,Live Stream,Indonesian,1962,General,48,Bright Colors
V006539,C00928,2020-05-26,News,Short,Portuguese,45,General,39,Minimalist
V006540,C01257,2021-10-02,Gaming,Standard Video,French,489,,44,Collage
V006541,C01062,2025-06-08,Gaming,Live Stream,Kannada,6233,General,56,Text Overlay
V006542,C00619,2019-05-06,Entertainment,Short,English,19,General,43,Before-After
V006543,C00726,2019-09-13,Education,Short,German,40,General,31,Screenshot
V006544,C00527,2012-05-03,Entertainment,Short,English,38,General,17,Text Overlay
V006545,C01948,2026-02-09,Entertainment,Standard Video,French,488,General,51,Minimalist
V006546,C00807,2015-11-06,Lifestyle,Standard Video,Turkish,457,General,38,Text Overlay
V006547,C00625,2025-09-18,Film,Standard Video,Japanese,216,General,30,Screenshot
V006548,C00840,2010-12-29,Education,Standard Video,English,315,General,46,Screenshot
V006549,C01507,2011-04-22,Education,Short,Hindi,56,General,29,Collage
V006550,C00025,2023-02-23,News,Premiere,Thai,394,General,18,Collage
V006551,C00175,2012-05-11,Gaming,Short,Turkish,21,General,36,Minimalist
V006552,C00527,2020-12-06,Sports,Short,Spanish,22,General,15,Collage
V006553,C00583,2023-03-17,Sports,Live Stream,Portuguese,9992,General,38,Face Close-up
V006554,C00750,2016-04-28,Sports,Short,Vietnamese,42,General,14,Text Overlay
V006555,C01157,2010-12-20,Film,Standard Video,Hindi,990,Teen,44,Minimalist
V006556,C00045,2013-11-05,Comedy,Standard Video,Hindi,399,General,53,Collage
V006557,C00047,2015-08-18,Music,Standard Video,English,676,General,42,Collage
V006558,C01399,2023-01-27,Education,Standard Video,Hindi,206,General,21,Screenshot
V006559,C01195,2022-05-27,Education,Premiere,Portuguese,1772,General,69,Before-After
V006560,C00309,2025-08-02,Sports,Short,Korean,54,Teen,30,Text Overlay
V006561,C00318,2020-06-15,Technology,Short,Spanish,41,General,19,Minimalist
V006562,C01509,2024-05-29,Gaming,Standard Video,Spanish,934,General,70,Bright Colors
V006563,C01399,2020-06-22,Education,Short,Hindi,36,General,30,Collage
V006564,C00336,2025-12-25,Gaming,Standard Video,Indonesian,199,General,52,Text Overlay
V006565,C01255,2025-07-04,Comedy,Standard Video,German,86,General,47,Collage
V006566,C01805,2024-09-27,Music,Short,Indonesian,36,Mature,30,Screenshot
V006567,C01244,2022-05-22,Entertainment,Short,Spanish,58,General,11,Screenshot
V006568,C00204,2017-07-31,Sports,Standard Video,Spanish,649,General,45,Text Overlay
V006569,C00171,2011-04-06,Technology,Standard Video,Filipino,212,Mature,41,Screenshot
V006570,C01845,2025-05-06,Sports,Short,Spanish,35,General,21,Before-After
V006571,C00805,2021-04-22,News,Premiere,English,82,Teen,63,Face Close-up
V006572,C01895,2019-03-09,Education,Short,Vietnamese,22,General,22,Minimalist
V006573,C00427,2021-04-08,Entertainment,Premiere,English,357,General,24,Minimalist
V006574,C01462,2021-11-18,Gaming,Short,Hindi,57,General,33,
V006575,C00591,2015-08-24,Gaming,Premiere,English,394,Teen,25,Bright Colors
V006576,C01639,2026-02-24,Technology,Standard Video,Hindi,159,General,43,Before-After
V006577,C00750,2019-11-12,Sports,Standard Video,Vietnamese,1264,General,61,Text Overlay
V006578,C01908,2015-11-15,Lifestyle,Standard Video,Telugu,1258,General,89,Face Close-up
V006579,C01369,2021-01-18,Gaming,Standard Video,Tamil,403,General,29,Screenshot
V006580,C00871,2014-01-26,Lifestyle,Standard Video,Japanese,595,General,56,Face Close-up
V006581,C01792,2023-03-20,Gaming,Standard Video,Portuguese,668,General,40,Bright Colors
V006582,C01111,2013-06-15,Music,Short,English,44,General,30,Face Close-up
V006583,C01826,2014-12-04,Gaming,Standard Video,Indonesian,569,General,71,Face Close-up
V006584,C01547,2022-08-08,Gaming,Standard Video,English,351,General,55,Minimalist
V006585,C01797,2013-10-28,Music,Standard Video,Hindi,138,Mature,41,Screenshot
V006586,C00909,2024-02-06,Education,Standard Video,German,414,Teen,32,Text Overlay
V006587,C00658,2021-11-14,Entertainment,Short,Turkish,38,General,46,Minimalist
V006588,C01675,2026-02-08,Education,Standard Video,English,191,General,49,Collage
V006589,C00186,2022-10-11,Sports,Short,English,28,General,46,Text Overlay
V006590,C01331,2018-06-01,Sports,Short,Hindi,55,General,37,Bright Colors
V006591,C00094,2023-05-16,Technology,Short,English,31,General,,Bright Colors
V006592,C00608,2020-09-26,Gaming,Short,Hindi,53,General,22,Text Overlay
V006593,C01592,2024-11-13,Entertainment,Standard Video,Spanish,303,General,35,Collage
V006594,C01967,2018-04-28,News,Short,Turkish,49,General,27,Face Close-up
V006595,C00159,2020-02-24,Gaming,Standard Video,English,143,Teen,52,Minimalist
V006596,C00006,2012-12-15,Comedy,Short,Korean,28,General,17,Before-After
V006597,C00024,2020-02-05,Comedy,Standard Video,Indonesian,457,General,36,Screenshot
V006598,C01035,2022-09-14,Lifestyle,Standard Video,Portuguese,288,General,55,Text Overlay
V006599,C01007,2025-01-24,Film,Standard Video,Spanish,1748,General,51,Text Overlay
V006600,C00519,2025-10-26,Music,Short,Urdu,19,General,19,Face Close-up
V006601,C01900,2023-05-15,Music,Short,English,55,Teen,19,Text Overlay
V006602,C00203,2020-11-05,Comedy,Standard Video,Portuguese,250,General,25,Minimalist
V006603,C01499,2016-11-28,Entertainment,Premiere,Indonesian,1142,Teen,35,Before-After
V006604,C01826,2013-10-15,Technology,Standard Video,Indonesian,512,General,37,Collage
V006605,C01070,2023-05-09,Education,Short,Indonesian,15,General,26,Face Close-up
V006606,C00024,2021-12-04,Comedy,Standard Video,Hindi,1934,General,30,Bright Colors
V006607,C01627,2023-11-06,Education,Live Stream,English,3090,Teen,52,Face Close-up
V006608,C00621,2023-05-16,Comedy,Short,Telugu,30,General,18,Bright Colors
V006609,C01968,2022-12-22,Gaming,Standard Video,English,923,General,44,Screenshot
V006610,C00679,2026-02-19,Entertainment,Short,Japanese,49,General,20,Screenshot
V006611,C00517,2018-01-13,Entertainment,Short,Spanish,56,General,29,Screenshot
V006612,C00542,2012-05-23,Technology,Standard Video,Spanish,356,General,46,Before-After
V006613,C00781,2023-12-28,Lifestyle,Live Stream,English,9276,Teen,19,
V006614,C00656,2025-04-05,Lifestyle,Standard Video,English,520,General,32,Before-After
V006615,C00644,2025-11-23,Lifestyle,Short,Vietnamese,41,Teen,8,Collage
V006616,C00290,2025-08-30,Gaming,Short,Filipino,58,General,30,Minimalist
V006617,C00168,2025-08-06,Gaming,Standard Video,Filipino,321,General,22,Screenshot
V006618,C00676,2018-12-06,Sports,Standard Video,Portuguese,1108,General,26,Face Close-up
V006619,C00928,2014-05-01,News,Standard Video,Portuguese,696,General,45,Screenshot
V006620,C01659,2020-06-07,News,Short,Spanish,53,Teen,29,Bright Colors
V006621,C00465,2021-11-21,Lifestyle,Short,Hindi,34,General,46,Collage
V006622,C00418,2018-08-26,Gaming,Standard Video,Italian,667,Teen,56,Text Overlay
V006623,C01122,2016-04-29,Film,Standard Video,English,425,General,35,Minimalist
V006624,C00738,2024-05-10,Lifestyle,Live Stream,English,6576,General,24,Bright Colors
V006625,C00311,2019-08-22,Lifestyle,Live Stream,Thai,4974,General,69,Bright Colors
V006626,C00130,2024-11-22,Sports,Short,German,20,General,,Before-After
V006627,C01986,2018-04-13,Lifestyle,Live Stream,Vietnamese,3703,General,47,Face Close-up
V006628,C01387,2025-01-19,Education,Short,Hindi,43,General,36,Screenshot
V006629,C00769,2019-02-01,Education,Standard Video,Tamil,441,General,66,Bright Colors
V006630,C01575,2024-08-16,Technology,Short,English,16,General,37,Face Close-up
V006631,C01872,2011-07-04,Technology,Short,Indonesian,53,General,24,Before-After
V006632,C01349,2019-08-13,Sports,Standard Video,English,795,Teen,19,Before-After
V006633,C00091,2011-02-20,News,Standard Video,Japanese,1597,General,61,Face Close-up
V006634,C01700,2023-05-04,Sports,Standard Video,Spanish,135,Teen,48,Screenshot
V006635,C01094,2022-07-23,Entertainment,Short,Hindi,17,General,32,Collage
V006636,C01735,2022-06-29,Education,Short,English,52,Teen,46,Text Overlay
V006637,C00350,2026-07-14,Film,Premiere,English,431,Teen,19,Text Overlay
V006638,C01222,2015-09-26,Comedy,Short,English,18,General,29,Before-After
V006639,C01783,2013-12-14,Education,Standard Video,Hindi,565,General,18,Collage
V006640,C00941,2018-05-16,Education,Standard Video,English,299,General,67,Text Overlay
V006641,C01244,2020-11-18,Education,Short,Spanish,46,General,27,Bright Colors
V006642,C01204,2026-07-21,Film,Standard Video,English,232,Mature,45,Face Close-up
V006643,C00858,2025-10-08,Lifestyle,Standard Video,English,3510,General,55,Face Close-up
V006644,C01967,2018-02-13,News,Standard Video,Turkish,315,General,24,Screenshot
V006645,C01806,2021-11-06,Music,Standard Video,English,61,General,40,Text Overlay
V006646,C01030,2026-05-21,Comedy,Standard Video,English,5400,General,27,Collage
V006647,C01173,2023-07-27,Music,Short,English,48,Teen,,Collage
V006648,C01502,2025-05-07,Music,Standard Video,Portuguese,412,General,53,Bright Colors
V006649,C00354,2024-11-04,Sports,Standard Video,Hindi,257,General,40,Before-After
V006650,C00694,2024-07-10,Sports,Short,Japanese,55,General,46,Minimalist
V006651,C00723,2016-09-24,News,Standard Video,Turkish,574,General,53,Before-After
V006652,C00103,2016-01-06,Music,Short,English,56,General,16,Screenshot
V006653,C01737,2025-04-01,Music,Standard Video,Bengali,1521,General,45,Screenshot
V006654,C00589,2015-05-10,Gaming,Short,English,25,General,29,Screenshot
V006655,C01132,2019-02-05,Film,Standard Video,Hindi,4255,General,60,
V006656,C01860,2012-03-19,Lifestyle,Short,English,28,General,9,Screenshot
V006657,C00694,2024-03-05,Sports,Standard Video,Japanese,1911,General,53,Collage
V006658,C00134,2024-06-01,Education,Short,Marathi,26,General,29,Screenshot
V006659,C01321,2026-04-29,Entertainment,Standard Video,Hindi,1407,General,49,Collage
V006660,C00309,2022-05-20,Technology,Standard Video,Korean,429,Teen,44,Collage
V006661,C01654,2020-12-19,Entertainment,Short,Hindi,36,General,8,Face Close-up
V006662,C01975,2017-10-11,Gaming,Standard Video,English,1831,General,58,
V006663,C01075,2024-12-30,Comedy,Short,German,17,General,27,Before-After
V006664,C01605,2025-11-19,Gaming,Standard Video,Japanese,1103,Teen,37,Minimalist
V006665,C00271,2015-08-13,Entertainment,Standard Video,English,630,General,26,Text Overlay
V006666,C00514,2025-09-27,Education,Standard Video,English,2222,General,28,
V006667,C01234,2019-05-10,Film,Short,Hindi,51,Teen,42,Text Overlay
V006668,C00636,2016-08-21,Sports,Short,Hindi,36,Teen,34,Minimalist
V006669,C00542,2014-08-24,Technology,Standard Video,Spanish,485,General,36,Bright Colors
V006670,C01884,2017-10-11,Entertainment,Standard Video,Thai,2043,General,32,Before-After
V006671,C00397,2025-07-12,Lifestyle,Standard Video,French,1943,General,39,Minimalist
V006672,C01900,2018-06-12,Music,Short,English,29,Teen,14,Screenshot
V006673,C01754,2022-07-22,Lifestyle,Standard Video,English,1145,Mature,64,Minimalist
V006674,C00966,2021-01-04,Education,Standard Video,Bengali,94,General,50,Bright Colors
V006675,C01306,2010-06-11,Comedy,Short,English,24,General,23,Screenshot
V006676,C00374,2018-11-09,Education,Standard Video,English,1173,General,52,Collage
V006677,C01800,2018-02-11,Gaming,Standard Video,Hindi,2527,General,39,Face Close-up
V006678,C01941,2017-03-17,Film,Premiere,Vietnamese,243,General,,Bright Colors
V006679,C00951,2016-09-19,Comedy,Standard Video,English,5400,General,49,Before-After
V006680,C00559,2017-10-07,Film,Short,Hindi,30,Teen,43,Text Overlay
V006681,C01351,2013-03-05,Gaming,Short,German,46,General,38,Minimalist
V006682,C01778,2017-04-20,News,Standard Video,English,106,General,32,Text Overlay
V006683,C00181,2024-05-14,Lifestyle,Short,Hindi,35,General,37,Face Close-up
V006684,C00527,2021-08-12,Entertainment,Standard Video,English,652,General,24,Text Overlay
V006685,C01783,2015-02-25,Education,Standard Video,Hindi,781,General,39,Before-After
V006686,C00409,2019-08-11,Music,Standard Video,Hindi,578,General,78,Minimalist
V006687,C00808,2022-01-03,Lifestyle,Standard Video,Indonesian,827,Teen,39,Face Close-up
V006688,C01249,2014-10-09,Entertainment,Standard Video,Portuguese,405,Teen,50,Screenshot
V006689,C00668,2015-07-03,News,Short,Hindi,23,General,13,Minimalist
V006690,C01677,2023-04-25,Music,Standard Video,English,386,General,63,Face Close-up
V006691,C01436,2019-05-23,Entertainment,Standard Video,English,499,General,11,Face Close-up
V006692,C01783,2018-05-31,Education,Standard Video,Hindi,87,General,37,Screenshot
V006693,C00184,2021-01-05,Entertainment,Short,English,50,General,23,Before-After
V006694,C01719,2013-12-02,Comedy,Standard Video,Hindi,281,General,59,Minimalist
V006695,C01031,2018-07-24,Sports,Standard Video,English,457,General,50,Collage
V006696,C00258,2023-12-29,News,Standard Video,Hindi,727,Mature,36,Bright Colors
V006697,C01739,2014-10-14,Music,Standard Video,English,3435,General,,Screenshot
V006698,C01532,2016-12-05,Gaming,Short,Urdu,36,General,25,Minimalist
V006699,C00399,2022-12-01,Lifestyle,Standard Video,English,438,General,44,Text Overlay
V006700,C01221,2026-05-16,Education,Standard Video,English,114,General,35,Before-After
V006701,C00450,2026-06-25,Education,Short,English,57,General,42,Before-After
V006702,C01674,2016-06-29,Gaming,Short,Hindi,26,General,19,Collage
V006703,C00474,2015-12-17,Education,Standard Video,Marathi,185,General,42,Screenshot
V006704,C01346,2022-08-16,News,Short,English,57,General,21,Bright Colors
V006705,C00937,2017-06-30,Gaming,Standard Video,Japanese,276,Teen,32,Text Overlay
V006706,C00804,2012-06-20,Gaming,Standard Video,English,1913,General,52,Screenshot
V006707,C00159,2024-08-21,Gaming,Short,English,53,Teen,10,Text Overlay
V006708,C00325,2021-02-07,Lifestyle,Short,English,35,General,11,Collage
V006709,C01235,2016-09-22,Comedy,Standard Video,English,484,General,49,Screenshot
V006710,C00078,2023-09-25,Sports,Short,Hindi,55,Teen,21,Collage
V006711,C00807,2022-06-12,Lifestyle,Standard Video,Hindi,586,General,48,Text Overlay
V006712,C01552,2019-06-24,Entertainment,Standard Video,Filipino,250,Teen,21,Face Close-up
V006713,C00773,2024-06-07,News,Premiere,English,352,General,44,Face Close-up
V006714,C00443,2024-10-28,Music,Standard Video,Spanish,582,Teen,40,Bright Colors
V006715,C01623,2013-06-04,Lifestyle,Standard Video,English,504,General,51,Screenshot
V006716,C00468,2017-06-30,News,Short,Turkish,22,General,25,Face Close-up
V006717,C00626,2020-10-10,News,Standard Video,English,229,General,36,Before-After
V006718,C01854,2026-03-02,News,Standard Video,English,466,Teen,39,Bright Colors
V006719,C01777,2022-11-10,Technology,Standard Video,Portuguese,652,Teen,61,Minimalist
V006720,C00726,2019-09-06,Education,Standard Video,German,580,General,52,Minimalist
V006721,C00766,2025-08-26,Technology,Standard Video,Indonesian,524,General,40,Text Overlay
V006722,C01918,2012-11-10,Sports,Standard Video,English,1415,General,72,Screenshot
V006723,C00417,2018-05-11,Technology,Short,Portuguese,28,Teen,18,Face Close-up
V006724,C00469,2023-09-18,Sports,Standard Video,English,472,General,,Text Overlay
V006725,C00449,2014-12-24,Lifestyle,Short,Portuguese,48,Teen,36,Before-After
V006726,C00766,2025-02-11,Technology,Standard Video,Indonesian,640,Teen,,Text Overlay
V006727,C00014,2022-03-18,Lifestyle,Standard Video,German,943,General,31,Bright Colors
V006728,C00467,2018-06-30,Entertainment,Standard Video,English,579,General,44,Bright Colors
V006729,C01224,2020-01-24,Gaming,Short,Portuguese,57,General,36,Minimalist
V006730,C00865,2013-03-25,Gaming,Short,Spanish,45,General,36,Face Close-up
V006731,C00878,2024-06-20,Technology,Short,Italian,43,General,22,Face Close-up
V006732,C00287,2024-10-31,Gaming,Short,Korean,47,General,23,Bright Colors
V006733,C01853,2021-06-16,Education,Standard Video,English,336,General,40,Bright Colors
V006734,C01502,2024-11-12,Music,Standard Video,Portuguese,540,General,56,Screenshot
V006735,C01978,2023-01-25,Technology,Short,Portuguese,35,General,33,Collage
V006736,C00700,2023-05-27,Music,Live Stream,Portuguese,8330,Teen,55,Text Overlay
V006737,C00209,2024-11-28,Technology,Standard Video,Hindi,232,General,42,Before-After
V006738,C01754,2024-11-03,Lifestyle,Live Stream,English,4778,Mature,21,Before-After
V006739,C01844,2024-04-29,Music,Premiere,Hindi,1396,General,31,Before-After
V006740,C01185,2022-11-22,Technology,Standard Video,Korean,108,General,43,Bright Colors
V006741,C00200,2012-03-29,News,Standard Video,English,1301,General,60,Collage
V006742,C00829,2016-12-23,Education,Short,Hindi,57,General,46,Collage
V006743,C00583,2023-01-10,Education,Live Stream,Portuguese,3039,General,54,Screenshot
V006744,C01813,2021-01-24,Sports,Short,Filipino,15,Teen,22,Bright Colors
V006745,C00055,2024-09-10,Entertainment,Short,Vietnamese,55,General,28,Before-After
V006746,C00463,2024-09-15,Comedy,Short,English,52,General,22,Minimalist
V006747,C01971,2020-01-18,Entertainment,Standard Video,English,155,General,57,Screenshot
V006748,C01896,2024-04-05,Comedy,Short,English,37,General,41,Face Close-up
V006749,C00204,2021-03-19,Sports,Short,English,34,Teen,30,Screenshot
V006750,C00784,2012-12-30,Gaming,Standard Video,Urdu,1346,Teen,56,Screenshot
V006751,C00288,2012-07-14,Technology,Standard Video,English,347,General,29,Face Close-up
V006752,C00520,2011-11-04,Comedy,Short,Portuguese,51,Teen,23,
V006753,C00087,2024-08-25,News,Standard Video,Hindi,188,Teen,,Before-After
V006754,C00888,2022-07-02,Gaming,Live Stream,Hindi,13435,General,38,
V006755,C00670,2010-01-29,Lifestyle,Short,English,27,Mature,26,Screenshot
V006756,C00891,2013-02-27,Entertainment,Standard Video,Korean,586,Teen,38,Screenshot
V006757,C00583,2026-02-09,Sports,Standard Video,Portuguese,466,General,50,Bright Colors
V006758,C00264,2025-08-14,Lifestyle,Standard Video,Spanish,397,General,55,Collage
V006759,C00975,2017-10-20,Sports,Premiere,Hindi,153,General,32,Minimalist
V006760,C00018,2025-12-20,Comedy,Standard Video,English,324,General,,Bright Colors
V006761,C00238,2025-06-17,Gaming,Standard Video,Thai,131,Teen,51,Face Close-up
V006762,C01861,2026-03-15,Music,Live Stream,English,7067,General,65,Bright Colors
V006763,C01180,2012-10-10,Music,Standard Video,Hindi,535,General,52,Before-After
V006764,C01885,2025-10-10,Technology,Short,Spanish,60,Mature,22,Minimalist
V006765,C00912,2022-06-28,Music,Standard Video,English,1034,Teen,40,Text Overlay
V006766,C01988,2017-12-11,Film,Standard Video,Portuguese,1851,General,52,Text Overlay
V006767,C01931,2011-02-12,Comedy,Short,French,42,General,25,Screenshot
V006768,C00921,2021-09-09,Entertainment,Short,Indonesian,24,General,36,Face Close-up
V006769,C00683,2021-07-13,Technology,Standard Video,Spanish,1388,Teen,40,Screenshot
V006770,C00243,2017-07-25,Music,Standard Video,Spanish,443,Mature,51,Screenshot
V006771,C01419,2024-12-06,Entertainment,Short,Spanish,20,Teen,14,Before-After
V006772,C00653,2025-03-08,Entertainment,Standard Video,English,651,General,56,Bright Colors
V006773,C01952,2019-06-27,Entertainment,Standard Video,Indonesian,4323,Teen,39,Text Overlay
V006774,C01777,2026-03-06,Technology,Live Stream,Portuguese,7027,Teen,12,Collage
V006775,C00014,2021-08-14,Lifestyle,Short,German,32,General,15,Minimalist
V006776,C00877,2018-03-11,Gaming,Standard Video,English,434,General,31,Bright Colors
V006777,C00847,2017-07-28,Lifestyle,Short,English,47,Teen,35,Bright Colors
V006778,C00198,2012-05-17,Gaming,Live Stream,Hindi,13909,General,60,Minimalist
V006779,C00780,2026-06-24,Lifestyle,Live Stream,Spanish,10917,General,71,Face Close-up
V006780,C01298,2013-07-04,Entertainment,Standard Video,Filipino,103,General,58,Minimalist
V006781,C00707,2016-05-07,Entertainment,Standard Video,Japanese,715,Teen,49,Text Overlay
V006782,C00293,2021-10-13,Education,Standard Video,Japanese,590,General,44,Bright Colors
V006783,C00152,2021-11-22,News,Short,Portuguese,45,Teen,27,Collage
V006784,C01563,2022-10-22,Entertainment,Standard Video,Vietnamese,210,General,51,Minimalist
V006785,C00909,2017-08-04,Education,Short,German,22,Teen,14,Before-After
V006786,C01037,2025-12-19,Music,Standard Video,German,323,General,72,Collage
V006787,C00339,2024-06-30,Education,Standard Video,English,301,General,24,Collage
V006788,C01931,2010-12-05,Comedy,Short,French,39,Teen,33,Bright Colors
V006789,C00573,2022-11-01,Entertainment,Short,Vietnamese,33,General,34,Bright Colors
V006790,C01169,2012-04-17,Gaming,Premiere,German,2283,General,25,Before-After
V006791,C00581,2020-12-10,Music,Standard Video,Portuguese,475,General,44,Text Overlay
V006792,C00917,2016-07-30,Technology,Short,Spanish,27,Teen,21,Minimalist
V006793,C01184,2019-04-21,Music,Standard Video,Urdu,570,General,34,Bright Colors
V006794,C01885,2025-10-18,Technology,Standard Video,Spanish,511,Teen,59,Text Overlay
V006795,C01895,2019-09-04,Education,Standard Video,Vietnamese,206,General,55,Face Close-up
V006796,C01168,2021-08-30,Sports,Live Stream,English,13096,General,49,Screenshot
V006797,C01281,2026-05-15,Lifestyle,Short,German,39,General,23,Text Overlay
V006798,C00769,2018-08-04,Education,Standard Video,Tamil,183,General,55,Before-After
V006799,C00020,2023-09-17,Lifestyle,Standard Video,Portuguese,600,General,57,Collage
V006800,C00254,2021-03-07,Gaming,Standard Video,English,268,General,49,Minimalist
V006801,C01238,2026-01-18,Lifestyle,Short,Spanish,19,General,8,Screenshot
V006802,C01644,2020-07-17,Entertainment,Standard Video,English,103,General,36,Screenshot
V006803,C01200,2023-07-03,Sports,Standard Video,Spanish,543,General,51,Text Overlay
V006804,C01773,2023-01-24,Sports,Short,English,52,Teen,20,Before-After
V006805,C01852,2026-07-04,Film,Standard Video,Indonesian,645,General,30,Bright Colors
V006806,C01771,2026-02-05,Education,Standard Video,Hindi,506,General,58,Bright Colors
V006807,C00955,2023-02-26,Gaming,Short,Urdu,22,Mature,10,Minimalist
V006808,C00770,2021-05-24,Education,Standard Video,Vietnamese,194,General,65,Screenshot
V006809,C01582,2023-03-31,Lifestyle,Standard Video,English,979,General,56,Collage
V006810,C01567,2022-12-24,Sports,Standard Video,English,402,General,40,Collage
V006811,C00262,2025-12-11,Gaming,Standard Video,Hindi,589,General,55,Before-After
V006812,C01699,2017-07-15,Gaming,Standard Video,English,134,General,18,Before-After
V006813,C01675,2023-03-15,Education,Live Stream,Hindi,1810,General,35,Screenshot
V006814,C00480,2023-06-07,Music,Standard Video,Spanish,615,General,47,Face Close-up
V006815,C01885,2026-02-26,Lifestyle,Short,Spanish,48,Teen,28,Bright Colors
V006816,C01602,2020-12-23,Music,Standard Video,Portuguese,2082,General,59,Bright Colors
V006817,C01679,2017-04-28,Gaming,Short,Filipino,31,General,32,Bright Colors
V006818,C00843,2026-05-19,Film,Standard Video,Hindi,447,Teen,27,Minimalist
V006819,C00169,2015-12-24,Sports,Short,Spanish,37,General,40,Face Close-up
V006820,C01960,2024-11-28,Music,Standard Video,Hindi,532,Teen,33,Before-After
V006821,C00583,2025-02-28,Technology,Standard Video,Portuguese,868,General,40,Screenshot
V006822,C00219,2024-02-05,Film,Standard Video,English,193,General,43,Screenshot
V006823,C00961,2023-03-06,Sports,Standard Video,English,872,Mature,68,Face Close-up
V006824,C01545,2024-05-05,Sports,Standard Video,Portuguese,96,General,15,Face Close-up
V006825,C01607,2025-10-11,News,Premiere,Vietnamese,346,Teen,59,Before-After
V006826,C00856,2016-12-20,Education,Short,English,18,General,39,Face Close-up
V006827,C01294,2018-05-07,Technology,Short,Hindi,50,General,,Minimalist
V006828,C01165,2024-03-19,Gaming,Standard Video,English,614,General,32,Collage
V006829,C00890,2025-09-07,News,Standard Video,English,1629,General,47,Face Close-up
V006830,C00449,2015-09-25,Lifestyle,Standard Video,Portuguese,694,General,34,Collage
V006831,C00417,2012-01-13,Technology,Standard Video,Portuguese,146,Teen,48,Screenshot
V006832,C01921,2014-12-10,Sports,Standard Video,Hindi,485,,37,Bright Colors
V006833,C00643,2010-11-17,Comedy,Live Stream,Hindi,9242,General,75,Bright Colors
V006834,C01670,2024-02-05,Entertainment,Short,English,33,General,18,Text Overlay
V006835,C00934,2010-12-19,Sports,Short,Hindi,43,General,23,Text Overlay
V006836,C01787,2019-07-30,Music,Short,English,58,General,21,Before-After
V006837,C01367,2024-10-06,Lifestyle,Short,Portuguese,49,General,14,Text Overlay
V006838,C01802,2014-05-14,Sports,Standard Video,English,312,General,37,Bright Colors
V006839,C01698,2022-12-19,News,Standard Video,German,653,General,36,Face Close-up
V006840,C00825,2016-09-05,Lifestyle,Standard Video,Vietnamese,619,General,56,Before-After
V006841,C00418,2017-03-02,Gaming,Standard Video,Italian,231,Teen,43,
V006842,C00625,2024-08-23,Film,Standard Video,Japanese,487,General,40,Text Overlay
V006843,C01802,2025-12-02,Music,Short,English,39,General,22,
V006844,C01977,2019-04-08,Gaming,Standard Video,German,495,General,65,Minimalist
V006845,C00400,2021-08-29,Education,Standard Video,Indonesian,1014,General,23,Before-After
V006846,C00360,2024-11-24,Entertainment,Standard Video,English,2028,General,51,Face Close-up
V006847,C01455,2025-03-12,Sports,Standard Video,English,193,General,36,Collage
V006848,C00948,2020-08-20,Entertainment,Standard Video,Hindi,240,General,51,Bright Colors
V006849,C01399,2021-12-19,Education,Short,Spanish,32,General,20,Screenshot
V006850,C00592,2021-04-03,Music,Short,English,31,General,19,Before-After
V006851,C01859,2020-03-14,Technology,Standard Video,Vietnamese,579,Teen,59,Text Overlay
V006852,C00746,2022-07-10,Lifestyle,Short,French,38,General,28,Text Overlay
V006853,C00364,2010-09-11,Sports,Standard Video,Hindi,207,Teen,38,Face Close-up
V006854,C00269,2025-12-28,Lifestyle,Short,English,58,General,10,Face Close-up
V006855,C01221,2016-06-07,Education,Standard Video,Hindi,450,General,45,Face Close-up
V006856,C00047,2020-08-28,Music,Premiere,English,989,General,83,Text Overlay
V006857,C00501,2025-12-26,Sports,Short,Hindi,34,General,8,Screenshot
V006858,C00599,2017-04-30,News,Short,Spanish,50,General,18,Collage
V006859,C01456,2022-12-31,Technology,Short,English,52,General,25,
V006860,C01481,2014-09-23,News,Standard Video,Hindi,644,General,47,Before-After
V006861,C00786,2021-08-27,Gaming,Standard Video,English,1016,Mature,66,Before-After
V006862,C01167,2025-10-09,Technology,Short,English,39,General,17,Minimalist
V006863,C01468,2013-07-16,Education,Standard Video,English,77,Teen,13,Face Close-up
V006864,C00512,2022-12-25,Technology,Premiere,English,1066,General,43,Face Close-up
V006865,C00501,2025-05-20,Sports,Standard Video,Hindi,101,General,32,Text Overlay
V006866,C00431,2025-08-11,Music,Live Stream,Tamil,6640,General,18,Before-After
V006867,C01777,2024-04-12,Technology,Standard Video,Portuguese,205,Teen,42,Text Overlay
V006868,C01399,2020-07-25,Education,Standard Video,Hindi,174,General,70,Before-After
V006869,C00931,2025-11-17,Sports,Standard Video,Portuguese,815,General,25,Collage
V006870,C00422,2026-06-11,News,Standard Video,English,282,General,63,Text Overlay
V006871,C01658,2026-04-11,Gaming,Standard Video,English,245,General,24,Collage
V006872,C01233,2025-02-05,Technology,Short,Spanish,32,General,31,Minimalist
V006873,C01569,2016-01-14,Gaming,Short,French,27,General,19,Before-After
V006874,C01595,2024-09-21,Technology,Standard Video,Spanish,187,General,62,
V006875,C00424,2025-11-22,Education,Standard Video,Hindi,377,General,42,Minimalist
V006876,C00699,2025-04-29,Entertainment,Standard Video,English,1150,General,41,Text Overlay
V006877,C01041,2026-03-12,Film,Short,English,19,General,15,Minimalist
V006878,C00591,2012-09-06,Gaming,Premiere,English,1552,Teen,34,Text Overlay
V006879,C01589,2023-12-06,Gaming,Short,Spanish,42,General,,Bright Colors
V006880,C01678,2019-07-26,Education,Premiere,Hindi,150,General,49,Collage
V006881,C00048,2016-09-11,Education,Short,German,45,Teen,14,Minimalist
V006882,C00970,2015-01-01,Entertainment,Standard Video,Hindi,127,Teen,41,Screenshot
V006883,C00384,2021-01-13,News,Standard Video,English,282,General,35,Minimalist
V006884,C00186,2022-03-05,Education,Standard Video,English,1897,General,37,Face Close-up
V006885,C01037,2026-04-06,Music,Standard Video,German,1600,General,46,Collage
V006886,C01584,2012-09-23,Sports,Short,Marathi,46,Teen,18,Collage
V006887,C01247,2012-06-15,Lifestyle,Short,English,16,General,34,Collage
V006888,C00963,2025-07-29,Sports,Standard Video,English,813,General,34,Bright Colors
V006889,C00577,2015-03-21,Lifestyle,Short,German,18,General,15,Text Overlay
V006890,C01284,2021-10-29,Education,Short,Indonesian,56,General,40,Bright Colors
V006891,C00923,2019-03-10,Entertainment,Standard Video,Hindi,1089,General,31,Text Overlay
V006892,C00034,2021-04-04,Lifestyle,Premiere,English,491,General,42,Minimalist
V006893,C00559,2025-02-15,Film,Live Stream,Spanish,2300,Teen,39,Bright Colors
V006894,C01195,2025-02-05,Education,Standard Video,English,428,General,52,Screenshot
V006895,C01723,2022-10-28,Music,Live Stream,English,7483,General,63,Bright Colors
V006896,C00658,2018-09-07,Entertainment,Short,Turkish,51,General,42,Collage
V006897,C01930,2014-04-13,Comedy,Short,German,39,Teen,35,Collage
V006898,C01496,2024-08-05,Comedy,Short,Portuguese,57,Teen,34,Bright Colors
V006899,C00665,2016-09-09,Lifestyle,Standard Video,Hindi,1923,General,54,Minimalist
V006900,C01928,2016-06-05,Sports,Short,Indonesian,35,General,19,Screenshot
V006901,C00343,2014-08-20,Lifestyle,Standard Video,Kannada,1912,General,49,Text Overlay
V006902,C00954,2011-01-17,Sports,Short,Korean,38,Teen,29,Face Close-up
V006903,C00128,2025-08-07,Sports,Short,English,29,Teen,24,Before-After
V006904,C00911,2014-08-29,Technology,Short,Portuguese,54,General,24,Text Overlay
V006905,C01462,2021-01-30,Gaming,Standard Video,Hindi,246,General,33,Face Close-up
V006906,C01969,2019-10-13,Technology,Short,Turkish,16,General,26,Screenshot
V006907,C01257,2016-01-17,Gaming,Standard Video,French,656,General,39,Bright Colors
V006908,C00007,2025-10-19,Education,Premiere,Hindi,946,General,40,Minimalist
V006909,C01180,2011-07-14,Music,Short,Korean,35,General,20,Minimalist
V006910,C00032,2015-11-25,Gaming,Standard Video,English,454,General,54,Text Overlay
V006911,C00809,2026-06-11,Entertainment,Standard Video,English,197,Teen,54,Collage
V006912,C01135,2020-01-07,News,Live Stream,English,3225,General,51,Minimalist
V006913,C00559,2015-05-24,Film,Standard Video,Hindi,266,Teen,31,Bright Colors
V006914,C01610,2025-02-22,Music,Short,Indonesian,35,General,15,Bright Colors
V006915,C00137,2020-10-07,Entertainment,Standard Video,English,190,General,23,Before-After
V006916,C01694,2021-03-15,Entertainment,Standard Video,English,770,General,57,Text Overlay
V006917,C01071,2020-01-11,Music,Standard Video,English,501,,44,Text Overlay
V006918,C01777,2022-11-09,Technology,Standard Video,English,1229,General,35,Text Overlay
V006919,C00909,2018-05-18,Music,Short,German,46,General,18,Before-After
V006920,C01184,2019-06-28,Music,Standard Video,Urdu,372,General,42,Bright Colors
V006921,C00465,2015-12-15,Lifestyle,Standard Video,Hindi,128,General,50,Bright Colors
V006922,C01143,2024-06-03,Technology,Standard Video,English,589,General,37,Screenshot
V006923,C00870,2017-08-18,Music,Standard Video,Hindi,75,General,67,Bright Colors
V006924,C01436,2020-02-12,Entertainment,Standard Video,English,714,General,84,Before-After
V006925,C00536,2022-06-13,Gaming,Short,Kannada,19,,26,Screenshot
V006926,C01235,2022-05-09,Comedy,Standard Video,English,409,General,42,Screenshot
V006927,C01225,2012-03-21,Gaming,Standard Video,English,3435,General,43,Text Overlay
V006928,C01507,2018-04-10,Education,Standard Video,Hindi,218,General,15,Collage
V006929,C00323,2021-08-14,Entertainment,Standard Video,English,762,Teen,27,Screenshot
V006930,C01725,2015-06-05,News,Standard Video,Filipino,106,General,69,Before-After
V006931,C00684,2026-06-06,Comedy,Standard Video,Portuguese,557,General,56,Face Close-up
V006932,C00180,2012-12-08,Gaming,Premiere,Spanish,289,General,51,
V006933,C00818,2018-07-01,Comedy,Short,Spanish,36,General,34,Bright Colors
V006934,C00723,2016-04-30,News,Live Stream,Turkish,9387,General,42,Collage
V006935,C00438,2024-09-21,Music,Standard Video,Urdu,573,Mature,56,Text Overlay
V006936,C01020,2018-07-01,Technology,Standard Video,Hindi,303,Mature,63,Minimalist
V006937,C01639,2025-09-23,Technology,Standard Video,Hindi,465,General,37,Minimalist
V006938,C01694,2025-04-21,Entertainment,Standard Video,English,116,General,58,Face Close-up
V006939,C00443,2024-11-30,Gaming,Standard Video,Spanish,977,Teen,81,Screenshot
V006940,C00550,2025-12-24,Music,Standard Video,French,350,General,79,Screenshot
V006941,C00256,2023-06-24,Lifestyle,Premiere,English,2068,General,21,Bright Colors
V006942,C01737,2022-06-19,Entertainment,Short,Bengali,41,General,22,Collage
V006943,C01096,2023-10-19,Sports,Short,Vietnamese,25,General,28,Collage
V006944,C01558,2022-10-30,Music,Live Stream,Vietnamese,7562,General,58,
V006945,C00955,2023-11-07,Gaming,Standard Video,Urdu,565,Mature,67,Text Overlay
V006946,C00503,2019-05-30,Education,Standard Video,Hindi,2986,General,34,Text Overlay
V006947,C01204,2026-07-20,Music,Short,English,32,Mature,8,Collage
V006948,C01346,2023-11-05,News,Short,English,23,General,8,Text Overlay
V006949,C01639,2025-08-15,Technology,Standard Video,Hindi,510,General,65,Collage
V006950,C01162,2023-12-27,News,Short,Spanish,38,Teen,44,Collage
V006951,C00005,2016-06-29,Gaming,Short,Spanish,18,General,29,Text Overlay
V006952,C01489,2013-06-07,Gaming,Standard Video,English,606,General,64,Text Overlay
V006953,C01655,2024-11-28,Comedy,Standard Video,Spanish,510,General,60,Minimalist
V006954,C00086,2014-12-09,Sports,Standard Video,Hindi,954,Teen,45,Screenshot
V006955,C00014,2011-01-26,Lifestyle,Standard Video,German,679,General,25,Screenshot
V006956,C01676,2015-12-05,Comedy,Short,English,19,General,22,Collage
V006957,C00361,2011-02-08,Gaming,Short,Indonesian,46,General,36,Minimalist
V006958,C01889,2025-01-02,Gaming,Live Stream,French,4669,Teen,57,Bright Colors
V006959,C01433,2023-10-17,Music,Short,English,45,General,13,Text Overlay
V006960,C00338,2024-03-21,Sports,Standard Video,Hindi,539,General,35,Text Overlay
V006961,C01066,2024-10-05,Technology,Standard Video,English,112,General,39,Collage
V006962,C01714,2013-06-14,Entertainment,Standard Video,English,1019,General,45,Screenshot
V006963,C01068,2025-10-06,Sports,Standard Video,Spanish,514,General,63,Collage
V006964,C01012,2021-10-21,Entertainment,Short,Hindi,54,General,29,Face Close-up
V006965,C00507,2015-08-07,Sports,Standard Video,English,235,General,16,Bright Colors
V006966,C01346,2022-06-18,News,Standard Video,English,2261,General,57,Before-After
V006967,C00751,2022-07-06,Film,Standard Video,English,162,General,39,
V006968,C01644,2020-06-12,Music,Standard Video,English,1068,General,44,Before-After
V006969,C01170,2022-06-02,News,Standard Video,English,1218,General,41,Bright Colors
V006970,C01776,2017-08-23,Education,Standard Video,Japanese,404,General,57,Bright Colors
V006971,C00843,2014-08-04,Education,Short,Portuguese,35,Teen,29,Screenshot
V006972,C00647,2024-01-24,Education,Standard Video,Hindi,1044,Mature,65,Minimalist
V006973,C01203,2017-06-25,Music,Standard Video,Hindi,249,General,61,Bright Colors
V006974,C00781,2017-08-14,Lifestyle,Short,English,43,Teen,27,Screenshot
V006975,C01764,2013-09-19,Comedy,Short,Spanish,19,General,32,Text Overlay
V006976,C00527,2021-11-08,Entertainment,Short,English,18,General,26,Face Close-up
V006977,C01070,2026-02-10,Education,Short,Indonesian,39,General,40,Before-After
V006978,C01894,2024-02-09,Music,Standard Video,Hindi,364,General,34,Bright Colors
V006979,C01509,2026-02-17,Music,Standard Video,Hindi,612,General,36,Screenshot
V006980,C00047,2022-01-17,Music,Short,Portuguese,33,General,15,Minimalist
V006981,C00485,2026-02-27,Lifestyle,Short,Urdu,50,General,32,Screenshot
V006982,C00068,2017-05-27,Lifestyle,Standard Video,Hindi,1165,General,44,Minimalist
V006983,C01007,2024-08-13,Film,Standard Video,Spanish,408,General,60,Minimalist
V006984,C00592,2012-07-31,Music,Standard Video,English,1038,General,36,
V006985,C00558,2017-01-17,Education,Standard Video,Hindi,513,General,71,
V006986,C01346,2022-07-30,News,Standard Video,English,236,General,36,Minimalist
V006987,C01641,2022-06-02,Education,Premiere,English,61,General,45,Bright Colors
V006988,C01760,2019-08-18,Entertainment,Standard Video,English,118,General,39,Bright Colors
V006989,C01457,2015-05-21,News,Standard Video,French,61,General,29,Screenshot
V006990,C01869,2024-04-14,Music,Short,English,47,General,29,Text Overlay
V006991,C00414,2018-10-30,Entertainment,Short,English,57,General,19,Before-After
V006992,C01729,2018-02-27,Education,Standard Video,Portuguese,844,General,10,Text Overlay
V006993,C00581,2011-03-02,Education,Standard Video,Portuguese,596,,49,Text Overlay
V006994,C01274,2020-04-02,Education,Short,English,57,General,32,
V006995,C00470,2012-06-29,Sports,Short,English,21,General,31,Face Close-up
V006996,C01020,2024-08-03,Gaming,Standard Video,Hindi,121,Mature,50,Bright Colors
V006997,C00626,2020-12-28,News,Short,English,26,General,39,Minimalist
V006998,C01826,2011-11-30,Gaming,Premiere,Indonesian,92,General,54,Screenshot
V006999,C00448,2025-01-17,Technology,Standard Video,Urdu,432,General,50,Screenshot
V007000,C01824,2012-11-19,Lifestyle,Standard Video,English,966,General,55,Collage
V007001,C00774,2024-01-17,Film,Standard Video,English,257,General,34,Minimalist
V007002,C01780,2022-11-13,Sports,Short,English,28,General,34,Before-After
V007003,C00889,2023-02-11,Comedy,Short,German,40,General,8,Text Overlay
V007004,C01876,2019-01-25,Gaming,Short,English,32,General,20,Before-After
V007005,C01351,2013-11-22,Gaming,Standard Video,German,279,General,51,Text Overlay
V007006,C01130,2016-10-22,Gaming,Standard Video,Portuguese,192,General,38,Screenshot
V007007,C01640,2025-03-22,Entertainment,Short,English,45,General,34,Bright Colors
V007008,C00844,2014-01-05,Education,Standard Video,English,430,General,46,Bright Colors
V007009,C00738,2023-05-21,Lifestyle,Short,English,58,General,14,Face Close-up
V007010,C01550,2012-08-26,Education,Short,English,24,General,33,Bright Colors
V007011,C00367,2024-06-07,Sports,Standard Video,Urdu,349,Teen,41,Bright Colors
V007012,C01561,2011-08-18,Gaming,Standard Video,Turkish,267,Mature,51,Text Overlay
V007013,C00665,2010-07-12,Gaming,Short,Hindi,41,General,22,Bright Colors
V007014,C00787,2022-06-20,Entertainment,Standard Video,Hindi,530,Mature,61,Minimalist
V007015,C00120,2023-04-28,Entertainment,Standard Video,English,216,Teen,36,Bright Colors
V007016,C01020,2018-06-26,Gaming,Standard Video,Hindi,394,Mature,35,Collage
V007017,C00449,2014-08-30,Lifestyle,Standard Video,Portuguese,178,General,59,
V007018,C00596,2025-08-23,Film,Short,Vietnamese,21,General,25,Face Close-up
V007019,C01349,2020-08-07,Gaming,Standard Video,English,244,Teen,39,Screenshot
V007020,C00852,2020-05-20,Sports,Live Stream,Vietnamese,8609,General,45,Screenshot
V007021,C01723,2022-02-10,Comedy,Standard Video,Spanish,103,General,35,Text Overlay
V007022,C01932,2023-11-16,Education,Short,Vietnamese,43,General,30,Minimalist
V007023,C00949,2023-04-06,Comedy,Standard Video,Japanese,360,General,48,Screenshot
V007024,C01247,2022-01-14,Lifestyle,Short,English,46,General,14,Collage
V007025,C01580,2019-05-26,Film,Standard Video,French,1863,General,43,Minimalist
V007026,C01527,2022-11-15,Education,Standard Video,Vietnamese,1118,General,48,Bright Colors
V007027,C01783,2013-08-20,Education,Standard Video,Hindi,250,General,58,Before-After
V007028,C01292,2012-11-16,Technology,Premiere,Hindi,142,General,43,Screenshot
V007029,C01089,2011-02-28,Education,Standard Video,English,554,Mature,27,Before-After
V007030,C01349,2024-08-31,Gaming,Standard Video,English,286,General,64,Minimalist
V007031,C00090,2017-05-22,Education,Standard Video,Hindi,337,General,29,Face Close-up
V007032,C00452,2013-02-16,Entertainment,Standard Video,Korean,61,General,54,Bright Colors
V007033,C00832,2019-04-13,Technology,Short,English,51,General,13,Face Close-up
V007034,C00549,2022-01-27,News,Short,Japanese,34,General,20,Before-After
V007035,C00289,2017-03-30,Comedy,Standard Video,English,168,General,46,Collage
V007036,C01735,2024-09-23,Education,Short,Spanish,19,General,28,Face Close-up
V007037,C00369,2014-01-02,Gaming,Short,Portuguese,23,Teen,33,Bright Colors
V007038,C01681,2019-02-23,Comedy,Standard Video,English,82,General,51,Bright Colors
V007039,C00974,2015-09-24,Music,Standard Video,Japanese,1097,Teen,71,Minimalist
V007040,C01777,2026-01-25,Technology,Standard Video,Portuguese,961,Teen,66,Face Close-up
V007041,C00866,2012-12-25,Education,Short,Spanish,39,General,16,Text Overlay
V007042,C01426,2014-09-02,Technology,Short,Vietnamese,41,General,40,Before-After
V007043,C00474,2020-11-03,Lifestyle,Standard Video,Marathi,1355,General,54,Bright Colors
V007044,C00418,2017-11-29,Lifestyle,Standard Video,Italian,1509,Teen,66,Collage
V007045,C01426,2018-02-23,Technology,Standard Video,Vietnamese,411,General,36,Collage
V007046,C01109,2021-12-09,Lifestyle,Short,English,21,General,21,Minimalist
V007047,C00290,2017-11-18,Gaming,Short,Filipino,41,General,35,Collage
V007048,C01677,2023-06-23,Education,Standard Video,English,322,General,38,Text Overlay
V007049,C00116,2026-03-29,Comedy,Short,Portuguese,49,General,45,Minimalist
V007050,C01786,2020-08-04,Music,Standard Video,Indonesian,1015,General,41,Screenshot
V007051,C01013,2019-03-15,Entertainment,Standard Video,Spanish,415,General,62,Face Close-up
V007052,C00382,2023-02-26,Technology,Short,Kannada,36,General,30,Before-After
V007053,C01993,2011-08-25,Education,Standard Video,Japanese,1747,General,48,Screenshot
V007054,C01751,2020-10-31,Technology,Standard Video,English,291,Teen,43,Bright Colors
V007055,C00455,2015-10-05,Lifestyle,Short,English,28,General,8,Before-After
V007056,C01885,2026-04-10,Technology,Short,Spanish,45,Teen,21,Text Overlay
V007057,C01622,2013-06-19,Gaming,Standard Video,Hindi,447,General,74,Collage
V007058,C01025,2015-10-26,Sports,Standard Video,English,543,Teen,47,Text Overlay
V007059,C01964,2019-04-12,Film,Standard Video,Spanish,1212,Mature,10,Screenshot
V007060,C01511,2016-03-25,Gaming,Standard Video,English,1764,General,24,Bright Colors
V007061,C01238,2022-03-08,Lifestyle,Short,Spanish,59,General,31,Screenshot
V007062,C00170,2022-09-24,Education,Short,French,59,General,45,Screenshot
V007063,C00181,2012-10-08,Lifestyle,Standard Video,Portuguese,2389,General,63,Face Close-up
V007064,C01141,2026-05-23,Technology,Live Stream,Indonesian,7040,General,39,
V007065,C00228,2024-02-14,Comedy,Standard Video,English,528,Teen,56,Before-After
V007066,C00484,2022-11-22,Comedy,Short,Indonesian,38,General,36,Screenshot
V007067,C00585,2024-10-19,Gaming,Standard Video,Hindi,146,General,40,Bright Colors
V007068,C00619,2017-12-16,Gaming,Short,English,35,General,9,Collage
V007069,C00966,2014-02-15,Education,Standard Video,Bengali,262,General,53,Minimalist
V007070,C00499,2022-09-11,Comedy,Standard Video,English,521,Mature,50,Screenshot
V007071,C01865,2012-12-16,Entertainment,Standard Video,Portuguese,194,General,83,Collage
V007072,C00103,2021-06-19,Music,Short,English,28,General,15,Before-After
V007073,C00574,2025-07-05,Comedy,Standard Video,English,626,General,56,Minimalist
V007074,C00382,2024-07-10,Technology,Standard Video,Kannada,2619,General,32,Screenshot
V007075,C01960,2024-08-24,Music,Standard Video,Hindi,540,Teen,10,Collage
V007076,C00954,2010-07-07,Gaming,Short,Korean,32,Teen,30,Minimalist
V007077,C01626,2012-07-12,Technology,Short,Hindi,49,General,32,Text Overlay
V007078,C00596,2026-05-02,Sports,Standard Video,Vietnamese,337,General,44,Bright Colors
V007079,C00264,2024-06-15,Lifestyle,Standard Video,Portuguese,61,General,30,Collage
V007080,C00155,2019-12-02,Lifestyle,Short,English,48,Teen,31,Bright Colors
V007081,C00826,2024-04-07,News,Live Stream,Turkish,11699,General,38,Collage
V007082,C00448,2019-06-17,Technology,Standard Video,Urdu,327,General,54,Minimalist
V007083,C01095,2014-02-20,Sports,Short,English,29,General,24,
V007084,C01640,2025-12-12,Entertainment,Short,English,25,General,21,Face Close-up
V007085,C01131,2012-01-14,Education,Premiere,Hindi,963,General,46,Face Close-up
V007086,C00509,2016-08-24,Technology,Standard Video,German,243,General,67,Minimalist
V007087,C01544,2025-09-23,Technology,Standard Video,English,229,Teen,41,Screenshot
V007088,C00014,2010-04-30,Lifestyle,Standard Video,German,1094,,21,Text Overlay
V007089,C00956,2011-02-04,Comedy,Standard Video,Filipino,470,General,31,Screenshot
V007090,C01181,2023-09-16,Lifestyle,Standard Video,English,142,General,29,Before-After
V007091,C01345,2026-02-01,Education,Standard Video,English,580,General,52,Face Close-up
V007092,C01183,2011-11-18,Education,Short,Portuguese,40,General,26,Collage
V007093,C01282,2024-11-11,Music,Short,English,23,General,26,Minimalist
V007094,C00265,2026-07-07,Music,Short,Indonesian,27,General,37,Bright Colors
V007095,C00825,2018-07-28,Lifestyle,Standard Video,Vietnamese,873,General,50,Minimalist
V007096,C01612,2025-08-07,Entertainment,Standard Video,French,385,General,35,Before-After
V007097,C01130,2017-04-04,Lifestyle,Short,Urdu,27,General,8,Collage
V007098,C00378,2020-07-20,Technology,Standard Video,Filipino,1051,General,12,Face Close-up
V007099,C01085,2021-01-27,Education,Short,English,46,,12,Face Close-up
V007100,C00704,2025-02-24,Entertainment,Standard Video,Indonesian,134,Teen,42,Before-After
V007101,C01045,2024-04-04,Entertainment,Standard Video,Vietnamese,1953,General,59,Screenshot
V007102,C01157,2010-10-16,Gaming,Standard Video,Hindi,985,Teen,26,Before-After
V007103,C00087,2025-08-19,News,Standard Video,Indonesian,555,Teen,43,Before-After
V007104,C00459,2014-01-28,Education,Standard Video,Portuguese,560,General,21,Before-After
V007105,C01900,2020-07-14,Music,Premiere,English,767,Teen,18,Bright Colors
V007106,C00500,2021-04-29,Entertainment,Short,English,38,General,24,Bright Colors
V007107,C01606,2020-02-12,Gaming,Live Stream,English,10293,General,29,Face Close-up
V007108,C00891,2013-07-22,Entertainment,Standard Video,Korean,2230,Teen,51,Screenshot
V007109,C00243,2018-08-01,Music,Short,Spanish,52,Mature,8,Screenshot
V007110,C01473,2011-06-03,Gaming,Standard Video,Turkish,1302,General,38,Collage
V007111,C00240,2024-11-30,Entertainment,Short,Hindi,43,General,32,Text Overlay
V007112,C00818,2019-01-28,Comedy,Standard Video,Spanish,114,General,34,Screenshot
V007113,C00139,2026-04-22,News,Standard Video,Hindi,166,General,51,Minimalist
V007114,C01914,2026-02-03,Music,Standard Video,English,381,Teen,31,Face Close-up
V007115,C01365,2013-04-18,Sports,Standard Video,Hindi,181,Mature,34,Collage
V007116,C01119,2016-05-04,Technology,Premiere,Portuguese,136,General,50,Collage
V007117,C00417,2024-11-02,Technology,Live Stream,Spanish,9758,Teen,62,Screenshot
V007118,C00578,2023-04-15,Gaming,Standard Video,Indonesian,1461,General,40,Minimalist
V007119,C00738,2023-01-27,Comedy,Short,English,51,General,16,Text Overlay
V007120,C01859,2020-08-02,Film,Standard Video,Vietnamese,1182,Teen,33,Collage
V007121,C01468,2020-11-27,Education,Standard Video,English,178,Teen,49,Minimalist
V007122,C00583,2024-09-12,Sports,Standard Video,Portuguese,509,Mature,30,Bright Colors
V007123,C01007,2024-07-16,Technology,Short,Spanish,18,General,8,Screenshot
V007124,C01894,2024-06-25,Music,Live Stream,Hindi,11863,General,35,Bright Colors
V007125,C01620,2026-05-16,Film,Standard Video,Portuguese,395,,33,Face Close-up
V007126,C00445,2017-09-16,Gaming,Standard Video,Urdu,3344,General,37,Collage
V007127,C00565,2021-12-14,Gaming,Standard Video,Filipino,211,General,48,Text Overlay
V007128,C00666,2024-08-10,Film,Standard Video,Spanish,257,General,50,
V007129,C01250,2022-11-08,Entertainment,Short,English,41,General,20,Screenshot
V007130,C00003,2026-04-06,Education,Standard Video,Hindi,268,General,47,Bright Colors
V007131,C01787,2017-07-20,Entertainment,Standard Video,Spanish,480,General,,Screenshot
V007132,C01133,2019-01-03,Education,Standard Video,Italian,414,Teen,36,Minimalist
V007133,C00653,2025-01-18,Entertainment,Short,English,41,General,26,Bright Colors
V007134,C00385,2017-04-19,Music,Short,Turkish,54,General,16,Screenshot
V007135,C00619,2024-05-23,Education,Short,English,37,General,34,Text Overlay
V007136,C00999,2015-05-01,Lifestyle,Short,English,24,Mature,13,Before-After
V007137,C01487,2024-07-06,Sports,Short,English,24,General,32,Bright Colors
V007138,C00526,2019-03-05,Music,Short,English,53,General,20,Text Overlay
V007139,C00903,2019-10-21,Film,Standard Video,English,265,General,59,Bright Colors
V007140,C00414,2018-03-18,Sports,Live Stream,English,13084,General,58,Bright Colors
V007141,C00173,2017-02-25,Gaming,Short,Portuguese,17,Teen,11,Minimalist
V007142,C00398,2024-04-30,Gaming,Standard Video,Japanese,820,General,,Collage
V007143,C01698,2015-02-15,Music,Standard Video,German,1396,General,70,Minimalist
V007144,C01870,2016-04-05,Education,Short,Filipino,46,Teen,14,Minimalist
V007145,C01666,2016-01-08,Education,Short,Hindi,48,General,28,Minimalist
V007146,C01161,2024-01-15,Gaming,Standard Video,Spanish,921,General,22,Text Overlay
V007147,C01925,2026-05-11,Sports,Short,Hindi,38,General,31,Face Close-up
V007148,C00638,2024-09-05,Education,Premiere,Hindi,1156,General,42,Text Overlay
V007149,C01881,2019-04-16,Lifestyle,Standard Video,Thai,128,General,56,Text Overlay
V007150,C01639,2025-08-26,Technology,Standard Video,Hindi,133,General,50,Face Close-up
V007151,C00193,2023-02-15,Film,Standard Video,Spanish,543,General,31,Bright Colors
V007152,C00642,2025-08-17,Music,Standard Video,English,606,Mature,53,Bright Colors
V007153,C01294,2022-09-12,Lifestyle,Standard Video,Spanish,902,General,68,Minimalist
V007154,C00409,2022-10-04,Music,Standard Video,Hindi,293,General,52,Before-After
V007155,C00679,2024-06-07,Entertainment,Short,Japanese,23,General,28,Collage
V007156,C01307,2025-08-28,Music,Short,English,19,General,27,Collage
V007157,C00625,2025-09-28,Film,Standard Video,Japanese,739,General,37,Collage
V007158,C01685,2024-03-18,Gaming,Standard Video,English,678,General,43,Before-After
V007159,C00798,2025-10-02,Sports,Short,Hindi,35,General,30,Screenshot
V007160,C00247,2026-06-27,Sports,Standard Video,English,1003,General,40,Screenshot
V007161,C01144,2012-08-17,News,Standard Video,Portuguese,94,Teen,58,Before-After
V007162,C00336,2024-03-31,Gaming,Standard Video,Indonesian,64,General,44,Face Close-up
V007163,C01291,2016-10-08,Comedy,Standard Video,English,171,General,60,Bright Colors
V007164,C01769,2020-07-12,Film,Standard Video,English,1367,General,34,Face Close-up
V007165,C01375,2014-07-12,News,Short,English,22,General,20,Screenshot
V007166,C01522,2022-11-14,Education,Standard Video,English,184,General,46,Screenshot
V007167,C01920,2022-04-11,News,Short,Hindi,25,General,33,Minimalist
V007168,C01435,2020-05-20,Technology,Live Stream,Korean,2110,General,35,Face Close-up
V007169,C00518,2016-01-11,Comedy,Short,Spanish,34,General,42,Face Close-up
V007170,C01289,2014-12-30,Education,Standard Video,Hindi,275,Teen,55,Before-After
V007171,C01274,2021-08-24,Education,Standard Video,English,1644,General,46,Text Overlay
V007172,C00465,2014-08-15,Lifestyle,Standard Video,Hindi,415,General,16,Minimalist
V007173,C00745,2022-10-25,Education,Standard Video,Japanese,353,General,15,Face Close-up
V007174,C00920,2014-11-15,Music,Short,Urdu,46,Mature,14,Screenshot
V007175,C00309,2023-04-25,Sports,Short,Hindi,59,,20,Collage
V007176,C01584,2021-05-14,Sports,Short,Marathi,29,Teen,35,Collage
V007177,C01294,2022-06-30,Lifestyle,Short,Hindi,41,General,25,Face Close-up
V007178,C01782,2022-08-07,Entertainment,Short,Spanish,34,General,36,Minimalist
V007179,C00776,2021-11-02,Lifestyle,Short,Filipino,25,General,31,Minimalist
V007180,C00676,2014-04-18,Sports,Short,Portuguese,24,General,44,Minimalist
V007181,C01058,2024-06-17,Gaming,Standard Video,Korean,100,General,31,Collage
V007182,C00621,2022-10-16,Comedy,Short,Telugu,49,General,38,
V007183,C01871,2024-12-02,Lifestyle,Standard Video,Portuguese,292,,54,Collage
V007184,C01552,2017-08-27,Entertainment,Standard Video,Filipino,556,Teen,57,Text Overlay
V007185,C01932,2022-11-08,Education,Standard Video,Vietnamese,891,General,54,Minimalist
V007186,C01268,2014-08-06,Film,Live Stream,English,9141,General,53,Before-After
V007187,C01161,2024-11-06,Gaming,Standard Video,Spanish,481,General,55,Text Overlay
V007188,C01786,2020-09-16,Sports,Short,Indonesian,28,General,,Bright Colors
V007189,C00259,2016-07-07,Comedy,Standard Video,Portuguese,457,General,50,Screenshot
V007190,C00678,2020-07-17,Music,Standard Video,Portuguese,94,General,67,
V007191,C00148,2014-03-16,Technology,Standard Video,English,274,General,40,Face Close-up
V007192,C01399,2020-06-08,Education,Live Stream,English,6948,General,46,Screenshot
V007193,C00288,2024-01-12,Comedy,Short,English,52,General,21,Minimalist
V007194,C00047,2014-06-26,Music,Short,English,31,General,15,Text Overlay
V007195,C00103,2012-01-15,Music,Standard Video,English,597,General,43,Face Close-up
V007196,C01834,2026-07-04,Gaming,Standard Video,English,253,Teen,41,Collage
V007197,C00652,2024-05-15,Education,Short,English,46,General,25,Collage
V007198,C01496,2022-10-03,Comedy,Standard Video,Portuguese,711,Teen,34,Before-After
V007199,C00520,2012-02-14,Gaming,Standard Video,French,142,Teen,81,Text Overlay
V007200,C01247,2022-04-25,Lifestyle,Standard Video,Portuguese,628,,51,Screenshot
V007201,C00658,2026-01-29,Comedy,Short,Turkish,16,General,16,Screenshot
V007202,C00693,2017-08-21,Entertainment,Short,Bengali,55,Teen,32,Text Overlay
V007203,C00365,2020-01-19,Entertainment,Standard Video,English,1039,General,23,Bright Colors
V007204,C01503,2019-05-30,Gaming,Standard Video,English,116,General,57,Screenshot
V007205,C01206,2025-12-09,Lifestyle,Standard Video,Portuguese,325,Teen,43,Screenshot
V007206,C00206,2019-05-06,Gaming,Standard Video,Spanish,185,General,41,Bright Colors
V007207,C00192,2026-03-03,Entertainment,Standard Video,English,200,General,33,Bright Colors
V007208,C01665,2026-06-15,Gaming,Standard Video,Indonesian,605,General,41,Minimalist
V007209,C01089,2019-03-08,Education,Standard Video,English,391,Mature,66,Before-After
V007210,C01215,2025-03-16,Sports,Standard Video,English,629,General,34,Collage
V007211,C00193,2013-08-15,Film,Standard Video,Spanish,268,General,51,Before-After
V007212,C00002,2020-08-20,Music,Standard Video,Portuguese,202,General,38,Before-After
V007213,C00259,2015-02-24,Entertainment,Standard Video,Portuguese,999,General,35,Screenshot
V007214,C00690,2025-04-03,Sports,Standard Video,English,414,General,73,Screenshot
V007215,C00627,2016-02-28,Music,Standard Video,Portuguese,191,General,37,Minimalist
V007216,C01284,2022-05-02,News,Short,Indonesian,16,General,25,Before-After
V007217,C00385,2017-10-29,Music,Standard Video,Turkish,346,General,46,Text Overlay
V007218,C01910,2022-08-30,Music,Short,Hindi,43,General,26,Face Close-up
V007219,C00427,2020-01-05,Entertainment,Standard Video,English,173,General,61,Bright Colors
V007220,C00947,2020-03-29,Gaming,Standard Video,English,500,General,38,Bright Colors
V007221,C01960,2025-08-22,Music,Short,Hindi,34,Teen,29,Bright Colors
V007222,C00035,2023-07-16,News,Standard Video,Hindi,635,Teen,29,Before-After
V007223,C01233,2025-05-21,Technology,Short,Spanish,29,General,41,Collage
V007224,C01110,2024-12-17,Music,Standard Video,Portuguese,1931,General,10,Minimalist
V007225,C01111,2014-12-05,Music,Short,English,45,General,8,Bright Colors
V007226,C01584,2012-11-18,Sports,Standard Video,Marathi,510,Teen,51,Face Close-up
V007227,C00256,2022-11-27,Technology,Short,English,21,General,36,Bright Colors
V007228,C01257,2015-07-06,Gaming,Standard Video,French,1193,General,33,Collage
V007229,C01437,2022-09-13,Gaming,Premiere,Spanish,1702,General,33,Collage
V007230,C00962,2021-10-31,Sports,Live Stream,Vietnamese,2998,General,47,Bright Colors
V007231,C01262,2014-12-20,Lifestyle,Short,Hindi,38,Mature,30,Screenshot
V007232,C00144,2026-02-07,Education,Standard Video,German,1891,General,35,Collage
V007233,C00296,2021-08-08,News,Short,Hindi,28,General,31,Text Overlay
V007234,C01735,2024-11-16,Education,Standard Video,English,396,General,53,Bright Colors
V007235,C01507,2014-10-01,Education,Standard Video,Hindi,441,General,36,Text Overlay
V007236,C00208,2019-10-28,Comedy,Short,Spanish,20,General,31,Before-After
V007237,C01248,2024-04-02,Lifestyle,Short,English,60,General,45,Screenshot
V007238,C00353,2017-12-21,Gaming,Standard Video,Kannada,134,General,48,Face Close-up
V007239,C00609,2024-02-28,Lifestyle,Standard Video,Hindi,380,General,75,Screenshot
V007240,C00704,2023-11-18,Entertainment,Short,Indonesian,53,Teen,27,Minimalist
V007241,C00259,2018-07-24,Entertainment,Live Stream,Spanish,3023,General,46,Before-After
V007242,C00550,2022-02-17,Entertainment,Standard Video,French,160,General,49,Bright Colors
V007243,C00630,2013-09-28,Technology,Short,Hindi,19,General,28,Bright Colors
V007244,C00409,2026-05-16,Sports,Short,Hindi,32,General,30,Face Close-up
V007245,C00946,2025-10-09,Entertainment,Standard Video,English,3281,Mature,45,Screenshot
V007246,C00247,2026-06-10,Sports,Standard Video,English,858,General,43,Text Overlay
V007247,C01521,2019-09-03,Gaming,Short,Hindi,26,General,27,Face Close-up
V007248,C01790,2016-02-19,Gaming,Short,Spanish,39,General,23,Collage
V007249,C01584,2017-08-07,Sports,Standard Video,Marathi,1751,Teen,61,Collage
V007250,C01149,2016-12-28,Comedy,Premiere,Indonesian,539,General,52,
V007251,C00977,2024-09-04,Film,Standard Video,English,66,General,74,Text Overlay
V007252,C00732,2024-09-29,Comedy,Standard Video,English,334,General,45,Text Overlay
V007253,C00500,2025-06-24,Entertainment,Standard Video,English,926,Teen,50,Face Close-up
V007254,C01372,2025-07-11,Sports,Standard Video,Hindi,3605,General,33,Text Overlay
V007255,C00635,2022-07-12,Film,Standard Video,English,1249,Teen,45,Bright Colors
V007256,C01279,2014-05-23,Comedy,Live Stream,English,4832,General,42,Bright Colors
V007257,C00103,2025-08-16,Education,Short,English,43,General,30,Screenshot
V007258,C00625,2025-01-14,Film,Short,Hindi,52,General,25,Face Close-up
V007259,C00254,2022-03-07,Entertainment,Standard Video,English,3603,General,28,Text Overlay
V007260,C01192,2021-05-30,Sports,Short,English,51,General,30,Collage
V007261,C00591,2018-09-14,Gaming,Standard Video,English,541,Teen,30,Face Close-up
V007262,C00909,2022-01-06,Education,Short,German,20,Teen,39,Minimalist
V007263,C00254,2022-05-25,Gaming,Short,English,36,General,31,Face Close-up
V007264,C01184,2021-04-29,Music,Short,Urdu,22,General,28,Collage
V007265,C00487,2022-04-09,Entertainment,Live Stream,German,7628,General,36,Minimalist
V007266,C01579,2017-06-21,Gaming,Standard Video,Hindi,254,General,27,Screenshot
V007267,C01471,2026-06-30,Music,Live Stream,Kannada,2228,General,68,Text Overlay
V007268,C01636,2025-02-06,Film,Short,Hindi,28,General,23,Minimalist
V007269,C01198,2025-10-13,Comedy,Short,Hindi,44,General,10,Collage
V007270,C00135,2021-08-22,Education,Standard Video,Filipino,361,General,38,Before-After
V007271,C00667,2026-07-14,News,Short,Hindi,39,General,45,Screenshot
V007272,C01773,2023-01-30,Sports,Live Stream,English,10247,Teen,56,Face Close-up
V007273,C01143,2014-05-26,Education,Short,English,41,General,26,Minimalist
V007274,C00321,2024-05-19,Comedy,Short,English,55,General,27,Text Overlay
V007275,C01314,2011-10-13,Lifestyle,Short,Hindi,45,General,33,Screenshot
V007276,C00622,2018-08-13,Film,Standard Video,German,260,Teen,46,Face Close-up
V007277,C00279,2016-01-24,Entertainment,Standard Video,Hindi,597,General,44,Before-After
V007278,C00819,2019-12-10,Music,Standard Video,English,1090,General,34,Before-After
V007279,C01800,2015-04-18,Gaming,Short,Hindi,34,Teen,37,Bright Colors
V007280,C01137,2012-10-13,Education,Short,English,43,General,29,Text Overlay
V007281,C00930,2025-01-27,Comedy,Live Stream,Japanese,11447,General,10,Face Close-up
V007282,C00854,2020-08-22,Education,Short,English,16,Teen,30,Text Overlay
V007283,C01130,2019-04-05,News,Standard Video,Urdu,173,General,58,Collage
V007284,C00887,2019-04-05,Film,Standard Video,English,897,Teen,73,Face Close-up
V007285,C01702,2012-08-25,Entertainment,Short,German,39,General,18,Minimalist
V007286,C00010,2016-08-25,Entertainment,Short,English,44,General,41,Screenshot
V007287,C00812,2015-10-24,Education,Standard Video,Filipino,503,General,57,Face Close-up
V007288,C01271,2026-06-14,Entertainment,Premiere,English,874,General,51,Minimalist
V007289,C00592,2010-11-06,Music,Standard Video,English,61,General,39,Face Close-up
V007290,C01554,2020-08-21,Entertainment,Standard Video,English,208,General,19,Minimalist
V007291,C00851,2019-12-22,Comedy,Standard Video,English,447,General,39,Screenshot
V007292,C01122,2017-02-23,Film,Standard Video,Spanish,1056,Mature,57,Face Close-up
V007293,C01075,2024-07-31,Comedy,Short,German,39,General,41,Face Close-up
V007294,C01924,2016-06-16,Entertainment,Short,Hindi,58,Teen,10,Face Close-up
V007295,C01086,2025-03-12,Lifestyle,Short,Indonesian,50,General,28,Face Close-up
V007296,C01118,2014-01-05,Music,Standard Video,English,445,General,58,Collage
V007297,C00543,2022-06-04,Technology,Standard Video,English,466,General,74,Text Overlay
V007298,C01031,2023-01-09,Sports,Standard Video,English,299,General,34,Collage
V007299,C01894,2026-02-06,Music,Short,Hindi,40,General,27,Text Overlay
V007300,C01346,2023-03-11,Film,Short,English,19,General,23,
V007301,C01459,2018-08-31,Music,Standard Video,English,4464,General,53,Face Close-up
V007302,C01678,2019-02-17,Gaming,Short,Hindi,30,General,18,Text Overlay
V007303,C01902,2017-10-08,Lifestyle,Short,French,22,General,19,Screenshot
V007304,C00422,2026-05-28,Music,Premiere,Hindi,82,General,44,Before-After
V007305,C01677,2025-05-01,Education,Standard Video,English,328,General,47,Screenshot
V007306,C01673,2023-02-21,Music,Standard Video,Hindi,817,General,34,Screenshot
V007307,C01658,2026-01-15,Gaming,Standard Video,English,722,General,56,Minimalist
V007308,C00099,2013-12-29,Entertainment,Standard Video,Spanish,1106,Mature,48,Minimalist
V007309,C01032,2023-08-29,Film,Standard Video,Portuguese,83,General,61,Before-After
V007310,C01336,2026-05-15,Technology,Short,Urdu,41,Teen,23,Collage
V007311,C01816,2019-09-26,Entertainment,Standard Video,Portuguese,733,General,44,Text Overlay
V007312,C00478,2018-11-29,Film,Short,Bengali,24,General,31,Face Close-up
V007313,C00099,2023-03-24,Technology,Short,Spanish,18,Mature,8,Bright Colors
V007314,C01891,2015-07-21,Lifestyle,Standard Video,Portuguese,884,General,44,Text Overlay
V007315,C00408,2021-12-04,Lifestyle,Standard Video,Hindi,1182,General,27,Bright Colors
V007316,C00391,2026-06-10,Lifestyle,Short,Tamil,25,General,26,Face Close-up
V007317,C00148,2012-04-27,Technology,Standard Video,English,767,General,46,Bright Colors
V007318,C00079,2026-07-15,Gaming,Short,Portuguese,45,General,18,Collage
V007319,C00047,2021-05-18,Music,Standard Video,Portuguese,626,General,78,Bright Colors
V007320,C01914,2016-01-05,Music,Short,English,17,Teen,23,Before-After
V007321,C01045,2025-08-22,Entertainment,Standard Video,Vietnamese,611,General,10,Bright Colors
V007322,C01507,2012-09-25,Education,Standard Video,Hindi,4186,General,51,Face Close-up
V007323,C00842,2021-03-30,News,Standard Video,Kannada,451,General,43,Face Close-up
V007324,C00108,2026-01-02,Sports,Short,English,27,General,8,Bright Colors
V007325,C01826,2013-07-05,Gaming,Standard Video,Indonesian,453,General,55,Face Close-up
V007326,C01822,2017-07-03,Film,Live Stream,Hindi,8348,General,39,Bright Colors
V007327,C00256,2023-02-23,Gaming,Standard Video,English,156,General,41,Face Close-up
V007328,C00431,2025-08-20,Technology,Short,Tamil,27,General,17,Minimalist
V007329,C00177,2016-04-01,Sports,Short,Spanish,58,Teen,30,Minimalist
V007330,C00296,2021-10-05,News,Short,Hindi,54,General,23,Face Close-up
V007331,C01859,2022-03-19,Technology,Short,Vietnamese,36,Teen,26,Minimalist
V007332,C01593,2024-07-19,Gaming,Premiere,Turkish,1019,General,55,Bright Colors
V007333,C00689,2025-04-05,Entertainment,Standard Video,English,1465,General,58,Before-After
V007334,C00745,2018-02-16,Education,Short,Japanese,18,General,24,Screenshot
V007335,C00410,2023-09-26,Technology,Standard Video,English,479,General,44,Before-After
V007336,C01834,2026-07-18,Gaming,Standard Video,English,435,Teen,47,Collage
V007337,C01983,2019-11-08,Technology,Standard Video,English,672,,39,Face Close-up
V007338,C01359,2025-01-05,Music,Standard Video,English,89,General,41,Face Close-up
V007339,C00892,2025-08-28,Comedy,Standard Video,German,804,General,68,Bright Colors
V007340,C01892,2011-02-06,Sports,Standard Video,German,135,General,41,Face Close-up
V007341,C00292,2023-03-27,Technology,Short,Filipino,52,General,15,Minimalist
V007342,C00914,2023-10-22,Comedy,Standard Video,Bengali,209,Teen,55,Minimalist
V007343,C01672,2019-10-05,Technology,Standard Video,Hindi,369,Teen,20,Screenshot
V007344,C01300,2013-04-25,Entertainment,Standard Video,English,3038,General,61,Before-After
V007345,C00670,2013-02-24,Lifestyle,Short,English,33,General,8,Bright Colors
V007346,C01916,2019-10-16,Technology,Premiere,Kannada,319,General,32,Face Close-up
V007347,C00905,2024-10-28,Entertainment,Standard Video,English,254,General,45,Bright Colors
V007348,C00781,2024-10-20,Lifestyle,Standard Video,English,315,Teen,62,Collage
V007349,C01978,2025-01-31,Technology,Short,Hindi,44,General,11,Collage
V007350,C01732,2022-11-02,Lifestyle,Standard Video,Indonesian,225,General,30,Minimalist
V007351,C00654,2020-06-26,Sports,Short,Italian,20,General,48,Face Close-up
V007352,C00642,2025-08-22,Music,Short,English,49,Mature,31,Screenshot
V007353,C00365,2022-04-23,Technology,Standard Video,English,1297,General,43,Minimalist
V007354,C00852,2022-04-25,Film,Short,Vietnamese,36,General,18,Screenshot
V007355,C01305,2022-12-03,Gaming,Short,English,59,General,21,Collage
V007356,C00264,2020-11-21,Lifestyle,Standard Video,Spanish,405,General,10,Minimalist
V007357,C00552,2024-11-25,Entertainment,Live Stream,Spanish,9867,General,78,Screenshot
V007358,C00256,2024-01-18,Lifestyle,Short,English,27,General,30,Screenshot
V007359,C00716,2016-06-20,Gaming,Short,English,45,General,33,Text Overlay
V007360,C00532,2021-08-11,Music,Standard Video,Korean,1287,Mature,45,Text Overlay
V007361,C00139,2024-04-10,Film,Short,Hindi,51,General,18,Collage
V007362,C01809,2012-07-05,Education,Standard Video,Portuguese,2392,General,34,Before-After
V007363,C00634,2016-05-07,Gaming,Standard Video,English,404,General,47,Screenshot
V007364,C00452,2020-07-27,Entertainment,Live Stream,Korean,2234,General,74,Collage
V007365,C00311,2020-11-17,Lifestyle,Short,Thai,39,General,20,Collage
V007366,C01978,2023-06-09,Technology,Short,English,53,General,40,Collage
V007367,C00786,2018-01-20,Gaming,Standard Video,English,468,Mature,23,Minimalist
V007368,C01058,2020-02-13,Gaming,Short,Korean,20,General,37,Face Close-up
V007369,C01658,2026-07-15,Gaming,Standard Video,English,417,General,56,Minimalist
V007370,C00302,2020-07-30,Lifestyle,Short,English,32,General,36,Bright Colors
V007371,C00653,2024-12-15,Entertainment,Standard Video,English,581,General,71,Bright Colors
V007372,C01700,2023-06-11,Sports,Standard Video,Spanish,1031,Teen,39,Bright Colors
V007373,C00666,2025-04-12,Education,Standard Video,Spanish,458,General,75,Screenshot
V007374,C01204,2026-07-22,Film,Short,English,42,Mature,34,Before-After
V007375,C00812,2026-06-12,Education,Short,Filipino,57,General,28,Text Overlay
V007376,C01783,2017-05-17,Education,Live Stream,Hindi,2764,General,79,Before-After
V007377,C01523,2012-01-06,Gaming,Standard Video,Japanese,171,Teen,64,Face Close-up
V007378,C01289,2016-07-07,Education,Standard Video,Hindi,479,Teen,66,
V007379,C01025,2016-03-14,Sports,Standard Video,English,95,Teen,75,Bright Colors
V007380,C00666,2024-08-06,Education,Standard Video,Spanish,190,,52,Before-After
V007381,C01961,2018-12-11,Film,Standard Video,English,543,General,40,Screenshot
V007382,C00320,2026-07-21,Music,Short,Hindi,25,General,24,Face Close-up
V007383,C01492,2024-02-06,Comedy,Short,Indonesian,53,General,,Screenshot
V007384,C01771,2013-05-20,Education,Standard Video,English,587,General,43,Before-After
V007385,C01978,2025-10-29,Technology,Short,Hindi,39,General,25,Bright Colors
V007386,C01169,2011-02-14,News,Standard Video,German,463,General,34,Minimalist
V007387,C01343,2019-07-31,Technology,Short,English,15,General,11,Collage
V007388,C00781,2017-09-03,Lifestyle,Standard Video,English,305,Teen,42,Bright Colors
V007389,C00153,2021-09-01,Film,Standard Video,English,542,General,40,Face Close-up
V007390,C00047,2020-03-07,Music,Short,English,50,General,13,Face Close-up
V007391,C00094,2018-02-23,Technology,Standard Video,English,1684,General,52,Screenshot
V007392,C01468,2015-08-17,Education,Standard Video,English,1320,Teen,,Bright Colors
V007393,C01436,2019-05-05,Entertainment,Standard Video,English,450,General,55,Collage
V007394,C01914,2024-03-24,Gaming,Standard Video,English,662,Teen,42,Bright Colors
V007395,C00139,2019-03-02,Film,Live Stream,Hindi,3461,General,37,Face Close-up
V007396,C00380,2013-03-30,Gaming,Short,English,55,General,35,Collage
V007397,C01619,2025-08-28,Music,Short,English,23,General,48,Bright Colors
V007398,C01633,2017-02-09,News,Standard Video,Indonesian,311,Teen,57,Text Overlay
V007399,C01739,2023-01-13,Music,Standard Video,English,232,General,41,Bright Colors
V007400,C00922,2018-07-09,Gaming,Standard Video,French,311,General,25,Minimalist
V007401,C01135,2026-03-29,News,Short,English,32,General,43,Bright Colors
V007402,C00399,2021-10-22,Lifestyle,Standard Video,English,207,Teen,52,Bright Colors
V007403,C01132,2018-05-04,Film,Short,Hindi,48,General,45,Face Close-up
V007404,C00579,2024-02-03,Lifestyle,Short,English,36,General,20,Text Overlay
V007405,C00834,2021-05-14,Gaming,Standard Video,Vietnamese,310,General,58,Bright Colors
V007406,C00178,2014-10-01,Gaming,Short,Spanish,37,Teen,31,Face Close-up
V007407,C00173,2021-08-17,Gaming,Short,Portuguese,23,Teen,10,Face Close-up
V007408,C00199,2023-07-23,Gaming,Short,Korean,36,General,26,Before-After
V007409,C01261,2020-04-14,Lifestyle,Standard Video,German,421,General,79,Face Close-up
V007410,C00154,2022-04-06,Gaming,Standard Video,English,237,,61,Face Close-up
V007411,C01116,2025-12-05,Comedy,Standard Video,German,202,General,63,Face Close-up
V007412,C00463,2024-09-13,Comedy,Standard Video,English,1865,General,61,Face Close-up
V007413,C00185,2024-09-24,Gaming,Short,Spanish,49,General,21,Minimalist
V007414,C00876,2024-03-14,Sports,Standard Video,English,248,Teen,15,Text Overlay
V007415,C00666,2026-01-09,Education,Standard Video,Spanish,62,Teen,56,Bright Colors
V007416,C00873,2019-10-18,Education,Short,English,41,General,35,Before-After
V007417,C00018,2026-01-07,Comedy,Short,English,34,General,17,Text Overlay
V007418,C00700,2020-10-02,Music,Standard Video,Hindi,2076,Teen,56,Collage
V007419,C01626,2011-10-21,Technology,Standard Video,Hindi,962,General,44,Before-After
V007420,C00577,2016-03-09,Lifestyle,Short,German,23,General,22,Face Close-up
V007421,C01116,2025-08-27,Comedy,Short,German,36,General,32,Text Overlay
V007422,C00217,2022-06-10,Gaming,Short,English,42,General,31,Text Overlay
V007423,C01071,2018-04-28,Film,Short,English,47,General,18,Text Overlay
V007424,C01738,2023-07-13,Music,Standard Video,English,321,General,48,Screenshot
V007425,C00702,2019-12-01,Film,Premiere,Filipino,408,General,49,Screenshot
V007426,C00647,2021-07-18,Education,Live Stream,Hindi,6527,Mature,29,Before-After
V007427,C00013,2023-01-09,Education,Premiere,Japanese,220,General,16,Text Overlay
V007428,C00241,2017-01-22,Music,Short,English,59,General,22,Bright Colors
V007429,C01512,2022-04-23,Sports,Premiere,English,1759,Teen,38,Before-After
V007430,C01352,2020-11-09,Gaming,Standard Video,English,190,General,39,Before-After
V007431,C00055,2017-07-30,Entertainment,Standard Video,Vietnamese,490,General,39,Minimalist
V007432,C01735,2023-03-22,Education,Standard Video,English,345,General,34,Face Close-up
V007433,C01579,2021-02-03,Gaming,Short,Hindi,25,General,25,Face Close-up
V007434,C00016,2022-12-25,Lifestyle,Short,Indonesian,48,General,28,Minimalist
V007435,C00411,2022-01-06,Entertainment,Standard Video,English,1553,General,65,Text Overlay
V007436,C01914,2016-03-28,Music,Standard Video,English,487,Teen,44,Minimalist
V007437,C00609,2023-12-31,News,Standard Video,Hindi,447,General,24,Face Close-up
V007438,C01896,2024-04-23,Comedy,Standard Video,English,1022,General,48,Face Close-up
V007439,C00079,2024-04-17,Gaming,Standard Video,Hindi,61,General,49,Screenshot
V007440,C00454,2015-10-28,Film,Short,Spanish,47,General,22,Text Overlay
V007441,C00409,2015-10-26,Music,Short,Hindi,36,General,23,Collage
V007442,C01896,2022-12-05,Sports,Standard Video,Spanish,506,General,45,
V007443,C01620,2026-05-29,Film,Standard Video,Korean,615,General,21,Minimalist
V007444,C01012,2020-09-30,Entertainment,Standard Video,Hindi,564,Teen,29,Minimalist
V007445,C00734,2015-06-13,Lifestyle,Standard Video,Hindi,231,Teen,43,Minimalist
V007446,C00577,2014-05-09,Entertainment,Short,German,35,General,31,Text Overlay
V007447,C00878,2020-04-18,News,Premiere,Italian,222,General,56,Bright Colors
V007448,C00877,2018-02-22,Sports,Standard Video,English,1036,General,34,Minimalist
V007449,C01351,2015-12-19,Gaming,Standard Video,German,134,General,64,Face Close-up
V007450,C01521,2024-11-15,Music,Standard Video,Kannada,453,General,54,Text Overlay
V007451,C01421,2026-06-11,Education,Short,English,46,General,39,Text Overlay
V007452,C00090,2016-10-11,Education,Short,English,19,General,25,Screenshot
V007453,C00818,2025-04-01,Comedy,Short,Spanish,45,Teen,22,Before-After
V007454,C00726,2018-01-28,Education,Short,German,58,General,47,Text Overlay
V007455,C01212,2013-02-27,Entertainment,Standard Video,English,344,Teen,57,Before-After
V007456,C01020,2023-01-05,Gaming,Standard Video,Hindi,271,Mature,53,Bright Colors
V007457,C01908,2011-07-16,Lifestyle,Short,Telugu,35,General,16,Collage
V007458,C01787,2025-04-09,Entertainment,Short,English,27,General,10,Face Close-up
V007459,C01456,2017-09-13,Technology,Standard Video,English,795,General,53,Minimalist
V007460,C00500,2017-04-22,Entertainment,Live Stream,English,11832,General,45,
V007461,C01910,2023-04-12,Sports,Standard Video,Hindi,581,General,47,Bright Colors
V007462,C00227,2022-01-06,Technology,Short,Spanish,29,General,8,Face Close-up
V007463,C00520,2011-10-07,Comedy,Short,French,37,Teen,15,Screenshot
V007464,C00083,2023-04-29,Education,Short,Portuguese,30,Mature,31,Face Close-up
V007465,C01185,2026-03-22,Education,Short,Korean,55,General,35,Bright Colors
V007466,C00094,2014-10-24,Technology,Standard Video,English,692,General,64,Minimalist
V007467,C00010,2019-12-28,Entertainment,Short,English,35,General,26,Bright Colors
V007468,C01035,2025-02-28,Lifestyle,Short,Portuguese,27,General,14,Bright Colors
V007469,C00445,2016-06-29,Music,Standard Video,Urdu,275,General,69,Face Close-up
V007470,C01367,2021-02-05,Lifestyle,Standard Video,Spanish,163,General,64,Bright Colors
V007471,C00676,2013-03-20,Sports,Standard Video,Portuguese,589,General,27,Screenshot
V007472,C00562,2022-12-29,Sports,Short,English,44,General,17,Minimalist
V007473,C01257,2015-07-05,Gaming,Standard Video,Spanish,1658,General,51,Bright Colors
V007474,C01118,2013-04-03,Music,Short,English,55,General,22,Minimalist
V007475,C01737,2025-07-06,Education,Short,Bengali,18,General,48,Collage
V007476,C00241,2015-09-06,Music,Premiere,English,1785,General,37,Text Overlay
V007477,C01247,2012-12-28,Lifestyle,Standard Video,English,1117,General,37,Before-After
V007478,C01990,2013-09-11,Music,Standard Video,English,529,General,43,Before-After
V007479,C01988,2022-11-27,Film,Standard Video,Portuguese,1222,General,61,Collage
V007480,C01233,2026-04-17,Technology,Standard Video,Spanish,79,General,33,Text Overlay
V007481,C00583,2026-02-06,Sports,Short,Portuguese,57,General,14,Face Close-up
V007482,C01879,2025-02-06,Gaming,Standard Video,Portuguese,1444,General,59,Before-After
V007483,C01013,2015-04-06,Entertainment,Short,Spanish,22,General,18,Face Close-up
V007484,C00739,2023-05-24,Technology,Standard Video,Hindi,1964,General,65,Face Close-up
V007485,C01192,2021-07-25,Sports,Standard Video,Filipino,883,General,49,Face Close-up
V007486,C01831,2010-07-13,Entertainment,Short,English,31,General,23,Collage
V007487,C01679,2013-02-28,Gaming,Short,Spanish,39,General,29,Text Overlay
V007488,C00855,2022-04-21,Lifestyle,Short,Indonesian,28,General,27,Minimalist
V007489,C00257,2022-12-01,Technology,Standard Video,Filipino,339,General,40,Bright Colors
V007490,C00648,2022-08-10,Education,Standard Video,Filipino,269,General,42,Collage
V007491,C00855,2026-04-10,Lifestyle,Standard Video,Indonesian,178,General,29,Bright Colors
V007492,C01136,2020-02-22,Education,Standard Video,German,383,General,65,Screenshot
V007493,C01012,2012-11-28,Entertainment,Premiere,Hindi,1941,General,45,Screenshot
V007494,C00177,2025-05-07,Sports,Standard Video,Spanish,143,Teen,67,Minimalist
V007495,C00596,2026-04-29,Film,Standard Video,Vietnamese,5400,General,36,Bright Colors
V007496,C00086,2018-11-30,Sports,Short,Hindi,46,Teen,10,Minimalist
V007497,C01366,2022-11-15,Entertainment,Standard Video,English,153,General,78,Screenshot
V007498,C01650,2021-10-11,Technology,Standard Video,English,438,General,58,Screenshot
V007499,C00866,2016-01-29,Education,Short,Spanish,44,General,15,Minimalist
V007500,C00720,2018-04-30,Technology,Standard Video,Hindi,355,Teen,21,Minimalist
V007501,C00199,2019-08-03,Gaming,Short,Korean,51,General,12,Bright Colors
V007502,C00378,2010-03-30,Technology,Short,Filipino,30,General,23,Face Close-up
V007503,C01895,2024-11-11,Film,Standard Video,Vietnamese,1046,General,19,Screenshot
V007504,C00843,2014-02-05,Education,Short,Hindi,45,,21,Collage
V007505,C01184,2024-04-07,Sports,Premiere,Urdu,175,General,46,Collage
V007506,C01797,2021-03-28,Music,Short,Hindi,48,Mature,23,Collage
V007507,C00798,2025-12-10,Sports,Standard Video,Hindi,1374,General,27,Collage
V007508,C01996,2020-05-31,Education,Short,English,20,General,19,Minimalist
V007509,C00652,2023-09-28,Education,Live Stream,English,12585,General,35,Bright Colors
V007510,C00460,2021-01-21,Comedy,Standard Video,English,322,General,28,Screenshot
V007511,C00132,2017-02-28,Music,Short,English,41,General,13,Screenshot
V007512,C00448,2021-03-11,Technology,Short,Urdu,48,General,21,Bright Colors
V007513,C01348,2015-10-20,Entertainment,Standard Video,English,1341,General,40,Collage
V007514,C01060,2026-03-03,Lifestyle,Standard Video,English,346,Teen,35,Screenshot
V007515,C00697,2026-06-23,News,Standard Video,Spanish,1180,Teen,37,Bright Colors
V007516,C00585,2020-01-22,Gaming,Standard Video,Portuguese,123,General,67,Face Close-up
V007517,C00891,2025-11-07,Education,Standard Video,Korean,471,Teen,54,Collage
V007518,C01075,2025-02-13,Comedy,Premiere,German,659,General,54,Screenshot
V007519,C01626,2014-10-15,Technology,Standard Video,Hindi,805,General,40,Screenshot
V007520,C01376,2021-01-27,Comedy,Standard Video,Hindi,309,General,41,Minimalist
V007521,C01346,2022-07-04,News,Short,English,30,General,41,Collage
V007522,C00192,2021-10-01,Entertainment,Standard Video,English,521,General,42,Bright Colors
V007523,C00064,2017-12-21,Lifestyle,Short,Kannada,41,General,22,Minimalist
V007524,C01453,2025-06-04,Education,Short,Hindi,56,General,26,Minimalist
V007525,C00589,2020-01-08,Gaming,Short,English,50,General,25,Before-After
V007526,C00549,2024-06-05,Music,Standard Video,Japanese,2612,General,28,Bright Colors
V007527,C00746,2023-07-27,Comedy,Short,French,26,General,16,Before-After
V007528,C00181,2022-04-26,Lifestyle,Standard Video,Portuguese,440,General,41,Collage
V007529,C00774,2024-10-22,Film,Short,English,58,General,17,Collage
V007530,C00114,2024-03-13,Gaming,Standard Video,Hindi,336,Teen,44,Face Close-up
V007531,C01343,2018-07-07,Technology,Standard Video,English,516,General,49,Before-After
V007532,C00006,2017-05-04,Comedy,Standard Video,Korean,378,General,51,Text Overlay
V007533,C00173,2011-04-18,Gaming,Short,Portuguese,20,Teen,15,Minimalist
V007534,C00987,2020-02-06,Technology,Short,English,50,General,38,Minimalist
V007535,C00800,2010-12-16,Technology,Standard Video,Japanese,429,General,50,Screenshot
V007536,C01387,2025-12-20,Education,Standard Video,Hindi,3189,General,82,Face Close-up
V007537,C01641,2017-12-21,Education,Premiere,English,841,General,55,Collage
V007538,C01155,2020-03-26,Sports,Standard Video,Portuguese,5378,General,55,Face Close-up
V007539,C01679,2023-07-28,Sports,Short,Filipino,31,General,21,Text Overlay
V007540,C01455,2025-01-08,Sports,Standard Video,English,152,General,40,Text Overlay
V007541,C01150,2025-07-10,Entertainment,Standard Video,English,233,General,71,Minimalist
V007542,C01957,2025-01-28,Music,Standard Video,English,130,General,39,Collage
V007543,C00738,2025-05-20,Lifestyle,Short,English,46,General,8,Face Close-up
V007544,C01831,2011-12-31,Entertainment,Short,English,33,General,27,Before-After
V007545,C01495,2025-01-14,News,Standard Video,Portuguese,204,General,45,Minimalist
V007546,C00507,2014-03-21,Sports,Short,English,45,General,24,Face Close-up
V007547,C00757,2016-07-26,Sports,Standard Video,Portuguese,277,General,39,Face Close-up
V007548,C00664,2022-07-12,Education,Standard Video,English,506,General,52,Bright Colors
V007549,C01250,2019-01-30,Entertainment,Short,English,49,General,28,Face Close-up
V007550,C01235,2018-11-28,Comedy,Standard Video,English,589,General,57,Bright Colors
V007551,C00596,2024-06-28,Film,Short,Vietnamese,22,General,16,Screenshot
V007552,C01115,2024-11-18,Comedy,Standard Video,English,301,General,34,Face Close-up
V007553,C00626,2025-06-19,News,Short,English,29,General,33,Minimalist
V007554,C01200,2025-06-07,Sports,Short,Spanish,51,General,26,Before-After
V007555,C00576,2026-07-20,Technology,Short,French,27,General,30,Minimalist
V007556,C01780,2023-02-09,Sports,Short,English,56,General,,Screenshot
V007557,C00573,2019-09-18,Entertainment,Standard Video,Vietnamese,106,General,55,
V007558,C00399,2021-09-24,Lifestyle,Short,English,59,General,12,Screenshot
V007559,C01450,2026-06-22,Sports,Short,Hindi,34,General,39,Collage
V007560,C01815,2023-10-21,Sports,Short,Tamil,42,General,37,Screenshot
V007561,C01435,2021-07-21,Gaming,Short,English,44,General,16,Collage
V007562,C01844,2025-03-10,Music,Standard Video,Hindi,899,General,10,Bright Colors
V007563,C00286,2024-05-23,Entertainment,Short,Hindi,29,General,26,Bright Colors
V007564,C01247,2025-10-16,Lifestyle,Short,English,50,General,8,Minimalist
V007565,C01833,2013-11-10,News,Standard Video,English,2216,General,42,Bright Colors
V007566,C01753,2013-07-15,Entertainment,Premiere,Spanish,568,General,73,Before-After
V007567,C01906,2026-07-17,News,Short,English,29,General,45,Minimalist
V007568,C01496,2022-01-30,Comedy,Standard Video,Hindi,639,Mature,60,Minimalist
V007569,C00143,2026-03-06,Education,Standard Video,Korean,98,Teen,31,Minimalist
V007570,C00367,2026-07-04,Sports,Short,Urdu,19,Teen,39,Minimalist
V007571,C00110,2015-03-08,Lifestyle,Standard Video,French,1700,General,76,Screenshot
V007572,C00744,2013-03-19,Comedy,Standard Video,Spanish,1213,General,50,Face Close-up
V007573,C00003,2025-11-09,Education,Live Stream,Hindi,13501,General,56,Bright Colors
V007574,C00424,2014-05-12,Education,Standard Video,Hindi,643,Mature,32,Screenshot
V007575,C01930,2017-05-12,Comedy,Standard Video,Hindi,509,Teen,34,Face Close-up
V007576,C00847,2013-12-11,Lifestyle,Short,English,56,Teen,16,Before-After
V007577,C01882,2020-10-18,News,Premiere,English,250,General,44,Bright Colors
V007578,C01646,2020-07-21,News,Standard Video,Filipino,605,General,70,Collage
V007579,C01852,2026-07-12,Film,Short,Indonesian,45,General,18,Face Close-up
V007580,C00652,2024-02-26,Education,Short,English,56,General,34,Bright Colors
V007581,C01891,2010-06-05,Lifestyle,Standard Video,Portuguese,203,General,15,Minimalist
V007582,C00514,2021-02-17,Education,Short,English,51,General,17,Screenshot
V007583,C00448,2019-03-23,Technology,Short,Spanish,26,General,12,Minimalist
V007584,C01655,2025-06-22,Music,Short,Spanish,34,General,30,Bright Colors
V007585,C01891,2024-07-17,Lifestyle,Standard Video,Portuguese,161,General,30,Before-After
V007586,C00177,2021-04-30,Sports,Standard Video,Spanish,171,Teen,30,Face Close-up
V007587,C00220,2020-06-29,Education,Short,English,53,,28,Face Close-up
V007588,C01787,2017-01-21,Entertainment,Standard Video,English,486,General,41,Minimalist
V007589,C01496,2025-08-22,Comedy,Short,Portuguese,50,Teen,30,Face Close-up
V007590,C01777,2023-03-11,Technology,Short,Portuguese,45,Teen,27,Collage
V007591,C01989,2024-01-28,Entertainment,Standard Video,French,476,General,31,Minimalist
V007592,C01895,2019-06-18,Education,Standard Video,Vietnamese,946,General,72,Screenshot
V007593,C01545,2025-01-19,News,Standard Video,English,1539,General,49,Minimalist
V007594,C01940,2025-05-03,Film,Short,Hindi,57,General,19,Face Close-up
V007595,C00464,2011-03-13,Sports,Standard Video,Japanese,822,General,50,Text Overlay
V007596,C01430,2011-09-02,Education,Short,Vietnamese,47,General,29,Before-After
V007597,C00131,2016-02-23,Technology,Standard Video,English,539,General,48,Face Close-up
V007598,C01431,2026-04-20,Comedy,Standard Video,English,935,General,46,Minimalist
V007599,C00910,2026-03-26,News,Standard Video,German,476,General,46,Minimalist
V007600,C01590,2021-08-05,Film,Short,English,45,General,8,Minimalist
V007601,C01633,2015-05-19,News,Standard Video,Indonesian,277,Teen,14,Minimalist
V007602,C00047,2015-03-27,Music,Standard Video,English,895,General,54,Bright Colors
V007603,C00185,2019-05-30,Gaming,Standard Video,Spanish,119,Teen,42,Text Overlay
V007604,C00773,2023-11-03,Film,Premiere,Hindi,714,General,53,
V007605,C01779,2025-12-30,Lifestyle,Standard Video,Turkish,259,General,19,Face Close-up
V007606,C01878,2017-07-23,Music,Short,Portuguese,39,General,9,Screenshot
V007607,C01786,2015-02-10,Music,Standard Video,Indonesian,1112,General,31,Minimalist
V007608,C01306,2011-02-14,Sports,Short,English,29,General,22,Screenshot
V007609,C00648,2017-07-24,Lifestyle,Standard Video,Filipino,984,General,47,Before-After
V007610,C01316,2025-04-29,Music,Standard Video,Turkish,443,General,16,Before-After
V007611,C00591,2017-11-04,Gaming,Standard Video,English,451,Teen,32,Screenshot
V007612,C00565,2020-10-05,Gaming,Standard Video,Filipino,1037,General,41,Text Overlay
V007613,C00525,2011-11-14,Gaming,Short,Hindi,59,General,27,Before-After
V007614,C01777,2024-10-13,News,Standard Video,Portuguese,408,General,48,Minimalist
V007615,C00052,2016-07-16,Music,Short,Spanish,42,General,38,Bright Colors
V007616,C00619,2025-12-28,Entertainment,Standard Video,English,235,General,42,Screenshot
V007617,C01109,2019-05-12,Lifestyle,Live Stream,English,11054,General,45,Screenshot
V007618,C01586,2018-09-18,Lifestyle,Short,Spanish,23,General,24,Screenshot
V007619,C00771,2017-05-01,Comedy,Short,English,22,General,21,
V007620,C01551,2014-07-29,Gaming,Standard Video,Hindi,997,General,72,Collage
V007621,C00947,2023-07-13,Gaming,Short,English,40,General,39,Collage
V007622,C01667,2025-01-24,Education,Premiere,Spanish,3505,General,29,Before-After
V007623,C01866,2024-08-20,Gaming,Standard Video,Indonesian,1401,General,46,Text Overlay
V007624,C00089,2020-06-06,Technology,Standard Video,Indonesian,234,General,30,Collage
V007625,C00729,2021-11-14,Comedy,Standard Video,English,1180,General,61,Before-After
V007626,C01013,2022-11-15,Entertainment,Short,Spanish,45,General,30,Minimalist
V007627,C01028,2020-11-01,Sports,Standard Video,Hindi,312,Teen,46,Face Close-up
V007628,C00389,2019-03-09,Entertainment,Standard Video,English,445,General,54,Screenshot
V007629,C00734,2013-11-27,Lifestyle,Standard Video,Hindi,239,Teen,21,Screenshot
V007630,C01419,2020-06-17,Technology,Short,Spanish,18,Teen,33,Before-After
V007631,C01821,2020-11-08,Technology,Standard Video,Hindi,257,Teen,42,Face Close-up
V007632,C01931,2010-09-19,Comedy,Standard Video,French,363,General,64,Minimalist
V007633,C01711,2023-10-24,Sports,Standard Video,Portuguese,150,General,56,Before-After
V007634,C01709,2012-11-24,Technology,Standard Video,English,841,Teen,69,Collage
V007635,C00529,2020-02-17,Entertainment,Standard Video,Urdu,1002,General,42,Minimalist
V007636,C01177,2017-11-13,News,Short,English,31,Teen,36,Bright Colors
V007637,C00652,2025-10-20,Sports,Short,English,55,General,,Text Overlay
V007638,C00903,2018-10-19,Film,Premiere,English,806,General,33,Bright Colors
V007639,C01099,2011-12-01,Technology,Short,Spanish,31,General,31,Bright Colors
V007640,C01297,2020-04-15,Education,Short,English,36,General,19,Collage
V007641,C01507,2013-01-07,Education,Standard Video,Hindi,685,General,39,Before-After
V007642,C01628,2018-08-31,Gaming,Live Stream,English,10061,General,36,Minimalist
V007643,C01268,2014-04-16,Film,Short,English,29,General,12,Screenshot
V007644,C00245,2024-12-04,Sports,Standard Video,Hindi,925,General,13,Text Overlay
V007645,C01914,2016-01-18,Music,Short,English,34,Teen,23,Minimalist
V007646,C00549,2016-08-24,News,Short,Japanese,58,General,14,Text Overlay
V007647,C01179,2015-05-26,Lifestyle,Short,Italian,17,General,39,Collage
V007648,C00794,2021-09-10,Music,Standard Video,English,834,General,63,Before-After
V007649,C00559,2021-01-20,Film,Short,Hindi,44,Teen,29,Minimalist
V007650,C01393,2024-06-08,Gaming,Standard Video,Marathi,2731,General,16,Face Close-up
V007651,C00341,2020-06-18,Sports,Standard Video,English,683,General,61,Face Close-up
V007652,C01891,2014-08-03,Lifestyle,Standard Video,Portuguese,611,General,52,Collage
V007653,C01743,2017-07-08,Gaming,Premiere,Urdu,159,General,42,Text Overlay
V007654,C00751,2015-04-17,Film,Standard Video,English,637,General,30,Minimalist
V007655,C01144,2012-03-18,Lifestyle,Standard Video,English,385,Teen,71,Bright Colors
V007656,C00608,2016-06-18,Gaming,Short,Hindi,31,General,16,Face Close-up
V007657,C01579,2013-02-11,Gaming,Live Stream,Hindi,14023,General,42,Screenshot
V007658,C00025,2019-12-29,News,Live Stream,Thai,7676,General,50,Text Overlay
V007659,C00774,2022-04-18,Film,Short,English,27,General,19,Face Close-up
V007660,C00255,2025-04-26,Comedy,Short,English,22,General,27,Screenshot
V007661,C00923,2016-06-01,Entertainment,Standard Video,Hindi,138,Mature,62,Bright Colors
V007662,C00309,2025-01-28,Sports,Premiere,Korean,527,Teen,24,Bright Colors
V007663,C01680,2011-03-02,Gaming,Standard Video,English,1430,General,22,Face Close-up
V007664,C00103,2025-12-09,Music,Standard Video,English,2952,General,44,Collage
V007665,C00743,2021-09-10,Music,Live Stream,Spanish,3284,General,26,Collage
V007666,C00966,2012-10-29,Education,Standard Video,Bengali,217,General,27,Face Close-up
V007667,C01305,2018-01-19,Gaming,Short,English,16,General,23,Face Close-up
V007668,C00513,2026-01-14,Music,Short,Spanish,22,,17,Screenshot
V007669,C00878,2015-07-18,Technology,Standard Video,Italian,1553,General,47,Screenshot
V007670,C01876,2013-05-15,Gaming,Standard Video,English,666,General,23,
V007671,C00380,2018-07-07,Sports,Short,English,37,General,13,Collage
V007672,C01435,2025-05-05,Technology,Short,Korean,49,General,37,Collage
V007673,C01356,2022-05-26,Education,Premiere,Spanish,364,Teen,48,Minimalist
V007674,C00694,2024-11-14,Sports,Standard Video,Japanese,553,General,37,Face Close-up
V007675,C01028,2021-04-22,Sports,Standard Video,Hindi,1245,Teen,61,Minimalist
V007676,C01962,2015-02-06,Technology,Short,Portuguese,37,Teen,47,Collage
V007677,C01852,2026-07-04,Film,Live Stream,Indonesian,8023,General,65,Minimalist
V007678,C00348,2012-10-06,Technology,Standard Video,English,1661,Teen,68,Text Overlay
V007679,C01134,2018-11-03,Comedy,Standard Video,Spanish,1381,General,40,Face Close-up
V007680,C00738,2023-06-04,Lifestyle,Short,English,49,General,18,Text Overlay
V007681,C00186,2025-12-02,Sports,Standard Video,English,179,General,42,Face Close-up
V007682,C00199,2021-12-25,Gaming,Standard Video,Korean,889,General,58,Face Close-up
V007683,C00882,2025-07-25,Education,Short,English,47,General,8,Collage
V007684,C01925,2026-01-07,Sports,Standard Video,English,249,General,39,Minimalist
V007685,C00864,2026-06-12,Entertainment,Standard Video,Hindi,768,General,18,Before-After
V007686,C01900,2019-06-23,Music,Standard Video,English,459,Teen,59,Before-After
V007687,C00255,2014-07-03,Comedy,Short,English,49,,52,Face Close-up
V007688,C01153,2026-02-07,Music,Standard Video,Hindi,277,General,62,
V007689,C01579,2010-03-04,Gaming,Live Stream,Spanish,3902,General,63,Text Overlay
V007690,C01409,2023-03-19,Sports,Standard Video,Vietnamese,602,General,45,Bright Colors
V007691,C01520,2025-12-23,Entertainment,Short,English,60,General,34,Before-After
V007692,C01205,2010-06-02,Comedy,Standard Video,Hindi,300,General,40,Minimalist
V007693,C00023,2019-03-04,Education,Short,English,28,General,14,Minimalist
V007694,C00013,2026-01-13,Gaming,Short,Japanese,53,General,39,Face Close-up
V007695,C01380,2020-11-15,Entertainment,Premiere,Turkish,680,General,60,Text Overlay
V007696,C01093,2025-10-12,Education,Standard Video,Hindi,458,General,74,Minimalist
V007697,C00025,2020-02-22,News,Standard Video,Thai,3930,General,20,Minimalist
V007698,C01961,2017-04-08,Film,Short,English,50,General,28,Collage
V007699,C00559,2015-10-28,Film,Standard Video,Hindi,346,Teen,37,Screenshot
V007700,C01085,2022-05-06,Sports,Standard Video,English,2540,General,14,Screenshot
V007701,C00320,2026-07-18,Music,Short,Hindi,35,General,32,Collage
V007702,C01225,2012-02-02,Gaming,Premiere,Indonesian,343,General,36,Text Overlay
V007703,C00638,2014-02-19,Entertainment,Short,Hindi,15,General,14,Text Overlay
V007704,C01834,2026-07-04,Education,Standard Video,English,324,Teen,41,Text Overlay
V007705,C01561,2017-09-23,Gaming,Standard Video,Turkish,432,Mature,38,Bright Colors
V007706,C01663,2017-12-14,Education,Standard Video,English,726,General,39,Face Close-up
V007707,C01645,2018-10-16,Gaming,Standard Video,English,93,General,29,Minimalist
V007708,C01391,2023-03-02,Education,Standard Video,Hindi,571,General,36,Screenshot
V007709,C01605,2025-11-14,Gaming,Standard Video,Japanese,1494,Teen,48,Face Close-up
V007710,C01186,2025-08-12,Sports,Standard Video,English,328,Teen,65,Face Close-up
V007711,C01247,2014-11-16,Lifestyle,Premiere,English,965,General,34,Before-After
V007712,C01566,2020-09-12,Education,Standard Video,Indonesian,543,General,54,Minimalist
V007713,C01654,2010-11-04,Entertainment,Premiere,Hindi,129,General,49,Face Close-up
V007714,C01316,2023-06-25,Music,Standard Video,Turkish,1744,General,41,Screenshot
V007715,C01834,2026-07-06,Gaming,Standard Video,English,362,Teen,58,Minimalist
V007716,C01267,2022-07-19,Sports,Standard Video,French,143,General,40,Before-After
V007717,C00374,2013-02-01,Education,Short,Hindi,58,,35,Face Close-up
V007718,C00159,2016-11-19,Gaming,Standard Video,English,100,Teen,53,Bright Colors
V007719,C00285,2025-08-03,Technology,Standard Video,Portuguese,327,General,34,Face Close-up
V007720,C01694,2024-12-18,Entertainment,Short,English,48,General,36,Collage
V007721,C01925,2025-11-30,Sports,Standard Video,Hindi,590,General,56,Before-After
V007722,C01094,2016-04-16,Entertainment,Standard Video,Hindi,81,General,43,Screenshot
V007723,C00584,2011-11-02,Gaming,Standard Video,Indonesian,1283,General,47,Minimalist
V007724,C00677,2025-07-17,Technology,Standard Video,English,409,General,47,Before-After
V007725,C00467,2010-10-19,Entertainment,Standard Video,English,1887,General,16,Face Close-up
V007726,C00773,2020-01-26,News,Short,English,25,General,8,Collage
V007727,C01711,2013-12-26,Sports,Short,Portuguese,27,General,34,
V007728,C01908,2024-02-10,Lifestyle,Standard Video,Telugu,675,General,45,Bright Colors
V007729,C00310,2025-07-21,Gaming,Short,Hindi,48,General,32,Before-After
V007730,C00928,2017-07-14,News,Standard Video,Hindi,897,General,12,Before-After
V007731,C00208,2025-01-18,Comedy,Short,Spanish,41,General,8,Text Overlay
V007732,C01399,2021-07-04,Education,Live Stream,Hindi,6008,General,28,Minimalist
V007733,C01433,2019-04-27,Lifestyle,Standard Video,English,560,General,50,Collage
V007734,C00290,2018-06-13,Gaming,Standard Video,Filipino,5400,General,55,Bright Colors
V007735,C00612,2024-10-11,Education,Standard Video,English,238,General,53,Minimalist
V007736,C00180,2014-08-16,Gaming,Standard Video,Spanish,613,General,38,Screenshot
V007737,C01914,2021-08-23,Music,Standard Video,English,221,Teen,51,Bright Colors
V007738,C01805,2011-08-13,Music,Standard Video,Indonesian,1005,Mature,69,Minimalist
V007739,C00795,2019-11-23,Film,Standard Video,Portuguese,2134,General,32,Minimalist
V007740,C00324,2025-12-27,Entertainment,Standard Video,Hindi,837,General,51,Before-After
V007741,C00583,2025-09-27,Sports,Standard Video,Portuguese,602,General,33,Before-After
V007742,C01924,2018-05-26,Comedy,Short,Portuguese,49,General,29,Bright Colors
V007743,C01748,2013-12-10,Education,Short,English,16,General,32,Before-After
V007744,C00783,2023-04-19,Sports,Standard Video,English,257,General,31,Bright Colors
V007745,C01777,2023-03-01,Technology,Short,Hindi,42,Teen,19,
V007746,C01174,2025-01-28,Music,Standard Video,English,311,General,63,Collage
V007747,C00673,2025-04-21,Technology,Standard Video,English,872,General,63,Collage
V007748,C00698,2015-02-21,Entertainment,Short,English,16,General,8,
V007749,C00535,2012-03-23,Lifestyle,Standard Video,English,5400,General,48,Before-After
V007750,C01626,2017-08-03,Technology,Short,Hindi,20,General,,Screenshot
V007751,C00043,2017-02-04,Entertainment,Standard Video,English,640,General,50,Face Close-up
V007752,C01787,2018-08-04,Entertainment,Standard Video,English,93,General,12,Face Close-up
V007753,C01980,2024-08-26,Entertainment,Standard Video,Indonesian,162,General,25,Before-After
V007754,C00691,2026-02-25,Technology,Standard Video,English,464,General,56,Bright Colors
V007755,C01859,2022-02-20,Technology,Short,Vietnamese,56,Teen,30,Face Close-up
V007756,C00218,2025-05-22,Music,Short,English,57,General,32,Minimalist
V007757,C00960,2026-02-20,Lifestyle,Short,Vietnamese,44,General,28,Text Overlay
V007758,C01863,2026-06-25,Film,Standard Video,English,1515,General,51,Face Close-up
V007759,C01039,2025-01-07,Lifestyle,Short,English,24,Teen,16,Before-After
V007760,C00206,2021-02-08,Gaming,Short,Spanish,51,General,8,Minimalist
V007761,C01554,2015-01-17,Entertainment,Standard Video,English,234,General,43,Before-After
V007762,C01671,2013-07-16,Music,Standard Video,English,484,General,56,Before-After
V007763,C01998,2024-08-10,Education,Standard Video,Spanish,1154,General,49,Text Overlay
V007764,C01480,2026-07-13,Education,Standard Video,Hindi,1737,General,,Screenshot
V007765,C00955,2026-04-17,Gaming,Standard Video,Urdu,250,Mature,26,Before-After
V007766,C00752,2014-08-04,Comedy,Short,Indonesian,52,General,26,Collage
V007767,C01991,2013-05-20,Entertainment,Short,English,18,General,18,Minimalist
V007768,C00226,2010-07-19,News,Short,Portuguese,20,General,14,Screenshot
V007769,C01263,2025-05-26,Music,Standard Video,Portuguese,433,Teen,26,
V007770,C01389,2015-11-28,Music,Standard Video,Hindi,335,General,44,Before-After
V007771,C01436,2019-06-12,Entertainment,Short,English,43,General,8,Screenshot
V007772,C01597,2022-04-23,Lifestyle,Standard Video,Vietnamese,1395,Mature,31,Minimalist
V007773,C00719,2020-12-18,Education,Short,English,49,General,38,Face Close-up
V007774,C01694,2020-12-31,Comedy,Live Stream,English,5518,General,36,Before-After
V007775,C01375,2015-12-24,News,Short,English,41,General,38,Text Overlay
V007776,C01027,2013-07-08,Entertainment,Standard Video,English,1360,General,31,Before-After
V007777,C00694,2024-04-07,Sports,Premiere,Japanese,1895,General,50,Face Close-up
V007778,C01219,2025-09-13,Entertainment,Standard Video,English,194,,23,Collage
V007779,C01685,2024-02-08,Education,Standard Video,English,1272,General,10,Screenshot
V007780,C01448,2010-06-14,Entertainment,Standard Video,Spanish,274,General,20,Screenshot
V007781,C00565,2023-01-22,Gaming,Short,Filipino,27,General,27,Minimalist
V007782,C01989,2022-04-23,Entertainment,Standard Video,French,558,General,36,Collage
V007783,C00386,2023-01-27,Sports,Short,Hindi,29,General,27,Before-After
V007784,C00564,2010-05-09,Music,Standard Video,English,560,General,54,Text Overlay
V007785,C01794,2016-06-12,Education,Short,Hindi,23,General,14,Minimalist
V007786,C01877,2020-03-23,Education,Short,Hindi,30,General,11,Face Close-up
V007787,C00768,2026-04-30,Film,Short,Turkish,46,General,31,Screenshot
V007788,C00577,2024-02-19,Lifestyle,Standard Video,English,459,General,16,Bright Colors
V007789,C01910,2023-04-04,Sports,Premiere,Portuguese,452,General,34,Before-After
V007790,C01235,2017-05-03,Technology,Short,English,53,General,18,Before-After
V007791,C01642,2014-02-07,Comedy,Short,French,18,General,12,Collage
V007792,C01344,2025-07-20,Comedy,Standard Video,Spanish,172,Teen,12,Face Close-up
V007793,C01844,2021-11-01,Music,Short,Hindi,45,General,30,Bright Colors
V007794,C01726,2018-06-03,Education,Short,English,29,General,26,Screenshot
V007795,C00457,2021-09-18,Education,Standard Video,Portuguese,151,General,62,Before-After
V007796,C01763,2014-07-30,Comedy,Short,German,50,Teen,29,Face Close-up
V007797,C00703,2026-06-18,Film,Standard Video,English,282,General,29,Text Overlay
V007798,C01155,2014-04-06,Sports,Standard Video,Portuguese,759,General,66,Minimalist
V007799,C01582,2022-07-04,Lifestyle,Short,English,27,General,20,Bright Colors
V007800,C01687,2020-07-16,Comedy,Short,English,51,General,38,
V007801,C00131,2020-02-10,Technology,Standard Video,Portuguese,332,General,33,Text Overlay
V007802,C00276,2025-07-27,Film,Standard Video,English,459,General,21,Screenshot
V007803,C01463,2024-08-27,Comedy,Short,Portuguese,41,General,25,Before-After
V007804,C00694,2026-02-10,Sports,Short,Japanese,53,General,26,Text Overlay
V007805,C00427,2018-12-06,Entertainment,Standard Video,English,887,General,,Screenshot
V007806,C00099,2019-09-17,Entertainment,Short,Spanish,45,Mature,43,Minimalist
V007807,C00185,2016-07-04,Gaming,Live Stream,Spanish,3312,Teen,51,Minimalist
V007808,C01507,2016-08-01,Education,Standard Video,Hindi,745,General,56,Before-After
V007809,C01291,2016-08-24,Comedy,Standard Video,Portuguese,1252,General,38,Screenshot
V007810,C01549,2026-03-04,Music,Standard Video,Hindi,558,Mature,35,Screenshot
V007811,C01850,2022-02-13,Gaming,Standard Video,Portuguese,136,General,44,Minimalist
V007812,C01051,2014-08-16,Technology,Standard Video,Urdu,339,General,37,Before-After
V007813,C00409,2026-03-29,Music,Standard Video,Hindi,579,General,19,Collage
V007814,C01419,2021-01-27,Technology,Live Stream,Spanish,7984,Teen,48,Bright Colors
V007815,C01993,2026-01-12,Music,Standard Video,Japanese,238,General,56,Screenshot
V007816,C00769,2019-03-10,Education,Standard Video,Tamil,609,General,26,Bright Colors
V007817,C01589,2024-10-27,Gaming,Short,English,43,General,28,Face Close-up
V007818,C00700,2021-06-03,Music,Standard Video,Hindi,304,General,37,Screenshot
V007819,C01777,2023-03-08,Technology,Standard Video,Portuguese,228,Teen,,Screenshot
V007820,C01825,2023-09-05,Entertainment,Short,English,56,General,19,Collage
V007821,C01294,2012-06-29,Lifestyle,Premiere,Hindi,580,General,17,Before-After
V007822,C01962,2024-10-20,Technology,Live Stream,English,11276,Teen,10,Before-After
V007823,C01214,2011-05-23,Education,Standard Video,Hindi,424,General,22,Before-After
V007824,C01267,2022-10-05,Gaming,Standard Video,Hindi,638,General,80,Before-After
V007825,C00144,2024-04-16,Education,Standard Video,German,236,General,23,Screenshot
V007826,C01644,2016-08-09,Music,Standard Video,English,1330,General,30,Screenshot
V007827,C01659,2018-11-21,News,Short,Portuguese,31,Teen,15,Collage
V007828,C00020,2018-11-05,Gaming,Short,Indonesian,25,General,18,Screenshot
V007829,C00163,2015-06-05,Entertainment,Short,English,41,Mature,12,Text Overlay
V007830,C01054,2024-01-16,Gaming,Short,Filipino,20,General,27,Before-After
V007831,C01481,2012-06-14,Lifestyle,Premiere,Hindi,3824,,59,Text Overlay
V007832,C00770,2021-09-17,Education,Live Stream,Vietnamese,11916,General,39,Face Close-up
V007833,C01013,2014-09-25,Sports,Standard Video,Spanish,448,General,45,Collage
V007834,C01894,2024-02-11,Film,Short,Hindi,36,General,10,Before-After
V007835,C01123,2025-12-20,Film,Standard Video,Marathi,170,General,18,Minimalist
V007836,C01802,2012-08-22,Music,Short,English,54,General,20,Text Overlay
V007837,C00966,2020-01-16,Education,Standard Video,Bengali,61,General,62,Bright Colors
V007838,C00704,2024-02-19,Education,Standard Video,Indonesian,61,Teen,53,Text Overlay
V007839,C00117,2011-02-18,Education,Standard Video,English,386,General,52,Collage
V007840,C01184,2020-02-12,Music,Short,Urdu,41,General,36,Minimalist
V007841,C01783,2017-06-17,Education,Short,Hindi,25,General,25,Screenshot
V007842,C00899,2021-04-14,Sports,Short,English,16,General,22,Bright Colors
V007843,C00046,2026-02-07,Music,Standard Video,German,411,General,45,Collage
V007844,C01118,2022-10-14,Music,Short,English,44,General,28,Text Overlay
V007845,C00855,2020-06-13,Sports,Standard Video,Indonesian,1304,General,56,Minimalist
V007846,C01685,2022-07-25,Music,Standard Video,English,1341,General,60,Minimalist
V007847,C01988,2018-01-08,Film,Standard Video,Portuguese,431,Teen,52,Text Overlay
V007848,C00319,2022-11-10,Gaming,Short,Spanish,45,General,11,Collage
V007849,C00380,2019-09-08,Gaming,Short,English,19,General,28,Minimalist
V007850,C00427,2020-10-17,Entertainment,Standard Video,English,2256,General,30,Bright Colors
V007851,C01766,2020-06-25,Music,Standard Video,English,473,General,48,Collage
V007852,C00369,2025-04-08,Gaming,Standard Video,Portuguese,3210,Teen,35,Minimalist
V007853,C01389,2024-03-12,Gaming,Short,Hindi,54,General,23,Bright Colors
V007854,C01191,2011-03-05,Entertainment,Standard Video,Hindi,276,General,43,Screenshot
V007855,C01233,2026-07-25,Technology,Standard Video,Spanish,62,General,42,Collage
V007856,C00830,2010-10-21,Sports,Short,English,59,Mature,29,Collage
V007857,C01215,2020-09-04,Sports,Standard Video,English,1932,General,46,Collage
V007858,C00220,2020-01-03,Education,Standard Video,English,61,General,26,Before-After
V007859,C01925,2025-10-12,Entertainment,Standard Video,English,476,General,10,Bright Colors
V007860,C00785,2018-10-13,Lifestyle,Standard Video,Spanish,3082,General,,Before-After
V007861,C01030,2023-11-08,Comedy,Standard Video,Hindi,663,General,48,Screenshot
V007862,C00367,2023-12-08,Sports,Short,Urdu,32,Teen,33,Collage
V007863,C01728,2024-06-05,Entertainment,Short,Portuguese,36,Teen,12,Screenshot
V007864,C01595,2025-02-26,Education,Standard Video,Spanish,441,General,59,Text Overlay
V007865,C00820,2021-05-13,News,Short,English,32,Teen,8,Minimalist
V007866,C01811,2025-03-06,Gaming,Short,English,45,General,19,Collage
V007867,C01694,2021-08-18,Entertainment,Short,English,38,General,39,Face Close-up
V007868,C01834,2026-07-15,Gaming,Standard Video,English,2447,Teen,36,Bright Colors
V007869,C00934,2020-10-09,Sports,Standard Video,Indonesian,281,General,54,Before-After
V007870,C01579,2016-01-15,Gaming,Short,Hindi,53,General,37,Screenshot
V007871,C01737,2022-06-21,Education,Standard Video,Bengali,590,General,62,Before-After
V007872,C01872,2014-12-17,Lifestyle,Standard Video,Indonesian,1437,Teen,37,Collage
V007873,C01325,2015-07-29,Entertainment,Short,Portuguese,47,General,32,Before-After
V007874,C00034,2022-11-18,Sports,Short,English,49,General,17,Before-After
V007875,C00738,2023-06-03,Entertainment,Standard Video,English,141,General,,Screenshot
V007876,C00035,2020-08-03,Gaming,Live Stream,Hindi,2805,Teen,68,Screenshot
V007877,C01723,2023-05-28,Entertainment,Short,English,42,General,22,Minimalist
V007878,C00805,2025-08-18,Sports,Standard Video,English,333,Teen,37,Text Overlay
V007879,C00247,2025-12-16,Sports,Standard Video,English,830,General,66,Face Close-up
V007880,C01852,2026-07-09,Film,Standard Video,Indonesian,280,General,59,Screenshot
V007881,C01783,2014-08-10,Education,Standard Video,Hindi,334,General,42,Face Close-up
V007882,C01098,2025-03-15,News,Standard Video,Filipino,371,General,69,Minimalist
V007883,C01110,2022-02-07,Music,Live Stream,Portuguese,11288,General,85,Text Overlay
V007884,C00496,2012-12-29,Lifestyle,Standard Video,Hindi,157,General,76,Minimalist
V007885,C01969,2014-03-09,Technology,Short,Turkish,19,General,28,Face Close-up
V007886,C00655,2025-08-16,Entertainment,Short,Filipino,31,General,19,Collage
V007887,C00748,2013-12-31,Lifestyle,Standard Video,English,809,General,46,Minimalist
V007888,C01048,2011-03-01,Entertainment,Live Stream,English,2137,General,30,Before-After
V007889,C00895,2026-06-03,Gaming,Standard Video,English,90,General,76,Bright Colors
V007890,C01153,2020-01-09,Music,Short,Hindi,33,General,29,Bright Colors
V007891,C00129,2022-09-22,Education,Short,Hindi,51,General,38,Screenshot
V007892,C00560,2012-09-03,Lifestyle,Standard Video,Indonesian,475,General,37,Before-After
V007893,C01833,2013-10-05,Gaming,Standard Video,English,160,General,41,Face Close-up
V007894,C01545,2022-09-11,Technology,Standard Video,English,945,General,34,Screenshot
V007895,C00812,2016-12-10,Education,Short,Filipino,44,General,26,Bright Colors
V007896,C01169,2026-03-19,Film,Standard Video,German,1008,General,48,Before-After
V007897,C01783,2025-07-30,Education,Short,Hindi,60,General,28,Bright Colors
V007898,C01914,2019-06-02,Music,Short,English,30,Teen,9,Face Close-up
V007899,C01395,2015-04-28,Music,Standard Video,English,948,General,42,Minimalist
V007900,C01097,2025-04-05,Music,Standard Video,Japanese,413,General,50,Minimalist
V007901,C01271,2026-03-28,Entertainment,Short,English,58,General,,Before-After
V007902,C00895,2025-11-24,Gaming,Short,English,47,General,10,Minimalist
V007903,C00985,2015-04-02,Music,Standard Video,Korean,1348,General,20,Bright Colors
V007904,C00485,2025-10-31,Lifestyle,Standard Video,Urdu,567,General,31,Text Overlay
V007905,C00694,2024-05-11,Education,Standard Video,Japanese,5400,General,39,Text Overlay
V007906,C00474,2020-11-09,Education,Standard Video,Hindi,674,General,23,Face Close-up
V007907,C01636,2024-12-21,Film,Standard Video,Hindi,726,General,54,Before-After
V007908,C00422,2026-05-29,Music,Short,English,51,General,18,Before-After
V007909,C00260,2021-04-20,Entertainment,Standard Video,Portuguese,493,Teen,35,
V007910,C01162,2013-11-15,News,Live Stream,Portuguese,9569,Teen,24,Before-After
V007911,C00427,2025-05-06,Entertainment,Standard Video,English,519,General,17,Bright Colors
V007912,C01516,2021-05-31,Lifestyle,Standard Video,Spanish,155,General,46,Screenshot
V007913,C01874,2019-09-18,Gaming,Short,English,24,General,24,Bright Colors
V007914,C01036,2018-12-11,News,Short,Indonesian,59,General,18,Bright Colors
V007915,C01528,2018-02-08,Entertainment,Premiere,Korean,887,General,54,Bright Colors
V007916,C01879,2026-02-28,News,Standard Video,Portuguese,174,General,41,Screenshot
V007917,C01450,2026-03-20,Sports,Standard Video,Hindi,655,General,40,Face Close-up
V007918,C00502,2023-11-02,Gaming,Short,Spanish,35,General,12,Minimalist
V007919,C01567,2021-02-06,Sports,Short,English,44,General,24,Screenshot
V007920,C00520,2015-05-02,Comedy,Short,French,41,Teen,8,Screenshot
V007921,C01987,2019-11-07,News,Standard Video,Hindi,1372,General,37,Bright Colors
V007922,C00653,2025-11-30,Entertainment,Standard Video,English,339,General,40,Bright Colors
V007923,C00302,2019-11-06,Lifestyle,Short,English,33,General,33,Text Overlay
V007924,C00064,2016-11-16,News,Live Stream,Kannada,6088,General,58,Face Close-up
V007925,C01159,2021-08-08,Gaming,Standard Video,English,298,General,61,Text Overlay
V007926,C01668,2023-07-22,Music,Short,Spanish,24,General,34,Before-After
V007927,C00306,2024-09-26,Lifestyle,Standard Video,Portuguese,379,General,21,Screenshot
V007928,C00787,2023-09-07,Entertainment,Standard Video,Hindi,471,Mature,36,Face Close-up
V007929,C00224,2023-02-20,Comedy,Premiere,English,1070,Teen,65,Face Close-up
V007930,C00559,2013-02-26,Film,Standard Video,Hindi,111,Teen,60,Text Overlay
V007931,C00512,2025-12-15,Technology,Premiere,English,747,General,50,Collage
V007932,C01233,2025-12-28,Technology,Standard Video,Spanish,3759,General,51,Before-After
V007933,C01921,2020-07-13,Sports,Standard Video,English,2484,General,27,Text Overlay
V007934,C00150,2025-07-10,Education,Standard Video,English,1446,General,25,Text Overlay
V007935,C00597,2024-05-30,Entertainment,Standard Video,English,566,General,34,Collage
V007936,C01372,2025-05-12,Sports,Short,Hindi,54,General,,Text Overlay
V007937,C01091,2021-08-15,Entertainment,Standard Video,Spanish,1168,General,35,Bright Colors
V007938,C01932,2025-06-08,Education,Short,Vietnamese,27,General,11,Text Overlay
V007939,C00647,2019-01-11,Education,Standard Video,Hindi,630,Mature,55,Face Close-up
V007940,C00704,2023-10-30,Entertainment,Standard Video,Hindi,216,General,19,Face Close-up
V007941,C00678,2019-05-09,Music,Standard Video,English,1349,General,69,Screenshot
V007942,C00579,2020-08-26,Entertainment,Standard Video,English,293,General,50,Minimalist
V007943,C00591,2012-10-13,Gaming,Standard Video,English,178,General,44,Minimalist
V007944,C00430,2013-12-06,Education,Short,Hindi,16,General,17,Minimalist
V007945,C00058,2017-09-18,Sports,Short,Filipino,28,Teen,14,Before-After
V007946,C01796,2023-03-30,Lifestyle,Standard Video,Hindi,989,General,30,Collage
V007947,C01713,2026-01-09,Lifestyle,Standard Video,Japanese,384,General,77,Text Overlay
V007948,C01075,2025-02-19,Comedy,Standard Video,Portuguese,849,General,27,
V007949,C00835,2020-10-04,News,Standard Video,Spanish,168,General,45,
V007950,C00091,2013-11-20,Entertainment,Standard Video,Hindi,2899,General,24,Screenshot
V007951,C01219,2024-01-17,Entertainment,Live Stream,English,2921,General,26,Bright Colors
V007952,C01893,2015-11-12,Education,Premiere,Portuguese,387,General,42,Bright Colors
V007953,C00647,2025-04-29,Education,Short,Hindi,36,Mature,33,Collage
V007954,C00625,2024-04-19,Film,Short,Japanese,49,General,19,Collage
V007955,C01883,2016-12-04,Comedy,Short,Filipino,21,Mature,9,Minimalist
V007956,C00108,2020-08-07,Sports,Live Stream,English,2070,General,23,Screenshot
V007957,C00173,2024-12-29,Gaming,Standard Video,Portuguese,1242,Teen,39,Screenshot
V007958,C01208,2022-08-09,Education,Standard Video,Hindi,447,Teen,54,Text Overlay
V007959,C00119,2012-06-02,Gaming,Short,English,51,Teen,,
V007960,C00670,2010-10-09,Lifestyle,Standard Video,English,316,General,38,Minimalist
V007961,C00319,2018-07-30,Gaming,Standard Video,Spanish,354,Teen,55,Text Overlay
V007962,C01039,2021-04-25,Lifestyle,Short,English,59,Teen,20,Collage
V007963,C01012,2013-05-09,Entertainment,Short,Hindi,58,General,26,Face Close-up
V007964,C00335,2021-07-25,Education,Standard Video,English,532,General,50,Face Close-up
V007965,C01428,2020-07-05,Education,Live Stream,Portuguese,9773,General,,Collage
V007966,C00179,2019-02-27,Education,Standard Video,English,756,General,63,Before-After
V007967,C00934,2011-10-24,Sports,Short,Portuguese,21,General,33,Before-After
V007968,C00256,2026-04-02,Lifestyle,Short,English,46,General,21,Text Overlay
V007969,C00426,2024-05-16,Music,Standard Video,Korean,754,General,59,Collage
V007970,C01183,2014-10-07,Education,Standard Video,Portuguese,752,General,28,Face Close-up
V007971,C01495,2024-10-10,News,Standard Video,Portuguese,3927,General,50,Face Close-up
V007972,C01003,2024-09-27,Education,Premiere,English,479,General,53,Face Close-up
V007973,C00427,2017-08-25,Entertainment,Short,English,16,General,22,Minimalist
V007974,C00382,2023-03-16,Technology,Standard Video,Kannada,569,General,74,
V007975,C00878,2025-04-09,Technology,Short,Italian,53,General,27,Text Overlay
V007976,C00668,2012-01-04,Education,Short,Hindi,25,General,20,Bright Colors
V007977,C00555,2019-03-01,Entertainment,Short,Spanish,17,General,8,Bright Colors
V007978,C00168,2023-03-04,Gaming,Standard Video,Filipino,281,General,62,Collage
V007979,C01419,2025-09-27,Technology,Standard Video,Spanish,1615,Teen,50,Face Close-up
V007980,C01584,2015-02-15,Sports,Standard Video,Marathi,271,Teen,32,
V007981,C01174,2026-02-21,Music,Short,English,54,General,17,Face Close-up
V007982,C00181,2015-10-18,Lifestyle,Short,Portuguese,24,General,37,Face Close-up
V007983,C00565,2022-11-16,Gaming,Standard Video,Filipino,69,General,57,Bright Colors
V007984,C01221,2020-09-02,Education,Standard Video,English,244,General,44,Minimalist
V007985,C01580,2023-07-01,Technology,Standard Video,Hindi,495,General,48,Before-After
V007986,C01763,2015-10-05,Comedy,Standard Video,German,383,General,44,Face Close-up
V007987,C01519,2018-05-25,Education,Short,French,20,General,30,Text Overlay
V007988,C00776,2024-02-20,Lifestyle,Short,Filipino,36,General,26,Minimalist
V007989,C00637,2026-07-18,Entertainment,Standard Video,English,212,,18,Bright Colors
V007990,C00016,2025-09-25,Lifestyle,Short,Indonesian,42,General,26,Collage
V007991,C01931,2013-05-04,Comedy,Standard Video,French,179,General,47,Screenshot
V007992,C01058,2023-12-27,Gaming,Short,Korean,55,General,19,Screenshot
V007993,C01914,2022-12-20,Music,Short,English,18,Teen,27,Before-After
V007994,C01990,2023-02-05,Music,Short,English,35,General,19,Collage
V007995,C00529,2012-01-12,Technology,Short,Urdu,22,General,19,Bright Colors
V007996,C01135,2025-02-28,News,Standard Video,English,106,General,,Face Close-up
V007997,C00537,2012-03-14,Film,Short,Portuguese,26,General,20,Screenshot
V007998,C00369,2012-03-21,Technology,Standard Video,Portuguese,892,Teen,68,Screenshot
V007999,C01600,2011-01-11,Music,Standard Video,English,734,General,28,Bright Colors
V008000,C01086,2025-04-23,Gaming,Standard Video,Indonesian,964,General,35,Screenshot
V008001,C01739,2017-01-01,Music,Premiere,English,1092,General,39,Minimalist
V008002,C01028,2025-03-17,Sports,Short,Hindi,23,Teen,19,Collage
V008003,C01747,2025-04-01,Music,Standard Video,English,2010,Teen,36,Collage
V008004,C01675,2023-09-05,Film,Standard Video,English,1185,General,46,Face Close-up
V008005,C00760,2011-03-19,Comedy,Standard Video,Spanish,541,Mature,38,Collage
V008006,C01777,2023-09-04,Technology,Standard Video,Portuguese,2508,Teen,64,Screenshot
V008007,C00139,2022-01-23,Film,Premiere,Hindi,119,General,43,Collage
V008008,C01249,2024-07-23,Music,Standard Video,Portuguese,2303,Teen,47,Bright Colors
V008009,C01304,2025-02-13,Gaming,Standard Video,English,5400,General,52,Collage
V008010,C01010,2020-04-25,Lifestyle,Standard Video,Hindi,279,General,37,Collage
V008011,C01787,2022-01-27,Entertainment,Short,English,52,General,31,Minimalist
V008012,C00324,2026-02-02,Entertainment,Short,Hindi,38,General,13,Face Close-up
V008013,C00973,2020-07-24,Education,Standard Video,Portuguese,157,General,57,
V008014,C01031,2021-08-15,Sports,Short,English,26,General,35,Face Close-up
V008015,C01731,2023-12-25,Music,Short,Spanish,51,Teen,31,Before-After
V008016,C00939,2025-02-14,Lifestyle,Short,English,56,General,30,Screenshot
V008017,C01941,2010-11-24,Film,Standard Video,Vietnamese,608,General,44,Face Close-up
V008018,C00993,2018-03-25,Lifestyle,Standard Video,English,361,General,43,Text Overlay
V008019,C00812,2017-04-03,Film,Short,Filipino,23,General,48,Text Overlay
V008020,C00806,2016-06-14,Technology,Premiere,Portuguese,413,General,32,Collage
V008021,C01132,2019-02-17,Film,Short,Hindi,46,General,8,Text Overlay
V008022,C00716,2013-02-07,Gaming,Live Stream,English,2935,General,26,Screenshot
V008023,C00797,2025-10-07,Gaming,Standard Video,French,204,General,53,Minimalist
V008024,C01932,2025-08-03,Education,Standard Video,Vietnamese,1168,General,75,Before-After
V008025,C00094,2014-11-20,Comedy,Short,Hindi,20,General,,Minimalist
V008026,C00142,2023-10-15,Lifestyle,Standard Video,Japanese,5400,General,52,Text Overlay
V008027,C00041,2018-12-05,Sports,Standard Video,English,431,Teen,38,Face Close-up
V008028,C00678,2019-03-29,Music,Standard Video,Portuguese,446,General,67,Bright Colors
V008029,C00103,2025-01-28,Entertainment,Short,English,49,General,18,Minimalist
V008030,C01204,2026-07-20,Film,Short,English,35,Mature,33,Before-After
V008031,C00626,2020-03-06,News,Standard Video,English,174,General,48,Before-After
V008032,C00168,2021-11-16,Gaming,Standard Video,Filipino,326,General,68,Screenshot
V008033,C01780,2024-05-03,Sports,Live Stream,English,13771,General,50,Bright Colors
V008034,C01881,2022-08-27,Lifestyle,Short,Thai,46,General,22,Before-After
V008035,C00031,2016-08-28,Education,Standard Video,English,489,Mature,59,Minimalist
V008036,C01959,2024-03-12,Gaming,Standard Video,Spanish,422,General,58,Bright Colors
V008037,C01876,2019-07-15,Gaming,Short,English,46,General,23,Bright Colors
V008038,C01432,2024-11-19,Gaming,Live Stream,Hindi,6454,General,41,Before-After
V008039,C00877,2016-07-15,Music,Standard Video,English,1027,General,36,Bright Colors
V008040,C01436,2024-01-05,Entertainment,Short,English,29,General,28,Minimalist
V008041,C01989,2015-08-06,Entertainment,Short,French,42,General,20,Before-After
V008042,C01847,2024-09-05,Comedy,Premiere,English,1563,,42,Text Overlay
V008043,C01527,2026-03-20,Comedy,Standard Video,Vietnamese,298,General,93,Before-After
V008044,C01005,2022-08-25,Music,Short,Hindi,24,General,,Bright Colors
V008045,C00635,2023-08-02,Technology,Standard Video,English,427,Teen,29,Text Overlay
V008046,C00288,2012-02-27,Technology,Short,English,29,General,8,Before-After
V008047,C01658,2026-04-01,Gaming,Standard Video,English,1308,General,74,Before-After
V008048,C00837,2022-05-06,Sports,Short,English,41,General,25,Text Overlay
V008049,C01699,2017-12-13,Lifestyle,Short,English,26,General,,Collage
V008050,C01028,2021-02-01,Sports,Standard Video,Hindi,631,Teen,51,Text Overlay
V008051,C01475,2017-04-15,Gaming,Short,Portuguese,52,Mature,17,Before-After
V008052,C01071,2014-10-07,Music,Standard Video,English,488,,71,Minimalist
V008053,C00769,2018-03-29,Education,Short,Tamil,59,General,32,Collage
V008054,C00487,2022-05-06,Entertainment,Short,German,21,General,37,Screenshot
V008055,C00822,2015-02-14,Entertainment,Standard Video,Filipino,210,General,53,Screenshot
V008056,C01553,2015-11-12,Music,Standard Video,English,527,General,66,Face Close-up
V008057,C01894,2024-12-07,Music,Standard Video,Hindi,1016,General,41,Text Overlay
V008058,C01521,2023-11-25,Music,Standard Video,Kannada,231,General,,Minimalist
V008059,C00589,2014-11-29,Gaming,Standard Video,English,385,General,43,Bright Colors
V008060,C00785,2020-10-10,Music,Standard Video,Spanish,924,General,63,Minimalist
V008061,C00507,2014-02-15,Sports,Premiere,English,467,General,45,Bright Colors
V008062,C00940,2025-11-10,Entertainment,Short,English,20,General,34,Face Close-up
V008063,C00937,2021-09-22,Gaming,Standard Video,Japanese,586,Teen,39,Face Close-up
V008064,C00865,2021-01-14,Gaming,Short,Spanish,44,General,23,Text Overlay
V008065,C00230,2019-02-04,Film,Standard Video,Hindi,146,General,58,Bright Colors
V008066,C00985,2019-02-21,Music,Standard Video,Korean,451,General,67,Screenshot
V008067,C00919,2013-07-15,Technology,Standard Video,Spanish,874,General,11,Before-After
V008068,C00559,2020-10-22,Film,Standard Video,Hindi,1107,Teen,,Text Overlay
V008069,C00491,2021-03-05,Gaming,Short,English,48,General,15,Face Close-up
V008070,C00302,2019-04-23,Lifestyle,Standard Video,English,323,General,58,Collage
V008071,C01421,2026-04-23,Sports,Short,English,46,General,27,Bright Colors
V008072,C01162,2015-10-03,News,Short,Spanish,46,Teen,32,Before-After
V008073,C01480,2022-03-05,Education,Standard Video,Portuguese,538,General,42,Before-After
V008074,C01914,2018-07-26,Music,Standard Video,English,103,Teen,13,Minimalist
V008075,C00843,2020-02-18,Education,Standard Video,Hindi,364,Teen,35,Text Overlay
V008076,C00733,2013-03-29,News,Short,Portuguese,47,General,13,Before-After
V008077,C01622,2013-10-21,Gaming,Short,Hindi,24,General,21,Bright Colors
V008078,C00980,2022-04-21,Sports,Standard Video,Urdu,619,General,29,Collage
V008079,C00592,2024-12-21,Music,Standard Video,English,227,General,10,Before-After
V008080,C00658,2022-01-08,Entertainment,Standard Video,English,360,General,60,Text Overlay
V008081,C00559,2019-02-22,Film,Short,Hindi,23,General,19,Before-After
V008082,C01826,2014-02-08,Gaming,Short,Indonesian,49,General,18,Text Overlay
V008083,C00152,2023-01-21,Gaming,Standard Video,Portuguese,254,,51,Text Overlay
V008084,C01936,2010-01-19,Lifestyle,Short,Hindi,34,General,31,Minimalist
V008085,C01013,2014-06-17,Entertainment,Standard Video,Spanish,1646,General,70,Minimalist
V008086,C01694,2020-08-29,Technology,Short,English,48,General,,Minimalist
V008087,C00218,2024-06-07,Gaming,Standard Video,English,715,General,,Before-After
V008088,C00444,2010-11-14,Education,Short,English,37,General,31,Face Close-up
V008089,C00491,2014-01-01,Gaming,Short,English,26,General,24,Screenshot
V008090,C00039,2025-09-25,Film,Premiere,Vietnamese,1095,General,25,Face Close-up
V008091,C01521,2019-09-09,Music,Standard Video,Spanish,1625,General,51,Before-After
V008092,C00422,2026-06-15,Music,Standard Video,English,1198,General,67,Bright Colors
V008093,C00677,2025-11-14,Technology,Standard Video,English,979,General,53,Collage
V008094,C00131,2016-08-24,Technology,Standard Video,English,558,General,54,Collage
V008095,C00746,2021-11-02,Sports,Standard Video,French,248,General,33,Before-After
V008096,C00417,2012-04-08,Technology,Standard Video,Portuguese,465,Teen,29,Bright Colors
V008097,C00465,2021-09-11,Lifestyle,Short,Hindi,53,General,27,Face Close-up
V008098,C00626,2021-03-10,News,Standard Video,English,722,General,58,Text Overlay
V008099,C01245,2020-05-25,Sports,Standard Video,English,3889,Teen,47,Text Overlay
V008100,C01677,2023-10-20,Music,Standard Video,Spanish,365,,39,Before-After
V008101,C01829,2013-04-14,Education,Standard Video,Hindi,455,General,,Collage
V008102,C00173,2015-01-12,Gaming,Short,Portuguese,34,Teen,36,Face Close-up
V008103,C01225,2014-03-23,Gaming,Short,Indonesian,21,General,27,Screenshot
V008104,C00745,2015-10-06,Education,Short,Japanese,24,General,28,Screenshot
V008105,C01085,2019-03-29,Film,Standard Video,English,1956,General,51,Screenshot
V008106,C00838,2010-02-08,Entertainment,Short,Hindi,21,Teen,33,Face Close-up
V008107,C00586,2026-07-20,Sports,Short,English,58,Mature,47,Screenshot
V008108,C01031,2019-02-27,Sports,Standard Video,English,1165,General,36,Text Overlay
V008109,C00155,2021-01-11,Technology,Standard Video,English,170,Teen,59,Face Close-up
V008110,C01904,2011-07-29,Technology,Premiere,Thai,515,General,59,Minimalist
V008111,C01144,2012-08-05,Sports,Standard Video,English,292,Teen,15,Minimalist
V008112,C01182,2026-01-20,Lifestyle,Standard Video,Portuguese,811,General,42,Face Close-up
V008113,C01921,2015-11-24,Comedy,Standard Video,English,104,General,19,Collage
V008114,C01806,2019-05-20,Music,Short,English,48,General,35,Before-After
V008115,C00156,2020-05-06,Music,Short,English,19,Teen,25,Collage
V008116,C01780,2022-11-13,Sports,Short,English,59,General,26,Collage
V008117,C00656,2026-04-03,Lifestyle,Short,English,36,General,27,Before-After
V008118,C00818,2020-07-20,Lifestyle,Short,Spanish,19,General,43,Before-After
V008119,C00878,2019-12-03,Technology,Standard Video,Italian,821,,53,Before-After
V008120,C01598,2021-04-15,Music,Short,Hindi,29,General,30,Collage
V008121,C00659,2015-11-18,News,Standard Video,English,132,General,31,Before-After
V008122,C01368,2021-12-21,Entertainment,Standard Video,Hindi,1321,Teen,42,Minimalist
V008123,C00876,2012-01-08,Sports,Standard Video,English,313,Teen,63,Bright Colors
V008124,C01785,2012-01-17,Sports,Short,Hindi,16,General,13,Face Close-up
V008125,C01607,2018-01-04,Sports,Short,Vietnamese,53,Teen,37,Screenshot
V008126,C00519,2020-04-30,Music,Short,Urdu,51,General,8,Before-After
V008127,C01555,2023-02-22,Entertainment,Standard Video,English,425,Mature,41,Face Close-up
V008128,C01574,2017-07-12,Music,Standard Video,English,1186,General,54,Screenshot
V008129,C00209,2020-08-07,Music,Short,Portuguese,50,General,20,Before-After
V008130,C01906,2026-07-24,News,Standard Video,English,445,General,15,Face Close-up
V008131,C01967,2020-05-06,News,Short,English,21,General,19,Before-After
V008132,C01204,2026-07-21,Film,Standard Video,English,82,General,49,Before-After
V008133,C00992,2015-05-30,Music,Short,Tamil,33,General,12,Before-After
V008134,C00104,2024-08-14,Entertainment,Standard Video,English,165,General,41,Collage
V008135,C01305,2017-02-12,Music,Standard Video,Portuguese,105,General,46,Bright Colors
V008136,C01753,2020-11-06,Entertainment,Standard Video,Spanish,410,General,53,Face Close-up
V008137,C01698,2015-02-01,Film,Standard Video,Spanish,666,General,65,Collage
V008138,C01705,2019-08-08,Education,Short,Thai,55,Mature,22,Screenshot
V008139,C01932,2022-02-23,Education,Premiere,Vietnamese,415,General,45,Screenshot
V008140,C00236,2016-10-02,Gaming,Short,Hindi,50,General,23,Text Overlay
V008141,C01110,2026-05-27,Music,Standard Video,Portuguese,217,General,,Face Close-up
V008142,C01319,2023-11-04,Entertainment,Standard Video,Thai,2816,General,56,Bright Colors
V008143,C00090,2017-08-19,Education,Live Stream,English,6028,,43,Bright Colors
V008144,C01932,2022-11-26,Education,Premiere,Vietnamese,627,General,46,Collage
V008145,C01739,2012-05-29,Music,Standard Video,English,456,General,68,Minimalist
V008146,C01436,2023-04-04,Entertainment,Premiere,English,4568,General,76,Before-After
V008147,C01925,2025-10-11,Sports,Short,English,58,General,15,Minimalist
V008148,C01925,2026-03-17,Sports,Standard Video,English,1040,General,45,Collage
V008149,C01925,2025-11-26,Sports,Live Stream,English,13168,General,68,Bright Colors
V008150,C01883,2016-05-23,Comedy,Standard Video,Filipino,146,Teen,47,Face Close-up
V008151,C00664,2021-11-14,Education,Standard Video,English,1406,General,27,Text Overlay
V008152,C01799,2024-03-21,Entertainment,Standard Video,English,194,General,11,Minimalist
V008153,C00302,2024-11-16,Lifestyle,Short,English,35,Teen,23,Text Overlay
V008154,C00679,2025-07-27,Entertainment,Short,Japanese,49,General,30,Collage
V008155,C01063,2022-03-20,Sports,Standard Video,Urdu,289,General,26,Bright Colors
V008156,C01492,2017-05-09,Comedy,Standard Video,Indonesian,878,General,63,Screenshot
V008157,C01308,2019-01-10,Education,Short,English,52,Teen,42,Minimalist
V008158,C01545,2022-11-17,Technology,Standard Video,English,329,General,35,Collage
V008159,C01988,2018-11-22,Film,Standard Video,Portuguese,5400,General,10,Bright Colors
V008160,C01512,2016-09-30,Music,Standard Video,English,1412,Teen,45,Face Close-up
V008161,C00408,2010-10-07,Lifestyle,Standard Video,Hindi,510,General,55,Face Close-up
V008162,C01632,2024-09-29,News,Standard Video,Portuguese,349,General,31,Before-After
V008163,C00104,2023-10-19,Music,Standard Video,English,1311,General,53,Minimalist
V008164,C01184,2025-07-10,Music,Standard Video,Urdu,212,General,40,Bright Colors
V008165,C01496,2022-01-11,Comedy,Standard Video,Portuguese,601,Teen,68,Text Overlay
V008166,C01989,2023-03-07,Entertainment,Short,French,38,General,31,Collage
V008167,C00035,2022-04-04,Gaming,Standard Video,Hindi,335,Teen,25,Minimalist
V008168,C00247,2026-02-17,Sports,Standard Video,Hindi,1256,General,44,Text Overlay
V008169,C00749,2024-11-01,Gaming,Standard Video,Hindi,507,Teen,51,Bright Colors
V008170,C00834,2012-03-14,Gaming,Short,Vietnamese,34,General,20,Collage
V008171,C01024,2013-03-25,Education,Standard Video,English,876,Mature,51,Before-After
V008172,C00514,2024-09-18,Education,Standard Video,Portuguese,437,General,42,Before-After
V008173,C00177,2016-11-20,Sports,Short,Spanish,22,Teen,8,
V008174,C00499,2022-12-20,Comedy,Short,English,35,Mature,20,Face Close-up
V008175,C00335,2025-10-05,News,Standard Video,English,283,General,59,Text Overlay
V008176,C00592,2019-12-19,Music,Short,English,46,General,27,Bright Colors
V008177,C00499,2025-02-07,Comedy,Standard Video,English,212,Mature,53,Text Overlay
V008178,C00053,2025-03-06,Gaming,Standard Video,Turkish,663,General,63,Text Overlay
V008179,C00183,2019-07-09,Gaming,Short,English,59,General,36,Screenshot
V008180,C00829,2015-01-23,Education,Standard Video,Hindi,600,General,56,Minimalist
V008181,C01154,2017-06-11,Music,Standard Video,Italian,513,Teen,23,Bright Colors
V008182,C01841,2011-01-15,Education,Standard Video,English,476,General,46,Minimalist
V008183,C01075,2025-06-15,Comedy,Standard Video,Portuguese,1030,General,43,Face Close-up
V008184,C00134,2018-03-19,Education,Short,Spanish,37,General,20,Face Close-up
V008185,C00596,2025-11-01,Film,Standard Video,Spanish,280,General,55,
V008186,C00338,2024-10-15,Lifestyle,Standard Video,Hindi,405,Teen,71,Face Close-up
V008187,C01268,2014-01-01,Film,Short,English,49,General,15,Minimalist
V008188,C01162,2024-02-14,News,Standard Video,Spanish,151,Teen,10,Bright Colors
V008189,C00011,2012-10-30,Music,Standard Video,Portuguese,2569,Teen,38,Screenshot
V008190,C00769,2019-12-06,Education,Short,English,23,General,25,Collage
V008191,C01825,2023-02-17,Entertainment,Standard Video,English,1762,General,29,Text Overlay
V008192,C00527,2021-08-30,Entertainment,Short,English,25,General,23,Face Close-up
V008193,C01468,2013-11-28,Education,Standard Video,English,93,Teen,23,Minimalist
V008194,C01861,2025-03-10,Music,Short,English,46,General,32,Collage
V008195,C01268,2014-08-18,Film,Standard Video,English,1544,General,53,Minimalist
V008196,C01198,2025-08-02,Comedy,Standard Video,Hindi,560,General,29,Bright Colors
V008197,C01326,2017-07-08,Technology,Short,English,56,General,26,Collage
V008198,C00854,2018-12-28,Education,Short,English,36,Teen,13,Minimalist
V008199,C01844,2019-12-27,Music,Standard Video,Hindi,442,General,37,Face Close-up
V008200,C01025,2017-08-05,Sports,Short,Spanish,39,Teen,11,Text Overlay
V008201,C01461,2022-10-15,Sports,Short,Spanish,18,General,18,Before-After
V008202,C01529,2024-01-18,Technology,Standard Video,German,759,General,47,Face Close-up
V008203,C00230,2016-12-12,Film,Standard Video,Hindi,414,General,66,Before-After
V008204,C00921,2023-11-03,Entertainment,Standard Video,Indonesian,1581,General,25,Screenshot
V008205,C00861,2013-06-14,News,Short,English,24,Mature,42,Minimalist
V008206,C01030,2015-07-25,Comedy,Short,English,27,General,42,Bright Colors
V008207,C01419,2021-11-01,Technology,Standard Video,Spanish,223,Teen,30,Collage
V008208,C00431,2025-12-23,Music,Standard Video,Tamil,2499,General,52,Screenshot
V008209,C00385,2017-09-21,Music,Standard Video,Turkish,275,General,38,Minimalist
V008210,C01031,2025-03-23,Sports,Standard Video,English,202,General,46,Minimalist
V008211,C00520,2023-09-02,Comedy,Short,French,39,Teen,14,Screenshot
V008212,C01971,2019-07-26,Entertainment,Standard Video,English,1230,General,49,Collage
V008213,C01771,2014-12-24,Education,Standard Video,English,465,General,24,Before-After
V008214,C01131,2023-08-27,Technology,Standard Video,English,1025,General,28,Screenshot
V008215,C00336,2025-06-04,Gaming,Short,Indonesian,49,General,30,Bright Colors
V008216,C01709,2016-09-08,Education,Standard Video,English,246,Teen,63,Face Close-up
V008217,C00928,2014-06-24,News,Short,Portuguese,45,General,26,Bright Colors
V008218,C01620,2025-12-31,Film,Short,Korean,29,General,33,Bright Colors
V008219,C01942,2025-01-17,Music,Short,Hindi,46,General,19,Screenshot
V008220,C00028,2020-10-08,News,Standard Video,Indonesian,770,Teen,73,Bright Colors
V008221,C00136,2021-07-26,Education,Short,English,16,General,30,Screenshot
V008222,C01007,2024-04-11,Film,Standard Video,Spanish,277,General,59,Bright Colors
V008223,C00591,2013-12-29,Gaming,Live Stream,English,12499,Teen,33,Bright Colors
V008224,C00704,2025-01-19,Entertainment,Standard Video,Indonesian,434,Teen,37,Minimalist
V008225,C01777,2025-12-22,Technology,Standard Video,Portuguese,463,Teen,24,Before-After
V008226,C01884,2021-08-04,Entertainment,Live Stream,Thai,6539,General,39,Text Overlay
V008227,C00599,2024-07-05,News,Standard Video,Spanish,321,General,51,Before-After
V008228,C01075,2025-02-11,Comedy,Standard Video,Portuguese,252,General,43,Collage
V008229,C01677,2023-06-22,Education,Standard Video,English,860,General,38,Screenshot
V008230,C01247,2014-10-05,Education,Short,English,41,General,24,Before-After
V008231,C00173,2018-12-23,Gaming,Premiere,Portuguese,219,Teen,18,Before-After
V008232,C01826,2012-07-21,Gaming,Standard Video,Indonesian,303,General,57,Bright Colors
V008233,C00027,2010-03-19,Technology,Standard Video,Portuguese,1629,General,37,Minimalist
V008234,C01180,2011-07-13,Music,Standard Video,Korean,263,General,53,Minimalist
V008235,C01020,2019-12-21,Gaming,Standard Video,Hindi,365,,60,Before-After
V008236,C00577,2011-09-01,Lifestyle,Short,German,38,General,33,Face Close-up
V008237,C00501,2023-09-02,Sports,Live Stream,Hindi,9384,General,38,Bright Colors
V008238,C01734,2026-06-30,Gaming,Short,Filipino,16,Teen,26,Before-After
V008239,C01353,2021-08-07,Entertainment,Standard Video,English,960,Teen,60,Bright Colors
V008240,C00647,2019-07-07,Education,Standard Video,Hindi,963,Mature,41,Bright Colors
V008241,C01132,2023-07-25,Film,Standard Video,Hindi,399,General,26,Face Close-up
V008242,C01639,2025-08-11,Technology,Standard Video,English,1218,General,49,Before-After
V008243,C01135,2020-04-09,News,Short,English,27,General,24,Before-After
V008244,C01288,2022-04-06,Entertainment,Short,English,43,Teen,20,Collage
V008245,C00840,2010-12-28,Comedy,Standard Video,English,1240,General,38,Collage
V008246,C01246,2022-08-01,Education,Standard Video,Spanish,285,General,40,Collage
V008247,C01085,2017-07-27,Lifestyle,Short,English,36,General,22,Before-After
V008248,C01124,2018-12-02,Lifestyle,Live Stream,Spanish,9881,General,22,Minimalist
V008249,C00803,2023-09-13,Entertainment,Standard Video,English,922,General,43,Before-After
V008250,C00689,2021-02-01,Gaming,Standard Video,Spanish,3014,General,58,Before-After
V008251,C01335,2010-09-19,Comedy,Short,Japanese,52,General,12,Before-After
V008252,C01714,2016-06-19,Entertainment,Standard Video,English,116,General,57,Text Overlay
V008253,C01664,2020-12-29,Lifestyle,Standard Video,Hindi,106,General,47,Text Overlay
V008254,C00324,2026-03-11,Entertainment,Short,Hindi,49,General,18,Collage
V008255,C01891,2013-01-24,Lifestyle,Standard Video,Portuguese,235,General,48,Face Close-up
V008256,C00409,2017-04-25,Music,Standard Video,Hindi,141,General,39,Before-After
V008257,C00369,2016-12-25,Technology,Standard Video,Portuguese,240,Teen,38,Text Overlay
V008258,C00755,2021-08-13,Education,Standard Video,Spanish,3379,General,56,Face Close-up
V008259,C01200,2022-06-22,Sports,Short,Hindi,54,General,34,Screenshot
V008260,C00737,2019-05-09,News,Standard Video,Telugu,135,General,59,Collage
V008261,C00633,2019-02-28,Music,Premiere,English,437,General,26,Collage
V008262,C00317,2014-04-13,Entertainment,Short,Japanese,49,Teen,41,Face Close-up
V008263,C00744,2019-11-11,Comedy,Standard Video,Spanish,333,General,44,Bright Colors
V008264,C01567,2021-02-18,Sports,Standard Video,English,213,General,42,
V008265,C01111,2025-02-12,Music,Standard Video,English,427,General,34,Text Overlay
V008266,C01872,2013-10-05,Lifestyle,Standard Video,Indonesian,675,General,30,Minimalist
V008267,C01830,2010-05-24,Film,Standard Video,Spanish,576,General,37,Minimalist
V008268,C01787,2017-09-12,Lifestyle,Live Stream,Hindi,11403,General,15,Minimalist
V008269,C01777,2024-12-25,Technology,Standard Video,Portuguese,212,Teen,42,Minimalist
V008270,C01192,2022-02-27,Sports,Short,Filipino,59,General,21,Before-After
V008271,C01723,2022-03-04,Entertainment,Standard Video,English,679,General,44,Minimalist
V008272,C00626,2020-03-26,News,Short,English,47,General,36,Before-After
V008273,C01872,2016-09-23,Lifestyle,Standard Video,Indonesian,601,General,58,Screenshot
V008274,C01803,2019-01-01,Technology,Standard Video,English,301,General,54,Minimalist
V008275,C00746,2023-11-17,Comedy,Standard Video,French,496,General,17,Minimalist
V008276,C01081,2022-02-11,Film,Standard Video,French,529,General,53,
V008277,C01056,2025-10-12,Film,Short,Hindi,36,,24,Text Overlay
V008278,C01420,2023-01-22,Gaming,Standard Video,Portuguese,646,General,22,Bright Colors
V008279,C01120,2026-03-18,Entertainment,Standard Video,English,137,General,19,Minimalist
V008280,C00182,2012-08-17,Music,Standard Video,Portuguese,877,Teen,42,Screenshot
V008281,C00878,2017-06-17,Technology,Standard Video,Italian,1788,General,48,Face Close-up
V008282,C00684,2010-10-12,Film,Standard Video,Portuguese,1027,General,38,Bright Colors
V008283,C00561,2022-11-01,Comedy,Standard Video,Italian,1411,General,43,Text Overlay
V008284,C01833,2016-07-12,Gaming,Short,English,23,General,22,Screenshot
V008285,C00186,2021-09-05,Sports,Standard Video,English,324,General,50,Collage
V008286,C00796,2017-06-02,Sports,Short,Hindi,39,General,26,Bright Colors
V008287,C00181,2012-11-13,Sports,Short,Portuguese,59,General,33,Text Overlay
V008288,C01013,2024-02-26,Entertainment,Standard Video,Spanish,3104,General,23,Bright Colors
V008289,C00914,2015-08-10,News,Live Stream,Bengali,7982,Teen,48,Face Close-up
V008290,C01328,2011-09-24,Entertainment,Standard Video,English,325,Teen,49,Collage
V008291,C00485,2026-06-29,Lifestyle,Standard Video,Urdu,817,General,59,Text Overlay
V008292,C01027,2018-12-19,Entertainment,Standard Video,English,1858,General,50,Before-After
V008293,C00512,2021-01-26,Technology,Standard Video,English,263,General,63,Before-After
V008294,C00186,2022-10-12,Sports,Short,English,49,General,13,Screenshot
V008295,C00459,2014-10-12,Education,Short,Vietnamese,45,General,26,Face Close-up
V008296,C00036,2022-04-11,Gaming,Short,Hindi,46,General,42,Text Overlay
V008297,C01867,2023-09-30,Education,Standard Video,English,464,General,57,Before-After
V008298,C01674,2017-10-08,Gaming,Short,Hindi,56,General,28,Face Close-up
V008299,C00576,2015-11-19,Technology,Short,French,43,Mature,21,Minimalist
V008300,C01383,2023-06-22,Entertainment,Premiere,Japanese,115,General,44,Bright Colors
V008301,C01169,2015-07-12,News,Standard Video,German,947,General,51,Text Overlay
V008302,C00030,2024-07-22,Sports,Standard Video,English,372,General,,Text Overlay
V008303,C01268,2024-06-11,Film,Short,English,24,General,20,Text Overlay
V008304,C00672,2020-04-21,Music,Short,French,20,General,45,Screenshot
V008305,C00215,2026-07-16,Music,Short,English,42,Teen,13,Minimalist
V008306,C01310,2023-12-27,Entertainment,Standard Video,Hindi,992,General,43,Face Close-up
V008307,C01445,2023-09-01,News,Standard Video,Hindi,103,General,37,Screenshot
V008308,C01978,2021-08-20,Technology,Short,Hindi,40,General,23,Screenshot
V008309,C00676,2011-07-05,Education,Short,Portuguese,28,General,16,Collage
V008310,C01507,2015-11-06,Education,Standard Video,Hindi,1351,General,56,Bright Colors
V008311,C01348,2026-07-08,Entertainment,Standard Video,English,1672,General,30,Bright Colors
V008312,C01652,2019-05-26,Music,Short,English,60,General,26,Bright Colors
V008313,C01663,2021-07-03,Education,Standard Video,Spanish,1337,General,43,Face Close-up
V008314,C00414,2025-02-18,Entertainment,Premiere,English,228,General,42,Minimalist
V008315,C01298,2026-03-16,Entertainment,Premiere,Filipino,1609,General,29,Screenshot
V008316,C00626,2020-11-01,News,Standard Video,English,988,General,31,Face Close-up
V008317,C00770,2021-06-08,Education,Short,Vietnamese,51,General,24,Text Overlay
V008318,C00744,2013-09-26,Comedy,Standard Video,Spanish,421,General,28,Minimalist
V008319,C01023,2025-07-13,Entertainment,Short,Indonesian,44,General,37,Minimalist
V008320,C00360,2021-08-29,Entertainment,Live Stream,Hindi,5036,General,61,Screenshot
V008321,C01860,2012-05-14,Lifestyle,Standard Video,English,982,General,43,Collage
V008322,C00414,2022-04-19,Education,Short,English,32,General,30,Text Overlay
V008323,C00236,2016-10-01,Gaming,Standard Video,Hindi,5233,General,35,Minimalist
V008324,C00980,2016-01-08,Sports,Standard Video,Urdu,123,General,44,Text Overlay
V008325,C00581,2013-06-23,Education,Standard Video,Portuguese,522,General,59,
V008326,C01340,2016-08-11,Education,Standard Video,Spanish,1188,General,59,Face Close-up
V008327,C00596,2026-01-15,Lifestyle,Short,Vietnamese,52,General,35,Screenshot
V008328,C01156,2026-05-08,Film,Short,English,52,General,24,Text Overlay
V008329,C00172,2011-09-08,Technology,Standard Video,Hindi,679,General,37,Bright Colors
V008330,C00865,2010-02-05,Gaming,Live Stream,Portuguese,3214,General,52,Before-After
V008331,C00003,2026-02-05,Education,Standard Video,Hindi,530,General,56,Before-After
V008332,C00465,2013-08-21,Lifestyle,Short,Spanish,24,General,8,Bright Colors
V008333,C00778,2022-04-13,Gaming,Standard Video,English,262,General,33,Face Close-up
V008334,C00601,2024-06-21,Gaming,Standard Video,Japanese,132,General,40,Face Close-up
V008335,C00549,2014-10-12,News,Short,English,29,General,22,Minimalist
V008336,C00411,2015-01-29,Entertainment,Standard Video,English,133,General,74,Screenshot
V008337,C00303,2014-10-05,Entertainment,Standard Video,Turkish,267,General,56,Screenshot
V008338,C00245,2022-01-13,Sports,Standard Video,Hindi,299,General,21,Screenshot
V008339,C00188,2024-06-16,Education,Standard Video,Hindi,218,General,17,Text Overlay
V008340,C01842,2017-03-07,Comedy,Standard Video,Hindi,1324,General,31,Screenshot
V008341,C01449,2017-06-01,Lifestyle,Standard Video,German,97,General,29,Bright Colors
V008342,C01694,2020-06-24,Entertainment,Standard Video,English,989,General,38,Face Close-up
V008343,C01787,2024-09-03,Entertainment,Standard Video,English,133,General,39,Text Overlay
V008344,C01204,2026-07-20,Film,Standard Video,English,460,Mature,36,
V008345,C00185,2017-11-18,Gaming,Short,Spanish,41,Teen,40,Before-After
V008346,C01626,2012-04-04,Technology,Live Stream,Hindi,6637,General,43,Bright Colors
V008347,C00682,2023-01-04,Sports,Short,Hindi,35,General,17,Collage
V008348,C01045,2020-06-03,Entertainment,Short,Vietnamese,36,General,19,Screenshot
V008349,C00636,2019-04-13,Sports,Standard Video,Hindi,261,Teen,51,Screenshot
V008350,C01649,2019-06-05,Lifestyle,Standard Video,Urdu,1363,General,36,Minimalist
V008351,C00378,2010-06-22,Technology,Standard Video,Filipino,551,General,25,Bright Colors
V008352,C01203,2018-12-06,Music,Short,Hindi,50,General,19,
V008353,C01892,2019-11-21,Sports,Standard Video,German,512,General,39,Collage
V008354,C00422,2026-05-28,Music,Short,English,50,General,30,Screenshot
V008355,C01527,2022-08-30,Education,Standard Video,Vietnamese,64,General,51,Face Close-up
V008356,C00112,2021-01-27,Gaming,Short,Filipino,22,General,45,Collage
V008357,C01345,2018-12-09,Comedy,Short,English,17,General,38,Screenshot
V008358,C00651,2019-07-04,Lifestyle,Short,Portuguese,20,General,32,Screenshot
V008359,C00769,2021-02-23,Education,Standard Video,Tamil,1069,General,34,Bright Colors
V008360,C00131,2026-04-16,Technology,Short,English,47,General,34,Bright Colors
V008361,C01767,2021-05-12,Gaming,Standard Video,Hindi,108,Teen,28,Bright Colors
V008362,C01813,2019-06-02,Music,Standard Video,Filipino,323,General,43,Bright Colors
V008363,C00582,2020-05-31,Gaming,Standard Video,French,340,Teen,55,Minimalist
V008364,C00699,2025-01-31,Entertainment,Standard Video,English,61,General,50,Minimalist
V008365,C01776,2015-09-13,Education,Short,Japanese,56,General,32,Face Close-up
V008366,C00079,2025-06-19,Gaming,Short,Portuguese,59,General,13,Face Close-up
V008367,C01571,2010-06-30,Education,Standard Video,Japanese,205,General,24,Minimalist
V008368,C01677,2026-07-16,Education,Short,English,49,General,18,Collage
V008369,C01111,2011-08-25,Music,Short,English,31,General,32,Bright Colors
V008370,C01592,2024-08-05,Entertainment,Standard Video,English,1403,General,62,Face Close-up
V008371,C01138,2026-01-08,Sports,Standard Video,Spanish,299,General,56,Face Close-up
V008372,C01247,2020-06-14,Lifestyle,Short,English,19,General,31,Screenshot
V008373,C00903,2018-08-27,Technology,Standard Video,English,3438,General,40,Face Close-up
V008374,C01639,2025-11-23,Technology,Standard Video,Hindi,248,General,48,Face Close-up
V008375,C00619,2018-10-19,Entertainment,Standard Video,English,208,General,39,Face Close-up
V008376,C00139,2019-11-12,Film,Premiere,Hindi,108,General,21,Screenshot
V008377,C01606,2023-12-14,Gaming,Short,English,32,Teen,26,Collage
V008378,C01261,2014-04-05,Lifestyle,Standard Video,German,1061,General,46,Face Close-up
V008379,C00024,2021-07-17,Comedy,Short,Indonesian,32,General,36,Face Close-up
V008380,C00047,2015-01-11,Music,Standard Video,English,2347,General,33,Screenshot
V008381,C01738,2022-09-13,Technology,Premiere,English,376,General,56,Before-After
V008382,C00309,2023-07-09,Sports,Standard Video,Korean,1332,Teen,41,Bright Colors
V008383,C01777,2022-10-30,Technology,Short,Hindi,50,Teen,22,Text Overlay
V008384,C00927,2026-06-30,Entertainment,Standard Video,Japanese,1236,General,52,Face Close-up
V008385,C00958,2026-03-05,Technology,Short,Vietnamese,30,General,17,Text Overlay
V008386,C01056,2025-06-13,Film,Short,Hindi,42,General,40,Collage
V008387,C00010,2018-02-27,Entertainment,Standard Video,English,133,General,44,Collage
V008388,C00450,2023-01-03,Education,Standard Video,English,284,General,29,Screenshot
V008389,C01075,2025-02-25,Comedy,Short,German,59,General,23,Face Close-up
V008390,C01826,2024-02-03,Gaming,Standard Video,Indonesian,326,General,58,Text Overlay
V008391,C00135,2025-02-17,Music,Standard Video,Filipino,202,General,50,Screenshot
V008392,C01802,2017-02-15,Music,Standard Video,English,2570,General,41,Face Close-up
V008393,C01477,2012-02-22,Entertainment,Short,English,57,Teen,31,Screenshot
V008394,C01247,2012-03-31,Lifestyle,Standard Video,English,1313,General,60,Collage
V008395,C00088,2022-10-12,Gaming,Short,Kannada,45,General,8,Before-After
V008396,C00258,2024-11-12,Education,Standard Video,Hindi,114,Mature,56,Text Overlay
V008397,C00559,2016-08-20,Film,Short,Hindi,33,Teen,26,Minimalist
V008398,C00592,2014-06-09,Music,Standard Video,English,477,General,61,Face Close-up
V008399,C00575,2011-05-26,Lifestyle,Short,Tamil,27,General,23,Collage
V008400,C00025,2018-11-03,News,Short,Thai,44,General,21,Minimalist
V008401,C01468,2018-09-24,Education,Standard Video,English,1016,Teen,19,Before-After
V008402,C01070,2022-09-29,Education,Short,Portuguese,17,General,31,Before-After
V008403,C00738,2024-03-09,Lifestyle,Standard Video,Portuguese,134,General,62,Minimalist
V008404,C00177,2015-11-30,Sports,Live Stream,Spanish,5778,Teen,33,Face Close-up
V008405,C01468,2013-07-20,Education,Standard Video,Spanish,528,Teen,47,Minimalist
V008406,C00526,2021-06-28,Music,Live Stream,English,2968,General,32,Collage
V008407,C00041,2022-10-07,Education,Standard Video,English,365,Teen,66,Face Close-up
V008408,C01109,2022-10-06,Technology,Standard Video,English,2873,General,51,Screenshot
V008409,C01849,2026-05-15,Technology,Standard Video,English,237,General,44,Before-After
V008410,C01379,2023-09-19,Education,Short,Vietnamese,45,General,13,Minimalist
V008411,C01144,2024-10-20,Lifestyle,Short,English,43,Teen,20,Minimalist
V008412,C00429,2012-12-06,News,Short,Indonesian,30,General,19,Screenshot
V008413,C00914,2019-02-23,Comedy,Standard Video,Bengali,1806,Teen,60,Bright Colors
V008414,C00782,2010-11-22,Technology,Short,Hindi,17,General,39,Text Overlay
V008415,C00959,2017-11-16,Music,Short,Hindi,19,General,21,Collage
V008416,C01592,2025-02-16,Entertainment,Short,Spanish,26,General,14,Before-After
V008417,C01376,2018-08-19,Comedy,Premiere,Hindi,61,General,39,Minimalist
V008418,C01783,2017-04-19,Education,Standard Video,Hindi,1456,General,50,Before-After
V008419,C01091,2023-11-12,Entertainment,Standard Video,Spanish,930,General,62,Bright Colors
V008420,C00443,2024-08-27,Music,Standard Video,Spanish,446,Teen,48,Bright Colors
V008421,C01644,2016-09-30,Gaming,Standard Video,English,335,General,35,Screenshot
V008422,C01132,2017-09-08,Lifestyle,Standard Video,Hindi,656,General,33,Face Close-up
V008423,C01663,2015-01-31,Education,Standard Video,English,169,General,11,Face Close-up
V008424,C01574,2023-10-06,Music,Short,English,50,General,29,Before-After
V008425,C00139,2019-08-13,Film,Short,Hindi,47,General,27,Text Overlay
V008426,C00647,2024-01-27,Education,Standard Video,Hindi,635,Mature,59,Minimalist
V008427,C01420,2026-01-06,Gaming,Standard Video,Portuguese,1638,General,54,Text Overlay
V008428,C01378,2022-07-21,Music,Standard Video,Turkish,955,General,51,Bright Colors
V008429,C00061,2014-06-09,Lifestyle,Standard Video,Hindi,365,General,43,Face Close-up
V008430,C00033,2018-05-13,Comedy,Standard Video,Hindi,417,General,64,Screenshot
V008431,C00335,2021-12-03,Entertainment,Standard Video,English,148,General,32,Before-After
V008432,C00559,2025-05-10,Film,Premiere,Hindi,2759,Teen,62,Collage
V008433,C00506,2019-11-13,Technology,Short,German,28,General,35,Text Overlay
V008434,C00430,2012-04-20,Entertainment,Standard Video,Hindi,102,General,66,Minimalist
V008435,C01224,2020-01-01,Gaming,Standard Video,Portuguese,590,General,41,
V008436,C00900,2025-06-27,Music,Standard Video,Thai,1037,General,,Collage
V008437,C00794,2022-07-01,Music,Short,English,16,General,26,Before-After
V008438,C01075,2025-06-25,Comedy,Short,German,54,General,43,Text Overlay
V008439,C01513,2020-07-16,Entertainment,Live Stream,Hindi,5666,General,36,Screenshot
V008440,C01926,2022-02-19,Music,Standard Video,Filipino,156,General,43,Minimalist
V008441,C01663,2015-10-24,Education,Standard Video,English,1727,General,25,Screenshot
V008442,C01960,2024-02-22,Music,Standard Video,Hindi,624,Teen,20,Minimalist
V008443,C01602,2023-09-09,Music,Short,Portuguese,27,General,18,
V008444,C01235,2016-12-26,Comedy,Standard Video,English,103,Teen,40,Minimalist
V008445,C00455,2015-10-29,Lifestyle,Short,English,30,General,8,Screenshot
V008446,C01330,2024-07-06,Education,Short,English,20,General,26,Face Close-up
V008447,C01085,2017-07-23,Sports,Premiere,Portuguese,451,General,40,Collage
V008448,C01197,2021-08-20,Lifestyle,Standard Video,Hindi,1101,General,43,Bright Colors
V008449,C00808,2026-03-29,Lifestyle,Standard Video,Indonesian,451,Teen,38,Text Overlay
V008450,C00941,2013-06-01,Education,Standard Video,English,1055,General,49,Screenshot
V008451,C01921,2014-11-17,Sports,Short,English,30,General,24,Before-After
V008452,C01282,2026-01-28,Music,Short,English,21,General,17,Collage
V008453,C01476,2012-02-11,Music,Short,English,43,General,22,Face Close-up
V008454,C00243,2014-06-24,Music,Standard Video,Spanish,272,Mature,63,Bright Colors
V008455,C01713,2025-05-08,Lifestyle,Standard Video,Japanese,506,General,48,Before-After
V008456,C00051,2026-05-10,Gaming,Short,English,26,General,31,Collage
V008457,C00652,2025-05-22,Education,Standard Video,English,562,General,48,Before-After
V008458,C01007,2024-02-12,Film,Standard Video,Portuguese,221,General,56,Bright Colors
V008459,C00739,2021-11-07,Technology,Short,English,47,General,16,Bright Colors
V008460,C01900,2018-11-14,Music,Short,English,38,Teen,24,Text Overlay
V008461,C01812,2020-01-02,Entertainment,Short,Indonesian,44,Mature,38,Before-After
V008462,C01230,2021-07-14,Gaming,Standard Video,Hindi,860,General,26,Bright Colors
V008463,C00512,2024-05-18,Technology,Premiere,English,358,General,48,Text Overlay
V008464,C01179,2019-05-14,Lifestyle,Standard Video,Italian,5400,General,27,Bright Colors
V008465,C00056,2023-09-25,Sports,Live Stream,Indonesian,9506,General,48,Face Close-up
V008466,C01658,2026-01-02,Gaming,Short,English,46,General,8,Bright Colors
V008467,C01694,2021-04-26,Entertainment,Short,English,57,General,13,Text Overlay
V008468,C00694,2024-03-14,Sports,Standard Video,Japanese,739,General,24,Minimalist
V008469,C01162,2010-06-15,News,Short,Spanish,56,Teen,15,Before-After
V008470,C01548,2011-03-29,Technology,Short,Vietnamese,53,General,22,Text Overlay
V008471,C01045,2023-11-13,Entertainment,Short,Vietnamese,32,General,24,Face Close-up
V008472,C00208,2025-09-27,Comedy,Standard Video,Spanish,1421,General,38,Collage
V008473,C00678,2018-11-17,Music,Standard Video,Portuguese,186,General,54,Collage
V008474,C00903,2021-10-06,Film,Short,English,49,General,26,Text Overlay
V008475,C01089,2018-04-08,Education,Standard Video,English,2629,General,39,Screenshot
V008476,C01988,2018-05-07,Film,Short,Portuguese,40,General,26,Face Close-up
V008477,C00919,2011-03-02,Technology,Standard Video,Spanish,422,General,31,Bright Colors
V008478,C00754,2020-05-12,Comedy,Short,Indonesian,58,General,19,Before-After
V008479,C01457,2016-09-29,Gaming,Short,French,43,Teen,13,Bright Colors
V008480,C00213,2017-10-17,Gaming,Standard Video,English,3723,General,76,Collage
V008481,C00040,2016-09-30,Music,Standard Video,Hindi,4174,General,72,Text Overlay
V008482,C00909,2022-08-27,Education,Standard Video,German,229,Teen,34,Bright Colors
V008483,C01441,2023-06-16,Gaming,Standard Video,Spanish,985,General,62,Collage
V008484,C01117,2019-01-02,Technology,Live Stream,Portuguese,6858,General,40,Text Overlay
V008485,C01685,2021-07-28,Music,Short,English,50,General,27,Bright Colors
V008486,C00013,2013-01-03,Education,Standard Video,Spanish,558,General,49,Face Close-up
V008487,C00181,2016-10-11,Lifestyle,Standard Video,Portuguese,523,General,50,Before-After
V008488,C01918,2011-07-12,Sports,Standard Video,Hindi,566,General,33,Collage
V008489,C01436,2018-11-07,Entertainment,Live Stream,English,3339,General,61,Text Overlay
V008490,C00540,2020-05-02,Entertainment,Short,English,31,General,8,Before-After
V008491,C01346,2022-07-27,News,Short,English,48,General,22,Screenshot
V008492,C01487,2024-05-14,Sports,Standard Video,English,4335,General,68,Collage
V008493,C01453,2016-05-17,Education,Standard Video,Hindi,679,Teen,30,Minimalist
V008494,C01982,2021-08-30,Film,Standard Video,Turkish,497,General,72,Collage
V008495,C01677,2022-12-23,Education,Short,English,37,General,20,Before-After
V008496,C01663,2019-12-19,Education,Short,English,29,General,31,Minimalist
V008497,C01664,2026-02-08,Lifestyle,Short,Hindi,36,General,9,Collage
V008498,C01496,2024-07-11,Comedy,Live Stream,Portuguese,9705,Teen,60,Text Overlay
V008499,C00013,2017-09-14,Education,Standard Video,Japanese,1140,General,53,Before-After
V008500,C01863,2015-02-13,Film,Short,English,37,General,42,Screenshot
V008501,C01474,2020-02-05,Lifestyle,Standard Video,Hindi,150,Teen,27,Bright Colors
V008502,C01386,2013-08-21,Music,Standard Video,Hindi,1529,Teen,,Bright Colors
V008503,C00789,2017-08-20,Entertainment,Standard Video,German,467,General,49,Before-After
V008504,C01847,2026-01-31,Comedy,Short,English,28,General,21,Before-After
V008505,C01360,2020-05-20,Lifestyle,Standard Video,Tamil,1092,Mature,47,Face Close-up
V008506,C01289,2024-01-13,Education,Standard Video,Hindi,418,General,19,Collage
V008507,C00227,2020-04-11,Technology,Short,English,59,General,29,Minimalist
V008508,C00928,2015-08-14,News,Standard Video,Portuguese,197,General,49,Face Close-up
V008509,C00520,2012-06-15,Comedy,Standard Video,French,931,Teen,52,Before-After
V008510,C00234,2026-04-13,Sports,Standard Video,English,265,Teen,54,Before-After
V008511,C00647,2017-11-25,Education,Standard Video,Hindi,723,Mature,57,Face Close-up
V008512,C00951,2023-08-13,Sports,Short,Spanish,26,General,12,Text Overlay
V008513,C01433,2017-07-16,Music,Standard Video,English,194,General,45,Collage
V008514,C00942,2022-07-10,Gaming,Standard Video,Filipino,836,General,36,Collage
V008515,C01876,2018-08-27,Gaming,Standard Video,English,366,General,43,Collage
V008516,C01547,2015-01-10,Gaming,Standard Video,Hindi,75,General,15,Collage
V008517,C00443,2024-06-01,Music,Standard Video,Spanish,408,Teen,45,Text Overlay
V008518,C00238,2018-11-22,Gaming,Live Stream,Thai,6146,General,65,Text Overlay
V008519,C01698,2014-12-08,Film,Premiere,German,65,General,39,Collage
V008520,C01639,2025-10-31,Technology,Short,Hindi,30,General,11,Collage
V008521,C01111,2011-07-10,Music,Short,English,59,General,,Before-After
V008522,C00290,2019-03-02,Gaming,Standard Video,Filipino,683,General,11,Text Overlay
V008523,C00149,2025-12-25,Technology,Standard Video,Hindi,1370,General,60,Text Overlay
V008524,C01894,2025-09-05,Music,Standard Video,Hindi,669,General,42,Before-After
V008525,C01149,2023-12-17,Sports,Standard Video,Indonesian,944,General,42,Minimalist
V008526,C01328,2016-09-12,Entertainment,Standard Video,English,134,General,43,Face Close-up
V008527,C00004,2020-12-25,Lifestyle,Standard Video,Portuguese,433,Teen,45,Bright Colors
V008528,C01948,2021-05-02,Entertainment,Short,French,15,General,8,Minimalist
V008529,C00520,2014-11-12,Comedy,Standard Video,French,1015,Teen,40,Screenshot
V008530,C00520,2010-06-21,Comedy,Standard Video,French,109,Teen,53,Collage
V008531,C00769,2016-10-29,Education,Short,Hindi,52,Teen,16,Collage
V008532,C00261,2025-04-16,Technology,Premiere,Vietnamese,173,Teen,24,Face Close-up
V008533,C00810,2025-02-03,Music,Premiere,French,359,General,59,Collage
V008534,C01964,2026-05-18,Music,Short,Italian,18,Mature,31,Face Close-up
V008535,C00261,2013-03-29,Technology,Short,Vietnamese,23,Teen,25,Bright Colors
V008536,C01739,2018-08-29,Music,Standard Video,English,886,General,28,Before-After
V008537,C00613,2016-02-05,Entertainment,Short,English,41,General,13,Minimalist
V008538,C00199,2019-01-05,Gaming,Short,Korean,18,General,25,Minimalist
V008539,C01870,2021-03-09,Education,Short,Filipino,37,Teen,33,Screenshot
V008540,C01545,2023-04-21,Technology,Standard Video,English,1454,General,75,Collage
V008541,C00833,2024-03-10,Entertainment,Short,Spanish,42,General,24,Face Close-up
V008542,C00246,2015-12-22,Gaming,Short,English,39,General,18,Collage
V008543,C00443,2025-04-29,Music,Standard Video,Spanish,592,Teen,49,Before-After
V008544,C00090,2017-03-23,Education,Standard Video,English,266,General,46,Text Overlay
V008545,C01679,2022-12-21,Film,Short,Filipino,38,General,25,Minimalist
V008546,C00366,2021-02-13,Entertainment,Standard Video,German,1832,General,54,Text Overlay
V008547,C00516,2020-11-12,Music,Standard Video,Spanish,1293,General,70,Face Close-up
V008548,C00075,2020-08-07,Sports,Short,Portuguese,31,Mature,25,Face Close-up
V008549,C00099,2013-01-07,Entertainment,Standard Video,Spanish,647,,80,Face Close-up
V008550,C01932,2023-04-03,Education,Live Stream,Vietnamese,6929,General,53,Before-After
V008551,C01037,2025-07-29,Music,Standard Video,German,417,General,29,Before-After
V008552,C01066,2020-05-17,Technology,Live Stream,English,4919,General,39,Face Close-up
V008553,C00380,2018-07-16,Gaming,Standard Video,English,733,General,71,Minimalist
V008554,C01386,2013-10-19,Education,Short,Hindi,34,General,36,Before-After
V008555,C01644,2025-09-10,Music,Standard Video,English,259,General,50,Before-After
V008556,C01044,2026-01-23,News,Short,Italian,49,Teen,30,Text Overlay
V008557,C00058,2023-02-21,Sports,Premiere,Filipino,214,Teen,29,Before-After
V008558,C00265,2025-12-10,Music,Short,Indonesian,40,General,30,Bright Colors
V008559,C00865,2013-08-23,Gaming,Standard Video,Spanish,190,General,54,Minimalist
V008560,C00179,2024-11-19,Education,Standard Video,English,145,General,57,Bright Colors
V008561,C01235,2019-04-17,Comedy,Standard Video,English,3564,General,66,Face Close-up
V008562,C01659,2019-03-20,News,Standard Video,Spanish,5400,Teen,51,Bright Colors
V008563,C00791,2021-04-13,Gaming,Short,Portuguese,38,General,25,Bright Colors
V008564,C00512,2023-09-05,Technology,Short,English,34,General,25,Collage
V008565,C00991,2021-02-16,Comedy,Short,Hindi,24,General,31,
V008566,C01205,2012-04-20,Comedy,Short,Hindi,32,General,11,Before-After
V008567,C01355,2017-08-18,Entertainment,Short,Portuguese,56,Teen,24,Face Close-up
V008568,C00935,2023-08-22,Entertainment,Short,English,52,General,41,Screenshot
V008569,C00622,2012-03-25,Entertainment,Standard Video,German,446,Teen,20,Minimalist
V008570,C00325,2020-12-22,Gaming,Standard Video,English,526,General,74,Bright Colors
V008571,C00418,2022-07-10,Comedy,Live Stream,Italian,10350,Teen,21,Collage
V008572,C00606,2026-06-20,Entertainment,Standard Video,Tamil,1842,General,38,Screenshot
V008573,C01386,2013-08-22,Education,Premiere,Hindi,2931,General,34,Screenshot
V008574,C00380,2023-07-22,Gaming,Premiere,English,1444,General,35,Text Overlay
V008575,C00653,2024-12-14,Entertainment,Standard Video,English,808,General,41,Minimalist
V008576,C00806,2019-09-16,Technology,Standard Video,Spanish,1575,General,47,
V008577,C00142,2023-11-07,Lifestyle,Standard Video,Portuguese,1822,General,67,Before-After
V008578,C01904,2012-07-09,Technology,Short,Thai,26,General,10,Face Close-up
V008579,C01161,2022-02-06,Gaming,Standard Video,Spanish,648,General,51,Bright Colors
V008580,C01386,2016-12-19,Education,Standard Video,Portuguese,98,General,31,Screenshot
V008581,C01587,2011-08-05,Education,Standard Video,Portuguese,1040,Mature,41,Minimalist
V008582,C01991,2012-08-31,Comedy,Standard Video,English,556,General,44,Minimalist
V008583,C01144,2012-09-12,Lifestyle,Standard Video,English,545,Teen,40,Minimalist
V008584,C00068,2022-06-20,Entertainment,Short,Hindi,43,Teen,29,Face Close-up
V008585,C00353,2022-09-05,Music,Standard Video,Hindi,1448,General,50,Minimalist
V008586,C00369,2014-12-18,Gaming,Standard Video,Portuguese,488,Teen,,Text Overlay
V008587,C01189,2026-05-20,Lifestyle,Short,French,49,Teen,26,Collage
V008588,C00583,2023-05-01,Sports,Short,Portuguese,54,General,24,Minimalist
V008589,C00431,2025-09-14,Music,Standard Video,Tamil,438,General,28,Collage
V008590,C00224,2023-03-20,Comedy,Short,English,36,Teen,21,Bright Colors
V008591,C00239,2022-12-17,Technology,Short,Spanish,58,General,13,Collage
V008592,C01595,2025-06-28,Education,Standard Video,Spanish,3913,General,51,Screenshot
V008593,C01663,2017-11-09,News,Standard Video,English,1078,General,37,Screenshot
V008594,C00947,2020-03-28,Gaming,Standard Video,English,479,General,66,Minimalist
V008595,C00420,2023-05-29,Comedy,Standard Video,English,963,General,40,Minimalist
V008596,C00914,2016-04-26,Comedy,Standard Video,Bengali,496,Teen,50,Minimalist
V008597,C00108,2020-11-05,Sports,Short,English,28,General,22,Minimalist
V008598,C01785,2010-03-26,Comedy,Standard Video,Hindi,445,General,66,Before-After
V008599,C00552,2021-04-16,Entertainment,Short,Urdu,30,General,29,Screenshot
V008600,C01659,2025-08-02,News,Short,Spanish,60,Teen,35,Face Close-up
V008601,C01964,2017-04-04,Music,Standard Video,Italian,162,Mature,42,Collage
V008602,C00592,2022-03-06,Film,Standard Video,English,5400,General,56,Minimalist
V008603,C00168,2023-01-16,Gaming,Standard Video,Filipino,1499,General,82,Face Close-up
V008604,C01584,2012-04-10,Sports,Standard Video,Marathi,4479,Teen,50,Face Close-up
V008605,C00109,2019-07-22,Comedy,Standard Video,Vietnamese,740,General,37,Bright Colors
V008606,C01345,2019-02-27,Music,Standard Video,English,324,General,28,Bright Colors
V008607,C01109,2019-05-14,Music,Standard Video,English,778,General,38,Minimalist
V008608,C00415,2013-08-21,Music,Short,Hindi,29,General,38,Text Overlay
V008609,C01028,2025-04-20,Sports,Short,Hindi,19,Teen,27,Minimalist
V008610,C01214,2010-05-27,Education,Standard Video,Hindi,1424,Teen,67,Minimalist
V008611,C01870,2012-09-16,Education,Standard Video,Filipino,334,Teen,57,Bright Colors
V008612,C00576,2025-01-07,Technology,Standard Video,French,648,Teen,15,Text Overlay
V008613,C00204,2017-04-15,Sports,Standard Video,English,343,General,16,Bright Colors
V008614,C01884,2024-04-08,Entertainment,Standard Video,Thai,266,General,30,Face Close-up
V008615,C01039,2018-06-13,Lifestyle,Short,English,53,,23,Collage
V008616,C01173,2018-12-23,Music,Standard Video,English,1756,Teen,33,Text Overlay
V008617,C01616,2011-12-20,Film,Short,English,19,Mature,17,Before-After
V008618,C01902,2012-09-08,Lifestyle,Standard Video,French,735,General,28,Text Overlay
V008619,C00572,2019-04-27,Sports,Standard Video,Spanish,527,General,50,Text Overlay
V008620,C01325,2018-07-22,Entertainment,Standard Video,Portuguese,89,General,18,Collage
V008621,C01654,2011-04-29,Music,Premiere,Portuguese,497,General,81,Text Overlay
V008622,C01783,2013-08-30,Comedy,Standard Video,Hindi,634,General,63,Text Overlay
V008623,C01439,2020-02-11,Entertainment,Standard Video,English,821,General,35,Face Close-up
V008624,C01248,2023-06-24,Lifestyle,Standard Video,English,309,General,43,Minimalist
V008625,C00647,2020-05-08,Education,Standard Video,Spanish,85,Mature,23,Bright Colors
V008626,C01571,2015-08-03,Education,Short,Japanese,54,General,15,Minimalist
V008627,C01660,2018-09-17,Film,Standard Video,Hindi,488,General,61,Minimalist
V008628,C01964,2015-03-03,Music,Standard Video,Italian,3859,Mature,52,Minimalist
V008629,C00813,2022-03-17,Music,Standard Video,Bengali,2254,General,54,Face Close-up
V008630,C00700,2021-06-04,Music,Standard Video,Hindi,550,Teen,50,Bright Colors
V008631,C00983,2017-03-30,Education,Standard Video,Indonesian,313,General,57,Before-After
V008632,C01737,2025-01-01,Education,Short,Bengali,59,General,38,Text Overlay
V008633,C00592,2018-05-17,Education,Short,English,24,General,,Minimalist
V008634,C00243,2024-01-28,Music,Short,Spanish,27,Mature,17,Before-After
V008635,C00484,2016-06-11,Technology,Short,Indonesian,37,General,32,Text Overlay
V008636,C00838,2018-08-04,Entertainment,Premiere,Hindi,368,Teen,56,Bright Colors
V008637,C01231,2026-04-04,Technology,Short,English,51,General,19,Screenshot
V008638,C01777,2023-07-05,Technology,Standard Video,Portuguese,1223,Teen,62,Screenshot
V008639,C01066,2011-08-30,Technology,Short,English,25,General,37,Minimalist
V008640,C00934,2012-09-19,Sports,Standard Video,Indonesian,614,General,47,Before-After
V008641,C01837,2023-07-28,Gaming,Standard Video,Hindi,407,General,40,Bright Colors
V008642,C01177,2019-12-30,News,Standard Video,Hindi,326,Teen,58,Bright Colors
V008643,C00230,2024-08-15,Film,Standard Video,Hindi,195,General,68,Text Overlay
V008644,C00925,2013-10-21,Music,Premiere,English,181,Mature,25,Face Close-up
V008645,C00653,2026-05-30,Entertainment,Standard Video,English,582,General,68,Minimalist
V008646,C00752,2014-05-18,Comedy,Standard Video,Indonesian,944,General,37,Before-After
V008647,C01170,2021-03-26,News,Standard Video,Hindi,145,General,60,Bright Colors
V008648,C01955,2018-11-04,Comedy,Standard Video,English,640,Teen,40,Text Overlay
V008649,C00139,2019-07-04,Film,Standard Video,Spanish,422,General,61,Screenshot
V008650,C00826,2023-09-11,News,Standard Video,Turkish,1166,General,53,Face Close-up
V008651,C01421,2026-06-30,Sports,Standard Video,English,805,General,66,Text Overlay
V008652,C00608,2016-07-28,News,Standard Video,Hindi,1057,General,43,Bright Colors
V008653,C00583,2022-09-25,Sports,Short,Portuguese,46,General,23,Screenshot
V008654,C00054,2020-02-10,Entertainment,Short,Tamil,60,General,21,Screenshot
V008655,C00850,2024-03-02,Entertainment,Standard Video,Spanish,333,General,53,Collage
V008656,C00478,2022-04-06,Technology,Standard Video,Bengali,516,General,40,Bright Colors
V008657,C00773,2025-01-28,News,Short,English,59,General,23,Text Overlay
V008658,C00933,2017-03-06,Technology,Standard Video,Portuguese,226,General,40,Before-After
V008659,C01177,2018-09-09,Technology,Standard Video,English,3808,Teen,46,Text Overlay
V008660,C00014,2011-09-29,Lifestyle,Standard Video,German,206,General,13,Bright Colors
V008661,C00625,2023-11-28,Film,Standard Video,Japanese,270,General,19,Screenshot
V008662,C01694,2021-04-26,Entertainment,Premiere,English,555,General,65,Screenshot
V008663,C01714,2011-10-28,Entertainment,Short,English,18,General,16,Before-After
V008664,C00128,2023-09-12,Sports,Standard Video,English,2619,General,36,Screenshot
V008665,C01511,2022-05-17,Gaming,Short,English,32,General,28,Bright Colors
V008666,C01735,2022-04-19,Education,Standard Video,English,776,General,49,Face Close-up
V008667,C01725,2017-10-16,News,Short,Filipino,33,General,19,Text Overlay
V008668,C00573,2021-04-19,Entertainment,Standard Video,Spanish,809,General,51,Face Close-up
V008669,C00953,2026-06-30,Lifestyle,Standard Video,English,394,General,53,Bright Colors
V008670,C01932,2021-09-30,News,Standard Video,Vietnamese,728,General,26,Bright Colors
V008671,C00642,2025-10-22,Entertainment,Short,English,16,Mature,43,Minimalist
V008672,C00245,2010-01-07,Sports,Premiere,Hindi,448,Teen,51,Screenshot
V008673,C00839,2025-11-13,Music,Standard Video,German,1852,Teen,55,Minimalist
V008674,C01819,2016-04-05,News,Standard Video,Indonesian,61,General,13,Bright Colors
V008675,C00208,2023-03-17,Comedy,Short,Spanish,43,General,30,Collage
V008676,C01380,2020-03-10,Entertainment,Standard Video,Turkish,272,General,54,Face Close-up
V008677,C01547,2025-12-12,Gaming,Standard Video,English,1741,General,63,Face Close-up
V008678,C00006,2014-03-08,Comedy,Standard Video,Korean,250,General,40,Text Overlay
V008679,C01305,2017-04-20,Gaming,Short,English,27,General,21,Minimalist
V008680,C00331,2022-05-07,Comedy,Standard Video,English,1770,General,59,Face Close-up
V008681,C01225,2018-01-26,Gaming,Short,Indonesian,38,General,44,Screenshot
V008682,C01320,2021-11-22,Gaming,Standard Video,Spanish,407,Mature,59,Collage
V008683,C00047,2012-01-30,Music,Standard Video,English,135,General,65,Screenshot
V008684,C00360,2021-08-20,Entertainment,Short,Hindi,42,General,30,Before-After
V008685,C01661,2019-09-01,Sports,Short,English,36,General,18,Screenshot
V008686,C00906,2013-09-19,Technology,Short,English,45,Teen,8,Collage
V008687,C00061,2025-09-28,Lifestyle,Standard Video,Hindi,393,General,36,Before-After
V008688,C00018,2025-12-06,Comedy,Standard Video,English,794,General,43,Face Close-up
V008689,C01613,2026-03-06,Education,Standard Video,Portuguese,374,General,40,Bright Colors
V008690,C00435,2016-03-24,Technology,Short,English,49,General,27,Collage
V008691,C00035,2020-07-21,Gaming,Standard Video,Hindi,3076,Teen,61,Bright Colors
V008692,C00323,2022-05-15,Entertainment,Short,English,34,,24,Before-After
V008693,C01639,2026-04-15,Technology,Short,Hindi,27,General,18,Text Overlay
V008694,C01966,2022-01-19,Education,Standard Video,English,650,General,66,Minimalist
V008695,C01964,2015-09-24,Music,Standard Video,Italian,369,Mature,61,Text Overlay
V008696,C00596,2024-01-30,Film,Short,Vietnamese,15,General,33,
V008697,C00107,2021-01-01,News,Short,Italian,16,General,31,Minimalist
V008698,C00047,2025-03-20,Music,Standard Video,English,804,General,10,Before-After
V008699,C00432,2026-07-19,Music,Premiere,Portuguese,686,Teen,62,Bright Colors
V008700,C00891,2016-10-08,Entertainment,Standard Video,Korean,418,Teen,23,Screenshot
V008701,C00212,2026-07-24,Gaming,Standard Video,English,689,General,35,Screenshot
V008702,C01286,2015-04-02,Gaming,Standard Video,Hindi,2854,General,46,Bright Colors
V008703,C01167,2026-07-15,Technology,Short,English,44,General,27,Minimalist
V008704,C00016,2024-02-09,Lifestyle,Short,Indonesian,25,General,16,Before-After
V008705,C00135,2021-08-10,Education,Standard Video,Filipino,388,General,30,Before-After
V008706,C01920,2018-09-22,News,Standard Video,Hindi,645,General,52,Face Close-up
V008707,C01791,2014-07-07,Sports,Live Stream,Filipino,14111,General,45,Before-After
V008708,C01012,2025-09-07,Entertainment,Standard Video,Hindi,437,General,29,Collage
V008709,C00181,2012-07-01,Lifestyle,Premiere,Portuguese,332,General,43,
V008710,C01191,2010-07-02,Entertainment,Standard Video,Hindi,192,General,64,Before-After
V008711,C00895,2026-07-25,Gaming,Live Stream,English,3863,General,48,Before-After
V008712,C00576,2023-12-04,Technology,Standard Video,French,401,Mature,51,Face Close-up
V008713,C00454,2015-09-28,Film,Premiere,Spanish,332,General,41,Screenshot
V008714,C01735,2026-03-02,Education,Standard Video,Portuguese,462,General,53,Face Close-up
V008715,C00339,2015-06-27,Education,Live Stream,English,8288,General,58,Text Overlay
V008716,C01448,2010-11-17,Entertainment,Premiere,Spanish,587,General,44,Face Close-up
V008717,C00250,2022-08-06,Education,Premiere,Hindi,485,General,33,Text Overlay
V008718,C01161,2020-04-08,Gaming,Standard Video,Spanish,535,General,37,Before-After
V008719,C00527,2016-12-09,Entertainment,Short,English,20,General,34,Collage
V008720,C00966,2020-06-05,Education,Short,Bengali,17,General,28,Face Close-up
V008721,C01396,2012-01-27,Lifestyle,Standard Video,Spanish,171,General,29,Collage
V008722,C01476,2011-07-15,Music,Standard Video,English,389,General,37,Bright Colors
V008723,C01734,2026-07-13,Gaming,Standard Video,Filipino,61,Teen,29,Text Overlay
V008724,C00565,2021-04-16,Gaming,Standard Video,Filipino,555,General,36,Collage
V008725,C01436,2025-03-17,Entertainment,Short,English,30,General,44,Minimalist
V008726,C00418,2020-08-27,Film,Short,Italian,16,Teen,10,Minimalist
V008727,C01521,2021-07-02,Music,Premiere,Kannada,944,General,45,
V008728,C00068,2020-10-18,Entertainment,Short,Hindi,35,Teen,25,Face Close-up
V008729,C00895,2026-01-03,Gaming,Short,English,43,General,32,Screenshot
V008730,C00744,2017-04-27,Comedy,Short,Spanish,35,General,37,Face Close-up
V008731,C00392,2017-07-04,Sports,Live Stream,Bengali,14231,Teen,43,Face Close-up
V008732,C00514,2022-04-26,Education,Short,English,38,General,,Before-After
V008733,C01953,2017-06-18,News,Standard Video,Hindi,81,General,26,Collage
V008734,C00181,2012-06-02,Education,Standard Video,Portuguese,399,General,45,Before-After
V008735,C01908,2010-12-08,Lifestyle,Short,Telugu,52,General,22,Collage
V008736,C01130,2018-02-23,Lifestyle,Standard Video,Urdu,384,General,37,Face Close-up
V008737,C00186,2022-01-04,Sports,Standard Video,English,3095,General,71,Bright Colors
V008738,C00443,2024-12-05,News,Standard Video,Spanish,392,Teen,57,Minimalist
V008739,C01991,2012-06-15,Entertainment,Short,English,55,General,24,Bright Colors
V008740,C01385,2024-02-20,Music,Standard Video,Hindi,501,General,62,Screenshot
V008741,C01988,2019-04-29,Film,Standard Video,Portuguese,1535,General,50,Minimalist
V008742,C00934,2013-08-21,Sports,Standard Video,Indonesian,191,General,55,Face Close-up
V008743,C01885,2025-09-18,Technology,Standard Video,Spanish,926,Teen,13,Minimalist
V008744,C01439,2021-01-12,Music,Standard Video,English,2069,General,34,Collage
V008745,C01305,2025-06-16,Gaming,Short,English,21,General,29,Minimalist
V008746,C00409,2015-10-14,Music,Standard Video,Hindi,153,General,40,Text Overlay
V008747,C01425,2010-11-23,Comedy,Short,English,17,General,30,Face Close-up
V008748,C00977,2026-03-11,Film,Standard Video,English,711,General,14,Screenshot
V008749,C01395,2015-04-01,Music,Short,English,43,General,24,Face Close-up
V008750,C00316,2025-10-31,Technology,Short,Spanish,49,General,37,Bright Colors
V008751,C00208,2023-05-22,Comedy,Standard Video,Spanish,249,General,32,Before-After
V008752,C01294,2018-05-25,Lifestyle,Standard Video,Hindi,525,General,32,Screenshot
V008753,C00745,2014-03-26,Education,Short,Japanese,35,General,51,Bright Colors
V008754,C01639,2026-04-20,Technology,Short,Hindi,29,General,10,Before-After
V008755,C00323,2020-02-19,Entertainment,Live Stream,English,9084,Teen,39,Minimalist
V008756,C01523,2015-07-01,Gaming,Standard Video,Japanese,267,Teen,37,Text Overlay
V008757,C00026,2012-10-18,Entertainment,Standard Video,Tamil,481,General,61,Before-After
V008758,C01479,2014-04-13,Gaming,Short,Indonesian,46,General,24,Minimalist
V008759,C01467,2015-09-22,Sports,Premiere,English,211,General,34,Screenshot
V008760,C00693,2018-06-14,Entertainment,Short,Bengali,51,Teen,36,Collage
V008761,C00243,2017-03-13,News,Short,Spanish,52,General,19,Face Close-up
V008762,C00647,2018-12-01,Education,Premiere,Hindi,224,Mature,58,Collage
V008763,C00776,2019-12-02,Lifestyle,Short,Hindi,54,General,35,Before-After
V008764,C00427,2017-08-26,Entertainment,Short,English,57,General,23,Collage
V008765,C00196,2024-10-13,Comedy,Standard Video,English,1293,,58,Collage
V008766,C00415,2026-03-03,Music,Short,English,43,General,12,Minimalist
V008767,C00535,2013-11-16,Lifestyle,Standard Video,English,265,General,32,Before-After
V008768,C00868,2021-11-24,Sports,Short,Vietnamese,22,General,25,Minimalist
V008769,C01295,2015-06-25,Lifestyle,Premiere,Portuguese,950,Teen,52,Collage
V008770,C01993,2020-05-29,Education,Standard Video,Japanese,203,,29,Face Close-up
V008771,C01935,2026-03-02,Technology,Standard Video,English,150,General,18,Bright Colors
V008772,C00583,2023-02-15,Sports,Standard Video,Portuguese,959,General,60,Face Close-up
V008773,C00507,2019-09-23,Sports,Standard Video,English,153,General,80,Bright Colors
V008774,C00556,2026-06-14,Education,Standard Video,Filipino,62,General,67,Bright Colors
V008775,C01249,2021-05-07,Entertainment,Short,Portuguese,57,Teen,25,Before-After
V008776,C01432,2024-10-25,Gaming,Short,English,18,General,25,Screenshot
V008777,C01457,2018-09-11,Film,Standard Video,French,843,Teen,48,Face Close-up
V008778,C01595,2025-04-09,Education,Standard Video,Spanish,3117,General,10,Bright Colors
V008779,C00010,2025-06-25,Entertainment,Standard Video,English,5228,General,31,Bright Colors
V008780,C00626,2025-08-10,News,Short,English,19,General,13,Screenshot
V008781,C01957,2020-07-15,Music,Standard Video,English,675,General,59,Screenshot
V008782,C00208,2020-03-14,Comedy,Standard Video,Spanish,506,General,46,Face Close-up
V008783,C00476,2016-12-01,Gaming,Short,English,48,General,33,Collage
V008784,C01583,2018-08-25,Lifestyle,Short,English,52,General,12,Collage
V008785,C01622,2022-03-15,Gaming,Standard Video,Hindi,352,General,56,Minimalist
V008786,C00382,2023-07-13,Technology,Standard Video,Spanish,1137,General,76,Face Close-up
V008787,C00131,2016-05-14,Technology,Short,English,53,General,33,Before-After
V008788,C00804,2011-02-22,Gaming,Standard Video,English,1688,General,67,Minimalist
V008789,C01456,2020-01-28,Lifestyle,Short,English,52,General,,Text Overlay
V008790,C01802,2010-09-10,Music,Standard Video,English,196,General,37,
V008791,C00659,2013-11-10,News,Standard Video,English,686,General,29,Collage
V008792,C00782,2014-02-24,Music,Short,Hindi,58,General,20,Text Overlay
V008793,C01320,2022-12-20,Comedy,Short,Spanish,19,Mature,20,Bright Colors
V008794,C01467,2013-05-06,Sports,Live Stream,English,7172,General,55,Text Overlay
V008795,C02000,2024-12-09,Comedy,Short,English,32,General,25,Text Overlay
V008796,C01295,2019-11-17,Lifestyle,Standard Video,Portuguese,240,Teen,51,Text Overlay
V008797,C00026,2019-10-16,Entertainment,Standard Video,Tamil,166,General,70,Face Close-up
V008798,C01858,2024-05-10,Music,Short,English,25,General,21,Screenshot
V008799,C00785,2021-06-05,Music,Standard Video,Spanish,143,General,55,Minimalist
V008800,C00385,2017-02-21,Music,Short,Turkish,47,General,17,Collage
V008801,C00965,2020-01-30,Entertainment,Standard Video,English,205,General,24,Bright Colors
V008802,C00653,2025-10-12,Entertainment,Standard Video,English,143,General,53,Bright Colors
V008803,C01089,2011-02-28,Sports,Standard Video,English,4108,Mature,73,Screenshot
V008804,C00015,2022-04-16,Entertainment,Short,English,21,General,20,Collage
V008805,C01617,2022-07-02,Education,Short,Portuguese,31,General,26,
V008806,C01076,2022-06-07,Entertainment,Standard Video,English,104,Teen,42,Collage
V008807,C00592,2016-11-04,Sports,Standard Video,English,90,General,45,Text Overlay
V008808,C01723,2024-01-05,Technology,Short,English,16,General,33,Collage
V008809,C01238,2013-05-10,Lifestyle,Short,Spanish,59,General,22,Text Overlay
V008810,C01908,2026-03-18,Lifestyle,Standard Video,Telugu,680,General,46,Collage
V008811,C00679,2024-06-02,Entertainment,Premiere,Japanese,710,General,57,Screenshot
V008812,C00958,2013-05-04,Technology,Standard Video,Vietnamese,495,General,67,Bright Colors
V008813,C01233,2024-12-17,Technology,Standard Video,Spanish,390,General,48,Screenshot
V008814,C00931,2024-10-10,Sports,Standard Video,Portuguese,926,General,50,Bright Colors
V008815,C00078,2015-10-21,Sports,Standard Video,Hindi,880,Teen,37,Bright Colors
V008816,C00780,2026-04-04,Lifestyle,Short,Thai,21,General,22,Minimalist
V008817,C00003,2025-10-23,Education,Short,Hindi,57,General,20,Bright Colors
V008818,C00380,2013-06-29,Lifestyle,Short,English,54,General,20,Collage
V008819,C00323,2019-11-04,Entertainment,Standard Video,English,202,Teen,72,Minimalist
V008820,C00288,2010-11-27,Technology,Standard Video,Spanish,238,General,,Text Overlay
V008821,C01642,2013-06-28,Comedy,Standard Video,French,61,General,41,Collage
V008822,C01092,2013-12-04,Film,Short,English,22,General,19,Before-After
V008823,C01583,2018-04-18,Education,Short,Portuguese,52,General,18,Collage
V008824,C01335,2020-03-06,Sports,Standard Video,Japanese,590,General,43,Before-After
V008825,C00391,2025-09-25,Lifestyle,Standard Video,Tamil,132,General,49,Before-After
V008826,C00849,2016-07-24,Music,Standard Video,German,418,General,51,Minimalist
V008827,C00512,2025-09-23,Technology,Standard Video,Spanish,1791,General,31,Minimalist
V008828,C01397,2021-06-10,Sports,Standard Video,English,293,Teen,29,Face Close-up
V008829,C01754,2024-03-27,Lifestyle,Premiere,Hindi,285,General,56,Collage
V008830,C01639,2026-06-11,Technology,Standard Video,Hindi,341,General,81,Screenshot
V008831,C00186,2025-03-02,Technology,Live Stream,English,1816,General,29,Bright Colors
V008832,C00652,2023-08-20,Music,Standard Video,English,205,General,19,Collage
V008833,C00807,2020-01-12,Lifestyle,Short,Turkish,53,General,16,Bright Colors
V008834,C00302,2019-10-12,Lifestyle,Short,English,25,General,21,Text Overlay
V008835,C01247,2011-09-02,Lifestyle,Standard Video,English,621,General,50,Collage
V008836,C00139,2022-03-22,Film,Standard Video,Hindi,660,General,41,Face Close-up
V008837,C00106,2018-06-19,Gaming,Standard Video,Turkish,504,,73,Collage
V008838,C01918,2021-03-23,Sports,Standard Video,Hindi,786,General,45,Text Overlay
V008839,C00860,2013-01-21,Lifestyle,Live Stream,Thai,9531,General,56,Face Close-up
V008840,C01894,2024-09-12,News,Standard Video,Hindi,1834,General,20,Bright Colors
V008841,C00520,2012-03-26,Comedy,Premiere,French,69,Teen,,Face Close-up
V008842,C00049,2014-07-20,Gaming,Standard Video,Hindi,1190,,40,Minimalist
V008843,C00645,2024-05-23,Lifestyle,Standard Video,English,125,Teen,44,Face Close-up
V008844,C01816,2015-08-28,Entertainment,Standard Video,Portuguese,233,General,29,Text Overlay
V008845,C00559,2018-11-18,Comedy,Standard Video,Hindi,409,Teen,43,Screenshot
V008846,C01585,2020-09-01,Technology,Standard Video,German,478,General,57,Minimalist
V008847,C00550,2025-07-04,Entertainment,Standard Video,Spanish,279,General,50,Text Overlay
V008848,C00766,2025-04-09,Technology,Short,Portuguese,36,Teen,17,Face Close-up
V008849,C01267,2020-12-30,Comedy,Short,French,57,General,33,Screenshot
V008850,C01012,2013-10-24,Entertainment,Standard Video,Hindi,240,General,46,Screenshot
V008851,C00949,2025-11-27,Comedy,Premiere,Japanese,100,General,57,Bright Colors
V008852,C01185,2020-10-29,Education,Standard Video,Korean,2544,General,56,Minimalist
V008853,C00761,2019-06-14,News,Standard Video,Japanese,157,General,48,Screenshot
V008854,C01623,2011-04-14,Lifestyle,Standard Video,English,509,General,14,Text Overlay
V008855,C00261,2018-12-15,Sports,Short,Vietnamese,46,General,22,Screenshot
V008856,C01900,2021-02-20,Music,Short,English,40,Teen,11,Before-After
V008857,C00527,2011-05-06,Entertainment,Standard Video,Portuguese,640,General,44,Minimalist
V008858,C01868,2017-09-03,Technology,Standard Video,English,349,General,24,Minimalist
V008859,C01737,2022-01-06,Technology,Standard Video,Bengali,342,General,54,Bright Colors
V008860,C01676,2023-04-28,Comedy,Short,English,53,General,,Bright Colors
V008861,C00580,2021-11-19,Gaming,Standard Video,Portuguese,550,General,32,Screenshot
V008862,C01522,2020-09-15,Education,Standard Video,English,2866,General,54,Screenshot
V008863,C01805,2026-06-14,Music,Standard Video,Indonesian,368,Mature,48,Before-After
V008864,C01561,2017-04-16,Gaming,Short,Turkish,19,Mature,33,Text Overlay
V008865,C00410,2025-04-13,Technology,Standard Video,English,2395,General,50,Bright Colors
V008866,C01455,2025-01-14,Sports,Standard Video,English,593,General,29,Collage
V008867,C00576,2015-01-01,Technology,Standard Video,French,582,Mature,42,Screenshot
V008868,C01508,2024-05-08,Music,Standard Video,English,1172,General,28,Minimalist
V008869,C01500,2020-10-23,Comedy,Short,Spanish,32,General,26,Face Close-up
V008870,C00337,2015-09-16,Film,Standard Video,Portuguese,149,Teen,64,Face Close-up
V008871,C00413,2016-07-21,Music,Short,Portuguese,58,General,29,Before-After
V008872,C00059,2019-09-26,Sports,Short,Portuguese,35,Mature,17,Text Overlay
V008873,C01367,2017-12-15,Lifestyle,Standard Video,Portuguese,154,General,33,Before-After
V008874,C00465,2012-10-11,Comedy,Standard Video,Portuguese,1015,General,77,Collage
V008875,C00530,2026-07-12,Entertainment,Standard Video,Indonesian,130,General,42,Face Close-up
V008876,C01356,2020-09-25,Education,Short,Spanish,59,Teen,30,Bright Colors
V008877,C01180,2011-07-24,Music,Short,Korean,43,General,10,Screenshot
V008878,C00870,2019-05-28,Music,Short,Hindi,44,General,30,Text Overlay
V008879,C01131,2019-01-26,Entertainment,Standard Video,Portuguese,833,General,46,Text Overlay
V008880,C00577,2015-05-30,Lifestyle,Standard Video,German,210,General,37,Screenshot
V008881,C01308,2014-04-09,Music,Standard Video,English,142,Teen,52,Minimalist
V008882,C01989,2021-03-31,Entertainment,Short,French,51,General,24,Text Overlay
V008883,C01337,2014-02-27,Entertainment,Standard Video,Turkish,331,General,56,Screenshot
V008884,C00390,2018-11-18,Technology,Standard Video,Portuguese,255,General,28,Bright Colors
V008885,C00366,2024-11-04,Entertainment,Premiere,German,615,General,40,Collage
V008886,C00450,2024-11-07,News,Short,English,58,General,26,Collage
V008887,C01362,2022-10-21,Gaming,Short,Portuguese,43,General,16,Bright Colors
V008888,C00630,2018-01-08,Gaming,Standard Video,Hindi,188,General,38,Minimalist
V008889,C00310,2025-05-11,Film,Standard Video,Hindi,922,General,59,Screenshot
V008890,C01099,2023-05-22,Technology,Standard Video,English,3000,General,40,Bright Colors
V008891,C01909,2014-03-04,Entertainment,Premiere,English,3779,Teen,51,Before-After
V008892,C01737,2024-09-01,Education,Live Stream,Bengali,13954,General,72,Screenshot
V008893,C01674,2016-07-25,Gaming,Short,Portuguese,49,General,21,Face Close-up
V008894,C00741,2024-08-16,Lifestyle,Standard Video,Filipino,642,General,40,Screenshot
V008895,C00351,2023-08-10,Music,Standard Video,Hindi,1743,Teen,26,Text Overlay
V008896,C00089,2010-09-13,Technology,Standard Video,Spanish,1910,General,68,Bright Colors
V008897,C01025,2021-09-28,Sports,Standard Video,English,659,Teen,57,Screenshot
V008898,C00062,2017-10-22,Technology,Standard Video,Indonesian,561,General,37,Before-After
V008899,C01838,2019-11-26,Music,Premiere,Hindi,188,General,66,Text Overlay
V008900,C00583,2024-01-19,Sports,Short,Portuguese,46,General,21,Bright Colors
V008901,C01574,2023-02-07,Music,Standard Video,English,358,General,25,Bright Colors
V008902,C01000,2021-09-14,Lifestyle,Short,Spanish,40,General,,Bright Colors
V008903,C00234,2026-03-15,Sports,Short,English,30,General,17,Minimalist
V008904,C01221,2016-07-11,Education,Standard Video,English,215,General,23,Collage
V008905,C00856,2018-01-06,Education,Standard Video,English,639,General,18,Before-After
V008906,C01677,2023-04-30,Film,Short,English,34,General,22,Face Close-up
V008907,C01461,2019-03-21,Sports,Standard Video,English,116,General,38,Text Overlay
V008908,C00751,2018-08-20,Film,Short,English,33,General,27,Minimalist
V008909,C00365,2019-05-11,Technology,Short,English,34,General,16,Screenshot
V008910,C01948,2023-12-10,Entertainment,Short,Spanish,41,General,34,Before-After
V008911,C00079,2023-07-03,Gaming,Live Stream,Hindi,3845,General,67,Before-After
V008912,C01214,2012-06-05,Education,Standard Video,Spanish,199,General,25,Collage
V008913,C00620,2026-01-21,Comedy,Short,Hindi,51,Teen,18,Screenshot
V008914,C01003,2015-11-22,Education,Standard Video,English,201,General,51,Minimalist
V008915,C01863,2024-09-07,Film,Standard Video,Portuguese,633,General,77,Before-After
V008916,C00700,2022-04-30,Music,Standard Video,English,559,Teen,55,Collage
V008917,C00746,2025-03-12,Comedy,Live Stream,French,4023,General,46,Before-After
V008918,C00053,2026-06-29,Gaming,Standard Video,Turkish,354,General,69,Collage
V008919,C01146,2013-02-17,Technology,Short,Japanese,27,General,27,Before-After
V008920,C00877,2015-12-28,Gaming,Standard Video,English,1445,General,37,Screenshot
V008921,C00416,2021-02-20,Entertainment,Standard Video,English,121,Mature,58,Before-After
V008922,C00553,2024-06-07,Gaming,Live Stream,English,6804,General,30,Face Close-up
V008923,C00199,2020-08-14,Gaming,Standard Video,Korean,474,General,42,Minimalist
V008924,C00450,2024-01-04,News,Standard Video,Hindi,162,General,65,Collage
V008925,C00367,2025-05-07,Sports,Short,Urdu,33,Teen,15,Face Close-up
V008926,C00549,2017-05-28,Lifestyle,Standard Video,Japanese,221,General,50,Before-After
V008927,C01815,2024-05-20,Sports,Standard Video,Tamil,497,General,51,Face Close-up
V008928,C00385,2025-03-31,Music,Standard Video,Portuguese,1038,General,39,Before-After
V008929,C00181,2013-09-16,Lifestyle,Standard Video,Portuguese,854,General,,Screenshot
V008930,C00416,2021-01-05,Entertainment,Standard Video,English,161,Mature,25,Minimalist
V008931,C01730,2025-04-01,Music,Short,Urdu,21,General,18,Face Close-up
V008932,C01680,2021-12-14,Gaming,Short,English,29,,14,Screenshot
V008933,C01013,2014-06-01,Entertainment,Standard Video,Spanish,522,General,47,Minimalist
V008934,C01203,2021-08-01,Music,Standard Video,Hindi,61,General,68,Face Close-up
V008935,C01950,2013-05-06,Music,Live Stream,Hindi,9760,General,57,Text Overlay
V008936,C01931,2010-10-07,Comedy,Live Stream,French,13819,General,40,Bright Colors
V008937,C01783,2017-07-18,Education,Standard Video,Hindi,1574,General,64,Before-After
V008938,C00721,2017-05-18,Sports,Standard Video,Korean,609,Teen,48,Bright Colors
V008939,C00906,2013-03-22,Technology,Short,English,42,General,16,Text Overlay
V008940,C00816,2025-04-02,News,Standard Video,Spanish,654,General,43,Minimalist
V008941,C01254,2013-07-13,Music,Standard Video,Hindi,98,General,53,Before-After
V008942,C00181,2020-08-09,Lifestyle,Standard Video,Portuguese,195,General,45,Screenshot
V008943,C01959,2024-05-01,Gaming,Standard Video,Spanish,265,General,73,Bright Colors
V008944,C01187,2010-11-29,Gaming,Standard Video,Portuguese,114,Teen,35,Face Close-up
V008945,C00443,2024-11-23,Music,Short,Spanish,45,General,41,Minimalist
V008946,C01777,2026-02-16,Technology,Short,Portuguese,37,Teen,27,Face Close-up
V008947,C01763,2016-11-29,Comedy,Standard Video,German,492,General,54,Before-After
V008948,C00919,2010-12-15,Technology,Standard Video,Spanish,723,General,79,Before-After
V008949,C00155,2020-11-22,Technology,Short,English,54,Teen,26,Collage
V008950,C01085,2021-03-05,Technology,Standard Video,English,799,General,48,Face Close-up
V008951,C01821,2023-07-01,Technology,Short,Hindi,37,Teen,18,Collage
V008952,C00576,2014-10-12,Technology,Short,French,31,Mature,37,Before-After
V008953,C00879,2026-02-28,Lifestyle,Short,Portuguese,45,Teen,31,Text Overlay
V008954,C00386,2022-04-23,Sports,Short,Hindi,59,General,26,Collage
V008955,C00344,2023-11-21,Education,Standard Video,Hindi,677,General,26,Bright Colors
V008956,C01834,2026-07-20,Gaming,Standard Video,English,879,Teen,55,Minimalist
V008957,C01005,2011-12-17,Entertainment,Standard Video,Hindi,3319,General,40,Bright Colors
V008958,C00773,2019-09-30,News,Standard Video,English,456,General,63,Before-After
V008959,C00397,2025-10-23,Lifestyle,Standard Video,French,84,General,65,Minimalist
V008960,C00201,2026-05-16,News,Short,Italian,59,General,39,Text Overlay
V008961,C01701,2017-08-10,Education,Standard Video,Kannada,897,General,46,Minimalist
V008962,C01992,2023-06-17,Education,Standard Video,Indonesian,437,Mature,52,Minimalist
V008963,C00591,2015-02-24,News,Standard Video,English,589,Teen,35,Text Overlay
V008964,C00200,2012-04-27,Education,Standard Video,English,130,General,25,Bright Colors
V008965,C01964,2015-09-04,Music,Standard Video,Italian,841,Mature,50,Minimalist
V008966,C01678,2018-08-10,Gaming,Standard Video,Hindi,2077,General,39,Face Close-up
V008967,C01541,2023-06-15,Education,Standard Video,French,144,General,27,Before-After
V008968,C00769,2024-04-09,Education,Standard Video,Tamil,1712,General,44,Screenshot
V008969,C01894,2024-10-02,Music,Standard Video,Hindi,346,General,36,Before-After
V008970,C01092,2014-01-08,Film,Premiere,English,612,General,64,Screenshot
V008971,C00752,2025-02-21,Comedy,Live Stream,Indonesian,9794,General,57,Text Overlay
V008972,C01395,2016-08-21,Music,Short,English,47,General,19,Bright Colors
V008973,C00120,2023-01-15,Entertainment,Standard Video,English,391,Teen,54,Screenshot
V008974,C00688,2014-01-05,Lifestyle,Standard Video,English,283,General,36,Before-After
V008975,C01710,2014-12-28,Music,Standard Video,Italian,142,General,46,Minimalist
V008976,C01722,2022-01-21,Technology,Standard Video,English,327,General,37,Face Close-up
V008977,C00307,2021-07-05,Film,Short,Spanish,45,General,23,Text Overlay
V008978,C00766,2025-03-12,Technology,Short,Indonesian,59,Teen,47,Text Overlay
V008979,C01918,2011-06-08,Sports,Standard Video,Hindi,856,General,58,Face Close-up
V008980,C01685,2026-04-27,Music,Standard Video,English,341,General,37,Bright Colors
V008981,C01534,2015-01-29,Technology,Short,English,47,General,22,Before-After
V008982,C00877,2021-05-31,Gaming,Short,English,22,General,33,Bright Colors
V008983,C00083,2022-10-25,News,Short,English,30,General,37,Text Overlay
V008984,C01787,2018-03-02,Entertainment,Standard Video,English,1282,General,55,
V008985,C00903,2018-12-26,Film,Standard Video,English,1317,General,54,Minimalist
V008986,C00543,2018-10-10,Technology,Premiere,English,386,General,62,Before-After
V008987,C01522,2021-02-15,Education,Standard Video,English,77,General,53,Collage
V008988,C00261,2016-04-14,Technology,Short,Vietnamese,41,General,32,Collage
V008989,C01709,2011-01-19,Comedy,Short,Spanish,35,Teen,15,Face Close-up
V008990,C01545,2022-04-07,Technology,Standard Video,English,633,General,39,Collage
V008991,C00265,2025-07-19,Music,Short,Indonesian,51,General,20,Text Overlay
V008992,C00903,2019-12-21,Comedy,Standard Video,English,192,General,42,Text Overlay
V008993,C01872,2011-09-21,Entertainment,Short,Portuguese,30,General,19,Screenshot
V008994,C01982,2020-01-10,Entertainment,Short,Turkish,44,General,32,
V008995,C00177,2019-02-15,Sports,Standard Video,Spanish,377,Teen,33,Bright Colors
V008996,C01925,2025-10-25,Sports,Short,English,24,General,26,Text Overlay
V008997,C01763,2020-12-28,Lifestyle,Short,German,29,General,,Bright Colors
V008998,C00577,2013-09-19,Lifestyle,Standard Video,German,711,General,36,Minimalist
V008999,C01813,2025-02-04,Sports,Short,Filipino,34,Teen,8,Text Overlay
V009000,C00769,2026-02-20,Education,Short,Tamil,49,General,17,Screenshot
V009001,C00216,2012-01-05,Education,Short,Indonesian,23,Teen,9,Screenshot
V009002,C00120,2023-01-13,Entertainment,Standard Video,English,962,Teen,61,Text Overlay
V009003,C00754,2018-03-05,Lifestyle,Standard Video,Indonesian,5400,General,34,Screenshot
V009004,C01272,2020-06-23,Gaming,Standard Video,English,2736,General,49,Minimalist
V009005,C00774,2022-03-14,Film,Short,English,17,General,13,Collage
V009006,C00189,2016-02-08,Education,Short,Hindi,52,General,21,Collage
V009007,C01738,2021-07-31,Music,Short,English,40,General,13,Before-After
V009008,C01191,2010-09-01,Entertainment,Standard Video,Hindi,3736,General,42,Screenshot
V009009,C00857,2017-03-05,Sports,Short,Hindi,29,Mature,33,Text Overlay
V009010,C01496,2024-03-18,Comedy,Short,Portuguese,19,Teen,14,Screenshot
V009011,C01908,2024-05-23,Lifestyle,Short,Telugu,56,General,29,Collage
V009012,C01738,2023-06-10,Music,Standard Video,English,425,General,20,Bright Colors
V009013,C01934,2024-05-16,Film,Short,German,48,General,32,Screenshot
V009014,C00039,2026-02-19,Entertainment,Live Stream,Vietnamese,9022,General,43,Before-After
V009015,C01784,2025-05-01,Comedy,Standard Video,Filipino,697,General,53,Minimalist
V009016,C00555,2018-09-28,Entertainment,Short,Spanish,44,General,23,
V009017,C01005,2019-05-29,Music,Standard Video,Hindi,1025,General,48,Text Overlay
V009018,C00369,2012-08-06,Gaming,Short,Portuguese,22,Teen,20,Face Close-up
V009019,C00766,2025-01-07,Film,Standard Video,Indonesian,1051,Teen,41,Bright Colors
V009020,C01613,2026-02-10,Education,Short,Portuguese,20,General,19,Screenshot
V009021,C01718,2010-11-21,Entertainment,Standard Video,English,169,General,63,Text Overlay
V009022,C01982,2015-07-25,Film,Short,Turkish,17,General,9,Face Close-up
V009023,C01132,2023-10-18,Film,Short,Portuguese,33,General,44,Collage
V009024,C01626,2023-05-25,Technology,Standard Video,Hindi,272,General,64,Minimalist
V009025,C00676,2013-11-27,Sports,Short,Portuguese,18,General,28,Bright Colors
V009026,C01869,2022-09-08,Music,Standard Video,English,1878,General,41,Bright Colors
V009027,C01609,2026-04-10,Lifestyle,Live Stream,English,2486,General,71,Bright Colors
V009028,C00265,2023-04-21,Music,Standard Video,Indonesian,862,General,28,Bright Colors
V009029,C01117,2017-10-04,Technology,Standard Video,Portuguese,731,General,54,Face Close-up
V009030,C00776,2019-05-21,Lifestyle,Short,Spanish,50,General,16,Bright Colors
V009031,C00657,2023-07-21,Gaming,Standard Video,Spanish,216,General,25,Face Close-up
V009032,C01249,2018-06-16,Entertainment,Short,Portuguese,47,Teen,18,Minimalist
V009033,C00780,2026-04-18,Lifestyle,Standard Video,Thai,247,General,34,Face Close-up
V009034,C01785,2017-10-01,Sports,Standard Video,Portuguese,189,General,45,Collage
V009035,C01674,2026-05-07,Gaming,Standard Video,Hindi,367,General,39,Text Overlay
V009036,C01854,2026-06-14,News,Standard Video,English,362,Teen,44,Collage
V009037,C01344,2025-03-20,Comedy,Short,English,38,Teen,19,Bright Colors
V009038,C01403,2013-06-30,Lifestyle,Short,Hindi,44,General,8,Minimalist
V009039,C00677,2025-08-15,Technology,Standard Video,English,401,General,27,Bright Colors
V009040,C00090,2022-03-03,Education,Standard Video,English,416,General,,Face Close-up
V009041,C01511,2015-11-02,Gaming,Standard Video,English,608,,56,Text Overlay
V009042,C00099,2013-07-25,Entertainment,Standard Video,Spanish,178,Mature,63,Minimalist
V009043,C00389,2023-12-08,Entertainment,Standard Video,English,956,General,50,Before-After
V009044,C00039,2019-12-17,Entertainment,Standard Video,Vietnamese,1111,General,49,Face Close-up
V009045,C01147,2020-12-05,Technology,Standard Video,French,1798,General,23,
V009046,C01200,2022-08-24,Sports,Short,Spanish,31,General,24,Text Overlay
V009047,C01144,2023-10-15,Lifestyle,Live Stream,English,13162,Teen,53,Screenshot
V009048,C00117,2024-04-08,Entertainment,Standard Video,English,92,General,48,
V009049,C01310,2024-09-11,Entertainment,Short,Spanish,21,General,39,Collage
V009050,C00016,2024-07-31,Lifestyle,Short,Indonesian,16,General,32,Bright Colors
V009051,C00750,2010-10-28,Sports,Standard Video,Vietnamese,2574,General,40,Text Overlay
V009052,C00424,2018-02-22,Education,Standard Video,Hindi,186,General,40,Bright Colors
V009053,C00334,2010-02-02,News,Standard Video,Filipino,169,Teen,,Before-After
V009054,C01421,2026-05-28,Education,Standard Video,English,758,,,Minimalist
V009055,C01988,2020-12-11,Film,Short,Portuguese,16,General,33,Before-After
V009056,C00559,2012-11-07,Film,Standard Video,Hindi,228,Teen,50,Before-After
V009057,C00326,2015-01-12,Gaming,Standard Video,English,3822,General,28,Bright Colors
V009058,C01527,2022-12-25,Education,Standard Video,Vietnamese,1209,General,55,Minimalist
V009059,C00177,2021-12-21,Sports,Standard Video,Spanish,601,Teen,56,Bright Colors
V009060,C01383,2020-10-29,Education,Short,Japanese,29,General,31,Screenshot
V009061,C00435,2017-05-04,Comedy,Short,English,37,General,12,Screenshot
V009062,C01221,2020-10-03,Education,Standard Video,English,343,General,13,Text Overlay
V009063,C01743,2021-01-16,Gaming,Short,Urdu,31,,31,Bright Colors
V009064,C01988,2018-07-04,Film,Live Stream,Hindi,4167,General,45,Face Close-up
V009065,C00920,2024-03-06,Music,Standard Video,Urdu,158,Mature,66,Before-After
V009066,C00967,2020-02-27,Film,Short,Vietnamese,28,General,25,Collage
V009067,C01075,2025-01-28,Comedy,Short,German,26,General,24,Screenshot
V009068,C00794,2017-01-24,Music,Standard Video,English,152,General,52,Before-After
V009069,C01459,2020-10-03,Music,Standard Video,English,371,General,48,Collage
V009070,C00896,2024-03-05,Education,Premiere,Japanese,804,General,28,Text Overlay
V009071,C01783,2018-08-09,Education,Short,Hindi,34,General,23,Text Overlay
V009072,C00581,2011-03-15,Education,Standard Video,Portuguese,169,General,66,Before-After
V009073,C00780,2026-05-12,Lifestyle,Short,Spanish,56,General,24,Text Overlay
V009074,C01455,2025-11-18,Sports,Standard Video,English,327,General,34,Minimalist
V009075,C01856,2013-07-20,Music,Short,Spanish,45,General,25,
V009076,C01623,2022-11-10,Lifestyle,Standard Video,Portuguese,399,General,,Minimalist
V009077,C01118,2013-11-04,Music,Premiere,English,629,General,45,Collage
V009078,C00043,2014-02-21,Entertainment,Standard Video,English,132,General,46,Collage
V009079,C00449,2022-07-26,Lifestyle,Standard Video,Portuguese,344,General,40,Text Overlay
V009080,C00592,2013-01-21,Music,Premiere,English,1679,General,36,Screenshot
V009081,C00559,2013-04-06,Film,Standard Video,English,418,Teen,25,Minimalist
V009082,C00089,2022-11-14,Technology,Live Stream,Indonesian,5925,General,57,Before-After
V009083,C01894,2024-12-30,Music,Standard Video,Hindi,365,General,54,Bright Colors
V009084,C01460,2011-09-20,News,Standard Video,Korean,250,General,71,Screenshot
V009085,C01452,2022-05-22,Education,Standard Video,Indonesian,2092,Teen,49,Bright Colors
V009086,C01639,2026-05-16,Technology,Short,Spanish,54,General,14,Face Close-up
V009087,C00361,2018-10-25,Technology,Short,Indonesian,38,General,14,Text Overlay
V009088,C01832,2021-07-25,Entertainment,Short,Telugu,59,General,8,Text Overlay
V009089,C01039,2017-11-21,Lifestyle,Short,English,17,Teen,31,Before-After
V009090,C01174,2026-04-27,Music,Standard Video,English,1096,General,38,Face Close-up
V009091,C00520,2013-04-24,Comedy,Standard Video,French,871,,44,Before-After
V009092,C00540,2020-02-27,Sports,Standard Video,English,439,General,45,Screenshot
V009093,C01735,2022-11-16,Education,Live Stream,English,9236,General,47,Text Overlay
V009094,C00167,2025-05-25,Sports,Short,Italian,25,General,25,Screenshot
V009095,C00454,2019-07-16,Film,Short,English,40,General,17,Face Close-up
V009096,C00371,2018-11-05,Education,Live Stream,English,10380,General,61,Before-After
V009097,C01722,2013-05-12,Sports,Standard Video,English,100,General,40,Screenshot
V009098,C01376,2014-10-08,Comedy,Premiere,Hindi,109,General,31,Screenshot
V009099,C01570,2015-05-10,Entertainment,Short,Japanese,51,Mature,8,Face Close-up
V009100,C00259,2024-12-26,Entertainment,Standard Video,Portuguese,749,General,51,Screenshot
V009101,C00047,2026-01-24,Music,Short,English,23,General,14,Bright Colors
V009102,C01683,2021-12-16,Technology,Standard Video,Indonesian,161,Teen,40,Collage
V009103,C01015,2024-06-07,Education,Standard Video,Hindi,527,General,62,Bright Colors
V009104,C00818,2025-03-24,Comedy,Standard Video,Spanish,1175,General,62,Minimalist
V009105,C00406,2024-06-10,Lifestyle,Standard Video,French,467,General,63,Text Overlay
V009106,C01830,2022-05-10,Film,Standard Video,Hindi,182,General,27,Face Close-up
V009107,C01132,2017-12-11,Film,Premiere,Hindi,977,General,65,Bright Colors
V009108,C00194,2010-05-07,Gaming,Standard Video,Hindi,680,General,87,Screenshot
V009109,C01375,2014-02-14,News,Standard Video,English,1314,General,32,Minimalist
V009110,C00218,2024-08-11,Music,Live Stream,English,10749,General,60,Collage
V009111,C00738,2024-10-19,Lifestyle,Standard Video,English,366,General,21,Minimalist
V009112,C00628,2026-06-07,Education,Standard Video,English,140,General,46,Before-After
V009113,C00776,2020-02-25,Lifestyle,Short,Filipino,54,General,21,Collage
V009114,C01164,2023-07-21,Comedy,Short,Hindi,43,Teen,18,Bright Colors
V009115,C00244,2013-02-06,Sports,Standard Video,Spanish,631,General,23,Collage
V009116,C00834,2012-11-29,Gaming,Standard Video,Vietnamese,482,Teen,37,Collage
V009117,C01668,2023-06-25,Music,Standard Video,Spanish,205,General,15,Bright Colors
V009118,C00322,2017-10-05,Sports,Standard Video,Hindi,305,General,42,Before-After
V009119,C00185,2016-09-05,Gaming,Short,Spanish,36,Teen,38,Before-After
V009120,C01183,2018-05-22,Education,Standard Video,Portuguese,428,General,45,Minimalist
V009121,C00450,2025-02-27,News,Standard Video,Spanish,687,General,28,Collage
V009122,C01675,2025-05-17,Education,Short,English,37,General,19,
V009123,C01663,2025-07-25,Education,Short,English,52,General,32,Collage
V009124,C01455,2025-10-15,Sports,Standard Video,English,457,General,63,Collage
V009125,C00148,2016-03-14,Technology,Short,English,36,General,30,Bright Colors
V009126,C00862,2024-02-21,Gaming,Standard Video,Tamil,324,General,46,Bright Colors
V009127,C00549,2021-10-05,News,Standard Video,Japanese,210,General,44,Collage
V009128,C01502,2025-05-03,Music,Standard Video,Portuguese,215,General,58,Collage
V009129,C01243,2021-02-06,Gaming,Short,English,18,General,19,Face Close-up
V009130,C00191,2020-02-05,Technology,Standard Video,French,822,General,43,Text Overlay
V009131,C01551,2012-07-05,Gaming,Premiere,Hindi,265,General,30,Minimalist
V009132,C00215,2018-09-25,Sports,Premiere,English,1829,General,23,Text Overlay
V009133,C01547,2016-04-04,Gaming,Short,English,32,General,37,Bright Colors
V009134,C01821,2014-12-30,Technology,Short,Hindi,43,Teen,16,Face Close-up
V009135,C00928,2026-06-17,News,Standard Video,Portuguese,442,General,37,Screenshot
V009136,C00997,2025-04-08,Entertainment,Standard Video,Filipino,1179,General,47,Collage
V009137,C01139,2016-05-02,Film,Short,Spanish,33,Mature,24,Minimalist
V009138,C01592,2025-06-08,Entertainment,Premiere,Spanish,345,General,57,Bright Colors
V009139,C01533,2017-10-16,Gaming,Standard Video,Portuguese,528,Teen,51,Bright Colors
V009140,C00380,2018-07-18,Entertainment,Standard Video,English,380,General,29,Bright Colors
V009141,C01710,2020-06-23,Comedy,Standard Video,Italian,322,General,29,
V009142,C01274,2020-03-16,Education,Standard Video,English,135,General,25,Bright Colors
V009143,C01600,2010-03-08,Education,Short,Hindi,34,General,40,Screenshot
V009144,C00443,2024-06-15,Music,Short,Spanish,25,Teen,24,Minimalist
V009145,C01626,2024-12-20,Technology,Short,Hindi,34,General,18,Screenshot
V009146,C00581,2014-01-02,Sports,Short,Portuguese,42,General,18,Minimalist
V009147,C01667,2025-08-22,Gaming,Standard Video,Spanish,146,General,62,Text Overlay
V009148,C00454,2016-01-13,Film,Short,English,16,General,25,Screenshot
V009149,C00937,2019-04-10,Gaming,Standard Video,Japanese,266,Teen,93,Collage
V009150,C00499,2024-04-14,Comedy,Standard Video,Portuguese,761,Mature,52,Screenshot
V009151,C00683,2021-10-17,Technology,Live Stream,Spanish,11832,Teen,46,Face Close-up
V009152,C00891,2019-11-30,Entertainment,Standard Video,Korean,2425,Teen,49,Minimalist
V009153,C00261,2022-06-25,Technology,Standard Video,Vietnamese,2904,Teen,76,Screenshot
V009154,C01698,2014-12-14,Film,Standard Video,German,800,General,42,Screenshot
V009155,C00426,2025-01-17,Technology,Standard Video,English,257,General,63,Collage
V009156,C00385,2021-09-16,Music,Standard Video,Turkish,456,General,24,Bright Colors
V009157,C01255,2023-02-16,Comedy,Premiere,German,1051,General,18,Face Close-up
V009158,C01876,2013-10-15,Gaming,Standard Video,English,847,General,41,Bright Colors
V009159,C00262,2023-01-12,Gaming,Short,Hindi,25,General,11,Bright Colors
V009160,C00155,2023-01-09,Technology,Premiere,English,681,General,33,Bright Colors
V009161,C00114,2024-08-28,Gaming,Standard Video,English,1064,General,,Face Close-up
V009162,C01880,2026-02-23,Entertainment,Standard Video,Spanish,1760,General,43,Screenshot
V009163,C01679,2022-08-02,Gaming,Short,Filipino,42,General,23,Bright Colors
V009164,C01089,2011-05-18,Education,Standard Video,English,1549,Mature,38,Before-After
V009165,C01865,2013-07-05,Entertainment,Standard Video,Portuguese,314,General,29,Before-After
V009166,C00431,2025-08-28,Lifestyle,Standard Video,English,408,General,57,Face Close-up
V009167,C00592,2017-04-23,Music,Short,English,42,General,29,Collage
V009168,C01925,2025-12-08,Sports,Live Stream,English,14274,General,26,Face Close-up
V009169,C01738,2021-04-03,Music,Standard Video,English,1178,General,46,Before-After
V009170,C01132,2017-08-25,Film,Standard Video,Hindi,581,General,47,Text Overlay
V009171,C01787,2021-05-24,Entertainment,Short,English,25,General,32,Text Overlay
V009172,C01667,2025-09-09,News,Live Stream,Spanish,13609,General,49,Screenshot
V009173,C00263,2026-01-09,Technology,Short,Hindi,40,Teen,43,Text Overlay
V009174,C00678,2021-02-22,Music,Standard Video,Portuguese,258,General,54,Bright Colors
V009175,C00554,2014-06-15,Comedy,Standard Video,French,1060,General,30,Bright Colors
V009176,C01833,2020-01-21,Gaming,Standard Video,English,345,General,52,Text Overlay
V009177,C00184,2020-03-29,Entertainment,Short,English,51,General,24,Before-After
V009178,C00830,2011-02-01,Sports,Short,English,40,General,15,Text Overlay
V009179,C00865,2011-11-27,Gaming,Standard Video,Spanish,398,General,47,Before-After
V009180,C01831,2017-09-23,Entertainment,Standard Video,English,277,General,70,
V009181,C01561,2024-01-02,Gaming,Short,Turkish,22,Mature,19,Text Overlay
V009182,C01045,2020-09-08,Entertainment,Standard Video,Vietnamese,460,General,55,Text Overlay
V009183,C01308,2026-02-01,Lifestyle,Standard Video,English,531,Teen,33,Minimalist
V009184,C01874,2017-05-04,Technology,Standard Video,English,5400,General,45,Before-After
V009185,C01205,2014-03-09,Gaming,Standard Video,Hindi,783,General,66,Text Overlay
V009186,C01884,2015-01-14,Entertainment,Premiere,Thai,114,General,36,Before-After
V009187,C01075,2024-09-28,Comedy,Standard Video,German,430,General,36,Face Close-up
V009188,C01351,2014-08-28,Gaming,Standard Video,German,292,General,42,Screenshot
V009189,C01293,2019-02-03,Sports,Short,Filipino,17,General,33,Minimalist
V009190,C01722,2019-07-25,Technology,Short,English,47,General,29,
V009191,C01408,2026-04-18,Sports,Short,Thai,31,Teen,24,Screenshot
V009192,C01723,2025-08-23,Entertainment,Standard Video,English,227,General,44,Before-After
V009193,C00101,2025-02-26,Entertainment,Short,English,28,Teen,29,Before-After
V009194,C01121,2022-09-07,Gaming,Standard Video,Portuguese,327,General,63,Bright Colors
V009195,C01399,2022-12-19,Education,Standard Video,Hindi,1012,General,43,Minimalist
V009196,C01102,2025-08-29,Education,Short,Japanese,15,General,18,Screenshot
V009197,C01027,2022-03-17,Entertainment,Short,English,36,General,29,Before-After
V009198,C01571,2011-11-07,Education,Standard Video,Portuguese,192,General,37,Before-After
V009199,C01546,2024-05-26,Gaming,Short,Vietnamese,26,General,12,Bright Colors
V009200,C01032,2021-12-17,Gaming,Standard Video,Portuguese,163,General,38,Bright Colors
V009201,C00500,2019-02-28,Entertainment,Standard Video,English,454,General,66,Screenshot
V009202,C01012,2012-03-08,Entertainment,Short,Hindi,25,General,32,Before-After
V009203,C00549,2013-11-30,News,Standard Video,Japanese,382,General,43,Bright Colors
V009204,C00751,2018-12-31,Film,Live Stream,English,8401,General,38,Screenshot
V009205,C01761,2025-01-20,Entertainment,Standard Video,Portuguese,1864,General,48,Before-After
V009206,C00175,2014-04-06,Gaming,Short,Turkish,21,General,17,Text Overlay
V009207,C01099,2023-01-28,Lifestyle,Standard Video,English,352,General,16,Face Close-up
V009208,C01018,2024-06-22,Gaming,Standard Video,English,199,General,40,
V009209,C01805,2018-05-24,Music,Standard Video,Indonesian,481,Mature,33,Screenshot
V009210,C00020,2025-01-31,Lifestyle,Standard Video,Indonesian,1100,General,27,Screenshot
V009211,C01339,2013-02-06,Sports,Short,English,19,General,15,Text Overlay
V009212,C00261,2014-11-03,Technology,Standard Video,Vietnamese,1273,Teen,61,Screenshot
V009213,C01831,2013-07-17,Entertainment,Standard Video,Portuguese,2715,General,35,Bright Colors
V009214,C01914,2025-03-06,Music,Standard Video,English,697,Teen,48,Before-After
V009215,C00749,2024-09-15,Gaming,Standard Video,Hindi,594,General,47,Bright Colors
V009216,C00499,2026-07-12,Comedy,Short,English,23,Mature,33,Screenshot
V009217,C00726,2023-11-14,Education,Short,German,35,General,15,Collage
V009218,C01276,2023-06-25,Gaming,Premiere,English,657,General,40,Bright Colors
V009219,C00381,2026-03-19,Music,Standard Video,Spanish,98,General,51,Minimalist
V009220,C01564,2025-11-11,Lifestyle,Standard Video,English,113,General,45,Minimalist
V009221,C01987,2024-08-11,News,Standard Video,German,235,General,55,Before-After
V009222,C00397,2025-07-05,Lifestyle,Short,French,44,General,21,Before-After
V009223,C00944,2025-12-03,Music,Standard Video,Italian,517,General,19,Face Close-up
V009224,C01651,2020-10-30,Entertainment,Standard Video,Spanish,1582,General,34,Before-After
V009225,C00592,2010-01-16,Music,Short,English,35,General,33,Before-After
V009226,C00404,2020-12-11,Technology,Standard Video,English,332,General,59,Screenshot
V009227,C00171,2015-10-14,Technology,Standard Video,Filipino,368,Mature,43,Before-After
V009228,C00865,2025-02-12,Gaming,Standard Video,Spanish,639,General,52,Minimalist
V009229,C01776,2020-01-05,Education,Premiere,Japanese,1353,General,38,Bright Colors
V009230,C00003,2026-06-28,Education,Standard Video,Hindi,1704,General,53,Screenshot
V009231,C01162,2012-01-27,News,Standard Video,Spanish,410,Teen,32,Bright Colors
V009232,C01861,2025-06-04,Music,Standard Video,Portuguese,448,General,55,Face Close-up
V009233,C01900,2018-11-09,Music,Standard Video,English,875,General,42,Text Overlay
V009234,C00960,2026-03-09,Gaming,Live Stream,Vietnamese,7193,General,49,Face Close-up
V009235,C00992,2022-04-25,Music,Short,Tamil,21,General,25,Face Close-up
V009236,C00875,2014-05-13,Sports,Short,Spanish,52,General,31,Face Close-up
V009237,C01499,2016-09-14,Comedy,Short,Indonesian,52,General,18,Face Close-up
V009238,C01894,2025-07-23,Gaming,Standard Video,Hindi,878,General,40,Screenshot
V009239,C01469,2025-06-25,Film,Live Stream,English,6563,General,32,Before-After
V009240,C01375,2013-06-02,News,Short,English,53,General,8,Minimalist
V009241,C00435,2025-10-28,Technology,Short,English,41,General,23,Bright Colors
V009242,C01399,2020-04-10,Education,Short,Hindi,30,General,14,Text Overlay
V009243,C00019,2016-04-13,Music,Standard Video,English,265,General,48,Collage
V009244,C00256,2025-01-11,Lifestyle,Short,English,43,General,34,Screenshot
V009245,C01908,2015-03-22,Sports,Standard Video,Telugu,2574,General,38,Minimalist
V009246,C00762,2025-01-21,Music,Short,English,25,General,26,Minimalist
V009247,C01574,2021-03-14,Film,Standard Video,English,142,General,38,Text Overlay
V009248,C01923,2014-05-05,Music,Standard Video,English,516,General,49,Before-After
V009249,C00647,2018-02-09,Education,Standard Video,Hindi,534,Mature,54,Text Overlay
V009250,C01507,2018-11-17,Education,Standard Video,Hindi,295,General,56,Face Close-up
V009251,C00752,2014-09-29,News,Short,Indonesian,52,General,28,Bright Colors
V009252,C00642,2026-02-01,Music,Standard Video,English,316,Mature,37,Before-After
V009253,C01860,2013-04-29,Lifestyle,Short,English,57,General,19,Bright Colors
V009254,C01563,2022-05-10,Entertainment,Short,Vietnamese,38,General,21,Minimalist
V009255,C01896,2023-11-22,Comedy,Standard Video,English,266,General,55,Minimalist
V009256,C01737,2022-05-11,Education,Standard Video,Portuguese,267,General,46,Before-After
V009257,C00449,2023-05-15,Lifestyle,Standard Video,Portuguese,139,General,65,Face Close-up
V009258,C00781,2020-10-18,Lifestyle,Standard Video,English,635,Teen,42,Collage
V009259,C01821,2021-03-26,Technology,Standard Video,Hindi,281,Teen,44,Text Overlay
V009260,C00769,2017-04-06,Education,Standard Video,Portuguese,326,General,49,Face Close-up
V009261,C01471,2025-06-27,Music,Standard Video,Kannada,360,General,20,Text Overlay
V009262,C01757,2014-09-27,Film,Standard Video,English,170,Mature,46,Face Close-up
V009263,C00805,2024-04-15,News,Standard Video,English,223,Teen,53,Collage
V009264,C01787,2023-10-27,Entertainment,Live Stream,English,3234,General,25,Collage
V009265,C00197,2021-01-24,Gaming,Standard Video,Spanish,357,Teen,21,Minimalist
V009266,C00009,2023-12-16,Technology,Standard Video,English,734,General,45,Collage
V009267,C00585,2019-07-13,Gaming,Short,Portuguese,24,General,24,Minimalist
V009268,C01385,2024-08-11,Sports,Standard Video,Hindi,222,General,45,Before-After
V009269,C00243,2016-08-19,Music,Short,Spanish,17,Mature,14,Screenshot
V009270,C00983,2021-02-18,Education,Short,Indonesian,17,,33,Screenshot
V009271,C00047,2013-10-20,Lifestyle,Standard Video,English,3309,General,79,
V009272,C00227,2018-05-16,Technology,Premiere,English,354,General,33,
V009273,C01971,2025-07-31,Lifestyle,Standard Video,English,740,General,30,Before-After
V009274,C01081,2024-06-30,Gaming,Short,French,30,General,15,Screenshot
V009275,C00047,2011-11-29,Music,Standard Video,English,1943,General,50,Screenshot
V009276,C01260,2024-11-13,Technology,Short,Spanish,28,General,30,Screenshot
V009277,C01500,2024-09-03,Comedy,Standard Video,Spanish,504,General,57,
V009278,C01860,2017-05-19,Lifestyle,Standard Video,English,457,General,61,Screenshot
V009279,C00896,2022-02-20,Comedy,Short,Japanese,33,General,31,Text Overlay
V009280,C01747,2015-01-24,Music,Standard Video,Portuguese,291,Teen,67,Text Overlay
V009281,C01357,2025-08-31,Technology,Short,Portuguese,30,General,8,Collage
V009282,C01748,2010-04-19,Music,Standard Video,English,626,General,52,Text Overlay
V009283,C01821,2014-10-23,Technology,Standard Video,Hindi,1814,General,42,Minimalist
V009284,C01986,2017-05-06,Entertainment,Standard Video,Vietnamese,216,General,38,Collage
V009285,C00263,2023-09-07,Technology,Live Stream,Hindi,7446,Teen,27,Minimalist
V009286,C00453,2019-04-17,Gaming,Standard Video,Italian,205,General,28,Face Close-up
V009287,C01351,2012-12-30,Technology,Short,German,20,General,17,Collage
V009288,C00520,2017-04-10,Comedy,Standard Video,French,153,Teen,30,Screenshot
V009289,C00865,2014-07-07,Gaming,Standard Video,Spanish,158,General,49,Bright Colors
V009290,C01071,2014-05-17,Gaming,Short,English,16,General,11,Collage
V009291,C00591,2021-11-19,Gaming,Short,English,49,Teen,26,Face Close-up
V009292,C00257,2019-04-12,Technology,Standard Video,Filipino,1031,General,44,Text Overlay
V009293,C00047,2012-01-13,Music,Short,English,23,General,18,Bright Colors
V009294,C01964,2019-05-01,Comedy,Standard Video,Italian,328,Mature,44,Face Close-up
V009295,C01783,2015-01-19,Education,Standard Video,Hindi,323,General,26,Screenshot
V009296,C00181,2012-08-06,Lifestyle,Premiere,Portuguese,338,General,41,Collage
V009297,C00937,2017-11-07,Gaming,Standard Video,Japanese,867,Teen,55,Face Close-up
V009298,C01346,2023-01-24,News,Short,Hindi,20,General,18,Text Overlay
V009299,C00682,2021-02-24,Sports,Standard Video,Portuguese,499,General,36,Before-After
V009300,C01718,2013-05-26,Entertainment,Standard Video,English,363,Teen,31,Bright Colors
V009301,C00618,2022-10-11,Education,Short,Hindi,20,General,8,Screenshot
V009302,C01561,2014-03-06,Gaming,Standard Video,Turkish,762,Teen,50,Bright Colors
V009303,C01743,2018-01-23,Gaming,Standard Video,Urdu,490,General,59,Minimalist
V009304,C01508,2024-08-27,Gaming,Short,English,56,General,32,Before-After
V009305,C00592,2015-10-08,Technology,Standard Video,English,2165,General,58,Before-After
V009306,C01364,2020-03-08,Technology,Standard Video,Spanish,369,General,42,Face Close-up
V009307,C01749,2024-09-19,Comedy,Short,English,24,General,22,Minimalist
V009308,C01187,2016-08-12,Gaming,Standard Video,Portuguese,930,General,54,
V009309,C01385,2025-03-14,Sports,Short,Hindi,53,General,14,Bright Colors
V009310,C00168,2023-12-13,Gaming,Short,Filipino,15,General,33,Minimalist
V009311,C00314,2015-07-03,Sports,Standard Video,English,779,General,51,Text Overlay
V009312,C00704,2024-05-25,Entertainment,Premiere,Indonesian,1067,Teen,35,Minimalist
V009313,C00744,2026-01-13,Comedy,Live Stream,Spanish,5550,General,39,Face Close-up
V009314,C01234,2013-02-08,Sports,Premiere,Hindi,92,Teen,58,Bright Colors
V009315,C00549,2015-09-01,News,Standard Video,Japanese,177,General,47,Collage
V009316,C01247,2015-09-27,Music,Standard Video,Spanish,125,General,54,Text Overlay
V009317,C00790,2020-10-29,Lifestyle,Short,English,48,Teen,18,Collage
V009318,C01309,2020-04-09,Lifestyle,Standard Video,English,623,General,50,Face Close-up
V009319,C01528,2020-09-29,Film,Short,Korean,26,General,19,Bright Colors
V009320,C00668,2014-07-24,Technology,Live Stream,Hindi,2774,General,27,Face Close-up
V009321,C00209,2022-04-27,Music,Standard Video,Portuguese,565,General,29,Screenshot
V009322,C01609,2026-05-04,Lifestyle,Short,English,28,General,30,Screenshot
V009323,C01865,2013-07-24,Entertainment,Short,Portuguese,31,General,28,Minimalist
V009324,C01425,2010-11-12,Comedy,Standard Video,English,1649,General,42,Face Close-up
V009325,C01805,2019-05-27,Music,Standard Video,Indonesian,503,Mature,51,
V009326,C00073,2014-05-04,Gaming,Standard Video,Spanish,68,Teen,57,Screenshot
V009327,C01860,2020-09-29,Lifestyle,Short,English,51,General,32,Before-After
V009328,C00904,2025-06-24,Technology,Standard Video,English,92,General,24,Bright Colors
V009329,C00559,2016-06-14,Film,Standard Video,Hindi,262,Teen,43,Before-After
V009330,C01713,2024-11-27,Lifestyle,Standard Video,Japanese,1136,General,39,Collage
V009331,C00739,2026-07-17,Technology,Short,English,34,General,26,Collage
V009332,C00891,2012-07-02,Entertainment,Standard Video,Korean,808,General,56,Text Overlay
V009333,C00156,2018-05-09,Music,Short,English,36,General,26,Bright Colors
V009334,C01705,2023-08-12,Music,Standard Video,Thai,102,General,42,
V009335,C01529,2024-09-18,Technology,Standard Video,German,581,General,56,Screenshot
V009336,C01231,2026-07-17,Technology,Standard Video,English,529,General,62,Face Close-up
V009337,C01896,2022-12-07,Comedy,Short,English,52,General,26,Collage
V009338,C01606,2026-07-04,Gaming,Short,English,51,Teen,31,Collage
V009339,C01830,2011-12-06,Film,Standard Video,Spanish,497,General,42,Before-After
V009340,C01066,2013-03-31,Technology,Standard Video,English,3232,General,30,Face Close-up
V009341,C01514,2015-12-23,Technology,Short,English,38,General,26,Screenshot
V009342,C01094,2016-05-23,Entertainment,Standard Video,Hindi,1017,General,53,Bright Colors
V009343,C00668,2019-05-07,Technology,Live Stream,Hindi,4269,General,57,Face Close-up
V009344,C01988,2019-01-11,Film,Live Stream,Portuguese,10521,General,76,Bright Colors
V009345,C00744,2019-03-14,Comedy,Standard Video,Spanish,465,General,41,Minimalist
V009346,C00448,2026-04-09,Entertainment,Standard Video,Urdu,442,General,49,Bright Colors
V009347,C01137,2012-07-22,Technology,Short,English,30,General,32,Minimalist
V009348,C00930,2025-11-04,Comedy,Standard Video,Japanese,635,General,41,Minimalist
V009349,C00559,2013-07-25,Education,Standard Video,Hindi,1678,Teen,33,Bright Colors
V009350,C00230,2025-08-13,Film,Short,Portuguese,17,General,26,Collage
V009351,C00818,2017-12-17,Comedy,Short,Spanish,38,General,8,Text Overlay
V009352,C01649,2018-12-29,Lifestyle,Short,Urdu,26,General,35,Face Close-up
V009353,C01735,2022-04-21,Education,Standard Video,English,1289,General,27,
V009354,C01270,2022-02-06,Sports,Short,French,34,General,29,Collage
V009355,C01645,2024-06-13,Gaming,Standard Video,English,651,Teen,48,Collage
V009356,C00401,2023-08-03,Music,Standard Video,Spanish,287,General,48,Collage
V009357,C00703,2022-03-29,Film,Short,English,43,General,37,Face Close-up
V009358,C01509,2025-11-01,Music,Standard Video,Spanish,133,General,60,Screenshot
V009359,C00180,2014-06-24,Gaming,Short,Spanish,17,General,29,Collage
V009360,C00741,2026-02-02,Lifestyle,Standard Video,Filipino,1579,General,47,Collage
V009361,C00622,2022-01-20,Entertainment,Standard Video,Portuguese,836,Teen,35,Face Close-up
V009362,C01681,2016-09-15,Comedy,Standard Video,English,239,General,54,Minimalist
V009363,C00772,2012-12-15,Sports,Standard Video,English,552,General,40,Bright Colors
V009364,C00316,2024-10-15,News,Short,Spanish,23,General,,Collage
V009365,C01626,2025-09-17,Technology,Standard Video,Hindi,3524,General,51,Text Overlay
V009366,C01468,2022-06-08,Education,Standard Video,English,206,Teen,42,Bright Colors
V009367,C00254,2023-06-22,Gaming,Standard Video,Portuguese,1466,General,19,Face Close-up
V009368,C01787,2017-05-19,Entertainment,Standard Video,English,477,General,19,Bright Colors
V009369,C00977,2024-10-15,Film,Standard Video,English,617,General,34,Minimalist
V009370,C00669,2019-06-09,Technology,Standard Video,Spanish,1139,,68,Face Close-up
V009371,C00670,2010-03-17,Lifestyle,Standard Video,English,813,General,41,Text Overlay
V009372,C01045,2025-04-11,Entertainment,Short,English,35,General,19,Screenshot
V009373,C01551,2012-12-26,Gaming,Standard Video,Hindi,223,General,43,Minimalist
V009374,C00549,2015-04-27,Gaming,Short,Japanese,32,General,8,Face Close-up
V009375,C00177,2023-02-17,Sports,Short,Spanish,55,Teen,34,Minimalist
V009376,C01382,2015-11-03,Gaming,Short,English,55,General,20,Collage
V009377,C00774,2021-11-20,Film,Standard Video,English,154,General,53,Face Close-up
V009378,C01130,2015-09-14,Lifestyle,Standard Video,Portuguese,755,Teen,50,Minimalist
V009379,C00152,2018-02-02,Gaming,Standard Video,Portuguese,436,Teen,23,Face Close-up
V009380,C00686,2011-03-10,Music,Short,Portuguese,19,General,8,Collage
V009381,C00455,2015-04-02,Lifestyle,Standard Video,English,222,General,43,Text Overlay
V009382,C01677,2023-04-09,Education,Short,English,30,General,10,Bright Colors
V009383,C00258,2020-05-03,Film,Premiere,Hindi,355,Mature,36,Collage
V009384,C00794,2018-03-27,Music,Standard Video,English,164,General,50,Text Overlay
V009385,C01376,2017-12-06,Comedy,Standard Video,Hindi,3527,General,53,Screenshot
V009386,C01931,2013-07-22,Entertainment,Short,French,33,General,19,Bright Colors
V009387,C00592,2010-01-31,Music,Standard Video,English,425,General,47,Bright Colors
V009388,C00121,2019-08-25,Music,Standard Video,Hindi,250,Teen,49,Screenshot
V009389,C00257,2022-02-27,Technology,Standard Video,Filipino,1287,General,51,Collage
V009390,C01436,2021-11-20,Entertainment,Standard Video,English,256,General,41,Screenshot
V009391,C01394,2022-04-05,Gaming,Standard Video,English,648,General,56,Minimalist
V009392,C01739,2011-03-29,Music,Short,English,40,General,25,Face Close-up
V009393,C01119,2014-10-09,Technology,Standard Video,Hindi,873,General,19,Bright Colors
V009394,C01302,2015-05-28,Sports,Short,Korean,53,General,9,Screenshot
V009395,C01849,2026-05-18,Education,Premiere,Hindi,225,General,58,Collage
V009396,C01448,2010-03-03,Entertainment,Short,Spanish,58,General,40,Before-After
V009397,C01594,2020-01-14,Sports,Standard Video,Indonesian,1221,General,49,Collage
V009398,C00176,2024-09-16,Music,Premiere,Spanish,344,General,49,Screenshot
V009399,C00642,2025-11-06,Music,Live Stream,English,2814,General,45,Collage
V009400,C00255,2024-01-27,Comedy,Standard Video,English,119,Teen,54,Before-After
V009401,C00728,2014-11-29,Education,Standard Video,Japanese,504,General,32,Minimalist
V009402,C00865,2010-04-09,Gaming,Short,Spanish,55,General,33,Before-After
V009403,C00474,2017-08-14,Education,Standard Video,Marathi,76,General,27,Bright Colors
V009404,C00608,2016-09-10,Gaming,Standard Video,Hindi,199,General,33,Minimalist
V009405,C01560,2015-09-25,Technology,Short,English,23,Teen,22,Bright Colors
V009406,C00592,2015-06-23,Music,Standard Video,English,172,General,28,Collage
V009407,C00365,2015-09-29,Technology,Short,English,26,General,34,Before-After
V009408,C01454,2015-11-27,Gaming,Standard Video,Indonesian,837,General,27,Bright Colors
V009409,C01964,2023-03-16,Music,Premiere,Italian,676,Mature,39,Bright Colors
V009410,C01247,2025-08-21,Lifestyle,Standard Video,English,628,General,46,Minimalist
V009411,C01673,2024-05-03,Music,Short,Hindi,21,General,9,Screenshot
V009412,C00550,2024-12-21,Film,Standard Video,French,1084,General,39,Collage
V009413,C00571,2015-09-13,Technology,Standard Video,Portuguese,313,Teen,47,Bright Colors
V009414,C01943,2019-10-11,Gaming,Standard Video,Vietnamese,322,General,50,Screenshot
V009415,C01754,2024-07-22,Lifestyle,Standard Video,Spanish,638,Mature,40,Collage
V009416,C01075,2024-08-03,Comedy,Standard Video,German,336,,61,Screenshot
V009417,C01811,2025-01-05,Gaming,Standard Video,English,257,General,61,Collage
V009418,C01380,2020-03-29,Entertainment,Standard Video,English,807,General,56,Face Close-up
V009419,C00591,2013-03-23,Gaming,Standard Video,English,262,Teen,45,Collage
V009420,C01690,2026-04-01,Lifestyle,Standard Video,Hindi,233,General,63,Face Close-up
V009421,C00567,2020-01-27,Technology,Standard Video,Hindi,816,General,10,Text Overlay
V009422,C00081,2025-04-03,Sports,Short,English,57,General,28,Minimalist
V009423,C01349,2019-08-20,Gaming,Standard Video,English,628,Teen,41,Screenshot
V009424,C01908,2016-04-03,Lifestyle,Standard Video,Telugu,577,General,56,Minimalist
V009425,C00047,2015-03-20,Music,Standard Video,English,1632,General,48,Face Close-up
V009426,C00047,2020-11-04,Music,Premiere,English,312,General,47,Bright Colors
V009427,C00909,2016-05-11,Education,Short,German,33,Teen,24,Bright Colors
V009428,C01919,2020-12-06,Music,Short,Vietnamese,48,Mature,35,Screenshot
V009429,C01344,2025-10-28,Film,Standard Video,English,1185,Teen,27,Before-After
V009430,C01087,2020-06-03,Entertainment,Short,English,55,Teen,13,Bright Colors
V009431,C00856,2020-06-08,Film,Short,English,49,General,21,Face Close-up
V009432,C00769,2020-06-17,Education,Short,Hindi,30,General,33,
V009433,C00089,2015-03-28,Technology,Short,Indonesian,41,General,17,Minimalist
V009434,C00262,2023-05-22,Education,Short,Hindi,46,General,23,Screenshot
V009435,C00648,2016-01-21,Lifestyle,Standard Video,Filipino,207,General,10,Face Close-up
V009436,C00378,2019-12-06,Technology,Live Stream,Filipino,2240,General,60,Minimalist
V009437,C01162,2013-11-10,News,Standard Video,Spanish,457,Teen,66,Before-After
V009438,C01195,2022-01-26,Sports,Standard Video,English,215,General,27,Text Overlay
V009439,C01783,2013-09-15,Education,Short,Hindi,43,General,25,Minimalist
V009440,C00760,2021-04-27,Entertainment,Standard Video,Spanish,824,Mature,73,Face Close-up
V009441,C01528,2021-05-02,Film,Short,Korean,51,General,40,Face Close-up
V009442,C01960,2026-01-01,Music,Standard Video,Hindi,437,,51,Before-After
V009443,C01121,2019-10-31,Gaming,Standard Video,Portuguese,3020,General,48,Text Overlay
V009444,C00975,2017-01-17,News,Standard Video,Spanish,695,General,36,Before-After
V009445,C00261,2013-06-23,Technology,Short,Vietnamese,15,Teen,9,Text Overlay
V009446,C00492,2013-02-13,Lifestyle,Standard Video,English,420,Mature,69,
V009447,C01913,2014-02-16,Film,Premiere,Hindi,269,General,88,Face Close-up
V009448,C01268,2016-09-14,Film,Standard Video,English,243,General,20,Bright Colors
V009449,C01921,2015-12-12,Sports,Short,English,17,General,40,Before-After
V009450,C01492,2017-06-19,Comedy,Standard Video,Spanish,89,General,46,Text Overlay
V009451,C01989,2017-02-03,Entertainment,Short,French,28,General,35,Text Overlay
V009452,C00582,2021-03-01,Gaming,Standard Video,French,228,Teen,41,Face Close-up
V009453,C01900,2024-08-27,Music,Short,English,31,,20,Collage
V009454,C00677,2025-08-12,Technology,Standard Video,English,698,General,23,Face Close-up
V009455,C00928,2014-05-23,News,Standard Video,Portuguese,318,,58,Collage
V009456,C00970,2015-05-20,Entertainment,Standard Video,Portuguese,344,Teen,48,Bright Colors
V009457,C01921,2016-08-02,Sports,Live Stream,English,10108,General,42,Screenshot
V009458,C00626,2021-12-02,News,Standard Video,English,334,Teen,40,Face Close-up
V009459,C01561,2017-06-30,Gaming,Short,Turkish,48,Mature,17,Bright Colors
V009460,C00431,2026-03-13,Education,Live Stream,Tamil,11879,General,56,Screenshot
V009461,C01529,2021-10-20,Technology,Standard Video,German,5400,General,41,Minimalist
V009462,C00455,2016-01-06,Gaming,Premiere,English,743,General,82,Bright Colors
V009463,C00185,2018-11-11,Gaming,Standard Video,Spanish,437,Teen,16,Face Close-up
V009464,C00083,2024-10-08,Education,Standard Video,English,835,General,60,Text Overlay
V009465,C00909,2019-01-17,Education,Standard Video,English,686,Teen,76,Face Close-up
V009466,C01311,2024-10-16,Comedy,Short,Portuguese,41,General,8,Bright Colors
V009467,C01363,2013-12-12,Entertainment,Short,English,50,General,43,Collage
V009468,C00543,2022-12-29,Technology,Standard Video,English,559,General,33,Screenshot
V009469,C00087,2026-05-12,News,Standard Video,Indonesian,376,Teen,46,Face Close-up
V009470,C01882,2014-07-24,Education,Short,English,34,General,27,Face Close-up
V009471,C01874,2014-01-04,News,Standard Video,English,535,General,87,Before-After
V009472,C01739,2012-10-05,Music,Standard Video,English,167,General,34,Minimalist
V009473,C01723,2022-06-18,Entertainment,Standard Video,Portuguese,285,General,41,Screenshot
V009474,C01637,2016-11-30,Entertainment,Short,Japanese,31,General,22,Bright Colors
V009475,C01512,2017-07-01,Music,Standard Video,Filipino,354,General,42,Bright Colors
V009476,C00261,2024-08-10,Technology,Standard Video,Vietnamese,1965,Teen,44,Bright Colors
V009477,C01071,2019-01-01,Music,Standard Video,English,524,General,31,Face Close-up
V009478,C00286,2017-03-09,Entertainment,Standard Video,Hindi,1143,General,57,Screenshot
V009479,C01400,2026-04-25,Sports,Short,Spanish,58,General,33,Screenshot
V009480,C00973,2017-10-23,Education,Short,Portuguese,51,General,25,Before-After
V009481,C01213,2018-06-17,Technology,Standard Video,Filipino,201,General,60,Minimalist
V009482,C00243,2014-07-06,Music,Premiere,Spanish,654,General,52,Text Overlay
V009483,C00086,2019-10-04,Sports,Standard Video,Spanish,1322,Teen,51,Text Overlay
V009484,C01621,2026-05-09,Entertainment,Standard Video,English,844,Teen,22,Minimalist
V009485,C01249,2026-05-16,Entertainment,Standard Video,Portuguese,256,Teen,,Minimalist
V009486,C00512,2026-06-20,Technology,Live Stream,English,12351,General,40,Minimalist
V009487,C01450,2026-06-09,Sports,Short,Hindi,17,General,11,Screenshot
V009488,C00914,2016-07-16,Comedy,Standard Video,Bengali,170,Teen,38,Face Close-up
V009489,C01144,2020-12-27,Lifestyle,Short,English,50,Teen,16,Screenshot
V009490,C01714,2014-08-09,Entertainment,Standard Video,English,332,General,50,Bright Colors
V009491,C00540,2021-04-20,Sports,Short,English,53,General,15,Minimalist
V009492,C01556,2024-02-27,Gaming,Standard Video,English,76,General,45,Minimalist
V009493,C01960,2024-08-07,Music,Short,Hindi,24,Teen,40,Face Close-up
V009494,C00204,2021-12-19,Film,Standard Video,English,194,General,41,Face Close-up
V009495,C00490,2026-02-28,Gaming,Standard Video,Hindi,558,Mature,63,Collage
V009496,C00921,2021-10-30,Entertainment,Short,Indonesian,18,General,24,
V009497,C01093,2018-10-27,Education,Standard Video,Hindi,247,General,55,Before-After
V009498,C00626,2022-09-05,News,Short,English,17,General,36,Face Close-up
V009499,C01529,2020-07-03,Technology,Short,German,19,General,9,Bright Colors
V009500,C00831,2013-10-25,Sports,Short,English,36,General,39,Collage
V009501,C00396,2017-07-19,Sports,Short,Bengali,27,General,34,Before-After
V009502,C00261,2015-01-08,Technology,Standard Video,Vietnamese,270,Teen,35,Face Close-up
V009503,C00776,2018-12-13,Lifestyle,Standard Video,Filipino,491,General,49,Bright Colors
V009504,C01909,2012-04-25,Education,Standard Video,English,1195,Teen,41,Collage
V009505,C01598,2022-05-03,Music,Short,Hindi,44,General,24,
V009506,C01349,2020-01-30,Gaming,Standard Video,English,448,Teen,61,Bright Colors
V009507,C01346,2022-06-19,News,Standard Video,English,894,General,44,Bright Colors
V009508,C01555,2025-11-19,Entertainment,Standard Video,English,288,Mature,62,Collage
V009509,C00734,2018-10-22,News,Standard Video,Spanish,852,Teen,55,Text Overlay
V009510,C00577,2018-02-26,Lifestyle,Short,English,17,General,22,Face Close-up
V009511,C00374,2024-07-13,Education,Standard Video,Hindi,339,General,72,Face Close-up
V009512,C01972,2023-10-03,Lifestyle,Standard Video,English,933,General,53,Screenshot
V009513,C01214,2010-01-31,Education,Short,Hindi,50,General,18,Minimalist
V009514,C01212,2012-06-20,Entertainment,Short,English,15,Teen,27,Text Overlay
V009515,C01824,2011-03-05,Lifestyle,Short,English,37,General,33,Minimalist
V009516,C00891,2025-05-22,Entertainment,Short,Korean,25,Teen,44,Collage
V009517,C01723,2023-11-05,Entertainment,Premiere,English,292,General,44,Before-After
V009518,C00500,2018-04-18,Lifestyle,Short,English,37,General,19,Text Overlay
V009519,C01592,2024-08-05,Entertainment,Standard Video,Spanish,1346,General,35,Before-After
V009520,C01639,2025-07-31,Technology,Short,English,46,General,17,Face Close-up
V009521,C01468,2018-04-21,Education,Short,English,29,Teen,19,Minimalist
V009522,C00592,2010-01-25,Music,Standard Video,English,726,General,39,Collage
V009523,C01547,2015-09-08,Gaming,Standard Video,Portuguese,321,General,26,Minimalist
V009524,C00365,2018-11-27,Comedy,Standard Video,English,521,General,54,Before-After
V009525,C01679,2013-03-17,Gaming,Short,Filipino,27,General,39,Face Close-up
V009526,C01663,2025-04-23,Education,Standard Video,English,776,General,25,Before-After
V009527,C01758,2018-03-04,Sports,Short,Hindi,36,General,16,Before-After
V009528,C00291,2024-12-03,Entertainment,Standard Video,English,417,General,54,Bright Colors
V009529,C01582,2020-10-18,Lifestyle,Standard Video,English,1787,General,44,Collage
V009530,C01960,2023-12-06,Music,Standard Video,Hindi,637,Teen,40,Before-After
V009531,C00220,2019-09-16,Education,Short,English,16,General,19,Before-After
V009532,C01885,2026-04-07,Technology,Standard Video,Spanish,199,Teen,33,Bright Colors
V009533,C00132,2016-06-29,Comedy,Short,Spanish,44,Teen,8,Screenshot
V009534,C00380,2012-12-08,Gaming,Standard Video,English,2567,General,35,Screenshot
V009535,C01473,2016-02-15,Lifestyle,Standard Video,Turkish,420,General,27,Bright Colors
V009536,C00052,2013-07-09,Music,Standard Video,English,552,General,57,Face Close-up
V009537,C00776,2022-05-29,Lifestyle,Standard Video,Filipino,399,General,50,Face Close-up
V009538,C01737,2022-04-01,Education,Premiere,Bengali,76,General,54,Minimalist
V009539,C00682,2023-01-31,Sports,Short,English,27,General,28,Screenshot
V009540,C00689,2021-06-01,Entertainment,Standard Video,English,201,General,23,Face Close-up
V009541,C01305,2024-05-17,Gaming,Short,English,35,General,,Minimalist
V009542,C00928,2025-12-23,News,Standard Video,Portuguese,486,General,53,Collage
V009543,C01842,2015-12-06,Comedy,Standard Video,Hindi,1792,General,22,Minimalist
V009544,C01412,2019-11-29,Film,Premiere,Tamil,692,General,34,Bright Colors
V009545,C00578,2014-12-29,Gaming,Standard Video,Indonesian,575,General,61,Screenshot
V009546,C01595,2025-01-13,Education,Short,English,35,General,25,
V009547,C01327,2017-09-15,Music,Short,Hindi,43,General,27,Bright Colors
V009548,C01555,2024-01-24,Entertainment,Short,English,51,Mature,26,Face Close-up
V009549,C00087,2025-10-14,News,Short,Indonesian,60,Teen,27,Before-After
V009550,C00694,2024-02-12,Sports,Standard Video,Japanese,265,General,25,Collage
V009551,C00247,2026-01-22,Comedy,Standard Video,English,474,General,23,Minimalist
V009552,C00119,2012-03-15,Education,Short,English,26,Mature,41,Minimalist
V009553,C00167,2021-08-20,Sports,Standard Video,Italian,1986,General,10,Before-After
V009554,C01737,2022-04-06,Education,Short,Bengali,34,,16,Minimalist
V009555,C00469,2026-04-07,Lifestyle,Standard Video,English,445,General,10,Minimalist
V009556,C00114,2011-06-30,Gaming,Premiere,English,266,Teen,71,Minimalist
V009557,C01012,2021-03-03,Entertainment,Standard Video,Hindi,501,General,42,Screenshot
V009558,C01932,2024-05-13,Education,Standard Video,Vietnamese,196,General,39,Face Close-up
V009559,C01777,2022-12-14,Technology,Standard Video,Portuguese,563,Teen,14,Before-After
V009560,C01484,2026-06-16,Technology,Standard Video,English,1774,General,35,Before-After
V009561,C00613,2012-10-30,Technology,Standard Video,English,297,General,36,Collage
V009562,C01167,2025-11-07,Technology,Standard Video,English,786,General,36,Minimalist
V009563,C01777,2026-07-06,Technology,Standard Video,Portuguese,336,Teen,10,Collage
V009564,C00642,2026-04-08,Lifestyle,Short,English,22,Mature,17,Bright Colors
V009565,C01546,2022-12-14,Gaming,Short,Vietnamese,28,General,16,Bright Colors
V009566,C01931,2012-11-24,Comedy,Short,French,41,General,35,Minimalist
V009567,C01830,2010-07-21,Film,Short,Spanish,24,General,24,Face Close-up
V009568,C00992,2024-12-22,Music,Live Stream,Tamil,3374,General,37,Face Close-up
V009569,C00026,2019-04-17,Entertainment,Short,Hindi,59,General,,Text Overlay
V009570,C00155,2021-07-14,Technology,Standard Video,English,371,Teen,41,Collage
V009571,C01698,2025-05-11,Film,Standard Video,German,635,General,44,Text Overlay
V009572,C01224,2025-02-14,Gaming,Short,Portuguese,40,General,30,Minimalist
V009573,C01779,2023-06-27,Lifestyle,Live Stream,Turkish,8578,General,31,Minimalist
V009574,C00555,2021-07-11,Entertainment,Standard Video,Spanish,1492,General,58,Minimalist
V009575,C01281,2023-03-08,Lifestyle,Standard Video,German,112,General,40,Before-After
V009576,C00637,2026-07-18,Entertainment,Short,English,59,General,23,Minimalist
V009577,C00636,2014-07-23,Sports,Short,Hindi,56,Teen,8,Minimalist
V009578,C01605,2025-11-09,Gaming,Short,Japanese,28,Teen,22,Before-After
V009579,C01657,2025-08-01,Entertainment,Short,English,24,General,15,Collage
V009580,C00559,2025-05-15,Film,Live Stream,Hindi,11912,Teen,12,Bright Colors
V009581,C01194,2021-08-02,News,Short,German,34,General,28,Collage
V009582,C00500,2019-06-17,Entertainment,Standard Video,English,219,General,63,Text Overlay
V009583,C01208,2021-07-21,Education,Standard Video,Hindi,866,Teen,20,Before-After
V009584,C01007,2024-02-04,Film,Standard Video,Spanish,399,General,42,Minimalist
V009585,C00247,2026-03-10,Sports,Premiere,Portuguese,882,General,31,Minimalist
V009586,C00024,2019-07-23,Comedy,Standard Video,Indonesian,687,General,59,Face Close-up
V009587,C01737,2026-04-21,Education,Short,Bengali,48,General,17,Collage
V009588,C01576,2015-12-10,Lifestyle,Short,Korean,29,General,38,Minimalist
V009589,C01045,2020-05-03,Entertainment,Standard Video,Vietnamese,181,General,76,Text Overlay
V009590,C01592,2024-12-29,Entertainment,Short,Hindi,44,General,40,Collage
V009591,C01718,2011-11-12,Entertainment,Standard Video,English,639,Teen,31,Face Close-up
V009592,C00496,2012-04-22,Lifestyle,Standard Video,Hindi,398,General,47,Screenshot
V009593,C00028,2021-05-01,News,Premiere,Indonesian,380,Teen,53,Text Overlay
V009594,C00103,2023-05-22,Music,Standard Video,English,1845,General,68,Screenshot
V009595,C01673,2023-09-12,Music,Standard Video,Hindi,601,General,31,Text Overlay
V009596,C01205,2015-08-18,Comedy,Standard Video,Hindi,2050,Teen,59,Text Overlay
V009597,C00207,2015-11-14,Education,Short,Spanish,56,General,18,Screenshot
V009598,C01872,2014-02-01,Lifestyle,Standard Video,Indonesian,157,General,45,Collage
V009599,C00018,2025-12-23,Comedy,Standard Video,Portuguese,395,,51,Screenshot
V009600,C00422,2026-05-25,Music,Standard Video,English,901,General,44,Face Close-up
V009601,C01247,2012-03-10,Lifestyle,Standard Video,English,497,General,59,Text Overlay
V009602,C01013,2019-11-12,Entertainment,Short,Spanish,48,General,33,Bright Colors
V009603,C00361,2013-01-20,Technology,Standard Video,Indonesian,1851,General,52,Screenshot
V009604,C00949,2022-08-31,Comedy,Standard Video,Spanish,532,General,35,Screenshot
V009605,C01676,2017-09-13,Comedy,Short,English,54,General,23,
V009606,C00851,2022-07-17,Comedy,Standard Video,English,1335,General,33,Before-After
V009607,C01294,2011-08-15,Lifestyle,Standard Video,Hindi,232,General,51,Screenshot
V009608,C01014,2012-03-17,Lifestyle,Standard Video,English,973,Teen,,
V009609,C00606,2023-09-24,Entertainment,Premiere,Tamil,365,General,48,Collage
V009610,C01037,2026-02-02,Film,Short,Spanish,42,General,36,Screenshot
V009611,C00766,2025-03-03,Technology,Short,Indonesian,45,Teen,12,Collage
V009612,C00448,2019-10-21,Music,Standard Video,Urdu,107,General,33,Bright Colors
V009613,C01185,2021-08-02,Technology,Short,Korean,15,,19,Text Overlay
V009614,C01073,2025-10-19,Technology,Short,English,49,Teen,23,Collage
V009615,C00108,2022-06-19,Sports,Short,Hindi,43,General,47,Minimalist
V009616,C00448,2019-04-13,Technology,Live Stream,Urdu,2133,General,30,Face Close-up
V009617,C01623,2018-02-14,Lifestyle,Standard Video,English,372,General,43,Face Close-up
V009618,C01020,2019-05-07,Gaming,Standard Video,Hindi,177,Mature,72,Text Overlay
V009619,C00762,2024-07-06,Music,Short,English,39,General,23,Face Close-up
V009620,C01802,2010-09-26,Music,Short,English,29,General,22,Before-After
V009621,C01583,2026-07-14,Lifestyle,Standard Video,English,151,General,36,Minimalist
V009622,C00665,2010-08-05,Lifestyle,Standard Video,Hindi,399,General,59,Text Overlay
V009623,C00055,2021-06-13,Entertainment,Short,Vietnamese,19,General,25,Collage
V009624,C01779,2022-10-31,Lifestyle,Short,Turkish,43,General,28,
V009625,C00142,2023-08-08,Lifestyle,Standard Video,Japanese,979,General,52,Screenshot
V009626,C01738,2021-09-03,Music,Standard Video,Spanish,795,General,36,Before-After
V009627,C00640,2024-08-14,Lifestyle,Live Stream,Korean,7342,General,51,Screenshot
V009628,C01826,2012-02-13,Gaming,Standard Video,Indonesian,148,General,52,Text Overlay
V009629,C00185,2023-06-01,Gaming,Standard Video,Spanish,352,Teen,22,Bright Colors
V009630,C01792,2015-06-07,Gaming,Short,Portuguese,24,General,35,Minimalist
V009631,C00196,2026-05-11,Comedy,Premiere,English,584,General,63,Face Close-up
V009632,C00855,2022-10-02,Lifestyle,Short,Indonesian,29,General,21,Collage
V009633,C01045,2022-06-28,Entertainment,Standard Video,Vietnamese,302,General,50,Collage
V009634,C01607,2017-04-18,Music,Standard Video,Vietnamese,97,Teen,56,Before-After
V009635,C01932,2021-12-11,Education,Short,Vietnamese,29,General,23,Screenshot
V009636,C01173,2026-03-30,Music,Live Stream,English,2884,Teen,12,Screenshot
V009637,C00410,2023-06-11,Lifestyle,Short,Spanish,59,General,32,Text Overlay
V009638,C01277,2017-03-03,Sports,Premiere,English,1873,General,30,Text Overlay
V009639,C01385,2024-11-22,Sports,Short,Hindi,21,General,26,Face Close-up
V009640,C01089,2019-04-27,Education,Standard Video,English,412,Mature,51,Before-After
V009641,C00509,2022-06-09,Technology,Standard Video,German,184,,69,Collage
V009642,C01989,2012-10-31,Entertainment,Live Stream,French,9915,General,43,Collage
V009643,C00156,2024-10-24,Music,Premiere,English,380,Teen,54,Before-After
V009644,C00738,2024-05-19,Lifestyle,Live Stream,Spanish,13997,General,55,Bright Colors
V009645,C00431,2026-03-12,Comedy,Standard Video,Tamil,4258,,49,Text Overlay
V009646,C01529,2020-01-29,Technology,Standard Video,German,166,General,43,
V009647,C00977,2026-07-10,Film,Standard Video,Portuguese,172,General,72,Before-After
V009648,C00702,2021-05-10,News,Short,Filipino,26,General,18,Collage
V009649,C01814,2017-01-09,Lifestyle,Standard Video,Hindi,861,General,55,Minimalist
V009650,C01237,2011-12-27,Entertainment,Short,Portuguese,50,General,17,Bright Colors
V009651,C00465,2017-12-11,Education,Standard Video,Hindi,631,General,50,Screenshot
V009652,C00653,2026-06-03,Entertainment,Live Stream,English,4032,General,30,Face Close-up
V009653,C01852,2026-07-09,Film,Short,Indonesian,53,General,23,Collage
V009654,C00465,2018-08-08,Lifestyle,Short,Hindi,53,Mature,41,Text Overlay
V009655,C01452,2025-11-07,Education,Short,Indonesian,16,Teen,38,Before-After
V009656,C01117,2019-09-06,Technology,Standard Video,Portuguese,935,General,38,Collage
V009657,C01594,2011-09-17,Sports,Standard Video,Indonesian,674,General,,Collage
V009658,C01071,2014-12-22,Music,Short,English,21,General,22,Face Close-up
V009659,C00658,2018-07-02,Entertainment,Short,Turkish,26,General,8,Text Overlay
V009660,C01565,2025-05-22,Gaming,Live Stream,Korean,4645,Mature,49,Face Close-up
V009661,C01783,2021-12-05,Education,Short,Hindi,57,General,,Face Close-up
V009662,C00389,2019-02-07,Entertainment,Short,English,39,General,14,Before-After
V009663,C00229,2016-04-21,Gaming,Short,English,28,Teen,34,Screenshot
V009664,C00258,2021-11-03,Education,Live Stream,Hindi,3719,Mature,25,Screenshot
V009665,C00435,2015-04-28,Technology,Short,English,57,General,26,Collage
V009666,C00006,2014-02-06,Comedy,Standard Video,Korean,139,General,52,Screenshot
V009667,C01921,2015-01-23,Sports,Standard Video,English,1221,General,41,Face Close-up
V009668,C01735,2023-04-12,Education,Short,English,25,General,17,Screenshot
V009669,C01268,2025-12-10,Film,Short,English,33,Teen,43,Minimalist
V009670,C01771,2012-12-16,Entertainment,Standard Video,English,1407,Teen,45,Screenshot
V009671,C01459,2016-02-14,Music,Standard Video,English,440,General,47,Collage
V009672,C00666,2026-01-03,Education,Short,Spanish,17,General,11,Bright Colors
V009673,C01327,2018-04-04,Music,Standard Video,Hindi,250,General,42,Bright Colors
V009674,C01233,2025-10-05,Sports,Standard Video,Spanish,670,General,50,Bright Colors
V009675,C01396,2013-12-12,Entertainment,Standard Video,Spanish,731,General,58,Screenshot
V009676,C00678,2019-01-30,Music,Short,Portuguese,40,General,25,Minimalist
V009677,C01677,2022-11-26,Sports,Short,English,23,General,11,Face Close-up
V009678,C00261,2015-10-14,Technology,Live Stream,Vietnamese,9774,Teen,31,
V009679,C01366,2026-04-23,Comedy,Standard Video,English,817,General,53,Text Overlay
V009680,C01027,2013-04-04,News,Standard Video,English,103,General,26,Bright Colors
V009681,C00838,2016-12-21,Entertainment,Standard Video,Hindi,440,Teen,28,Minimalist
V009682,C01317,2023-02-26,Comedy,Short,Indonesian,33,General,8,Collage
V009683,C00604,2022-04-14,Film,Short,Hindi,24,General,19,Face Close-up
V009684,C00025,2017-11-25,News,Short,Hindi,25,General,39,Face Close-up
V009685,C00549,2014-04-11,News,Standard Video,Japanese,345,General,65,Collage
V009686,C00727,2021-12-05,Gaming,Standard Video,Spanish,472,General,33,Before-After
V009687,C01042,2023-08-21,News,Standard Video,English,61,General,59,Bright Colors
V009688,C01428,2018-01-29,Education,Short,Portuguese,42,General,29,Bright Colors
V009689,C00999,2026-02-19,Music,Standard Video,English,555,Mature,33,Text Overlay
V009690,C01599,2012-07-14,Entertainment,Standard Video,Vietnamese,1347,General,44,Collage
V009691,C00510,2019-01-16,Sports,Standard Video,French,1293,Mature,57,Bright Colors
V009692,C00392,2018-09-19,Education,Standard Video,Bengali,558,Teen,65,
V009693,C00870,2022-04-07,Gaming,Standard Video,Hindi,1216,General,33,Before-After
V009694,C01735,2023-02-14,Education,Standard Video,English,1268,General,54,Bright Colors
V009695,C01592,2024-11-17,Entertainment,Short,Spanish,57,General,35,Minimalist
V009696,C01379,2026-07-05,Education,Premiere,Vietnamese,1166,General,17,Minimalist
V009697,C00738,2023-11-16,Lifestyle,Standard Video,English,3807,General,33,Minimalist
V009698,C00340,2010-04-28,Education,Short,Hindi,38,General,19,Minimalist
V009699,C01639,2026-03-20,Technology,Standard Video,Hindi,498,General,21,Text Overlay
V009700,C00496,2022-08-17,Lifestyle,Standard Video,Hindi,281,General,56,Minimalist
V009701,C00625,2024-05-25,Film,Standard Video,Japanese,321,General,48,Minimalist
V009702,C01824,2015-08-19,Lifestyle,Standard Video,English,454,General,63,Before-After
V009703,C00948,2022-10-01,Comedy,Standard Video,Marathi,163,General,17,Before-After
V009704,C01189,2025-11-10,Sports,Standard Video,French,781,Teen,46,Collage
V009705,C00592,2010-10-31,Music,Short,English,41,General,32,Text Overlay
V009706,C01247,2023-01-30,Lifestyle,Standard Video,English,566,General,30,Bright Colors
V009707,C00047,2022-02-08,Music,Short,English,49,General,32,Text Overlay
V009708,C01834,2026-07-20,Lifestyle,Standard Video,English,392,,48,Face Close-up
V009709,C00476,2017-03-04,Gaming,Short,English,59,General,31,Before-After
V009710,C01205,2011-09-08,Comedy,Short,Hindi,44,General,39,Text Overlay
V009711,C01726,2020-03-12,Education,Short,English,19,General,29,Face Close-up
V009712,C00427,2018-05-22,Entertainment,Standard Video,English,1362,General,50,Face Close-up
V009713,C01097,2021-06-10,Music,Short,Japanese,59,General,23,Screenshot
V009714,C01547,2012-01-25,Gaming,Short,English,23,General,20,Collage
V009715,C01984,2024-05-12,Sports,Standard Video,Hindi,213,General,35,Minimalist
V009716,C01399,2022-03-01,Education,Standard Video,Hindi,758,General,70,Text Overlay
V009717,C00541,2025-01-28,Technology,Standard Video,Spanish,659,General,23,Face Close-up
V009718,C01582,2014-07-02,Lifestyle,Standard Video,English,1284,General,34,Text Overlay
V009719,C01860,2025-06-29,Lifestyle,Short,English,23,General,26,Screenshot
V009720,C01507,2014-07-01,Education,Short,Hindi,19,General,31,Text Overlay
V009721,C00259,2020-12-27,Music,Short,Portuguese,50,General,20,Collage
V009722,C00592,2012-03-05,Music,Short,English,56,General,22,Collage
V009723,C01830,2015-09-22,Film,Standard Video,Spanish,87,General,80,Bright Colors
V009724,C00004,2019-10-09,Entertainment,Standard Video,Portuguese,3330,Teen,29,Collage
V009725,C01385,2024-06-06,Gaming,Standard Video,Hindi,290,General,47,Minimalist
V009726,C01501,2016-05-14,Sports,Short,German,20,Teen,30,Bright Colors
V009727,C00191,2025-08-06,Technology,Standard Video,French,1535,General,60,Collage
V009728,C00852,2020-05-24,Gaming,Standard Video,Vietnamese,257,General,55,
V009729,C00581,2017-11-14,Education,Short,Portuguese,54,General,27,Minimalist
V009730,C00067,2024-04-20,Lifestyle,Standard Video,Korean,1313,General,18,Bright Colors
V009731,C00036,2019-07-09,Gaming,Standard Video,Hindi,281,General,45,Face Close-up
V009732,C01576,2016-06-27,Gaming,Short,Korean,56,General,27,Screenshot
V009733,C00992,2014-08-26,Music,Standard Video,Tamil,2231,General,32,Collage
V009734,C00966,2013-09-23,Education,Standard Video,Bengali,86,General,19,Screenshot
V009735,C00625,2026-01-10,Film,Standard Video,Japanese,827,General,18,Bright Colors
V009736,C01267,2024-12-08,Gaming,Standard Video,Portuguese,541,General,45,Text Overlay
V009737,C00705,2019-06-16,Entertainment,Standard Video,English,363,General,58,Minimalist
V009738,C01508,2025-05-31,Music,Standard Video,English,547,General,40,
V009739,C01860,2020-06-05,Lifestyle,Short,English,35,General,26,Bright Colors
V009740,C00940,2024-05-03,Entertainment,Standard Video,English,521,General,56,Collage
V009741,C00654,2025-01-16,Sports,Standard Video,Italian,306,General,34,Minimalist
V009742,C00592,2010-08-24,Music,Premiere,English,1015,General,36,Bright Colors
V009743,C01895,2019-09-25,Education,Standard Video,Vietnamese,1524,,54,Face Close-up
V009744,C00577,2022-02-07,Lifestyle,Standard Video,German,384,General,43,Collage
V009745,C00288,2012-02-13,Film,Live Stream,English,9860,General,51,Before-After
V009746,C00107,2023-12-24,News,Standard Video,Italian,386,General,25,Collage
V009747,C00583,2023-08-09,Sports,Short,Portuguese,45,General,29,Text Overlay
V009748,C01661,2019-03-14,Sports,Standard Video,English,148,General,46,Text Overlay
V009749,C00702,2012-04-29,Entertainment,Premiere,Hindi,148,General,60,Minimalist
V009750,C00596,2026-04-27,Sports,Standard Video,Spanish,1007,General,58,Minimalist
V009751,C01450,2026-07-21,Sports,Standard Video,Hindi,840,General,66,Bright Colors
V009752,C01802,2022-12-14,Music,Short,Portuguese,49,General,25,Face Close-up
V009753,C01274,2020-06-24,Education,Premiere,English,350,General,39,Face Close-up
V009754,C01581,2015-09-18,Comedy,Standard Video,Portuguese,116,General,48,Screenshot
V009755,C00059,2024-09-18,Entertainment,Standard Video,Portuguese,142,Mature,47,Bright Colors
V009756,C01755,2025-04-11,Comedy,Standard Video,German,1192,Mature,36,Bright Colors
V009757,C01489,2012-02-07,Education,Short,Spanish,41,General,36,Face Close-up
V009758,C01386,2014-06-08,Education,Short,Hindi,57,General,20,
V009759,C01136,2021-03-08,Gaming,Short,German,28,General,19,Face Close-up
V009760,C01988,2021-08-26,Film,Standard Video,Portuguese,506,General,42,Collage
V009761,C00287,2016-09-18,Gaming,Short,Korean,16,General,17,Face Close-up
V009762,C00878,2015-01-26,Technology,Standard Video,Italian,202,General,58,Collage
V009763,C01162,2010-06-27,News,Standard Video,Spanish,139,Teen,38,Bright Colors
V009764,C00796,2018-03-12,Lifestyle,Short,Hindi,33,General,25,Bright Colors
V009765,C00928,2025-07-30,Entertainment,Short,Portuguese,47,General,22,Screenshot
V009766,C01677,2023-06-18,Education,Short,English,39,General,13,Minimalist
V009767,C01937,2023-11-27,News,Short,English,27,General,21,Face Close-up
V009768,C01215,2017-01-24,Sports,Premiere,English,177,General,27,Text Overlay
V009769,C00583,2022-10-06,Sports,Standard Video,Portuguese,69,General,60,Collage
V009770,C01212,2013-12-03,Entertainment,Standard Video,English,186,Teen,28,Collage
V009771,C01807,2020-11-14,Music,Standard Video,English,61,General,46,Bright Colors
V009772,C00583,2022-08-16,Education,Standard Video,Portuguese,279,General,27,Text Overlay
V009773,C01121,2019-01-22,Gaming,Premiere,Portuguese,972,General,57,Bright Colors
V009774,C01582,2019-12-05,Lifestyle,Standard Video,English,159,,47,Face Close-up
V009775,C01399,2019-12-17,Education,Short,Hindi,50,General,18,Face Close-up
V009776,C01789,2019-09-08,Film,Standard Video,English,172,General,26,Minimalist
V009777,C00986,2026-01-05,Music,Standard Video,English,61,General,39,Before-After
V009778,C00601,2011-01-21,Gaming,Standard Video,Japanese,494,General,48,Face Close-up
V009779,C00258,2023-09-14,Education,Standard Video,Hindi,583,Mature,75,Collage
V009780,C01658,2026-05-24,Gaming,Short,English,43,General,17,Screenshot
V009781,C00367,2025-08-05,Sports,Standard Video,Urdu,147,Teen,72,Bright Colors
V009782,C00768,2026-04-28,Education,Standard Video,Turkish,275,General,49,Bright Colors
V009783,C01673,2024-04-17,Music,Live Stream,Hindi,11808,General,74,Bright Colors
V009784,C01768,2010-07-07,Education,Standard Video,Hindi,184,General,37,Collage
V009785,C00751,2017-10-15,Film,Short,Portuguese,29,General,20,Before-After
V009786,C01618,2022-06-18,Film,Standard Video,Kannada,419,General,60,Before-After
V009787,C00047,2016-05-19,Music,Standard Video,English,141,General,45,Before-After
V009788,C01492,2017-03-03,Comedy,Short,Indonesian,60,General,29,Face Close-up
V009789,C00683,2021-08-13,Film,Standard Video,Spanish,721,Teen,44,Minimalist
V009790,C00669,2014-04-20,Technology,Standard Video,Spanish,459,General,51,Face Close-up
V009791,C00014,2010-11-05,Technology,Standard Video,German,1149,General,42,Collage
V009792,C01487,2024-04-13,Sports,Standard Video,English,1546,General,43,Minimalist
V009793,C01639,2025-10-06,Technology,Standard Video,Hindi,375,General,60,Face Close-up
V009794,C01787,2018-03-29,Entertainment,Standard Video,Hindi,296,General,52,Minimalist
V009795,C00304,2022-12-25,Gaming,Standard Video,Indonesian,389,General,38,Before-After
V009796,C00204,2018-11-29,Sports,Short,English,29,General,8,Minimalist
V009797,C00177,2015-11-15,Sports,Standard Video,Hindi,132,Teen,16,Bright Colors
V009798,C01850,2016-09-26,Gaming,Standard Video,English,588,General,47,Bright Colors
V009799,C00181,2021-05-17,Lifestyle,Standard Video,Portuguese,361,General,40,Minimalist
V009800,C01854,2026-05-24,News,Standard Video,English,587,Teen,23,Before-After
V009801,C00701,2021-04-05,Technology,Standard Video,English,413,General,65,Minimalist
V009802,C00287,2017-02-26,Gaming,Standard Video,Korean,138,General,74,Face Close-up
V009803,C00226,2016-07-08,News,Standard Video,Portuguese,111,General,31,Before-After
V009804,C00740,2011-01-31,Lifestyle,Live Stream,English,8665,General,53,Minimalist
V009805,C01639,2025-11-04,Technology,Standard Video,Portuguese,862,General,60,Screenshot
V009806,C00794,2017-06-03,Music,Standard Video,English,153,General,64,Bright Colors
V009807,C00284,2015-02-18,Music,Live Stream,English,3172,General,49,Screenshot
V009808,C01910,2022-10-14,Sports,Short,Hindi,23,General,36,
V009809,C00983,2017-05-10,Education,Short,Indonesian,52,General,13,Face Close-up
V009810,C01802,2019-11-16,Music,Standard Video,English,171,General,45,Before-After
V009811,C00429,2012-09-16,News,Standard Video,Indonesian,783,General,23,Minimalist
V009812,C00808,2021-09-23,Lifestyle,Standard Video,Indonesian,225,Teen,35,Bright Colors
V009813,C00019,2024-01-27,Music,Standard Video,English,482,General,58,Before-After
V009814,C01165,2026-01-02,Gaming,Short,English,58,General,13,Minimalist
V009815,C00977,2025-08-13,Film,Short,English,46,General,15,Minimalist
V009816,C01289,2016-08-15,Education,Short,Hindi,15,Teen,17,Before-After
V009817,C01545,2024-06-19,Technology,Standard Video,English,203,General,35,Face Close-up
V009818,C00044,2023-03-29,Entertainment,Live Stream,Hindi,3379,General,54,Screenshot
V009819,C01259,2015-11-10,Education,Standard Video,English,217,General,49,Face Close-up
V009820,C00858,2024-03-06,Lifestyle,Short,English,43,General,26,Before-After
V009821,C01233,2025-02-27,Technology,Short,Spanish,20,General,19,Minimalist
V009822,C01736,2020-09-22,Gaming,Short,Filipino,31,General,26,Before-After
V009823,C01989,2012-11-27,Entertainment,Short,French,30,General,8,Minimalist
V009824,C00903,2014-08-24,Film,Standard Video,English,261,General,,Screenshot
V009825,C00450,2021-04-03,News,Live Stream,English,7088,General,31,Text Overlay
V009826,C00958,2011-10-17,Technology,Standard Video,Vietnamese,382,General,21,Bright Colors
V009827,C00302,2020-07-02,Lifestyle,Standard Video,English,868,General,58,Collage
V009828,C01960,2024-02-17,Music,Standard Video,Hindi,73,Teen,60,Minimalist
V009829,C01513,2026-01-31,Entertainment,Standard Video,Hindi,647,General,42,Before-After
V009830,C00751,2013-08-03,Technology,Short,English,36,General,27,Screenshot
V009831,C01375,2018-10-15,Gaming,Standard Video,English,465,General,33,Face Close-up
V009832,C00034,2019-08-20,Music,Live Stream,English,10367,General,25,Minimalist
V009833,C00689,2020-01-11,Entertainment,Short,English,21,General,25,Before-After
V009834,C01806,2019-07-19,Music,Standard Video,English,305,General,26,Face Close-up
V009835,C00569,2013-11-27,Gaming,Short,Bengali,51,General,26,Text Overlay
V009836,C01676,2020-05-20,Comedy,Premiere,English,105,General,47,Before-After
V009837,C01230,2025-06-20,Gaming,Premiere,English,124,General,77,Minimalist
V009838,C01785,2012-11-14,Sports,Short,Hindi,37,General,15,Face Close-up
V009839,C00035,2024-10-13,Gaming,Short,Hindi,33,Teen,24,Face Close-up
V009840,C00786,2018-04-30,Gaming,Standard Video,English,181,Mature,50,Minimalist
V009841,C00449,2014-04-02,Lifestyle,Standard Video,Portuguese,411,General,59,Bright Colors
V009842,C01037,2025-11-19,Music,Short,German,34,General,16,Minimalist
V009843,C01124,2014-09-21,Entertainment,Standard Video,Spanish,2543,General,47,Face Close-up
V009844,C00656,2022-11-17,Lifestyle,Standard Video,English,781,General,41,Bright Colors
V009845,C01900,2025-07-31,Music,Short,English,29,Teen,11,Collage
V009846,C00273,2019-03-07,Music,Short,Spanish,40,Mature,17,Face Close-up
V009847,C00168,2022-03-19,Gaming,Standard Video,Filipino,189,General,22,Text Overlay
V009848,C00858,2024-09-25,Lifestyle,Standard Video,English,782,General,41,Text Overlay
V009849,C00520,2015-01-16,Comedy,Short,French,58,Teen,18,Face Close-up
V009850,C01013,2019-09-26,Entertainment,Premiere,Spanish,1528,General,38,Collage
V009851,C01223,2015-01-31,Education,Standard Video,English,1434,General,23,Before-After
V009852,C00399,2023-03-31,Education,Standard Video,English,137,General,13,Screenshot
V009853,C00716,2011-07-18,Gaming,Live Stream,English,7399,General,60,Face Close-up
V009854,C00014,2015-08-17,Lifestyle,Short,German,16,General,26,Text Overlay
V009855,C01738,2023-10-09,Music,Short,English,56,General,8,Bright Colors
V009856,C01189,2021-07-14,Lifestyle,Short,French,50,Teen,13,Minimalist
V009857,C00735,2024-04-25,Technology,Short,English,56,General,18,Bright Colors
V009858,C01175,2020-01-12,Comedy,Short,Thai,29,General,40,Face Close-up
V009859,C00973,2014-07-11,Education,Short,Portuguese,46,General,36,Bright Colors
V009860,C00709,2025-07-10,Entertainment,Standard Video,Spanish,493,General,54,Text Overlay
V009861,C00876,2010-11-17,Sports,Short,English,51,Teen,32,Text Overlay
V009862,C01205,2024-12-01,Comedy,Standard Video,Hindi,727,General,10,Face Close-up
V009863,C00472,2016-04-19,Entertainment,Premiere,Urdu,537,General,35,Minimalist
V009864,C01571,2023-04-08,Education,Standard Video,Japanese,406,General,73,Collage
V009865,C00265,2024-04-10,Music,Short,Indonesian,18,General,17,Before-After
V009866,C00726,2017-11-21,Education,Standard Video,German,141,General,51,Bright Colors
V009867,C01777,2024-08-19,Technology,Live Stream,Portuguese,6748,Teen,46,Face Close-up
V009868,C01834,2026-07-08,Gaming,Standard Video,English,1115,General,37,Face Close-up
V009869,C00303,2017-07-30,Lifestyle,Standard Video,Turkish,809,General,58,Text Overlay
V009870,C01931,2013-01-27,Comedy,Standard Video,French,463,General,31,Bright Colors
V009871,C01186,2010-10-22,Sports,Short,English,23,General,30,Before-After
V009872,C01060,2022-12-12,Gaming,Short,English,17,Teen,25,Before-After
V009873,C00014,2018-06-05,Lifestyle,Short,German,35,General,23,Collage
V009874,C01698,2014-12-01,Film,Standard Video,German,214,General,55,Minimalist
V009875,C01702,2017-08-16,Education,Short,German,35,General,46,Collage
V009876,C01502,2024-11-29,Music,Standard Video,English,348,,50,Text Overlay
V009877,C01436,2019-01-02,Music,Standard Video,English,348,General,38,Bright Colors
V009878,C01894,2024-10-23,Music,Short,Hindi,56,General,29,
V009879,C00577,2020-08-17,Lifestyle,Standard Video,German,111,General,,Face Close-up
V009880,C00035,2020-09-26,Gaming,Standard Video,Hindi,451,Teen,33,Bright Colors
V009881,C01805,2011-05-08,Music,Standard Video,Indonesian,919,Mature,25,Text Overlay
V009882,C00259,2023-10-23,Entertainment,Live Stream,Portuguese,7831,General,55,Minimalist
V009883,C00427,2024-10-06,Technology,Standard Video,English,1932,General,77,Collage
V009884,C01837,2023-05-26,Music,Standard Video,English,1238,General,33,Face Close-up
V009885,C00566,2012-08-17,News,Short,English,51,Teen,11,Bright Colors
V009886,C01410,2022-03-31,Lifestyle,Short,Hindi,31,General,33,Bright Colors
V009887,C01663,2015-02-26,Education,Standard Video,English,717,General,41,Bright Colors
V009888,C01826,2012-12-15,Gaming,Standard Video,Indonesian,316,General,74,Collage
V009889,C01110,2022-06-10,Music,Premiere,Portuguese,1777,General,30,Before-After
V009890,C01086,2025-03-12,Gaming,Short,Indonesian,28,General,22,Minimalist
V009891,C01770,2018-10-24,Sports,Standard Video,English,465,Teen,45,Bright Colors
V009892,C00735,2016-02-22,Technology,Short,English,60,General,39,Collage
V009893,C00322,2018-02-04,Sports,Short,Hindi,25,General,20,Face Close-up
V009894,C00555,2018-09-10,Technology,Short,Spanish,38,General,14,Face Close-up
V009895,C01742,2024-11-01,Gaming,Short,Hindi,22,Mature,42,Minimalist
V009896,C01807,2025-02-07,Music,Short,English,33,General,9,Screenshot
V009897,C01469,2024-08-12,Film,Short,English,28,General,28,Collage
V009898,C00459,2018-06-18,Sports,Short,Vietnamese,19,General,18,Bright Colors
V009899,C00258,2020-12-16,Education,Standard Video,Hindi,564,Mature,54,Bright Colors
V009900,C01911,2014-02-18,Lifestyle,Short,French,54,General,28,Collage
V009901,C01279,2021-10-17,Comedy,Live Stream,English,9113,General,50,
V009902,C00930,2026-01-28,Comedy,Standard Video,Spanish,295,General,34,Collage
V009903,C00500,2023-05-03,Sports,Live Stream,English,11997,General,38,Minimalist
V009904,C00109,2016-07-11,Education,Standard Video,Vietnamese,1121,General,40,Text Overlay
V009905,C01944,2022-09-01,Music,Standard Video,Filipino,195,Teen,38,Bright Colors
V009906,C00700,2020-11-15,Music,Standard Video,Hindi,408,Teen,51,Screenshot
V009907,C00751,2014-01-02,Film,Short,English,54,General,15,Face Close-up
V009908,C01585,2025-06-18,Technology,Standard Video,German,252,General,33,Screenshot
V009909,C01844,2019-12-01,Music,Standard Video,Hindi,1254,General,37,Screenshot
V009910,C01468,2022-05-17,Education,Standard Video,Hindi,464,Teen,49,Bright Colors
V009911,C00079,2026-03-22,Gaming,Standard Video,Portuguese,545,General,55,Bright Colors
V009912,C01136,2020-09-01,Technology,Standard Video,German,174,General,38,Text Overlay
V009913,C01648,2018-05-17,News,Short,Hindi,26,General,10,Face Close-up
V009914,C01651,2025-04-07,Entertainment,Short,Spanish,20,General,19,Face Close-up
V009915,C01592,2024-06-06,Entertainment,Standard Video,Spanish,300,General,47,Collage
V009916,C00048,2025-01-26,Education,Premiere,Hindi,162,Teen,48,Before-After
V009917,C01599,2012-11-24,Entertainment,Short,Vietnamese,38,General,19,Before-After
V009918,C01900,2023-09-15,Music,Short,English,35,Teen,27,Face Close-up
V009919,C00409,2015-10-17,Entertainment,Standard Video,Hindi,709,General,63,Before-After
V009920,C00427,2017-09-13,Entertainment,Standard Video,English,177,General,65,Bright Colors
V009921,C00396,2018-02-01,Music,Premiere,Bengali,648,General,28,Collage
V009922,C01132,2019-10-27,Film,Standard Video,Hindi,557,General,54,Text Overlay
V009923,C00909,2014-09-18,Education,Standard Video,German,61,Teen,34,Screenshot
V009924,C00256,2025-06-18,Lifestyle,Standard Video,English,151,General,33,Minimalist
V009925,C01230,2022-09-28,Gaming,Standard Video,English,166,General,23,Minimalist
V009926,C00194,2013-12-08,Gaming,Standard Video,Hindi,570,General,38,Screenshot
V009927,C01900,2022-05-03,Music,Standard Video,English,803,Teen,54,Collage
V009928,C00385,2019-07-09,Music,Standard Video,Hindi,691,General,47,Bright Colors
V009929,C00232,2022-05-24,Education,Standard Video,Hindi,407,General,36,Text Overlay
V009930,C00734,2020-08-11,Lifestyle,Standard Video,Hindi,178,Teen,62,Face Close-up
V009931,C00108,2022-10-05,Sports,Standard Video,Portuguese,609,General,37,Bright Colors
V009932,C01481,2012-04-23,Lifestyle,Standard Video,Hindi,212,General,38,Screenshot
V009933,C01257,2020-06-17,Gaming,Standard Video,Portuguese,464,General,40,Text Overlay
V009934,C00208,2020-09-28,Comedy,Standard Video,Spanish,428,Teen,46,Face Close-up
V009935,C01041,2025-08-24,Film,Standard Video,English,513,General,53,Minimalist
V009936,C00424,2021-01-24,Education,Short,Hindi,33,General,47,Face Close-up
V009937,C01070,2023-02-13,Education,Standard Video,Indonesian,2391,General,21,Face Close-up
V009938,C01291,2017-05-22,Comedy,Short,Portuguese,35,General,,Minimalist
V009939,C00950,2021-08-04,Entertainment,Standard Video,English,284,General,36,Text Overlay
V009940,C01016,2018-04-18,News,Standard Video,Urdu,348,General,55,Collage
V009941,C00839,2025-02-25,Music,Standard Video,German,1065,Teen,60,Minimalist
V009942,C00848,2025-12-16,Gaming,Short,English,18,General,23,Face Close-up
V009943,C01914,2024-02-23,Music,Standard Video,English,578,General,27,Face Close-up
V009944,C00448,2019-06-14,Technology,Short,Urdu,20,General,12,Minimalist
V009945,C00016,2025-07-15,Lifestyle,Standard Video,Indonesian,328,General,56,Screenshot
V009946,C00589,2013-03-01,Gaming,Short,Hindi,16,General,10,Screenshot
V009947,C01783,2014-08-14,Education,Standard Video,Hindi,376,General,52,Bright Colors
V009948,C00903,2024-11-20,Film,Standard Video,English,88,General,35,Bright Colors
V009949,C01986,2025-01-12,Lifestyle,Standard Video,Vietnamese,644,General,17,Screenshot
V009950,C00700,2021-05-07,Music,Standard Video,Hindi,620,Teen,41,Collage
V009951,C01325,2015-08-26,Entertainment,Standard Video,English,1791,General,20,Text Overlay
V009952,C01982,2015-07-04,Film,Premiere,Turkish,96,General,39,Face Close-up
V009953,C01908,2022-04-14,Lifestyle,Short,Telugu,54,General,11,Collage
V009954,C01472,2023-08-01,Sports,Standard Video,Hindi,271,Teen,48,Text Overlay
V009955,C00075,2018-11-11,Sports,Standard Video,Portuguese,394,Mature,32,Collage
V009956,C00590,2020-04-28,Gaming,Short,Hindi,29,General,22,Before-After
V009957,C00196,2022-03-09,Comedy,Standard Video,English,270,General,43,Text Overlay
V009958,C00034,2019-09-23,Film,Standard Video,English,310,General,65,Text Overlay
V009959,C00619,2019-06-26,Entertainment,Short,English,45,General,25,Collage
V009960,C00694,2025-02-24,Sports,Live Stream,Japanese,1995,General,55,Bright Colors
V009961,C00814,2022-06-13,Entertainment,Short,English,59,General,21,Before-After
V009962,C01089,2020-10-04,Education,Short,English,57,Mature,17,Screenshot
V009963,C01209,2023-06-28,Comedy,Standard Video,Hindi,129,General,15,Before-After
V009964,C01104,2023-05-01,Lifestyle,Short,German,28,General,,Minimalist
V009965,C01246,2022-06-28,Education,Short,Spanish,49,General,32,Text Overlay
V009966,C00036,2025-01-30,Gaming,Short,Hindi,54,General,8,Minimalist
V009967,C00583,2022-08-12,Comedy,Short,Portuguese,22,General,31,Minimalist
V009968,C01424,2025-04-05,Education,Standard Video,English,816,General,47,Minimalist
V009969,C01802,2012-07-11,Music,Short,English,22,General,26,Face Close-up
V009970,C00598,2025-08-25,Entertainment,Live Stream,English,5050,General,,Bright Colors
V009971,C00903,2016-11-22,Education,Short,English,54,General,32,Text Overlay
V009972,C00565,2020-12-15,Gaming,Premiere,Filipino,652,General,37,Face Close-up
V009973,C01337,2013-11-18,Entertainment,Standard Video,Turkish,302,General,,Minimalist
V009974,C01746,2016-08-18,Education,Short,English,25,General,23,Text Overlay
V009975,C01132,2024-09-07,Film,Short,Hindi,26,General,43,Screenshot
V009976,C00126,2025-01-21,Music,Standard Video,English,154,General,51,Collage
V009977,C00546,2021-08-16,Comedy,Standard Video,Portuguese,1218,General,55,Text Overlay
V009978,C00143,2026-06-01,Education,Short,Portuguese,53,Teen,24,Before-After
V009979,C00335,2021-11-07,News,Standard Video,English,481,General,32,Before-After
V009980,C00784,2014-01-07,Comedy,Standard Video,Urdu,601,Teen,31,Face Close-up
V009981,C01528,2024-07-21,Film,Short,Korean,35,General,29,Before-After
V009982,C01007,2025-03-05,Film,Short,Spanish,49,General,46,Bright Colors
V009983,C01121,2020-02-01,Gaming,Short,Portuguese,32,Mature,11,Screenshot
V009984,C01644,2016-07-19,Music,Premiere,English,226,General,61,Bright Colors
V009985,C00676,2011-07-29,Sports,Standard Video,Portuguese,126,General,40,Before-After
V009986,C01146,2020-10-28,Technology,Standard Video,Japanese,603,General,48,Face Close-up
V009987,C01650,2011-01-10,Technology,Standard Video,English,1585,General,44,Bright Colors
V009988,C00727,2020-03-08,Gaming,Short,Spanish,53,General,28,Collage
V009989,C00566,2012-10-19,News,Standard Video,Spanish,586,Teen,57,Screenshot
V009990,C01644,2016-07-28,Music,Standard Video,English,365,General,37,Text Overlay
V009991,C01814,2017-10-25,Gaming,Standard Video,Hindi,1246,General,64,Text Overlay
V009992,C00410,2023-08-15,Technology,Standard Video,English,493,General,85,Screenshot
V009993,C00832,2012-06-02,Technology,Short,English,44,General,22,
V009994,C00697,2026-07-18,News,Short,English,48,Teen,14,Minimalist
V009995,C00978,2019-03-17,Music,Premiere,Vietnamese,131,General,10,Collage
V009996,C00310,2025-12-17,Film,Standard Video,Hindi,1361,General,70,Bright Colors
V009997,C01092,2013-10-08,Music,Standard Video,Portuguese,256,General,44,Screenshot
V009998,C01938,2012-04-07,Entertainment,Standard Video,Telugu,472,General,40,Text Overlay
V009999,C00977,2024-09-05,Film,Standard Video,English,1576,General,40,Before-After
V010000,C01016,2012-03-31,News,Standard Video,Urdu,745,General,34,Face Close-up
