experiment_id,user_id,variant,assignment_date,first_exposure_date,eligible_flag
EXP_2026_HOMEPAGE_RANK_V2,U019110,Control,2026-05-17,2026-05-21,True
EXP_2026_HOMEPAGE_RANK_V2,U017351,Control,2026-04-28,2026-05-02,True
EXP_2026_HOMEPAGE_RANK_V2,U008366,Treatment,2026-06-09,2026-06-14,True
EXP_2026_HOMEPAGE_RANK_V2,U003270,Control,2026-05-16,2026-05-18,True
EXP_2026_HOMEPAGE_RANK_V2,U000930,Treatment,2026-06-11,2026-06-14,True
EXP_2026_HOMEPAGE_RANK_V2,U017886,Control,2026-06-10,2026-06-14,True
EXP_2026_HOMEPAGE_RANK_V2,U016594,Treatment,2026-07-04,2026-07-08,True
EXP_2026_HOMEPAGE_RANK_V2,U013618,Treatment,2026-06-14,2026-06-17,True
EXP_2026_HOMEPAGE_RANK_V2,U020675,Control,2026-06-17,2026-06-22,True
EXP_2026_HOMEPAGE_RANK_V2,U006133,Control,2026-05-30,2026-06-02,True
EXP_2026_HOMEPAGE_RANK_V2,U022071,Control,2026-06-04,2026-06-07,True
EXP_2026_HOMEPAGE_RANK_V2,U014540,Treatment,2026-07-04,2026-07-06,True
EXP_2026_HOMEPAGE_RANK_V2,U004343,Treatment,2026-05-30,2026-06-01,True
EXP_2026_HOMEPAGE_RANK_V2,U005657,Control,2026-07-01,2026-07-01,True
EXP_2026_HOMEPAGE_RANK_V2,U004690,Treatment,2026-06-18,2026-06-19,True
EXP_2026_HOMEPAGE_RANK_V2,U016506,Control,2026-07-08,2026-07-13,True
EXP_2026_HOMEPAGE_RANK_V2,U016919,Treatment,2026-05-07,2026-05-10,True
EXP_2026_HOMEPAGE_RANK_V2,U012969,Control,2026-06-10,2026-06-12,True
EXP_2026_HOMEPAGE_RANK_V2,U016711,Treatment,2026-06-13,2026-06-13,True
EXP_2026_HOMEPAGE_RANK_V2,U007878,Control,2026-07-07,2026-07-10,True
EXP_2026_HOMEPAGE_RANK_V2,U021414,Control,2026-05-10,2026-05-12,True
EXP_2026_HOMEPAGE_RANK_V2,U018314,Treatment,2026-05-21,2026-05-26,True
EXP_2026_HOMEPAGE_RANK_V2,U008121,Treatment,2026-04-27,2026-05-01,True
EXP_2026_HOMEPAGE_RANK_V2,U005377,Treatment,2026-05-06,2026-05-06,True
EXP_2026_HOMEPAGE_RANK_V2,U021162,Control,2026-05-09,2026-05-12,True
EXP_2026_HOMEPAGE_RANK_V2,U015862,Control,2026-04-22,2026-04-27,True
EXP_2026_HOMEPAGE_RANK_V2,U023634,Treatment,2026-05-30,2026-06-01,True
EXP_2026_HOMEPAGE_RANK_V2,U021663,Treatment,2026-06-28,2026-07-03,True
EXP_2026_HOMEPAGE_RANK_V2,U006681,Control,2026-04-26,2026-04-27,True
EXP_2026_HOMEPAGE_RANK_V2,U017249,Control,2026-07-07,2026-07-10,True
EXP_2026_HOMEPAGE_RANK_V2,U015591,Treatment,2026-04-28,2026-05-01,True
EXP_2026_HOMEPAGE_RANK_V2,U012361,Control,2026-04-27,2026-05-02,True
EXP_2026_HOMEPAGE_RANK_V2,U023336,Treatment,2026-06-29,2026-06-30,True
EXP_2026_HOMEPAGE_RANK_V2,U017998,Treatment,2026-06-05,2026-06-07,True
EXP_2026_HOMEPAGE_RANK_V2,U013126,Control,2026-06-08,2026-06-11,True
EXP_2026_HOMEPAGE_RANK_V2,U002004,Treatment,2026-06-08,2026-06-13,True
EXP_2026_HOMEPAGE_RANK_V2,U000873,Treatment,2026-07-06,2026-07-09,True
EXP_2026_HOMEPAGE_RANK_V2,U004546,Control,2026-04-18,2026-04-21,True
EXP_2026_HOMEPAGE_RANK_V2,U022255,Treatment,2026-05-24,2026-05-26,True
EXP_2026_HOMEPAGE_RANK_V2,U022945,Treatment,2026-05-28,2026-06-01,True
EXP_2026_HOMEPAGE_RANK_V2,U012115,Control,2026-06-19,2026-06-23,True
EXP_2026_HOMEPAGE_RANK_V2,U002365,Control,2026-05-13,2026-05-18,True
EXP_2026_HOMEPAGE_RANK_V2,U019591,Control,2026-06-11,2026-06-15,True
EXP_2026_HOMEPAGE_RANK_V2,U004023,Treatment,2026-06-28,2026-07-02,True
EXP_2026_HOMEPAGE_RANK_V2,U016894,Treatment,2026-06-19,2026-06-19,True
EXP_2026_HOMEPAGE_RANK_V2,U000620,Control,2026-04-25,2026-04-27,True
EXP_2026_HOMEPAGE_RANK_V2,U006516,Treatment,2026-06-06,2026-06-07,True
EXP_2026_HOMEPAGE_RANK_V2,U000558,Treatment,2026-05-26,2026-05-28,True
EXP_2026_HOMEPAGE_RANK_V2,U001357,Control,2026-05-02,2026-05-04,True
EXP_2026_HOMEPAGE_RANK_V2,U015440,Treatment,2026-07-04,2026-07-07,True
EXP_2026_HOMEPAGE_RANK_V2,U012719,Treatment,2026-04-26,2026-04-30,True
EXP_2026_HOMEPAGE_RANK_V2,U015904,Control,2026-06-19,2026-06-24,True
EXP_2026_HOMEPAGE_RANK_V2,U006380,Treatment,2026-05-29,2026-05-30,True
EXP_2026_HOMEPAGE_RANK_V2,U005220,Control,2026-04-26,2026-04-30,True
EXP_2026_HOMEPAGE_RANK_V2,U016274,Control,2026-04-22,2026-04-25,True
EXP_2026_HOMEPAGE_RANK_V2,U010920,Treatment,2026-05-10,2026-05-14,True
EXP_2026_HOMEPAGE_RANK_V2,U017975,Treatment,2026-05-28,2026-05-28,True
EXP_2026_HOMEPAGE_RANK_V2,U000628,Control,2026-07-08,2026-07-09,True
EXP_2026_HOMEPAGE_RANK_V2,U020938,Control,2026-04-19,2026-04-22,True
EXP_2026_HOMEPAGE_RANK_V2,U013730,Control,2026-04-25,2026-04-25,True
EXP_2026_HOMEPAGE_RANK_V2,U020828,Treatment,2026-06-10,2026-06-15,True
EXP_2026_HOMEPAGE_RANK_V2,U010684,Treatment,2026-07-01,2026-07-03,True
EXP_2026_HOMEPAGE_RANK_V2,U013814,Control,2026-04-24,2026-04-29,True
EXP_2026_HOMEPAGE_RANK_V2,U005144,Treatment,2026-05-26,2026-05-29,True
EXP_2026_HOMEPAGE_RANK_V2,U004164,Treatment,2026-05-07,2026-05-12,True
EXP_2026_HOMEPAGE_RANK_V2,U001654,Control,2026-06-02,2026-06-02,True
EXP_2026_HOMEPAGE_RANK_V2,U018607,Control,2026-06-01,2026-06-04,True
EXP_2026_HOMEPAGE_RANK_V2,U018584,Control,2026-04-19,2026-04-20,True
EXP_2026_HOMEPAGE_RANK_V2,U002517,Control,2026-04-19,2026-04-19,True
EXP_2026_HOMEPAGE_RANK_V2,U012700,Treatment,2026-05-27,2026-06-01,True
EXP_2026_HOMEPAGE_RANK_V2,U004611,Treatment,2026-06-05,2026-06-10,True
EXP_2026_HOMEPAGE_RANK_V2,U013191,Control,2026-06-12,2026-06-17,True
EXP_2026_HOMEPAGE_RANK_V2,U020689,Treatment,2026-05-31,2026-06-04,True
EXP_2026_HOMEPAGE_RANK_V2,U006536,Treatment,2026-05-29,2026-06-03,True
EXP_2026_HOMEPAGE_RANK_V2,U007128,Treatment,2026-05-16,2026-05-17,True
EXP_2026_HOMEPAGE_RANK_V2,U011003,Control,2026-05-11,2026-05-13,True
EXP_2026_HOMEPAGE_RANK_V2,U009067,Treatment,2026-06-18,2026-06-20,True
EXP_2026_HOMEPAGE_RANK_V2,U008272,Treatment,2026-05-18,2026-05-23,True
EXP_2026_HOMEPAGE_RANK_V2,U008156,Control,2026-04-27,2026-04-30,True
EXP_2026_HOMEPAGE_RANK_V2,U013573,Treatment,2026-04-18,2026-04-22,True
EXP_2026_HOMEPAGE_RANK_V2,U004539,Control,2026-04-30,2026-05-02,True
EXP_2026_HOMEPAGE_RANK_V2,U024630,Control,2026-06-27,2026-06-30,True
EXP_2026_HOMEPAGE_RANK_V2,U012970,Treatment,2026-05-26,2026-05-27,True
EXP_2026_HOMEPAGE_RANK_V2,U015415,Treatment,2026-05-18,2026-05-22,True
EXP_2026_HOMEPAGE_RANK_V2,U006069,Treatment,2026-06-23,2026-06-28,True
EXP_2026_HOMEPAGE_RANK_V2,U016145,Treatment,2026-06-20,2026-06-21,True
EXP_2026_HOMEPAGE_RANK_V2,U014908,Treatment,2026-05-05,2026-05-08,True
EXP_2026_HOMEPAGE_RANK_V2,U004232,Control,2026-04-23,2026-04-26,True
EXP_2026_HOMEPAGE_RANK_V2,U024850,Treatment,2026-07-10,2026-07-13,True
EXP_2026_HOMEPAGE_RANK_V2,U000385,Control,2026-05-09,2026-05-14,True
EXP_2026_HOMEPAGE_RANK_V2,U018321,Treatment,2026-06-29,2026-07-01,True
EXP_2026_HOMEPAGE_RANK_V2,U000338,Control,2026-07-10,2026-07-14,True
EXP_2026_HOMEPAGE_RANK_V2,U015882,Treatment,2026-04-20,2026-04-24,True
EXP_2026_HOMEPAGE_RANK_V2,U017812,Control,2026-06-14,2026-06-15,True
EXP_2026_HOMEPAGE_RANK_V2,U006250,Control,2026-07-11,2026-07-13,True
EXP_2026_HOMEPAGE_RANK_V2,U020030,Treatment,2026-05-16,2026-05-21,True
EXP_2026_HOMEPAGE_RANK_V2,U016827,Treatment,2026-06-16,2026-06-16,True
EXP_2026_HOMEPAGE_RANK_V2,U020491,Treatment,2026-05-19,2026-05-22,True
EXP_2026_HOMEPAGE_RANK_V2,U022209,Treatment,2026-04-30,2026-05-02,True
EXP_2026_HOMEPAGE_RANK_V2,U002886,Treatment,2026-06-15,2026-06-16,True
EXP_2026_HOMEPAGE_RANK_V2,U021579,Treatment,2026-07-01,2026-07-01,True
EXP_2026_HOMEPAGE_RANK_V2,U012593,Treatment,2026-07-06,2026-07-06,True
EXP_2026_HOMEPAGE_RANK_V2,U009654,Control,2026-07-06,2026-07-08,True
EXP_2026_HOMEPAGE_RANK_V2,U013566,Control,2026-04-19,2026-04-19,True
EXP_2026_HOMEPAGE_RANK_V2,U001214,Control,2026-06-05,2026-06-10,True
EXP_2026_HOMEPAGE_RANK_V2,U009748,Control,2026-06-17,2026-06-17,True
EXP_2026_HOMEPAGE_RANK_V2,U015661,Treatment,2026-06-07,2026-06-09,True
EXP_2026_HOMEPAGE_RANK_V2,U024181,Control,2026-05-08,2026-05-10,True
EXP_2026_HOMEPAGE_RANK_V2,U016632,Control,2026-05-21,2026-05-26,True
EXP_2026_HOMEPAGE_RANK_V2,U013708,Treatment,2026-04-20,2026-04-23,True
EXP_2026_HOMEPAGE_RANK_V2,U011666,Control,2026-06-30,2026-07-05,True
EXP_2026_HOMEPAGE_RANK_V2,U005033,Control,2026-06-30,2026-07-01,True
EXP_2026_HOMEPAGE_RANK_V2,U013648,Treatment,2026-05-25,2026-05-26,True
EXP_2026_HOMEPAGE_RANK_V2,U019049,Treatment,2026-05-04,2026-05-09,True
EXP_2026_HOMEPAGE_RANK_V2,U007644,Control,2026-06-28,2026-06-28,True
EXP_2026_HOMEPAGE_RANK_V2,U008028,Control,2026-07-06,2026-07-11,True
EXP_2026_HOMEPAGE_RANK_V2,U023569,Control,2026-04-21,2026-04-21,True
EXP_2026_HOMEPAGE_RANK_V2,U010672,Control,2026-06-12,2026-06-12,True
EXP_2026_HOMEPAGE_RANK_V2,U015318,Control,2026-05-20,2026-05-22,True
EXP_2026_HOMEPAGE_RANK_V2,U010195,Treatment,2026-06-30,2026-06-30,True
EXP_2026_HOMEPAGE_RANK_V2,U003327,Control,2026-06-18,2026-06-20,True
EXP_2026_HOMEPAGE_RANK_V2,U012619,Treatment,2026-06-30,2026-07-04,True
EXP_2026_HOMEPAGE_RANK_V2,U013487,Treatment,2026-07-08,2026-07-11,True
EXP_2026_HOMEPAGE_RANK_V2,U022059,Treatment,2026-05-12,2026-05-16,True
EXP_2026_HOMEPAGE_RANK_V2,U018772,Treatment,2026-05-10,2026-05-12,True
EXP_2026_HOMEPAGE_RANK_V2,U014847,Treatment,2026-04-24,2026-04-27,True
EXP_2026_HOMEPAGE_RANK_V2,U014837,Control,2026-06-24,2026-06-28,True
EXP_2026_HOMEPAGE_RANK_V2,U010325,Treatment,2026-06-06,2026-06-06,True
EXP_2026_HOMEPAGE_RANK_V2,U002331,Control,2026-05-04,2026-05-04,True
EXP_2026_HOMEPAGE_RANK_V2,U022203,Control,2026-07-07,2026-07-11,True
EXP_2026_HOMEPAGE_RANK_V2,U006411,Treatment,2026-05-26,2026-05-26,True
EXP_2026_HOMEPAGE_RANK_V2,U024641,Treatment,2026-05-01,2026-05-04,True
EXP_2026_HOMEPAGE_RANK_V2,U022950,Treatment,2026-05-23,2026-05-26,True
EXP_2026_HOMEPAGE_RANK_V2,U006514,Treatment,2026-06-04,2026-06-05,True
EXP_2026_HOMEPAGE_RANK_V2,U001756,Control,2026-07-11,2026-07-13,True
EXP_2026_HOMEPAGE_RANK_V2,U012124,Treatment,2026-06-18,2026-06-22,True
EXP_2026_HOMEPAGE_RANK_V2,U010789,Control,2026-05-08,2026-05-08,True
EXP_2026_HOMEPAGE_RANK_V2,U011550,Treatment,2026-05-08,2026-05-08,True
EXP_2026_HOMEPAGE_RANK_V2,U013240,Treatment,2026-05-15,2026-05-18,True
EXP_2026_HOMEPAGE_RANK_V2,U013728,Treatment,2026-05-02,2026-05-03,True
EXP_2026_HOMEPAGE_RANK_V2,U011412,Control,2026-05-30,2026-06-04,False
EXP_2026_HOMEPAGE_RANK_V2,U008792,Treatment,2026-07-01,2026-07-05,True
EXP_2026_HOMEPAGE_RANK_V2,U012771,Control,2026-07-04,2026-07-06,False
EXP_2026_HOMEPAGE_RANK_V2,U001893,Treatment,2026-05-30,2026-05-30,True
EXP_2026_HOMEPAGE_RANK_V2,U017163,Treatment,2026-05-21,2026-05-25,True
EXP_2026_HOMEPAGE_RANK_V2,U008999,Treatment,2026-06-07,2026-06-12,True
EXP_2026_HOMEPAGE_RANK_V2,U011230,Control,2026-07-08,2026-07-10,True
EXP_2026_HOMEPAGE_RANK_V2,U019998,Control,2026-05-12,2026-05-14,True
EXP_2026_HOMEPAGE_RANK_V2,U021669,Treatment,2026-05-30,2026-06-03,True
EXP_2026_HOMEPAGE_RANK_V2,U003762,Treatment,2026-04-23,2026-04-28,True
EXP_2026_HOMEPAGE_RANK_V2,U023512,Control,2026-05-06,2026-05-11,True
EXP_2026_HOMEPAGE_RANK_V2,U017248,Treatment,2026-06-24,2026-06-27,True
EXP_2026_HOMEPAGE_RANK_V2,U016514,Treatment,2026-05-04,2026-05-04,True
EXP_2026_HOMEPAGE_RANK_V2,U016563,Control,2026-05-18,2026-05-22,True
EXP_2026_HOMEPAGE_RANK_V2,U009536,Treatment,2026-04-25,2026-04-25,True
EXP_2026_HOMEPAGE_RANK_V2,U010926,Control,2026-04-23,2026-04-25,True
EXP_2026_HOMEPAGE_RANK_V2,U010932,Treatment,2026-06-25,2026-06-30,True
EXP_2026_HOMEPAGE_RANK_V2,U010677,Control,2026-04-22,2026-04-23,False
EXP_2026_HOMEPAGE_RANK_V2,U018539,Control,2026-05-26,2026-05-29,True
EXP_2026_HOMEPAGE_RANK_V2,U023256,Treatment,2026-05-27,2026-05-28,False
EXP_2026_HOMEPAGE_RANK_V2,U013596,Treatment,2026-06-09,2026-06-13,True
EXP_2026_HOMEPAGE_RANK_V2,U011125,Control,2026-05-26,2026-05-31,True
EXP_2026_HOMEPAGE_RANK_V2,U024983,Control,2026-06-16,2026-06-19,True
EXP_2026_HOMEPAGE_RANK_V2,U010756,Control,2026-04-30,2026-04-30,True
EXP_2026_HOMEPAGE_RANK_V2,U011428,Control,2026-07-10,2026-07-10,True
EXP_2026_HOMEPAGE_RANK_V2,U019452,Treatment,2026-06-18,2026-06-19,True
EXP_2026_HOMEPAGE_RANK_V2,U014226,Treatment,2026-07-05,2026-07-06,True
EXP_2026_HOMEPAGE_RANK_V2,U002546,Treatment,2026-06-04,2026-06-06,True
EXP_2026_HOMEPAGE_RANK_V2,U015482,Treatment,2026-07-01,2026-07-02,True
EXP_2026_HOMEPAGE_RANK_V2,U015146,Treatment,2026-06-27,2026-06-29,True
EXP_2026_HOMEPAGE_RANK_V2,U017760,Control,2026-06-05,2026-06-05,True
EXP_2026_HOMEPAGE_RANK_V2,U020458,Control,2026-06-18,2026-06-21,True
EXP_2026_HOMEPAGE_RANK_V2,U017398,Treatment,2026-06-04,2026-06-07,True
EXP_2026_HOMEPAGE_RANK_V2,U020486,Control,2026-06-30,2026-07-03,True
EXP_2026_HOMEPAGE_RANK_V2,U024712,Control,2026-05-06,2026-05-10,True
EXP_2026_HOMEPAGE_RANK_V2,U008338,Treatment,2026-06-06,2026-06-06,True
EXP_2026_HOMEPAGE_RANK_V2,U007684,Treatment,2026-05-27,2026-05-28,True
EXP_2026_HOMEPAGE_RANK_V2,U011834,Treatment,2026-05-04,2026-05-09,True
EXP_2026_HOMEPAGE_RANK_V2,U019582,Treatment,2026-05-18,2026-05-20,True
EXP_2026_HOMEPAGE_RANK_V2,U008143,Treatment,2026-06-12,2026-06-14,True
EXP_2026_HOMEPAGE_RANK_V2,U018866,Control,2026-05-16,2026-05-19,True
EXP_2026_HOMEPAGE_RANK_V2,U015839,Treatment,2026-06-22,2026-06-22,True
EXP_2026_HOMEPAGE_RANK_V2,U012570,Control,2026-04-24,2026-04-26,True
EXP_2026_HOMEPAGE_RANK_V2,U001863,Treatment,2026-05-06,2026-05-06,True
EXP_2026_HOMEPAGE_RANK_V2,U008665,Control,2026-07-03,2026-07-07,True
EXP_2026_HOMEPAGE_RANK_V2,U013465,Treatment,2026-05-24,2026-05-27,True
EXP_2026_HOMEPAGE_RANK_V2,U017967,Control,2026-05-03,2026-05-08,True
EXP_2026_HOMEPAGE_RANK_V2,U022914,Control,2026-04-28,2026-04-30,True
EXP_2026_HOMEPAGE_RANK_V2,U007919,Control,2026-06-09,2026-06-10,True
EXP_2026_HOMEPAGE_RANK_V2,U021064,Control,2026-06-30,2026-07-04,True
EXP_2026_HOMEPAGE_RANK_V2,U017619,Treatment,2026-05-24,2026-05-26,True
EXP_2026_HOMEPAGE_RANK_V2,U017068,Control,2026-05-18,2026-05-18,True
EXP_2026_HOMEPAGE_RANK_V2,U010269,Control,2026-04-24,2026-04-24,True
EXP_2026_HOMEPAGE_RANK_V2,U015204,Control,2026-06-13,2026-06-18,True
EXP_2026_HOMEPAGE_RANK_V2,U012817,Treatment,2026-07-04,2026-07-08,True
EXP_2026_HOMEPAGE_RANK_V2,U019799,Control,2026-05-29,2026-06-02,True
EXP_2026_HOMEPAGE_RANK_V2,U024907,Treatment,2026-07-10,2026-07-13,True
EXP_2026_HOMEPAGE_RANK_V2,U018544,Treatment,2026-06-24,2026-06-25,True
EXP_2026_HOMEPAGE_RANK_V2,U010918,Control,2026-06-23,2026-06-26,True
EXP_2026_HOMEPAGE_RANK_V2,U015422,Control,2026-04-20,2026-04-24,True
EXP_2026_HOMEPAGE_RANK_V2,U000454,Control,2026-07-01,2026-07-01,True
EXP_2026_HOMEPAGE_RANK_V2,U008207,Treatment,2026-05-17,2026-05-18,True
EXP_2026_HOMEPAGE_RANK_V2,U006836,Treatment,2026-05-27,2026-05-30,True
EXP_2026_HOMEPAGE_RANK_V2,U011486,Control,2026-05-04,2026-05-04,True
EXP_2026_HOMEPAGE_RANK_V2,U017205,Control,2026-05-13,2026-05-13,True
EXP_2026_HOMEPAGE_RANK_V2,U003142,Control,2026-05-02,2026-05-06,True
EXP_2026_HOMEPAGE_RANK_V2,U014746,Control,2026-06-19,2026-06-20,True
EXP_2026_HOMEPAGE_RANK_V2,U018978,Control,2026-06-05,2026-06-09,False
EXP_2026_HOMEPAGE_RANK_V2,U015203,Treatment,2026-05-12,2026-05-13,True
EXP_2026_HOMEPAGE_RANK_V2,U005384,Treatment,2026-05-07,2026-05-12,True
EXP_2026_HOMEPAGE_RANK_V2,U021938,Treatment,2026-04-28,2026-04-29,True
EXP_2026_HOMEPAGE_RANK_V2,U021982,Treatment,2026-06-06,2026-06-06,True
EXP_2026_HOMEPAGE_RANK_V2,U008930,Treatment,2026-05-28,2026-05-31,True
EXP_2026_HOMEPAGE_RANK_V2,U013033,Control,2026-04-20,2026-04-24,True
EXP_2026_HOMEPAGE_RANK_V2,U003454,Treatment,2026-06-14,2026-06-18,True
EXP_2026_HOMEPAGE_RANK_V2,U016984,Control,2026-04-29,2026-04-30,True
EXP_2026_HOMEPAGE_RANK_V2,U013788,Control,2026-06-02,2026-06-04,True
EXP_2026_HOMEPAGE_RANK_V2,U010982,Control,2026-06-01,2026-06-04,True
EXP_2026_HOMEPAGE_RANK_V2,U015828,Control,2026-07-01,2026-07-04,True
EXP_2026_HOMEPAGE_RANK_V2,U008516,Treatment,2026-06-09,2026-06-14,True
EXP_2026_HOMEPAGE_RANK_V2,U014525,Control,2026-06-12,2026-06-15,False
EXP_2026_HOMEPAGE_RANK_V2,U024285,Treatment,2026-07-02,2026-07-05,True
EXP_2026_HOMEPAGE_RANK_V2,U002586,Control,2026-05-01,2026-05-06,True
EXP_2026_HOMEPAGE_RANK_V2,U009184,Control,2026-05-19,2026-05-19,True
EXP_2026_HOMEPAGE_RANK_V2,U011349,Treatment,2026-04-23,2026-04-25,True
EXP_2026_HOMEPAGE_RANK_V2,U016337,Control,2026-04-23,2026-04-25,False
EXP_2026_HOMEPAGE_RANK_V2,U008499,Treatment,2026-05-21,2026-05-22,True
EXP_2026_HOMEPAGE_RANK_V2,U023629,Treatment,2026-06-30,2026-07-04,True
EXP_2026_HOMEPAGE_RANK_V2,U019936,Control,2026-05-24,2026-05-26,True
EXP_2026_HOMEPAGE_RANK_V2,U015013,Control,2026-05-10,2026-05-14,True
EXP_2026_HOMEPAGE_RANK_V2,U005137,Control,2026-06-25,2026-06-26,True
EXP_2026_HOMEPAGE_RANK_V2,U024411,Control,2026-05-20,2026-05-24,True
EXP_2026_HOMEPAGE_RANK_V2,U019239,Control,2026-06-16,2026-06-17,True
EXP_2026_HOMEPAGE_RANK_V2,U006098,Control,2026-06-17,2026-06-19,True
EXP_2026_HOMEPAGE_RANK_V2,U014583,Treatment,2026-06-24,2026-06-26,True
EXP_2026_HOMEPAGE_RANK_V2,U007498,Treatment,2026-05-09,2026-05-09,True
EXP_2026_HOMEPAGE_RANK_V2,U016291,Control,2026-06-19,2026-06-22,True
EXP_2026_HOMEPAGE_RANK_V2,U017790,Treatment,2026-05-20,2026-05-25,True
EXP_2026_HOMEPAGE_RANK_V2,U007248,Control,2026-06-02,2026-06-03,True
EXP_2026_HOMEPAGE_RANK_V2,U004167,Treatment,2026-04-21,2026-04-24,True
EXP_2026_HOMEPAGE_RANK_V2,U017123,Control,2026-06-10,2026-06-14,True
EXP_2026_HOMEPAGE_RANK_V2,U001964,Treatment,2026-06-30,2026-06-30,True
EXP_2026_HOMEPAGE_RANK_V2,U002402,Control,2026-05-16,2026-05-18,True
EXP_2026_HOMEPAGE_RANK_V2,U012238,Control,2026-04-20,2026-04-21,True
EXP_2026_HOMEPAGE_RANK_V2,U008985,Control,2026-04-22,2026-04-25,True
EXP_2026_HOMEPAGE_RANK_V2,U005017,Treatment,2026-05-27,2026-06-01,True
EXP_2026_HOMEPAGE_RANK_V2,U019729,Control,2026-06-09,2026-06-12,True
EXP_2026_HOMEPAGE_RANK_V2,U010439,Treatment,2026-05-20,2026-05-25,True
EXP_2026_HOMEPAGE_RANK_V2,U004081,Treatment,2026-07-07,2026-07-12,True
EXP_2026_HOMEPAGE_RANK_V2,U004801,Control,2026-07-10,2026-07-11,True
EXP_2026_HOMEPAGE_RANK_V2,U017950,Control,2026-05-19,2026-05-20,True
EXP_2026_HOMEPAGE_RANK_V2,U009390,Treatment,2026-06-21,2026-06-24,True
EXP_2026_HOMEPAGE_RANK_V2,U019407,Control,2026-05-15,2026-05-17,True
EXP_2026_HOMEPAGE_RANK_V2,U007580,Treatment,2026-07-05,2026-07-08,True
EXP_2026_HOMEPAGE_RANK_V2,U020876,Control,2026-05-13,2026-05-13,True
EXP_2026_HOMEPAGE_RANK_V2,U020632,Control,2026-06-28,2026-07-02,True
EXP_2026_HOMEPAGE_RANK_V2,U018932,Control,2026-06-20,2026-06-21,True
EXP_2026_HOMEPAGE_RANK_V2,U015985,Treatment,2026-05-25,2026-05-30,True
EXP_2026_HOMEPAGE_RANK_V2,U013642,Control,2026-04-19,2026-04-19,True
EXP_2026_HOMEPAGE_RANK_V2,U004802,Treatment,2026-06-07,2026-06-07,True
EXP_2026_HOMEPAGE_RANK_V2,U024206,Control,2026-05-13,2026-05-18,True
EXP_2026_HOMEPAGE_RANK_V2,U015328,Treatment,2026-07-01,2026-07-06,True
EXP_2026_HOMEPAGE_RANK_V2,U004737,Treatment,2026-06-04,2026-06-09,True
EXP_2026_HOMEPAGE_RANK_V2,U023204,Control,2026-05-22,2026-05-26,True
EXP_2026_HOMEPAGE_RANK_V2,U016427,Control,2026-06-20,2026-06-23,True
EXP_2026_HOMEPAGE_RANK_V2,U005251,Treatment,2026-06-30,2026-06-30,True
EXP_2026_HOMEPAGE_RANK_V2,U011788,Treatment,2026-06-22,2026-06-26,True
EXP_2026_HOMEPAGE_RANK_V2,U000938,Control,2026-06-22,2026-06-22,True
EXP_2026_HOMEPAGE_RANK_V2,U018203,Control,2026-05-11,2026-05-11,True
EXP_2026_HOMEPAGE_RANK_V2,U007856,Treatment,2026-06-17,2026-06-18,True
EXP_2026_HOMEPAGE_RANK_V2,U007970,Treatment,2026-06-25,2026-06-27,True
EXP_2026_HOMEPAGE_RANK_V2,U022902,Treatment,2026-05-08,2026-05-08,True
EXP_2026_HOMEPAGE_RANK_V2,U010354,Control,2026-06-20,2026-06-23,False
EXP_2026_HOMEPAGE_RANK_V2,U000132,Treatment,2026-05-08,2026-05-13,True
EXP_2026_HOMEPAGE_RANK_V2,U004355,Control,2026-06-27,2026-07-01,True
EXP_2026_HOMEPAGE_RANK_V2,U001502,Treatment,2026-06-18,2026-06-23,True
EXP_2026_HOMEPAGE_RANK_V2,U010098,Control,2026-06-02,2026-06-06,True
EXP_2026_HOMEPAGE_RANK_V2,U018466,Treatment,2026-06-19,2026-06-21,True
EXP_2026_HOMEPAGE_RANK_V2,U000323,Treatment,2026-05-03,2026-05-05,True
EXP_2026_HOMEPAGE_RANK_V2,U012179,Control,2026-05-07,2026-05-11,True
EXP_2026_HOMEPAGE_RANK_V2,U020194,Treatment,2026-05-11,2026-05-12,True
EXP_2026_HOMEPAGE_RANK_V2,U013262,Control,2026-05-17,2026-05-21,True
EXP_2026_HOMEPAGE_RANK_V2,U023539,Treatment,2026-05-25,2026-05-28,True
EXP_2026_HOMEPAGE_RANK_V2,U020092,Treatment,2026-05-11,2026-05-13,True
EXP_2026_HOMEPAGE_RANK_V2,U024436,Control,2026-05-01,2026-05-01,True
EXP_2026_HOMEPAGE_RANK_V2,U008109,Control,2026-05-22,2026-05-23,True
EXP_2026_HOMEPAGE_RANK_V2,U015105,Treatment,2026-04-18,2026-04-21,True
EXP_2026_HOMEPAGE_RANK_V2,U013649,Control,2026-05-18,2026-05-21,False
EXP_2026_HOMEPAGE_RANK_V2,U024798,Control,2026-05-27,2026-05-31,True
EXP_2026_HOMEPAGE_RANK_V2,U007619,Control,2026-06-15,2026-06-16,True
EXP_2026_HOMEPAGE_RANK_V2,U010461,Treatment,2026-04-20,2026-04-20,True
EXP_2026_HOMEPAGE_RANK_V2,U024210,Control,2026-07-08,2026-07-09,True
EXP_2026_HOMEPAGE_RANK_V2,U012415,Treatment,2026-06-18,2026-06-20,False
EXP_2026_HOMEPAGE_RANK_V2,U006624,Treatment,2026-04-25,2026-04-29,True
EXP_2026_HOMEPAGE_RANK_V2,U024620,Control,2026-06-07,2026-06-07,True
EXP_2026_HOMEPAGE_RANK_V2,U008386,Control,2026-06-04,2026-06-06,True
EXP_2026_HOMEPAGE_RANK_V2,U008062,Control,2026-06-26,2026-06-26,True
EXP_2026_HOMEPAGE_RANK_V2,U023130,Control,2026-07-08,2026-07-08,True
EXP_2026_HOMEPAGE_RANK_V2,U020404,Treatment,2026-07-11,2026-07-14,True
EXP_2026_HOMEPAGE_RANK_V2,U001895,Treatment,2026-06-17,2026-06-18,True
EXP_2026_HOMEPAGE_RANK_V2,U017786,Control,2026-06-15,2026-06-15,True
EXP_2026_HOMEPAGE_RANK_V2,U020745,Treatment,2026-06-24,2026-06-24,True
EXP_2026_HOMEPAGE_RANK_V2,U012302,Treatment,2026-06-14,2026-06-16,True
EXP_2026_HOMEPAGE_RANK_V2,U021720,Control,2026-04-29,2026-05-04,True
EXP_2026_HOMEPAGE_RANK_V2,U010457,Treatment,2026-04-29,2026-05-04,True
EXP_2026_HOMEPAGE_RANK_V2,U007538,Treatment,2026-04-21,2026-04-26,True
EXP_2026_HOMEPAGE_RANK_V2,U006942,Treatment,2026-06-17,2026-06-20,True
EXP_2026_HOMEPAGE_RANK_V2,U015605,Treatment,2026-06-01,2026-06-03,True
EXP_2026_HOMEPAGE_RANK_V2,U022410,Control,2026-06-05,2026-06-10,True
EXP_2026_HOMEPAGE_RANK_V2,U004895,Control,2026-07-10,2026-07-11,True
EXP_2026_HOMEPAGE_RANK_V2,U024883,Treatment,2026-05-17,2026-05-21,True
EXP_2026_HOMEPAGE_RANK_V2,U006739,Control,2026-07-04,2026-07-04,True
EXP_2026_HOMEPAGE_RANK_V2,U010523,Treatment,2026-07-08,2026-07-11,True
EXP_2026_HOMEPAGE_RANK_V2,U005987,Treatment,2026-05-04,2026-05-05,True
EXP_2026_HOMEPAGE_RANK_V2,U006349,Treatment,2026-05-26,2026-05-28,True
EXP_2026_HOMEPAGE_RANK_V2,U016542,Control,2026-05-30,2026-06-01,True
EXP_2026_HOMEPAGE_RANK_V2,U000222,Control,2026-05-18,2026-05-21,True
EXP_2026_HOMEPAGE_RANK_V2,U003699,Treatment,2026-04-22,2026-04-23,True
EXP_2026_HOMEPAGE_RANK_V2,U023779,Treatment,2026-05-10,2026-05-11,True
EXP_2026_HOMEPAGE_RANK_V2,U020824,Control,2026-05-26,2026-05-27,True
EXP_2026_HOMEPAGE_RANK_V2,U007734,Treatment,2026-05-25,2026-05-25,True
EXP_2026_HOMEPAGE_RANK_V2,U016103,Control,2026-07-01,2026-07-03,True
EXP_2026_HOMEPAGE_RANK_V2,U020229,Treatment,2026-06-01,2026-06-05,True
EXP_2026_HOMEPAGE_RANK_V2,U020517,Treatment,2026-05-11,2026-05-14,True
EXP_2026_HOMEPAGE_RANK_V2,U006912,Control,2026-06-01,2026-06-05,True
EXP_2026_HOMEPAGE_RANK_V2,U022307,Treatment,2026-06-09,2026-06-09,True
EXP_2026_HOMEPAGE_RANK_V2,U009190,Treatment,2026-04-20,2026-04-25,True
EXP_2026_HOMEPAGE_RANK_V2,U000180,Control,2026-07-04,2026-07-05,True
EXP_2026_HOMEPAGE_RANK_V2,U004045,Control,2026-07-09,2026-07-09,True
EXP_2026_HOMEPAGE_RANK_V2,U022548,Control,2026-06-06,2026-06-09,True
EXP_2026_HOMEPAGE_RANK_V2,U022279,Treatment,2026-04-28,2026-04-28,True
EXP_2026_HOMEPAGE_RANK_V2,U005176,Control,2026-06-04,2026-06-09,True
EXP_2026_HOMEPAGE_RANK_V2,U015155,Treatment,2026-04-18,2026-04-23,True
EXP_2026_HOMEPAGE_RANK_V2,U009915,Treatment,2026-07-09,2026-07-11,True
EXP_2026_HOMEPAGE_RANK_V2,U009692,Treatment,2026-07-04,2026-07-05,True
EXP_2026_HOMEPAGE_RANK_V2,U011673,Control,2026-06-06,2026-06-07,True
EXP_2026_HOMEPAGE_RANK_V2,U024735,Treatment,2026-06-10,2026-06-15,True
EXP_2026_HOMEPAGE_RANK_V2,U001774,Control,2026-04-22,2026-04-22,False
EXP_2026_HOMEPAGE_RANK_V2,U003893,Treatment,2026-05-18,2026-05-21,True
EXP_2026_HOMEPAGE_RANK_V2,U021320,Control,2026-06-06,2026-06-06,False
EXP_2026_HOMEPAGE_RANK_V2,U009967,Treatment,2026-06-15,2026-06-18,True
EXP_2026_HOMEPAGE_RANK_V2,U012964,Control,2026-06-05,2026-06-05,True
EXP_2026_HOMEPAGE_RANK_V2,U008824,Control,2026-05-18,2026-05-19,True
EXP_2026_HOMEPAGE_RANK_V2,U007573,Treatment,2026-04-22,2026-04-26,True
EXP_2026_HOMEPAGE_RANK_V2,U022089,Control,2026-07-08,2026-07-12,True
EXP_2026_HOMEPAGE_RANK_V2,U012469,Treatment,2026-06-09,2026-06-10,True
EXP_2026_HOMEPAGE_RANK_V2,U003247,Treatment,2026-06-16,2026-06-20,True
EXP_2026_HOMEPAGE_RANK_V2,U000335,Control,2026-05-17,2026-05-21,True
EXP_2026_HOMEPAGE_RANK_V2,U024745,Treatment,2026-05-23,2026-05-28,True
EXP_2026_HOMEPAGE_RANK_V2,U019523,Treatment,2026-04-20,2026-04-21,True
EXP_2026_HOMEPAGE_RANK_V2,U010492,Treatment,2026-06-06,2026-06-09,True
EXP_2026_HOMEPAGE_RANK_V2,U012665,Control,2026-05-28,2026-05-29,True
EXP_2026_HOMEPAGE_RANK_V2,U015761,Treatment,2026-06-21,2026-06-24,True
EXP_2026_HOMEPAGE_RANK_V2,U022106,Treatment,2026-05-25,2026-05-28,True
EXP_2026_HOMEPAGE_RANK_V2,U008683,Control,2026-06-18,2026-06-23,True
EXP_2026_HOMEPAGE_RANK_V2,U024836,Control,2026-04-20,2026-04-20,True
EXP_2026_HOMEPAGE_RANK_V2,U001676,Control,2026-05-05,2026-05-07,True
EXP_2026_HOMEPAGE_RANK_V2,U011279,Treatment,2026-06-04,2026-06-04,True
EXP_2026_HOMEPAGE_RANK_V2,U023011,Treatment,2026-05-26,2026-05-27,True
EXP_2026_HOMEPAGE_RANK_V2,U016464,Control,2026-06-30,2026-07-02,True
EXP_2026_HOMEPAGE_RANK_V2,U017644,Control,2026-04-21,2026-04-25,True
EXP_2026_HOMEPAGE_RANK_V2,U016192,Treatment,2026-06-22,2026-06-22,True
EXP_2026_HOMEPAGE_RANK_V2,U013868,Treatment,2026-06-18,2026-06-23,True
EXP_2026_HOMEPAGE_RANK_V2,U009556,Control,2026-06-11,2026-06-13,True
EXP_2026_HOMEPAGE_RANK_V2,U003686,Treatment,2026-06-08,2026-06-10,True
EXP_2026_HOMEPAGE_RANK_V2,U018146,Control,2026-07-02,2026-07-03,False
EXP_2026_HOMEPAGE_RANK_V2,U011492,Control,2026-06-11,2026-06-15,True
EXP_2026_HOMEPAGE_RANK_V2,U013452,Control,2026-07-10,2026-07-12,True
EXP_2026_HOMEPAGE_RANK_V2,U002775,Control,2026-07-09,2026-07-12,True
EXP_2026_HOMEPAGE_RANK_V2,U023741,Control,2026-05-05,2026-05-07,True
EXP_2026_HOMEPAGE_RANK_V2,U017602,Control,2026-06-28,2026-06-29,True
EXP_2026_HOMEPAGE_RANK_V2,U013491,Control,2026-07-06,2026-07-08,True
EXP_2026_HOMEPAGE_RANK_V2,U018849,Treatment,2026-04-30,2026-05-04,True
EXP_2026_HOMEPAGE_RANK_V2,U002620,Treatment,2026-07-08,2026-07-09,True
EXP_2026_HOMEPAGE_RANK_V2,U015505,Control,2026-05-24,2026-05-24,True
EXP_2026_HOMEPAGE_RANK_V2,U002070,Treatment,2026-07-09,2026-07-09,True
EXP_2026_HOMEPAGE_RANK_V2,U008466,Treatment,2026-05-25,2026-05-28,True
EXP_2026_HOMEPAGE_RANK_V2,U002641,Control,2026-06-15,2026-06-20,True
EXP_2026_HOMEPAGE_RANK_V2,U020760,Control,2026-04-20,2026-04-21,True
EXP_2026_HOMEPAGE_RANK_V2,U009896,Control,2026-06-18,2026-06-20,True
EXP_2026_HOMEPAGE_RANK_V2,U007724,Treatment,2026-06-23,2026-06-27,True
EXP_2026_HOMEPAGE_RANK_V2,U005533,Treatment,2026-05-15,2026-05-17,True
EXP_2026_HOMEPAGE_RANK_V2,U015438,Treatment,2026-05-07,2026-05-12,True
EXP_2026_HOMEPAGE_RANK_V2,U013100,Control,2026-04-20,2026-04-21,True
EXP_2026_HOMEPAGE_RANK_V2,U015867,Control,2026-05-09,2026-05-13,True
EXP_2026_HOMEPAGE_RANK_V2,U003346,Control,2026-04-27,2026-04-27,True
EXP_2026_HOMEPAGE_RANK_V2,U006169,Treatment,2026-05-27,2026-05-30,True
EXP_2026_HOMEPAGE_RANK_V2,U001996,Treatment,2026-07-06,2026-07-11,False
EXP_2026_HOMEPAGE_RANK_V2,U011452,Treatment,2026-06-02,2026-06-07,True
EXP_2026_HOMEPAGE_RANK_V2,U019219,Treatment,2026-07-03,2026-07-03,True
EXP_2026_HOMEPAGE_RANK_V2,U009579,Control,2026-05-03,2026-05-07,True
EXP_2026_HOMEPAGE_RANK_V2,U020118,Control,2026-04-18,2026-04-23,True
EXP_2026_HOMEPAGE_RANK_V2,U019832,Treatment,2026-06-16,2026-06-21,True
EXP_2026_HOMEPAGE_RANK_V2,U017480,Control,2026-06-28,2026-07-03,True
EXP_2026_HOMEPAGE_RANK_V2,U003534,Treatment,2026-04-24,2026-04-24,True
EXP_2026_HOMEPAGE_RANK_V2,U021058,Control,2026-07-02,2026-07-03,True
EXP_2026_HOMEPAGE_RANK_V2,U006036,Treatment,2026-04-24,2026-04-24,True
EXP_2026_HOMEPAGE_RANK_V2,U005346,Control,2026-06-18,2026-06-21,False
EXP_2026_HOMEPAGE_RANK_V2,U012285,Control,2026-04-23,2026-04-25,True
EXP_2026_HOMEPAGE_RANK_V2,U014738,Control,2026-07-09,2026-07-10,True
EXP_2026_HOMEPAGE_RANK_V2,U024244,Control,2026-05-06,2026-05-10,True
EXP_2026_HOMEPAGE_RANK_V2,U001800,Treatment,2026-06-27,2026-06-27,True
EXP_2026_HOMEPAGE_RANK_V2,U013706,Control,2026-06-20,2026-06-23,True
EXP_2026_HOMEPAGE_RANK_V2,U008896,Control,2026-06-11,2026-06-13,True
EXP_2026_HOMEPAGE_RANK_V2,U002821,Control,2026-07-01,2026-07-02,True
EXP_2026_HOMEPAGE_RANK_V2,U003330,Treatment,2026-06-03,2026-06-08,True
EXP_2026_HOMEPAGE_RANK_V2,U004911,Control,2026-06-12,2026-06-17,True
EXP_2026_HOMEPAGE_RANK_V2,U004492,Control,2026-05-16,2026-05-19,True
EXP_2026_HOMEPAGE_RANK_V2,U011210,Control,2026-06-17,2026-06-19,False
EXP_2026_HOMEPAGE_RANK_V2,U013061,Treatment,2026-04-29,2026-05-03,True
EXP_2026_HOMEPAGE_RANK_V2,U020426,Control,2026-04-29,2026-05-02,True
EXP_2026_HOMEPAGE_RANK_V2,U024376,Control,2026-06-03,2026-06-08,True
EXP_2026_HOMEPAGE_RANK_V2,U023405,Control,2026-06-18,2026-06-20,True
EXP_2026_HOMEPAGE_RANK_V2,U014275,Control,2026-06-19,2026-06-22,True
EXP_2026_HOMEPAGE_RANK_V2,U000176,Control,2026-06-26,2026-06-27,True
EXP_2026_HOMEPAGE_RANK_V2,U001364,Treatment,2026-05-24,2026-05-25,True
EXP_2026_HOMEPAGE_RANK_V2,U008676,Control,2026-06-18,2026-06-21,True
EXP_2026_HOMEPAGE_RANK_V2,U007112,Control,2026-07-10,2026-07-15,True
EXP_2026_HOMEPAGE_RANK_V2,U002034,Control,2026-07-09,2026-07-14,True
EXP_2026_HOMEPAGE_RANK_V2,U000097,Treatment,2026-05-02,2026-05-07,True
EXP_2026_HOMEPAGE_RANK_V2,U023573,Treatment,2026-06-23,2026-06-25,True
EXP_2026_HOMEPAGE_RANK_V2,U012818,Treatment,2026-05-08,2026-05-13,True
EXP_2026_HOMEPAGE_RANK_V2,U008067,Treatment,2026-05-10,2026-05-11,True
EXP_2026_HOMEPAGE_RANK_V2,U011094,Treatment,2026-06-21,2026-06-21,True
EXP_2026_HOMEPAGE_RANK_V2,U024865,Control,2026-05-15,2026-05-16,True
EXP_2026_HOMEPAGE_RANK_V2,U014207,Treatment,2026-04-23,2026-04-27,True
EXP_2026_HOMEPAGE_RANK_V2,U021250,Treatment,2026-06-25,2026-06-25,True
EXP_2026_HOMEPAGE_RANK_V2,U013309,Control,2026-06-06,2026-06-11,True
EXP_2026_HOMEPAGE_RANK_V2,U000152,Treatment,2026-05-29,2026-06-02,True
EXP_2026_HOMEPAGE_RANK_V2,U006761,Treatment,2026-07-01,2026-07-01,True
EXP_2026_HOMEPAGE_RANK_V2,U012387,Treatment,2026-05-24,2026-05-28,True
EXP_2026_HOMEPAGE_RANK_V2,U016451,Control,2026-06-28,2026-07-01,True
EXP_2026_HOMEPAGE_RANK_V2,U021689,Treatment,2026-06-20,2026-06-25,True
EXP_2026_HOMEPAGE_RANK_V2,U017539,Treatment,2026-04-26,2026-05-01,False
EXP_2026_HOMEPAGE_RANK_V2,U002957,Control,2026-05-27,2026-06-01,True
EXP_2026_HOMEPAGE_RANK_V2,U001725,Control,2026-05-17,2026-05-22,True
EXP_2026_HOMEPAGE_RANK_V2,U022552,Control,2026-04-23,2026-04-28,True
EXP_2026_HOMEPAGE_RANK_V2,U010815,Treatment,2026-05-03,2026-05-06,False
EXP_2026_HOMEPAGE_RANK_V2,U001695,Control,2026-07-03,2026-07-06,True
EXP_2026_HOMEPAGE_RANK_V2,U013989,Control,2026-05-16,2026-05-20,True
EXP_2026_HOMEPAGE_RANK_V2,U021001,Control,2026-05-07,2026-05-12,False
EXP_2026_HOMEPAGE_RANK_V2,U005897,Treatment,2026-04-19,2026-04-21,True
EXP_2026_HOMEPAGE_RANK_V2,U005546,Treatment,2026-04-30,2026-05-04,True
EXP_2026_HOMEPAGE_RANK_V2,U017854,Control,2026-06-29,2026-07-02,True
EXP_2026_HOMEPAGE_RANK_V2,U000726,Control,2026-05-08,2026-05-11,True
EXP_2026_HOMEPAGE_RANK_V2,U005984,Treatment,2026-04-19,2026-04-21,True
EXP_2026_HOMEPAGE_RANK_V2,U011483,Treatment,2026-07-05,2026-07-07,True
EXP_2026_HOMEPAGE_RANK_V2,U022271,Treatment,2026-05-09,2026-05-11,True
EXP_2026_HOMEPAGE_RANK_V2,U013331,Treatment,2026-04-26,2026-04-28,True
EXP_2026_HOMEPAGE_RANK_V2,U007798,Control,2026-06-29,2026-07-04,True
EXP_2026_HOMEPAGE_RANK_V2,U013408,Control,2026-05-11,2026-05-11,True
EXP_2026_HOMEPAGE_RANK_V2,U000125,Control,2026-06-07,2026-06-09,True
EXP_2026_HOMEPAGE_RANK_V2,U023994,Treatment,2026-06-29,2026-06-30,True
EXP_2026_HOMEPAGE_RANK_V2,U001517,Control,2026-07-06,2026-07-07,True
EXP_2026_HOMEPAGE_RANK_V2,U023811,Treatment,2026-06-11,2026-06-13,True
EXP_2026_HOMEPAGE_RANK_V2,U002146,Treatment,2026-07-10,2026-07-10,True
EXP_2026_HOMEPAGE_RANK_V2,U008388,Control,2026-05-10,2026-05-14,True
EXP_2026_HOMEPAGE_RANK_V2,U010481,Control,2026-05-20,2026-05-25,True
EXP_2026_HOMEPAGE_RANK_V2,U000172,Control,2026-05-06,2026-05-11,True
EXP_2026_HOMEPAGE_RANK_V2,U012008,Control,2026-04-26,2026-05-01,True
EXP_2026_HOMEPAGE_RANK_V2,U024103,Treatment,2026-05-04,2026-05-05,True
EXP_2026_HOMEPAGE_RANK_V2,U019237,Control,2026-05-05,2026-05-08,True
EXP_2026_HOMEPAGE_RANK_V2,U015670,Treatment,2026-07-03,2026-07-07,True
EXP_2026_HOMEPAGE_RANK_V2,U003066,Control,2026-06-30,2026-07-03,True
EXP_2026_HOMEPAGE_RANK_V2,U013354,Treatment,2026-05-10,2026-05-14,True
EXP_2026_HOMEPAGE_RANK_V2,U004793,Treatment,2026-05-03,2026-05-05,True
EXP_2026_HOMEPAGE_RANK_V2,U021115,Treatment,2026-05-27,2026-05-29,True
EXP_2026_HOMEPAGE_RANK_V2,U013038,Control,2026-06-07,2026-06-09,False
EXP_2026_HOMEPAGE_RANK_V2,U008782,Treatment,2026-06-29,2026-07-04,True
EXP_2026_HOMEPAGE_RANK_V2,U011027,Treatment,2026-06-27,2026-06-30,True
EXP_2026_HOMEPAGE_RANK_V2,U004172,Treatment,2026-06-22,2026-06-26,True
EXP_2026_HOMEPAGE_RANK_V2,U023451,Treatment,2026-06-08,2026-06-12,True
EXP_2026_HOMEPAGE_RANK_V2,U010169,Control,2026-05-23,2026-05-25,True
EXP_2026_HOMEPAGE_RANK_V2,U009718,Treatment,2026-05-03,2026-05-08,True
EXP_2026_HOMEPAGE_RANK_V2,U016065,Control,2026-06-13,2026-06-13,True
EXP_2026_HOMEPAGE_RANK_V2,U006648,Treatment,2026-06-22,2026-06-27,True
EXP_2026_HOMEPAGE_RANK_V2,U001429,Control,2026-06-18,2026-06-23,True
EXP_2026_HOMEPAGE_RANK_V2,U024941,Control,2026-06-01,2026-06-03,True
EXP_2026_HOMEPAGE_RANK_V2,U012645,Control,2026-05-11,2026-05-15,True
EXP_2026_HOMEPAGE_RANK_V2,U024394,Treatment,2026-06-07,2026-06-10,True
EXP_2026_HOMEPAGE_RANK_V2,U017984,Treatment,2026-05-19,2026-05-20,True
EXP_2026_HOMEPAGE_RANK_V2,U018852,Control,2026-07-04,2026-07-05,True
EXP_2026_HOMEPAGE_RANK_V2,U024442,Control,2026-05-19,2026-05-22,True
EXP_2026_HOMEPAGE_RANK_V2,U015033,Treatment,2026-06-16,2026-06-18,False
EXP_2026_HOMEPAGE_RANK_V2,U006455,Control,2026-07-05,2026-07-10,True
EXP_2026_HOMEPAGE_RANK_V2,U003863,Treatment,2026-06-30,2026-06-30,True
EXP_2026_HOMEPAGE_RANK_V2,U022018,Control,2026-05-05,2026-05-05,True
EXP_2026_HOMEPAGE_RANK_V2,U021781,Control,2026-06-08,2026-06-13,True
EXP_2026_HOMEPAGE_RANK_V2,U014368,Treatment,2026-07-02,2026-07-06,True
EXP_2026_HOMEPAGE_RANK_V2,U024896,Control,2026-06-16,2026-06-20,True
EXP_2026_HOMEPAGE_RANK_V2,U009626,Control,2026-05-01,2026-05-05,True
EXP_2026_HOMEPAGE_RANK_V2,U023076,Treatment,2026-06-18,2026-06-23,True
EXP_2026_HOMEPAGE_RANK_V2,U019047,Control,2026-07-11,2026-07-13,True
EXP_2026_HOMEPAGE_RANK_V2,U007052,Treatment,2026-07-10,2026-07-15,True
EXP_2026_HOMEPAGE_RANK_V2,U002997,Control,2026-04-18,2026-04-19,True
EXP_2026_HOMEPAGE_RANK_V2,U008385,Control,2026-04-19,2026-04-21,True
EXP_2026_HOMEPAGE_RANK_V2,U013165,Control,2026-05-24,2026-05-25,True
EXP_2026_HOMEPAGE_RANK_V2,U016485,Control,2026-04-20,2026-04-20,True
EXP_2026_HOMEPAGE_RANK_V2,U015254,Control,2026-05-12,2026-05-17,True
EXP_2026_HOMEPAGE_RANK_V2,U020494,Treatment,2026-06-23,2026-06-28,True
EXP_2026_HOMEPAGE_RANK_V2,U006001,Control,2026-07-01,2026-07-03,True
EXP_2026_HOMEPAGE_RANK_V2,U018045,Treatment,2026-05-31,2026-06-04,True
EXP_2026_HOMEPAGE_RANK_V2,U000644,Treatment,2026-06-07,2026-06-08,True
EXP_2026_HOMEPAGE_RANK_V2,U015361,Treatment,2026-05-03,2026-05-06,True
EXP_2026_HOMEPAGE_RANK_V2,U022316,Control,2026-05-28,2026-05-31,True
EXP_2026_HOMEPAGE_RANK_V2,U002688,Treatment,2026-05-30,2026-06-04,True
EXP_2026_HOMEPAGE_RANK_V2,U001083,Treatment,2026-06-17,2026-06-17,True
EXP_2026_HOMEPAGE_RANK_V2,U024835,Control,2026-04-23,2026-04-25,True
EXP_2026_HOMEPAGE_RANK_V2,U016210,Treatment,2026-06-23,2026-06-27,True
EXP_2026_HOMEPAGE_RANK_V2,U012679,Treatment,2026-07-07,2026-07-11,True
EXP_2026_HOMEPAGE_RANK_V2,U013069,Control,2026-04-23,2026-04-24,True
EXP_2026_HOMEPAGE_RANK_V2,U000540,Treatment,2026-04-25,2026-04-25,False
EXP_2026_HOMEPAGE_RANK_V2,U003138,Control,2026-06-19,2026-06-20,True
EXP_2026_HOMEPAGE_RANK_V2,U004736,Treatment,2026-05-19,2026-05-23,True
EXP_2026_HOMEPAGE_RANK_V2,U008263,Treatment,2026-06-20,2026-06-21,True
EXP_2026_HOMEPAGE_RANK_V2,U007448,Treatment,2026-04-23,2026-04-23,True
EXP_2026_HOMEPAGE_RANK_V2,U012279,Treatment,2026-04-27,2026-04-30,True
EXP_2026_HOMEPAGE_RANK_V2,U004957,Control,2026-05-26,2026-05-26,True
EXP_2026_HOMEPAGE_RANK_V2,U016543,Control,2026-05-09,2026-05-10,True
EXP_2026_HOMEPAGE_RANK_V2,U000992,Treatment,2026-06-24,2026-06-26,True
EXP_2026_HOMEPAGE_RANK_V2,U018499,Treatment,2026-06-29,2026-07-04,True
EXP_2026_HOMEPAGE_RANK_V2,U020820,Control,2026-05-06,2026-05-09,True
EXP_2026_HOMEPAGE_RANK_V2,U016354,Control,2026-06-15,2026-06-20,True
EXP_2026_HOMEPAGE_RANK_V2,U012680,Treatment,2026-04-30,2026-05-03,True
EXP_2026_HOMEPAGE_RANK_V2,U014292,Treatment,2026-05-31,2026-06-05,True
EXP_2026_HOMEPAGE_RANK_V2,U011901,Control,2026-07-02,2026-07-05,True
EXP_2026_HOMEPAGE_RANK_V2,U001864,Control,2026-06-23,2026-06-26,True
EXP_2026_HOMEPAGE_RANK_V2,U008127,Control,2026-06-29,2026-07-03,True
EXP_2026_HOMEPAGE_RANK_V2,U011905,Control,2026-06-21,2026-06-25,True
EXP_2026_HOMEPAGE_RANK_V2,U018325,Control,2026-04-22,2026-04-27,True
EXP_2026_HOMEPAGE_RANK_V2,U023947,Control,2026-04-22,2026-04-22,True
EXP_2026_HOMEPAGE_RANK_V2,U022799,Treatment,2026-06-22,2026-06-27,True
EXP_2026_HOMEPAGE_RANK_V2,U022047,Treatment,2026-05-27,2026-05-29,True
EXP_2026_HOMEPAGE_RANK_V2,U010367,Treatment,2026-06-27,2026-07-02,True
EXP_2026_HOMEPAGE_RANK_V2,U004964,Control,2026-04-23,2026-04-28,True
EXP_2026_HOMEPAGE_RANK_V2,U000836,Control,2026-05-08,2026-05-12,True
EXP_2026_HOMEPAGE_RANK_V2,U009274,Treatment,2026-05-26,2026-05-27,True
EXP_2026_HOMEPAGE_RANK_V2,U010806,Control,2026-05-22,2026-05-26,True
EXP_2026_HOMEPAGE_RANK_V2,U001965,Control,2026-05-22,2026-05-23,True
EXP_2026_HOMEPAGE_RANK_V2,U003624,Treatment,2026-04-22,2026-04-25,True
EXP_2026_HOMEPAGE_RANK_V2,U005386,Control,2026-05-29,2026-05-30,True
EXP_2026_HOMEPAGE_RANK_V2,U010716,Control,2026-06-29,2026-07-03,True
EXP_2026_HOMEPAGE_RANK_V2,U021862,Control,2026-05-30,2026-06-02,True
EXP_2026_HOMEPAGE_RANK_V2,U024594,Treatment,2026-06-03,2026-06-05,True
EXP_2026_HOMEPAGE_RANK_V2,U004270,Treatment,2026-05-17,2026-05-22,True
EXP_2026_HOMEPAGE_RANK_V2,U015368,Treatment,2026-04-20,2026-04-23,True
EXP_2026_HOMEPAGE_RANK_V2,U009893,Treatment,2026-05-06,2026-05-09,True
EXP_2026_HOMEPAGE_RANK_V2,U014622,Treatment,2026-05-05,2026-05-07,True
EXP_2026_HOMEPAGE_RANK_V2,U020324,Control,2026-05-29,2026-05-30,True
EXP_2026_HOMEPAGE_RANK_V2,U014685,Control,2026-06-22,2026-06-26,True
EXP_2026_HOMEPAGE_RANK_V2,U007829,Control,2026-06-06,2026-06-11,True
EXP_2026_HOMEPAGE_RANK_V2,U013440,Treatment,2026-05-28,2026-06-01,True
EXP_2026_HOMEPAGE_RANK_V2,U004472,Treatment,2026-06-27,2026-06-27,True
EXP_2026_HOMEPAGE_RANK_V2,U001705,Control,2026-05-22,2026-05-25,True
EXP_2026_HOMEPAGE_RANK_V2,U014834,Treatment,2026-05-27,2026-05-27,True
EXP_2026_HOMEPAGE_RANK_V2,U016474,Treatment,2026-06-19,2026-06-22,True
EXP_2026_HOMEPAGE_RANK_V2,U010360,Control,2026-05-14,2026-05-19,True
EXP_2026_HOMEPAGE_RANK_V2,U002498,Control,2026-05-06,2026-05-10,True
EXP_2026_HOMEPAGE_RANK_V2,U010379,Treatment,2026-05-05,2026-05-08,True
EXP_2026_HOMEPAGE_RANK_V2,U003941,Treatment,2026-06-25,2026-06-27,False
EXP_2026_HOMEPAGE_RANK_V2,U006421,Treatment,2026-04-21,2026-04-23,True
EXP_2026_HOMEPAGE_RANK_V2,U012722,Treatment,2026-04-26,2026-04-26,True
EXP_2026_HOMEPAGE_RANK_V2,U016784,Control,2026-05-02,2026-05-03,True
EXP_2026_HOMEPAGE_RANK_V2,U020741,Control,2026-05-30,2026-05-30,True
EXP_2026_HOMEPAGE_RANK_V2,U015278,Control,2026-04-20,2026-04-25,True
EXP_2026_HOMEPAGE_RANK_V2,U022246,Control,2026-06-24,2026-06-24,True
EXP_2026_HOMEPAGE_RANK_V2,U017152,Treatment,2026-05-16,2026-05-21,True
EXP_2026_HOMEPAGE_RANK_V2,U022920,Treatment,2026-04-18,2026-04-23,True
EXP_2026_HOMEPAGE_RANK_V2,U022038,Control,2026-06-08,2026-06-10,True
EXP_2026_HOMEPAGE_RANK_V2,U013092,Treatment,2026-06-24,2026-06-26,True
EXP_2026_HOMEPAGE_RANK_V2,U001671,Control,2026-07-08,2026-07-09,True
EXP_2026_HOMEPAGE_RANK_V2,U012826,Control,2026-05-14,2026-05-15,False
EXP_2026_HOMEPAGE_RANK_V2,U020841,Treatment,2026-06-16,2026-06-18,True
EXP_2026_HOMEPAGE_RANK_V2,U003100,Control,2026-05-30,2026-05-30,True
EXP_2026_HOMEPAGE_RANK_V2,U003771,Treatment,2026-07-03,2026-07-04,True
EXP_2026_HOMEPAGE_RANK_V2,U023826,Control,2026-06-02,2026-06-07,True
EXP_2026_HOMEPAGE_RANK_V2,U001309,Control,2026-06-28,2026-07-01,True
EXP_2026_HOMEPAGE_RANK_V2,U007821,Control,2026-05-04,2026-05-05,True
EXP_2026_HOMEPAGE_RANK_V2,U000122,Treatment,2026-05-31,2026-06-05,False
EXP_2026_HOMEPAGE_RANK_V2,U011007,Control,2026-05-13,2026-05-13,True
EXP_2026_HOMEPAGE_RANK_V2,U016171,Treatment,2026-05-22,2026-05-24,True
EXP_2026_HOMEPAGE_RANK_V2,U009702,Control,2026-06-12,2026-06-17,True
EXP_2026_HOMEPAGE_RANK_V2,U022712,Treatment,2026-05-26,2026-05-29,True
EXP_2026_HOMEPAGE_RANK_V2,U013714,Control,2026-06-11,2026-06-11,True
EXP_2026_HOMEPAGE_RANK_V2,U003415,Control,2026-04-29,2026-05-01,True
EXP_2026_HOMEPAGE_RANK_V2,U001109,Control,2026-05-07,2026-05-09,True
EXP_2026_HOMEPAGE_RANK_V2,U002021,Control,2026-06-02,2026-06-02,True
EXP_2026_HOMEPAGE_RANK_V2,U005889,Treatment,2026-07-02,2026-07-02,True
EXP_2026_HOMEPAGE_RANK_V2,U024079,Control,2026-07-05,2026-07-07,True
EXP_2026_HOMEPAGE_RANK_V2,U004226,Treatment,2026-06-25,2026-06-28,True
EXP_2026_HOMEPAGE_RANK_V2,U018219,Treatment,2026-05-07,2026-05-09,True
EXP_2026_HOMEPAGE_RANK_V2,U012126,Control,2026-06-05,2026-06-06,True
EXP_2026_HOMEPAGE_RANK_V2,U017336,Control,2026-04-27,2026-04-30,True
EXP_2026_HOMEPAGE_RANK_V2,U002189,Treatment,2026-05-07,2026-05-10,True
EXP_2026_HOMEPAGE_RANK_V2,U010233,Control,2026-05-15,2026-05-20,True
EXP_2026_HOMEPAGE_RANK_V2,U013977,Treatment,2026-05-21,2026-05-25,True
EXP_2026_HOMEPAGE_RANK_V2,U000047,Treatment,2026-04-24,2026-04-26,True
EXP_2026_HOMEPAGE_RANK_V2,U010608,Control,2026-06-03,2026-06-03,True
EXP_2026_HOMEPAGE_RANK_V2,U011275,Control,2026-06-06,2026-06-10,True
EXP_2026_HOMEPAGE_RANK_V2,U021870,Control,2026-06-02,2026-06-04,True
EXP_2026_HOMEPAGE_RANK_V2,U017313,Treatment,2026-06-07,2026-06-12,True
EXP_2026_HOMEPAGE_RANK_V2,U018763,Control,2026-06-11,2026-06-11,True
EXP_2026_HOMEPAGE_RANK_V2,U002637,Treatment,2026-05-01,2026-05-06,True
EXP_2026_HOMEPAGE_RANK_V2,U010069,Control,2026-05-15,2026-05-18,True
EXP_2026_HOMEPAGE_RANK_V2,U021591,Treatment,2026-06-06,2026-06-09,True
EXP_2026_HOMEPAGE_RANK_V2,U011195,Control,2026-04-26,2026-04-27,True
EXP_2026_HOMEPAGE_RANK_V2,U021549,Treatment,2026-06-14,2026-06-14,True
EXP_2026_HOMEPAGE_RANK_V2,U015638,Control,2026-04-27,2026-04-28,True
EXP_2026_HOMEPAGE_RANK_V2,U003040,Treatment,2026-05-13,2026-05-14,True
EXP_2026_HOMEPAGE_RANK_V2,U005171,Treatment,2026-06-22,2026-06-26,True
EXP_2026_HOMEPAGE_RANK_V2,U015288,Control,2026-04-19,2026-04-21,True
EXP_2026_HOMEPAGE_RANK_V2,U013796,Control,2026-04-20,2026-04-21,True
EXP_2026_HOMEPAGE_RANK_V2,U022421,Treatment,2026-05-13,2026-05-18,True
EXP_2026_HOMEPAGE_RANK_V2,U017965,Treatment,2026-07-09,2026-07-09,True
EXP_2026_HOMEPAGE_RANK_V2,U013108,Treatment,2026-06-20,2026-06-24,False
EXP_2026_HOMEPAGE_RANK_V2,U007515,Control,2026-07-01,2026-07-01,True
EXP_2026_HOMEPAGE_RANK_V2,U000788,Control,2026-04-29,2026-05-03,True
EXP_2026_HOMEPAGE_RANK_V2,U018059,Control,2026-05-04,2026-05-07,True
EXP_2026_HOMEPAGE_RANK_V2,U009181,Treatment,2026-04-24,2026-04-28,True
EXP_2026_HOMEPAGE_RANK_V2,U019052,Treatment,2026-07-01,2026-07-01,True
EXP_2026_HOMEPAGE_RANK_V2,U016046,Treatment,2026-05-04,2026-05-06,True
EXP_2026_HOMEPAGE_RANK_V2,U011648,Treatment,2026-04-20,2026-04-25,True
EXP_2026_HOMEPAGE_RANK_V2,U013450,Treatment,2026-05-23,2026-05-23,True
EXP_2026_HOMEPAGE_RANK_V2,U007410,Treatment,2026-04-29,2026-04-30,True
EXP_2026_HOMEPAGE_RANK_V2,U003420,Control,2026-05-06,2026-05-06,True
EXP_2026_HOMEPAGE_RANK_V2,U011560,Treatment,2026-06-03,2026-06-04,True
EXP_2026_HOMEPAGE_RANK_V2,U009546,Control,2026-04-30,2026-05-01,True
EXP_2026_HOMEPAGE_RANK_V2,U019400,Treatment,2026-06-08,2026-06-08,True
EXP_2026_HOMEPAGE_RANK_V2,U015732,Treatment,2026-05-09,2026-05-12,True
EXP_2026_HOMEPAGE_RANK_V2,U003641,Control,2026-06-08,2026-06-11,True
EXP_2026_HOMEPAGE_RANK_V2,U002512,Control,2026-06-19,2026-06-23,True
EXP_2026_HOMEPAGE_RANK_V2,U009722,Treatment,2026-05-13,2026-05-15,True
EXP_2026_HOMEPAGE_RANK_V2,U000030,Control,2026-06-12,2026-06-13,True
EXP_2026_HOMEPAGE_RANK_V2,U004193,Treatment,2026-05-10,2026-05-15,True
EXP_2026_HOMEPAGE_RANK_V2,U006014,Control,2026-05-20,2026-05-24,True
EXP_2026_HOMEPAGE_RANK_V2,U012174,Treatment,2026-05-01,2026-05-01,False
EXP_2026_HOMEPAGE_RANK_V2,U011065,Control,2026-05-12,2026-05-13,True
EXP_2026_HOMEPAGE_RANK_V2,U001819,Control,2026-04-22,2026-04-22,True
EXP_2026_HOMEPAGE_RANK_V2,U014199,Control,2026-06-20,2026-06-22,True
EXP_2026_HOMEPAGE_RANK_V2,U016569,Control,2026-05-24,2026-05-26,True
EXP_2026_HOMEPAGE_RANK_V2,U011675,Control,2026-06-14,2026-06-14,True
EXP_2026_HOMEPAGE_RANK_V2,U017265,Control,2026-06-26,2026-06-28,True
EXP_2026_HOMEPAGE_RANK_V2,U015901,Control,2026-05-20,2026-05-23,True
EXP_2026_HOMEPAGE_RANK_V2,U024111,Treatment,2026-05-23,2026-05-27,True
EXP_2026_HOMEPAGE_RANK_V2,U021518,Treatment,2026-05-08,2026-05-09,True
EXP_2026_HOMEPAGE_RANK_V2,U020764,Control,2026-06-10,2026-06-11,True
EXP_2026_HOMEPAGE_RANK_V2,U010228,Control,2026-07-11,2026-07-16,True
EXP_2026_HOMEPAGE_RANK_V2,U000358,Treatment,2026-04-27,2026-04-27,True
EXP_2026_HOMEPAGE_RANK_V2,U018848,Treatment,2026-04-20,2026-04-20,True
EXP_2026_HOMEPAGE_RANK_V2,U001398,Control,2026-06-10,2026-06-14,False
EXP_2026_HOMEPAGE_RANK_V2,U014646,Treatment,2026-07-04,2026-07-07,True
EXP_2026_HOMEPAGE_RANK_V2,U011761,Control,2026-05-06,2026-05-06,True
EXP_2026_HOMEPAGE_RANK_V2,U021646,Control,2026-05-17,2026-05-18,True
EXP_2026_HOMEPAGE_RANK_V2,U003835,Treatment,2026-06-30,2026-06-30,False
EXP_2026_HOMEPAGE_RANK_V2,U001992,Treatment,2026-04-23,2026-04-24,True
EXP_2026_HOMEPAGE_RANK_V2,U011568,Treatment,2026-06-08,2026-06-09,True
EXP_2026_HOMEPAGE_RANK_V2,U023943,Control,2026-04-18,2026-04-23,True
EXP_2026_HOMEPAGE_RANK_V2,U024188,Control,2026-05-20,2026-05-21,True
EXP_2026_HOMEPAGE_RANK_V2,U020177,Treatment,2026-06-09,2026-06-10,True
EXP_2026_HOMEPAGE_RANK_V2,U009585,Treatment,2026-04-24,2026-04-24,True
EXP_2026_HOMEPAGE_RANK_V2,U009336,Treatment,2026-06-12,2026-06-16,True
EXP_2026_HOMEPAGE_RANK_V2,U022911,Treatment,2026-07-08,2026-07-09,True
EXP_2026_HOMEPAGE_RANK_V2,U003965,Treatment,2026-05-21,2026-05-23,False
EXP_2026_HOMEPAGE_RANK_V2,U021112,Control,2026-06-08,2026-06-09,True
EXP_2026_HOMEPAGE_RANK_V2,U014036,Control,2026-05-10,2026-05-10,True
EXP_2026_HOMEPAGE_RANK_V2,U016806,Treatment,2026-05-12,2026-05-16,True
EXP_2026_HOMEPAGE_RANK_V2,U013811,Control,2026-05-02,2026-05-05,True
EXP_2026_HOMEPAGE_RANK_V2,U006905,Treatment,2026-04-28,2026-05-03,True
EXP_2026_HOMEPAGE_RANK_V2,U014390,Control,2026-06-15,2026-06-18,True
EXP_2026_HOMEPAGE_RANK_V2,U004213,Control,2026-06-24,2026-06-25,False
EXP_2026_HOMEPAGE_RANK_V2,U020414,Control,2026-04-21,2026-04-24,True
EXP_2026_HOMEPAGE_RANK_V2,U016295,Treatment,2026-07-02,2026-07-02,True
EXP_2026_HOMEPAGE_RANK_V2,U000629,Control,2026-06-02,2026-06-03,True
EXP_2026_HOMEPAGE_RANK_V2,U021618,Control,2026-05-29,2026-05-31,True
EXP_2026_HOMEPAGE_RANK_V2,U004877,Treatment,2026-06-15,2026-06-20,True
EXP_2026_HOMEPAGE_RANK_V2,U002047,Control,2026-04-25,2026-04-25,True
EXP_2026_HOMEPAGE_RANK_V2,U005760,Treatment,2026-05-04,2026-05-06,True
EXP_2026_HOMEPAGE_RANK_V2,U020693,Control,2026-06-01,2026-06-04,True
EXP_2026_HOMEPAGE_RANK_V2,U011941,Control,2026-05-03,2026-05-05,True
EXP_2026_HOMEPAGE_RANK_V2,U002078,Treatment,2026-05-23,2026-05-23,True
EXP_2026_HOMEPAGE_RANK_V2,U000534,Treatment,2026-06-14,2026-06-18,True
EXP_2026_HOMEPAGE_RANK_V2,U016508,Control,2026-06-05,2026-06-08,True
EXP_2026_HOMEPAGE_RANK_V2,U003960,Control,2026-04-22,2026-04-24,True
EXP_2026_HOMEPAGE_RANK_V2,U002214,Treatment,2026-06-14,2026-06-14,True
EXP_2026_HOMEPAGE_RANK_V2,U021516,Control,2026-05-24,2026-05-24,True
EXP_2026_HOMEPAGE_RANK_V2,U004771,Control,2026-06-24,2026-06-24,True
EXP_2026_HOMEPAGE_RANK_V2,U000736,Treatment,2026-05-30,2026-05-30,True
EXP_2026_HOMEPAGE_RANK_V2,U001076,Control,2026-05-23,2026-05-24,True
EXP_2026_HOMEPAGE_RANK_V2,U022689,Treatment,2026-05-29,2026-05-30,True
EXP_2026_HOMEPAGE_RANK_V2,U004359,Treatment,2026-05-07,2026-05-11,True
EXP_2026_HOMEPAGE_RANK_V2,U017997,Treatment,2026-06-25,2026-06-25,True
EXP_2026_HOMEPAGE_RANK_V2,U019265,Control,2026-04-20,2026-04-22,True
EXP_2026_HOMEPAGE_RANK_V2,U000010,Control,2026-06-13,2026-06-13,True
EXP_2026_HOMEPAGE_RANK_V2,U011410,Control,2026-04-18,2026-04-18,True
EXP_2026_HOMEPAGE_RANK_V2,U017386,Control,2026-05-20,2026-05-22,True
EXP_2026_HOMEPAGE_RANK_V2,U004740,Treatment,2026-06-06,2026-06-10,True
EXP_2026_HOMEPAGE_RANK_V2,U003538,Control,2026-05-21,2026-05-25,True
EXP_2026_HOMEPAGE_RANK_V2,U023625,Treatment,2026-07-02,2026-07-02,True
EXP_2026_HOMEPAGE_RANK_V2,U020890,Control,2026-04-18,2026-04-23,True
EXP_2026_HOMEPAGE_RANK_V2,U022211,Treatment,2026-04-25,2026-04-25,False
EXP_2026_HOMEPAGE_RANK_V2,U015251,Treatment,2026-06-09,2026-06-14,True
EXP_2026_HOMEPAGE_RANK_V2,U021603,Treatment,2026-07-01,2026-07-06,True
EXP_2026_HOMEPAGE_RANK_V2,U003717,Treatment,2026-05-03,2026-05-05,True
EXP_2026_HOMEPAGE_RANK_V2,U005400,Treatment,2026-06-15,2026-06-15,True
EXP_2026_HOMEPAGE_RANK_V2,U018593,Treatment,2026-06-28,2026-06-28,True
EXP_2026_HOMEPAGE_RANK_V2,U005474,Control,2026-04-23,2026-04-24,True
EXP_2026_HOMEPAGE_RANK_V2,U004427,Control,2026-06-22,2026-06-24,True
EXP_2026_HOMEPAGE_RANK_V2,U019529,Treatment,2026-06-25,2026-06-27,False
EXP_2026_HOMEPAGE_RANK_V2,U014353,Control,2026-04-28,2026-05-02,True
EXP_2026_HOMEPAGE_RANK_V2,U009870,Treatment,2026-06-06,2026-06-09,True
EXP_2026_HOMEPAGE_RANK_V2,U008520,Treatment,2026-05-26,2026-05-26,True
EXP_2026_HOMEPAGE_RANK_V2,U018465,Control,2026-05-24,2026-05-24,True
EXP_2026_HOMEPAGE_RANK_V2,U018144,Control,2026-05-04,2026-05-09,False
EXP_2026_HOMEPAGE_RANK_V2,U002519,Treatment,2026-06-08,2026-06-09,False
EXP_2026_HOMEPAGE_RANK_V2,U015829,Control,2026-06-04,2026-06-08,True
EXP_2026_HOMEPAGE_RANK_V2,U015803,Control,2026-06-21,2026-06-22,True
EXP_2026_HOMEPAGE_RANK_V2,U020660,Control,2026-05-07,2026-05-11,True
EXP_2026_HOMEPAGE_RANK_V2,U023205,Treatment,2026-05-11,2026-05-15,True
EXP_2026_HOMEPAGE_RANK_V2,U023442,Control,2026-06-11,2026-06-15,False
EXP_2026_HOMEPAGE_RANK_V2,U000654,Treatment,2026-07-03,2026-07-03,True
EXP_2026_HOMEPAGE_RANK_V2,U024625,Control,2026-06-12,2026-06-14,True
EXP_2026_HOMEPAGE_RANK_V2,U003068,Treatment,2026-05-18,2026-05-20,True
EXP_2026_HOMEPAGE_RANK_V2,U006355,Control,2026-06-27,2026-07-02,True
EXP_2026_HOMEPAGE_RANK_V2,U011591,Control,2026-04-18,2026-04-20,True
EXP_2026_HOMEPAGE_RANK_V2,U012374,Treatment,2026-07-09,2026-07-12,True
EXP_2026_HOMEPAGE_RANK_V2,U006347,Treatment,2026-06-05,2026-06-08,True
EXP_2026_HOMEPAGE_RANK_V2,U006835,Treatment,2026-05-01,2026-05-05,True
EXP_2026_HOMEPAGE_RANK_V2,U003983,Control,2026-06-28,2026-06-29,True
EXP_2026_HOMEPAGE_RANK_V2,U008172,Control,2026-06-02,2026-06-07,True
EXP_2026_HOMEPAGE_RANK_V2,U003318,Control,2026-07-08,2026-07-13,True
EXP_2026_HOMEPAGE_RANK_V2,U008181,Control,2026-04-19,2026-04-21,True
EXP_2026_HOMEPAGE_RANK_V2,U013593,Treatment,2026-06-08,2026-06-11,True
EXP_2026_HOMEPAGE_RANK_V2,U007022,Treatment,2026-06-22,2026-06-26,True
EXP_2026_HOMEPAGE_RANK_V2,U014088,Treatment,2026-06-16,2026-06-16,True
EXP_2026_HOMEPAGE_RANK_V2,U009856,Control,2026-05-06,2026-05-06,True
EXP_2026_HOMEPAGE_RANK_V2,U015394,Treatment,2026-06-23,2026-06-24,True
EXP_2026_HOMEPAGE_RANK_V2,U012827,Treatment,2026-04-19,2026-04-22,True
EXP_2026_HOMEPAGE_RANK_V2,U005300,Treatment,2026-06-28,2026-07-02,True
EXP_2026_HOMEPAGE_RANK_V2,U009340,Control,2026-07-05,2026-07-05,True
EXP_2026_HOMEPAGE_RANK_V2,U004922,Treatment,2026-06-11,2026-06-12,True
EXP_2026_HOMEPAGE_RANK_V2,U003576,Treatment,2026-05-18,2026-05-19,True
EXP_2026_HOMEPAGE_RANK_V2,U005195,Control,2026-04-24,2026-04-29,True
EXP_2026_HOMEPAGE_RANK_V2,U024597,Control,2026-06-07,2026-06-09,True
EXP_2026_HOMEPAGE_RANK_V2,U011108,Treatment,2026-06-14,2026-06-18,True
EXP_2026_HOMEPAGE_RANK_V2,U002400,Control,2026-06-27,2026-07-01,True
EXP_2026_HOMEPAGE_RANK_V2,U000511,Treatment,2026-06-28,2026-06-29,False
EXP_2026_HOMEPAGE_RANK_V2,U009228,Control,2026-05-02,2026-05-07,False
EXP_2026_HOMEPAGE_RANK_V2,U014802,Control,2026-07-01,2026-07-05,True
EXP_2026_HOMEPAGE_RANK_V2,U006376,Control,2026-05-04,2026-05-08,True
EXP_2026_HOMEPAGE_RANK_V2,U010524,Treatment,2026-06-09,2026-06-10,True
EXP_2026_HOMEPAGE_RANK_V2,U015650,Treatment,2026-06-02,2026-06-06,True
EXP_2026_HOMEPAGE_RANK_V2,U023915,Control,2026-05-18,2026-05-19,True
EXP_2026_HOMEPAGE_RANK_V2,U005485,Treatment,2026-04-29,2026-04-29,True
EXP_2026_HOMEPAGE_RANK_V2,U014361,Control,2026-07-01,2026-07-05,True
EXP_2026_HOMEPAGE_RANK_V2,U014141,Control,2026-07-05,2026-07-09,True
EXP_2026_HOMEPAGE_RANK_V2,U009211,Treatment,2026-04-20,2026-04-24,True
EXP_2026_HOMEPAGE_RANK_V2,U017562,Treatment,2026-04-25,2026-04-27,True
EXP_2026_HOMEPAGE_RANK_V2,U004187,Control,2026-06-09,2026-06-10,True
EXP_2026_HOMEPAGE_RANK_V2,U022983,Treatment,2026-06-18,2026-06-22,True
EXP_2026_HOMEPAGE_RANK_V2,U000623,Treatment,2026-05-01,2026-05-02,True
EXP_2026_HOMEPAGE_RANK_V2,U008374,Treatment,2026-05-05,2026-05-06,True
EXP_2026_HOMEPAGE_RANK_V2,U001535,Control,2026-05-10,2026-05-11,True
EXP_2026_HOMEPAGE_RANK_V2,U018094,Treatment,2026-05-03,2026-05-07,True
EXP_2026_HOMEPAGE_RANK_V2,U023908,Treatment,2026-05-07,2026-05-08,True
EXP_2026_HOMEPAGE_RANK_V2,U003821,Control,2026-06-14,2026-06-19,True
EXP_2026_HOMEPAGE_RANK_V2,U011474,Treatment,2026-06-10,2026-06-10,True
EXP_2026_HOMEPAGE_RANK_V2,U007292,Treatment,2026-05-28,2026-06-02,True
EXP_2026_HOMEPAGE_RANK_V2,U023792,Control,2026-06-04,2026-06-09,True
EXP_2026_HOMEPAGE_RANK_V2,U022940,Treatment,2026-06-02,2026-06-07,True
EXP_2026_HOMEPAGE_RANK_V2,U019806,Control,2026-05-28,2026-06-02,True
EXP_2026_HOMEPAGE_RANK_V2,U008291,Treatment,2026-05-05,2026-05-07,True
EXP_2026_HOMEPAGE_RANK_V2,U014984,Control,2026-06-18,2026-06-19,True
EXP_2026_HOMEPAGE_RANK_V2,U008684,Control,2026-06-05,2026-06-06,True
EXP_2026_HOMEPAGE_RANK_V2,U005687,Control,2026-06-07,2026-06-10,True
EXP_2026_HOMEPAGE_RANK_V2,U010277,Control,2026-06-26,2026-06-28,True
EXP_2026_HOMEPAGE_RANK_V2,U016156,Control,2026-04-25,2026-04-29,True
EXP_2026_HOMEPAGE_RANK_V2,U011567,Treatment,2026-05-22,2026-05-25,True
EXP_2026_HOMEPAGE_RANK_V2,U013068,Treatment,2026-06-04,2026-06-09,True
EXP_2026_HOMEPAGE_RANK_V2,U017027,Control,2026-05-27,2026-05-31,True
EXP_2026_HOMEPAGE_RANK_V2,U006434,Control,2026-05-06,2026-05-10,True
EXP_2026_HOMEPAGE_RANK_V2,U010278,Control,2026-05-23,2026-05-25,True
EXP_2026_HOMEPAGE_RANK_V2,U012291,Control,2026-05-29,2026-05-29,True
EXP_2026_HOMEPAGE_RANK_V2,U001107,Treatment,2026-05-08,2026-05-13,True
EXP_2026_HOMEPAGE_RANK_V2,U021491,Treatment,2026-04-18,2026-04-23,True
EXP_2026_HOMEPAGE_RANK_V2,U002547,Control,2026-07-04,2026-07-04,True
EXP_2026_HOMEPAGE_RANK_V2,U016588,Control,2026-05-19,2026-05-23,True
EXP_2026_HOMEPAGE_RANK_V2,U014255,Treatment,2026-04-30,2026-05-03,True
EXP_2026_HOMEPAGE_RANK_V2,U008217,Treatment,2026-05-20,2026-05-25,True
EXP_2026_HOMEPAGE_RANK_V2,U001268,Control,2026-04-23,2026-04-23,True
EXP_2026_HOMEPAGE_RANK_V2,U021174,Treatment,2026-07-04,2026-07-08,True
EXP_2026_HOMEPAGE_RANK_V2,U015580,Treatment,2026-06-05,2026-06-08,True
EXP_2026_HOMEPAGE_RANK_V2,U010807,Control,2026-05-03,2026-05-08,True
EXP_2026_HOMEPAGE_RANK_V2,U002699,Control,2026-05-31,2026-06-04,True
EXP_2026_HOMEPAGE_RANK_V2,U016498,Control,2026-06-21,2026-06-26,True
EXP_2026_HOMEPAGE_RANK_V2,U017742,Control,2026-05-04,2026-05-08,True
EXP_2026_HOMEPAGE_RANK_V2,U014239,Treatment,2026-05-10,2026-05-13,True
EXP_2026_HOMEPAGE_RANK_V2,U007100,Control,2026-04-29,2026-05-03,True
EXP_2026_HOMEPAGE_RANK_V2,U002604,Treatment,2026-06-22,2026-06-24,True
EXP_2026_HOMEPAGE_RANK_V2,U013010,Control,2026-04-18,2026-04-20,True
EXP_2026_HOMEPAGE_RANK_V2,U000688,Treatment,2026-06-24,2026-06-24,True
EXP_2026_HOMEPAGE_RANK_V2,U003709,Treatment,2026-05-14,2026-05-14,True
EXP_2026_HOMEPAGE_RANK_V2,U004312,Control,2026-05-21,2026-05-23,True
EXP_2026_HOMEPAGE_RANK_V2,U020743,Control,2026-06-12,2026-06-16,False
EXP_2026_HOMEPAGE_RANK_V2,U017066,Control,2026-04-29,2026-05-02,True
EXP_2026_HOMEPAGE_RANK_V2,U017629,Control,2026-07-06,2026-07-10,True
EXP_2026_HOMEPAGE_RANK_V2,U017891,Treatment,2026-05-26,2026-05-29,True
EXP_2026_HOMEPAGE_RANK_V2,U004714,Treatment,2026-06-17,2026-06-21,True
EXP_2026_HOMEPAGE_RANK_V2,U013305,Control,2026-06-01,2026-06-05,True
EXP_2026_HOMEPAGE_RANK_V2,U011975,Treatment,2026-06-24,2026-06-29,True
EXP_2026_HOMEPAGE_RANK_V2,U003007,Control,2026-06-28,2026-07-03,True
EXP_2026_HOMEPAGE_RANK_V2,U022280,Control,2026-06-06,2026-06-08,True
EXP_2026_HOMEPAGE_RANK_V2,U010888,Control,2026-06-25,2026-06-30,True
EXP_2026_HOMEPAGE_RANK_V2,U001233,Treatment,2026-06-06,2026-06-08,True
EXP_2026_HOMEPAGE_RANK_V2,U016216,Control,2026-06-21,2026-06-21,True
EXP_2026_HOMEPAGE_RANK_V2,U013466,Control,2026-05-13,2026-05-17,True
EXP_2026_HOMEPAGE_RANK_V2,U023461,Treatment,2026-06-18,2026-06-21,False
EXP_2026_HOMEPAGE_RANK_V2,U010848,Treatment,2026-06-03,2026-06-05,True
EXP_2026_HOMEPAGE_RANK_V2,U010831,Control,2026-06-14,2026-06-18,True
EXP_2026_HOMEPAGE_RANK_V2,U002375,Treatment,2026-06-03,2026-06-07,True
EXP_2026_HOMEPAGE_RANK_V2,U020636,Treatment,2026-07-08,2026-07-11,True
EXP_2026_HOMEPAGE_RANK_V2,U023835,Treatment,2026-06-18,2026-06-21,True
EXP_2026_HOMEPAGE_RANK_V2,U020998,Treatment,2026-05-24,2026-05-27,False
EXP_2026_HOMEPAGE_RANK_V2,U004122,Control,2026-05-28,2026-06-02,True
EXP_2026_HOMEPAGE_RANK_V2,U019206,Control,2026-06-06,2026-06-10,True
EXP_2026_HOMEPAGE_RANK_V2,U016294,Control,2026-04-29,2026-05-01,True
EXP_2026_HOMEPAGE_RANK_V2,U023881,Treatment,2026-06-14,2026-06-14,True
EXP_2026_HOMEPAGE_RANK_V2,U017993,Control,2026-06-10,2026-06-10,True
EXP_2026_HOMEPAGE_RANK_V2,U022278,Control,2026-04-27,2026-04-30,True
EXP_2026_HOMEPAGE_RANK_V2,U015111,Treatment,2026-06-02,2026-06-06,True
EXP_2026_HOMEPAGE_RANK_V2,U020007,Control,2026-06-04,2026-06-06,False
EXP_2026_HOMEPAGE_RANK_V2,U011650,Control,2026-04-19,2026-04-21,True
EXP_2026_HOMEPAGE_RANK_V2,U000704,Treatment,2026-06-22,2026-06-26,True
EXP_2026_HOMEPAGE_RANK_V2,U022418,Control,2026-07-02,2026-07-05,True
EXP_2026_HOMEPAGE_RANK_V2,U008364,Treatment,2026-05-31,2026-06-05,True
EXP_2026_HOMEPAGE_RANK_V2,U020462,Treatment,2026-07-03,2026-07-06,True
EXP_2026_HOMEPAGE_RANK_V2,U000853,Treatment,2026-06-04,2026-06-05,True
EXP_2026_HOMEPAGE_RANK_V2,U001455,Treatment,2026-06-10,2026-06-14,True
EXP_2026_HOMEPAGE_RANK_V2,U004814,Control,2026-05-05,2026-05-09,True
EXP_2026_HOMEPAGE_RANK_V2,U006565,Treatment,2026-06-29,2026-07-03,False
EXP_2026_HOMEPAGE_RANK_V2,U015216,Control,2026-05-22,2026-05-26,True
EXP_2026_HOMEPAGE_RANK_V2,U007439,Treatment,2026-06-13,2026-06-18,True
EXP_2026_HOMEPAGE_RANK_V2,U019833,Treatment,2026-06-14,2026-06-16,True
EXP_2026_HOMEPAGE_RANK_V2,U022520,Control,2026-05-16,2026-05-21,True
EXP_2026_HOMEPAGE_RANK_V2,U014218,Control,2026-05-07,2026-05-10,True
EXP_2026_HOMEPAGE_RANK_V2,U020578,Control,2026-06-16,2026-06-19,True
EXP_2026_HOMEPAGE_RANK_V2,U004063,Treatment,2026-05-25,2026-05-29,True
EXP_2026_HOMEPAGE_RANK_V2,U019865,Treatment,2026-06-10,2026-06-12,True
EXP_2026_HOMEPAGE_RANK_V2,U014721,Control,2026-07-03,2026-07-04,True
EXP_2026_HOMEPAGE_RANK_V2,U018926,Treatment,2026-06-26,2026-07-01,True
EXP_2026_HOMEPAGE_RANK_V2,U018759,Control,2026-05-04,2026-05-05,True
EXP_2026_HOMEPAGE_RANK_V2,U023315,Control,2026-05-29,2026-05-31,True
EXP_2026_HOMEPAGE_RANK_V2,U017401,Treatment,2026-07-09,2026-07-11,True
EXP_2026_HOMEPAGE_RANK_V2,U023309,Treatment,2026-05-08,2026-05-09,True
EXP_2026_HOMEPAGE_RANK_V2,U007162,Treatment,2026-05-11,2026-05-13,True
EXP_2026_HOMEPAGE_RANK_V2,U011448,Treatment,2026-06-07,2026-06-09,True
EXP_2026_HOMEPAGE_RANK_V2,U023958,Control,2026-04-29,2026-05-03,True
EXP_2026_HOMEPAGE_RANK_V2,U024081,Control,2026-04-23,2026-04-27,True
EXP_2026_HOMEPAGE_RANK_V2,U021504,Treatment,2026-06-04,2026-06-07,True
EXP_2026_HOMEPAGE_RANK_V2,U010585,Control,2026-05-09,2026-05-14,True
EXP_2026_HOMEPAGE_RANK_V2,U002766,Control,2026-06-02,2026-06-07,True
EXP_2026_HOMEPAGE_RANK_V2,U009146,Control,2026-04-30,2026-05-05,True
EXP_2026_HOMEPAGE_RANK_V2,U024974,Control,2026-05-01,2026-05-05,True
EXP_2026_HOMEPAGE_RANK_V2,U007247,Control,2026-06-09,2026-06-10,True
EXP_2026_HOMEPAGE_RANK_V2,U011302,Control,2026-06-30,2026-06-30,True
EXP_2026_HOMEPAGE_RANK_V2,U013082,Treatment,2026-04-21,2026-04-22,True
EXP_2026_HOMEPAGE_RANK_V2,U013530,Treatment,2026-04-26,2026-05-01,True
EXP_2026_HOMEPAGE_RANK_V2,U011851,Control,2026-05-31,2026-06-02,True
EXP_2026_HOMEPAGE_RANK_V2,U020193,Treatment,2026-05-17,2026-05-17,True
EXP_2026_HOMEPAGE_RANK_V2,U003181,Control,2026-07-03,2026-07-08,True
EXP_2026_HOMEPAGE_RANK_V2,U005673,Control,2026-07-03,2026-07-03,True
EXP_2026_HOMEPAGE_RANK_V2,U004238,Control,2026-04-25,2026-04-30,True
EXP_2026_HOMEPAGE_RANK_V2,U008038,Treatment,2026-06-26,2026-06-30,True
EXP_2026_HOMEPAGE_RANK_V2,U017743,Treatment,2026-04-22,2026-04-22,True
EXP_2026_HOMEPAGE_RANK_V2,U001929,Control,2026-04-18,2026-04-23,True
EXP_2026_HOMEPAGE_RANK_V2,U018919,Treatment,2026-06-10,2026-06-10,True
EXP_2026_HOMEPAGE_RANK_V2,U021836,Control,2026-06-28,2026-07-01,True
EXP_2026_HOMEPAGE_RANK_V2,U011533,Treatment,2026-06-11,2026-06-15,True
EXP_2026_HOMEPAGE_RANK_V2,U008939,Treatment,2026-06-18,2026-06-18,True
EXP_2026_HOMEPAGE_RANK_V2,U005809,Control,2026-05-18,2026-05-19,True
EXP_2026_HOMEPAGE_RANK_V2,U002811,Control,2026-06-23,2026-06-26,True
EXP_2026_HOMEPAGE_RANK_V2,U006675,Control,2026-04-22,2026-04-27,True
EXP_2026_HOMEPAGE_RANK_V2,U016225,Treatment,2026-06-11,2026-06-13,True
EXP_2026_HOMEPAGE_RANK_V2,U010588,Treatment,2026-05-03,2026-05-07,True
EXP_2026_HOMEPAGE_RANK_V2,U023839,Treatment,2026-05-10,2026-05-11,True
EXP_2026_HOMEPAGE_RANK_V2,U011559,Control,2026-05-28,2026-05-30,True
EXP_2026_HOMEPAGE_RANK_V2,U008496,Control,2026-06-08,2026-06-11,True
EXP_2026_HOMEPAGE_RANK_V2,U002570,Control,2026-06-18,2026-06-22,True
EXP_2026_HOMEPAGE_RANK_V2,U003956,Control,2026-06-10,2026-06-14,True
EXP_2026_HOMEPAGE_RANK_V2,U007760,Treatment,2026-06-30,2026-06-30,True
EXP_2026_HOMEPAGE_RANK_V2,U024243,Control,2026-05-13,2026-05-17,True
EXP_2026_HOMEPAGE_RANK_V2,U019786,Treatment,2026-06-07,2026-06-08,True
EXP_2026_HOMEPAGE_RANK_V2,U011744,Control,2026-07-05,2026-07-06,True
EXP_2026_HOMEPAGE_RANK_V2,U012241,Treatment,2026-05-16,2026-05-21,False
EXP_2026_HOMEPAGE_RANK_V2,U023734,Control,2026-05-05,2026-05-09,True
EXP_2026_HOMEPAGE_RANK_V2,U000205,Treatment,2026-06-11,2026-06-16,True
EXP_2026_HOMEPAGE_RANK_V2,U000040,Control,2026-06-13,2026-06-15,True
EXP_2026_HOMEPAGE_RANK_V2,U012121,Control,2026-05-25,2026-05-30,True
EXP_2026_HOMEPAGE_RANK_V2,U022797,Treatment,2026-05-29,2026-06-01,True
EXP_2026_HOMEPAGE_RANK_V2,U006601,Control,2026-04-24,2026-04-27,True
EXP_2026_HOMEPAGE_RANK_V2,U012276,Treatment,2026-07-07,2026-07-09,True
EXP_2026_HOMEPAGE_RANK_V2,U011010,Control,2026-05-06,2026-05-06,True
EXP_2026_HOMEPAGE_RANK_V2,U010696,Treatment,2026-07-09,2026-07-14,True
EXP_2026_HOMEPAGE_RANK_V2,U020342,Treatment,2026-06-22,2026-06-27,True
EXP_2026_HOMEPAGE_RANK_V2,U002556,Control,2026-07-08,2026-07-08,True
EXP_2026_HOMEPAGE_RANK_V2,U011737,Treatment,2026-05-10,2026-05-14,True
EXP_2026_HOMEPAGE_RANK_V2,U013909,Treatment,2026-05-14,2026-05-19,True
EXP_2026_HOMEPAGE_RANK_V2,U005654,Control,2026-05-07,2026-05-08,True
EXP_2026_HOMEPAGE_RANK_V2,U008612,Treatment,2026-06-30,2026-07-01,True
EXP_2026_HOMEPAGE_RANK_V2,U003927,Control,2026-04-23,2026-04-26,True
EXP_2026_HOMEPAGE_RANK_V2,U008794,Treatment,2026-05-18,2026-05-18,True
EXP_2026_HOMEPAGE_RANK_V2,U003367,Treatment,2026-06-20,2026-06-23,True
EXP_2026_HOMEPAGE_RANK_V2,U016755,Treatment,2026-06-24,2026-06-25,True
EXP_2026_HOMEPAGE_RANK_V2,U015979,Treatment,2026-05-28,2026-05-28,True
EXP_2026_HOMEPAGE_RANK_V2,U021624,Control,2026-06-27,2026-06-27,True
EXP_2026_HOMEPAGE_RANK_V2,U011226,Treatment,2026-06-13,2026-06-15,True
EXP_2026_HOMEPAGE_RANK_V2,U023997,Control,2026-06-23,2026-06-27,True
EXP_2026_HOMEPAGE_RANK_V2,U013045,Control,2026-06-25,2026-06-30,True
EXP_2026_HOMEPAGE_RANK_V2,U007593,Control,2026-06-04,2026-06-06,True
EXP_2026_HOMEPAGE_RANK_V2,U024776,Treatment,2026-05-31,2026-06-02,True
EXP_2026_HOMEPAGE_RANK_V2,U021328,Treatment,2026-07-02,2026-07-07,True
EXP_2026_HOMEPAGE_RANK_V2,U009975,Control,2026-05-16,2026-05-20,True
EXP_2026_HOMEPAGE_RANK_V2,U001348,Control,2026-05-21,2026-05-21,True
EXP_2026_HOMEPAGE_RANK_V2,U001955,Control,2026-06-12,2026-06-13,False
EXP_2026_HOMEPAGE_RANK_V2,U015402,Control,2026-06-24,2026-06-26,True
EXP_2026_HOMEPAGE_RANK_V2,U024155,Treatment,2026-06-27,2026-07-02,False
EXP_2026_HOMEPAGE_RANK_V2,U022101,Control,2026-04-24,2026-04-28,True
EXP_2026_HOMEPAGE_RANK_V2,U013014,Treatment,2026-06-30,2026-07-02,True
EXP_2026_HOMEPAGE_RANK_V2,U002532,Treatment,2026-06-14,2026-06-15,True
EXP_2026_HOMEPAGE_RANK_V2,U010389,Treatment,2026-05-23,2026-05-24,True
EXP_2026_HOMEPAGE_RANK_V2,U021156,Control,2026-06-26,2026-06-29,True
EXP_2026_HOMEPAGE_RANK_V2,U007569,Treatment,2026-05-15,2026-05-16,True
EXP_2026_HOMEPAGE_RANK_V2,U006822,Control,2026-07-03,2026-07-07,True
EXP_2026_HOMEPAGE_RANK_V2,U014801,Treatment,2026-05-22,2026-05-27,True
EXP_2026_HOMEPAGE_RANK_V2,U007836,Control,2026-06-04,2026-06-04,False
EXP_2026_HOMEPAGE_RANK_V2,U022991,Control,2026-06-29,2026-07-02,True
EXP_2026_HOMEPAGE_RANK_V2,U020994,Control,2026-06-01,2026-06-01,True
EXP_2026_HOMEPAGE_RANK_V2,U009247,Control,2026-07-01,2026-07-02,True
EXP_2026_HOMEPAGE_RANK_V2,U012738,Control,2026-05-13,2026-05-17,True
EXP_2026_HOMEPAGE_RANK_V2,U010341,Control,2026-05-01,2026-05-01,True
EXP_2026_HOMEPAGE_RANK_V2,U013749,Treatment,2026-04-22,2026-04-25,True
EXP_2026_HOMEPAGE_RANK_V2,U013429,Control,2026-05-11,2026-05-15,True
EXP_2026_HOMEPAGE_RANK_V2,U006757,Treatment,2026-05-19,2026-05-22,True
EXP_2026_HOMEPAGE_RANK_V2,U022353,Control,2026-06-26,2026-06-27,True
EXP_2026_HOMEPAGE_RANK_V2,U005863,Control,2026-06-14,2026-06-17,True
EXP_2026_HOMEPAGE_RANK_V2,U011131,Control,2026-05-23,2026-05-23,True
EXP_2026_HOMEPAGE_RANK_V2,U003416,Treatment,2026-06-19,2026-06-19,True
EXP_2026_HOMEPAGE_RANK_V2,U007533,Treatment,2026-04-20,2026-04-20,True
EXP_2026_HOMEPAGE_RANK_V2,U018875,Control,2026-07-01,2026-07-01,True
EXP_2026_HOMEPAGE_RANK_V2,U003205,Treatment,2026-07-02,2026-07-04,True
EXP_2026_HOMEPAGE_RANK_V2,U000208,Control,2026-06-18,2026-06-19,True
EXP_2026_HOMEPAGE_RANK_V2,U014160,Control,2026-07-04,2026-07-09,True
EXP_2026_HOMEPAGE_RANK_V2,U005135,Treatment,2026-05-08,2026-05-12,True
EXP_2026_HOMEPAGE_RANK_V2,U014603,Control,2026-06-15,2026-06-20,True
EXP_2026_HOMEPAGE_RANK_V2,U007890,Treatment,2026-06-13,2026-06-14,True
EXP_2026_HOMEPAGE_RANK_V2,U019578,Treatment,2026-05-26,2026-05-26,True
EXP_2026_HOMEPAGE_RANK_V2,U019647,Control,2026-06-08,2026-06-11,True
EXP_2026_HOMEPAGE_RANK_V2,U001174,Control,2026-06-24,2026-06-28,True
EXP_2026_HOMEPAGE_RANK_V2,U005409,Treatment,2026-06-08,2026-06-13,True
EXP_2026_HOMEPAGE_RANK_V2,U003693,Treatment,2026-06-20,2026-06-22,True
EXP_2026_HOMEPAGE_RANK_V2,U008918,Treatment,2026-06-03,2026-06-06,True
EXP_2026_HOMEPAGE_RANK_V2,U002967,Treatment,2026-05-14,2026-05-14,True
EXP_2026_HOMEPAGE_RANK_V2,U016175,Control,2026-07-03,2026-07-05,True
EXP_2026_HOMEPAGE_RANK_V2,U013350,Treatment,2026-06-25,2026-06-28,True
EXP_2026_HOMEPAGE_RANK_V2,U015840,Control,2026-07-06,2026-07-06,True
EXP_2026_HOMEPAGE_RANK_V2,U001596,Control,2026-04-26,2026-04-28,True
EXP_2026_HOMEPAGE_RANK_V2,U008175,Treatment,2026-07-06,2026-07-09,True
EXP_2026_HOMEPAGE_RANK_V2,U018692,Control,2026-06-18,2026-06-23,False
EXP_2026_HOMEPAGE_RANK_V2,U009106,Control,2026-05-13,2026-05-13,True
EXP_2026_HOMEPAGE_RANK_V2,U002496,Treatment,2026-04-20,2026-04-22,False
EXP_2026_HOMEPAGE_RANK_V2,U015651,Control,2026-05-04,2026-05-07,True
EXP_2026_HOMEPAGE_RANK_V2,U023704,Treatment,2026-04-23,2026-04-28,True
EXP_2026_HOMEPAGE_RANK_V2,U017748,Control,2026-05-23,2026-05-25,True
EXP_2026_HOMEPAGE_RANK_V2,U024926,Control,2026-06-19,2026-06-20,True
EXP_2026_HOMEPAGE_RANK_V2,U007489,Treatment,2026-05-07,2026-05-07,True
EXP_2026_HOMEPAGE_RANK_V2,U006494,Treatment,2026-06-17,2026-06-22,True
EXP_2026_HOMEPAGE_RANK_V2,U008378,Treatment,2026-07-01,2026-07-02,True
EXP_2026_HOMEPAGE_RANK_V2,U006199,Control,2026-06-08,2026-06-11,True
EXP_2026_HOMEPAGE_RANK_V2,U024463,Treatment,2026-06-19,2026-06-21,True
EXP_2026_HOMEPAGE_RANK_V2,U005440,Control,2026-06-23,2026-06-23,True
EXP_2026_HOMEPAGE_RANK_V2,U003013,Treatment,2026-05-31,2026-06-01,True
EXP_2026_HOMEPAGE_RANK_V2,U022598,Treatment,2026-06-23,2026-06-28,True
EXP_2026_HOMEPAGE_RANK_V2,U008534,Control,2026-05-15,2026-05-17,True
EXP_2026_HOMEPAGE_RANK_V2,U013635,Control,2026-05-07,2026-05-08,True
EXP_2026_HOMEPAGE_RANK_V2,U019968,Treatment,2026-05-20,2026-05-24,True
EXP_2026_HOMEPAGE_RANK_V2,U017360,Treatment,2026-05-01,2026-05-01,True
EXP_2026_HOMEPAGE_RANK_V2,U012136,Control,2026-07-05,2026-07-08,True
EXP_2026_HOMEPAGE_RANK_V2,U017528,Treatment,2026-06-02,2026-06-05,True
EXP_2026_HOMEPAGE_RANK_V2,U000105,Treatment,2026-05-23,2026-05-26,True
EXP_2026_HOMEPAGE_RANK_V2,U008432,Control,2026-05-23,2026-05-24,True
EXP_2026_HOMEPAGE_RANK_V2,U002683,Control,2026-07-04,2026-07-09,True
EXP_2026_HOMEPAGE_RANK_V2,U021594,Treatment,2026-06-07,2026-06-09,True
EXP_2026_HOMEPAGE_RANK_V2,U000419,Treatment,2026-07-03,2026-07-06,True
EXP_2026_HOMEPAGE_RANK_V2,U012590,Control,2026-04-20,2026-04-21,True
EXP_2026_HOMEPAGE_RANK_V2,U009473,Control,2026-05-30,2026-06-01,True
EXP_2026_HOMEPAGE_RANK_V2,U000632,Control,2026-06-02,2026-06-07,True
EXP_2026_HOMEPAGE_RANK_V2,U009432,Control,2026-04-28,2026-04-29,True
EXP_2026_HOMEPAGE_RANK_V2,U000225,Treatment,2026-06-02,2026-06-02,True
EXP_2026_HOMEPAGE_RANK_V2,U003999,Treatment,2026-05-23,2026-05-23,True
EXP_2026_HOMEPAGE_RANK_V2,U009520,Treatment,2026-06-26,2026-06-30,True
EXP_2026_HOMEPAGE_RANK_V2,U002356,Control,2026-06-05,2026-06-06,True
EXP_2026_HOMEPAGE_RANK_V2,U009158,Control,2026-06-06,2026-06-11,False
EXP_2026_HOMEPAGE_RANK_V2,U005631,Control,2026-05-23,2026-05-27,True
EXP_2026_HOMEPAGE_RANK_V2,U008905,Control,2026-05-14,2026-05-15,True
EXP_2026_HOMEPAGE_RANK_V2,U014092,Treatment,2026-05-26,2026-05-30,True
EXP_2026_HOMEPAGE_RANK_V2,U024011,Treatment,2026-06-27,2026-07-02,True
EXP_2026_HOMEPAGE_RANK_V2,U015308,Control,2026-04-30,2026-05-03,True
EXP_2026_HOMEPAGE_RANK_V2,U002743,Control,2026-06-17,2026-06-21,False
EXP_2026_HOMEPAGE_RANK_V2,U006121,Control,2026-06-07,2026-06-07,True
EXP_2026_HOMEPAGE_RANK_V2,U003322,Control,2026-05-18,2026-05-21,True
EXP_2026_HOMEPAGE_RANK_V2,U024576,Treatment,2026-06-17,2026-06-21,True
EXP_2026_HOMEPAGE_RANK_V2,U018051,Control,2026-06-11,2026-06-14,True
EXP_2026_HOMEPAGE_RANK_V2,U014426,Control,2026-04-25,2026-04-25,True
EXP_2026_HOMEPAGE_RANK_V2,U024640,Treatment,2026-05-07,2026-05-11,True
EXP_2026_HOMEPAGE_RANK_V2,U012553,Control,2026-07-11,2026-07-11,True
EXP_2026_HOMEPAGE_RANK_V2,U001813,Treatment,2026-05-12,2026-05-12,True
EXP_2026_HOMEPAGE_RANK_V2,U007134,Treatment,2026-06-12,2026-06-15,True
EXP_2026_HOMEPAGE_RANK_V2,U003815,Control,2026-05-18,2026-05-22,True
EXP_2026_HOMEPAGE_RANK_V2,U023945,Control,2026-04-29,2026-05-01,True
EXP_2026_HOMEPAGE_RANK_V2,U018695,Treatment,2026-05-16,2026-05-16,True
EXP_2026_HOMEPAGE_RANK_V2,U019487,Treatment,2026-04-26,2026-05-01,True
EXP_2026_HOMEPAGE_RANK_V2,U014753,Treatment,2026-06-26,2026-06-26,True
EXP_2026_HOMEPAGE_RANK_V2,U014770,Treatment,2026-07-04,2026-07-07,True
EXP_2026_HOMEPAGE_RANK_V2,U020860,Treatment,2026-04-18,2026-04-20,True
EXP_2026_HOMEPAGE_RANK_V2,U011397,Treatment,2026-06-18,2026-06-23,True
EXP_2026_HOMEPAGE_RANK_V2,U016853,Control,2026-05-16,2026-05-18,True
EXP_2026_HOMEPAGE_RANK_V2,U008454,Treatment,2026-05-01,2026-05-01,True
EXP_2026_HOMEPAGE_RANK_V2,U021692,Treatment,2026-05-17,2026-05-17,True
EXP_2026_HOMEPAGE_RANK_V2,U018311,Treatment,2026-05-17,2026-05-21,True
EXP_2026_HOMEPAGE_RANK_V2,U009712,Treatment,2026-06-07,2026-06-11,True
EXP_2026_HOMEPAGE_RANK_V2,U005050,Treatment,2026-04-27,2026-04-28,False
EXP_2026_HOMEPAGE_RANK_V2,U009537,Treatment,2026-06-17,2026-06-18,True
EXP_2026_HOMEPAGE_RANK_V2,U008742,Control,2026-07-03,2026-07-07,True
EXP_2026_HOMEPAGE_RANK_V2,U000151,Treatment,2026-07-07,2026-07-12,True
EXP_2026_HOMEPAGE_RANK_V2,U024818,Treatment,2026-07-05,2026-07-06,True
EXP_2026_HOMEPAGE_RANK_V2,U003273,Treatment,2026-05-24,2026-05-29,True
EXP_2026_HOMEPAGE_RANK_V2,U010418,Control,2026-05-04,2026-05-04,True
EXP_2026_HOMEPAGE_RANK_V2,U018026,Treatment,2026-06-27,2026-06-28,True
EXP_2026_HOMEPAGE_RANK_V2,U008658,Control,2026-07-05,2026-07-09,True
EXP_2026_HOMEPAGE_RANK_V2,U010762,Treatment,2026-06-20,2026-06-23,True
EXP_2026_HOMEPAGE_RANK_V2,U002582,Treatment,2026-04-30,2026-05-02,True
EXP_2026_HOMEPAGE_RANK_V2,U013460,Treatment,2026-06-10,2026-06-14,True
EXP_2026_HOMEPAGE_RANK_V2,U020301,Treatment,2026-05-30,2026-06-03,True
EXP_2026_HOMEPAGE_RANK_V2,U003254,Control,2026-06-24,2026-06-28,True
EXP_2026_HOMEPAGE_RANK_V2,U003944,Treatment,2026-05-05,2026-05-10,True
EXP_2026_HOMEPAGE_RANK_V2,U000885,Control,2026-05-27,2026-05-29,True
EXP_2026_HOMEPAGE_RANK_V2,U011770,Control,2026-05-11,2026-05-15,True
EXP_2026_HOMEPAGE_RANK_V2,U008562,Treatment,2026-06-23,2026-06-28,True
EXP_2026_HOMEPAGE_RANK_V2,U016310,Control,2026-05-05,2026-05-05,True
EXP_2026_HOMEPAGE_RANK_V2,U010213,Treatment,2026-04-23,2026-04-27,True
EXP_2026_HOMEPAGE_RANK_V2,U001466,Control,2026-06-15,2026-06-16,True
EXP_2026_HOMEPAGE_RANK_V2,U014260,Treatment,2026-04-20,2026-04-24,True
EXP_2026_HOMEPAGE_RANK_V2,U006924,Control,2026-06-09,2026-06-11,True
EXP_2026_HOMEPAGE_RANK_V2,U024261,Treatment,2026-07-07,2026-07-09,True
EXP_2026_HOMEPAGE_RANK_V2,U013338,Treatment,2026-06-25,2026-06-27,True
EXP_2026_HOMEPAGE_RANK_V2,U006760,Control,2026-06-04,2026-06-09,True
EXP_2026_HOMEPAGE_RANK_V2,U023605,Treatment,2026-06-27,2026-06-28,True
EXP_2026_HOMEPAGE_RANK_V2,U018976,Control,2026-04-27,2026-04-30,True
EXP_2026_HOMEPAGE_RANK_V2,U024179,Control,2026-04-19,2026-04-19,True
EXP_2026_HOMEPAGE_RANK_V2,U009639,Control,2026-06-10,2026-06-11,True
EXP_2026_HOMEPAGE_RANK_V2,U022969,Treatment,2026-04-29,2026-04-29,True
EXP_2026_HOMEPAGE_RANK_V2,U024161,Treatment,2026-06-05,2026-06-05,True
EXP_2026_HOMEPAGE_RANK_V2,U014320,Treatment,2026-04-18,2026-04-22,True
EXP_2026_HOMEPAGE_RANK_V2,U023468,Treatment,2026-05-01,2026-05-05,True
EXP_2026_HOMEPAGE_RANK_V2,U001012,Control,2026-05-28,2026-05-29,True
EXP_2026_HOMEPAGE_RANK_V2,U008426,Treatment,2026-06-18,2026-06-21,True
EXP_2026_HOMEPAGE_RANK_V2,U023834,Treatment,2026-04-20,2026-04-25,True
EXP_2026_HOMEPAGE_RANK_V2,U022923,Control,2026-06-28,2026-06-29,True
EXP_2026_HOMEPAGE_RANK_V2,U009482,Treatment,2026-05-12,2026-05-12,True
EXP_2026_HOMEPAGE_RANK_V2,U017022,Treatment,2026-04-18,2026-04-20,True
EXP_2026_HOMEPAGE_RANK_V2,U019839,Control,2026-05-04,2026-05-08,True
EXP_2026_HOMEPAGE_RANK_V2,U014940,Treatment,2026-05-20,2026-05-21,True
EXP_2026_HOMEPAGE_RANK_V2,U010541,Treatment,2026-07-06,2026-07-08,True
EXP_2026_HOMEPAGE_RANK_V2,U016158,Treatment,2026-06-07,2026-06-12,True
EXP_2026_HOMEPAGE_RANK_V2,U022151,Control,2026-06-26,2026-06-29,True
EXP_2026_HOMEPAGE_RANK_V2,U011389,Treatment,2026-06-09,2026-06-13,True
EXP_2026_HOMEPAGE_RANK_V2,U018204,Control,2026-04-29,2026-04-29,True
EXP_2026_HOMEPAGE_RANK_V2,U019141,Treatment,2026-05-06,2026-05-09,True
EXP_2026_HOMEPAGE_RANK_V2,U015843,Control,2026-06-27,2026-06-30,True
EXP_2026_HOMEPAGE_RANK_V2,U018040,Treatment,2026-05-06,2026-05-07,True
EXP_2026_HOMEPAGE_RANK_V2,U002119,Control,2026-07-08,2026-07-11,True
EXP_2026_HOMEPAGE_RANK_V2,U024548,Control,2026-04-25,2026-04-28,False
EXP_2026_HOMEPAGE_RANK_V2,U022981,Control,2026-04-26,2026-05-01,True
EXP_2026_HOMEPAGE_RANK_V2,U003388,Treatment,2026-06-30,2026-07-01,True
EXP_2026_HOMEPAGE_RANK_V2,U007904,Treatment,2026-05-23,2026-05-28,True
EXP_2026_HOMEPAGE_RANK_V2,U019120,Treatment,2026-04-25,2026-04-28,True
EXP_2026_HOMEPAGE_RANK_V2,U001540,Treatment,2026-04-18,2026-04-18,True
EXP_2026_HOMEPAGE_RANK_V2,U012497,Control,2026-06-30,2026-07-05,True
EXP_2026_HOMEPAGE_RANK_V2,U009326,Treatment,2026-06-04,2026-06-05,True
EXP_2026_HOMEPAGE_RANK_V2,U009157,Control,2026-06-06,2026-06-07,True
EXP_2026_HOMEPAGE_RANK_V2,U000723,Control,2026-06-09,2026-06-13,True
EXP_2026_HOMEPAGE_RANK_V2,U012082,Control,2026-05-05,2026-05-07,True
EXP_2026_HOMEPAGE_RANK_V2,U006861,Control,2026-06-25,2026-06-28,True
EXP_2026_HOMEPAGE_RANK_V2,U024374,Control,2026-06-25,2026-06-29,True
EXP_2026_HOMEPAGE_RANK_V2,U009770,Control,2026-05-16,2026-05-21,True
EXP_2026_HOMEPAGE_RANK_V2,U014680,Control,2026-05-19,2026-05-24,True
EXP_2026_HOMEPAGE_RANK_V2,U015736,Treatment,2026-04-25,2026-04-29,True
EXP_2026_HOMEPAGE_RANK_V2,U000171,Treatment,2026-05-23,2026-05-27,True
EXP_2026_HOMEPAGE_RANK_V2,U009833,Treatment,2026-05-16,2026-05-19,True
EXP_2026_HOMEPAGE_RANK_V2,U001998,Control,2026-05-20,2026-05-21,True
EXP_2026_HOMEPAGE_RANK_V2,U023813,Control,2026-05-02,2026-05-02,True
EXP_2026_HOMEPAGE_RANK_V2,U011464,Control,2026-05-11,2026-05-14,True
EXP_2026_HOMEPAGE_RANK_V2,U004857,Treatment,2026-05-21,2026-05-25,True
EXP_2026_HOMEPAGE_RANK_V2,U023197,Treatment,2026-05-30,2026-06-02,True
EXP_2026_HOMEPAGE_RANK_V2,U003749,Control,2026-05-02,2026-05-07,True
EXP_2026_HOMEPAGE_RANK_V2,U011534,Treatment,2026-05-24,2026-05-27,True
EXP_2026_HOMEPAGE_RANK_V2,U014772,Control,2026-07-08,2026-07-11,True
EXP_2026_HOMEPAGE_RANK_V2,U010088,Control,2026-05-21,2026-05-26,True
EXP_2026_HOMEPAGE_RANK_V2,U011599,Treatment,2026-04-22,2026-04-27,True
EXP_2026_HOMEPAGE_RANK_V2,U012188,Control,2026-04-27,2026-05-01,True
EXP_2026_HOMEPAGE_RANK_V2,U016233,Control,2026-06-12,2026-06-12,True
EXP_2026_HOMEPAGE_RANK_V2,U015005,Control,2026-06-20,2026-06-24,True
EXP_2026_HOMEPAGE_RANK_V2,U013259,Control,2026-06-09,2026-06-13,True
EXP_2026_HOMEPAGE_RANK_V2,U006274,Control,2026-06-19,2026-06-22,True
EXP_2026_HOMEPAGE_RANK_V2,U023234,Treatment,2026-06-08,2026-06-10,True
EXP_2026_HOMEPAGE_RANK_V2,U008907,Treatment,2026-04-19,2026-04-19,True
EXP_2026_HOMEPAGE_RANK_V2,U010166,Treatment,2026-06-03,2026-06-08,True
EXP_2026_HOMEPAGE_RANK_V2,U012160,Treatment,2026-04-18,2026-04-19,True
EXP_2026_HOMEPAGE_RANK_V2,U021290,Control,2026-07-03,2026-07-04,True
EXP_2026_HOMEPAGE_RANK_V2,U004211,Control,2026-05-10,2026-05-13,True
EXP_2026_HOMEPAGE_RANK_V2,U022155,Control,2026-07-10,2026-07-15,True
EXP_2026_HOMEPAGE_RANK_V2,U014347,Treatment,2026-06-15,2026-06-15,True
EXP_2026_HOMEPAGE_RANK_V2,U005283,Control,2026-07-11,2026-07-12,True
EXP_2026_HOMEPAGE_RANK_V2,U021298,Control,2026-07-04,2026-07-05,True
EXP_2026_HOMEPAGE_RANK_V2,U000174,Control,2026-05-21,2026-05-23,True
EXP_2026_HOMEPAGE_RANK_V2,U015592,Control,2026-07-02,2026-07-02,True
EXP_2026_HOMEPAGE_RANK_V2,U012688,Control,2026-04-28,2026-04-29,True
EXP_2026_HOMEPAGE_RANK_V2,U004031,Control,2026-06-20,2026-06-21,True
EXP_2026_HOMEPAGE_RANK_V2,U009580,Treatment,2026-07-08,2026-07-11,True
EXP_2026_HOMEPAGE_RANK_V2,U015833,Control,2026-04-26,2026-04-28,True
EXP_2026_HOMEPAGE_RANK_V2,U018755,Treatment,2026-05-18,2026-05-19,False
EXP_2026_HOMEPAGE_RANK_V2,U005966,Treatment,2026-06-30,2026-07-05,True
EXP_2026_HOMEPAGE_RANK_V2,U022913,Treatment,2026-05-24,2026-05-25,True
EXP_2026_HOMEPAGE_RANK_V2,U022275,Control,2026-06-06,2026-06-11,True
EXP_2026_HOMEPAGE_RANK_V2,U004395,Control,2026-04-24,2026-04-29,True
EXP_2026_HOMEPAGE_RANK_V2,U013334,Treatment,2026-06-30,2026-07-01,True
EXP_2026_HOMEPAGE_RANK_V2,U018043,Treatment,2026-06-22,2026-06-24,True
EXP_2026_HOMEPAGE_RANK_V2,U002130,Control,2026-04-18,2026-04-23,True
EXP_2026_HOMEPAGE_RANK_V2,U024150,Treatment,2026-06-02,2026-06-05,True
EXP_2026_HOMEPAGE_RANK_V2,U017342,Control,2026-06-08,2026-06-11,True
EXP_2026_HOMEPAGE_RANK_V2,U004394,Control,2026-04-24,2026-04-29,True
EXP_2026_HOMEPAGE_RANK_V2,U010591,Treatment,2026-05-02,2026-05-02,True
EXP_2026_HOMEPAGE_RANK_V2,U015820,Treatment,2026-06-28,2026-07-02,True
EXP_2026_HOMEPAGE_RANK_V2,U024920,Treatment,2026-06-17,2026-06-22,True
EXP_2026_HOMEPAGE_RANK_V2,U017008,Treatment,2026-06-08,2026-06-09,True
EXP_2026_HOMEPAGE_RANK_V2,U008890,Control,2026-06-03,2026-06-07,False
EXP_2026_HOMEPAGE_RANK_V2,U022912,Treatment,2026-05-05,2026-05-06,True
EXP_2026_HOMEPAGE_RANK_V2,U009691,Control,2026-06-03,2026-06-05,True
EXP_2026_HOMEPAGE_RANK_V2,U002224,Control,2026-05-18,2026-05-23,True
EXP_2026_HOMEPAGE_RANK_V2,U013384,Treatment,2026-05-23,2026-05-23,True
EXP_2026_HOMEPAGE_RANK_V2,U001356,Control,2026-05-18,2026-05-23,True
EXP_2026_HOMEPAGE_RANK_V2,U022904,Treatment,2026-06-18,2026-06-19,True
EXP_2026_HOMEPAGE_RANK_V2,U021285,Control,2026-06-20,2026-06-25,True
EXP_2026_HOMEPAGE_RANK_V2,U007665,Control,2026-05-19,2026-05-22,True
EXP_2026_HOMEPAGE_RANK_V2,U000260,Treatment,2026-06-18,2026-06-23,True
EXP_2026_HOMEPAGE_RANK_V2,U019792,Treatment,2026-05-10,2026-05-12,True
EXP_2026_HOMEPAGE_RANK_V2,U021809,Control,2026-07-06,2026-07-08,True
EXP_2026_HOMEPAGE_RANK_V2,U001138,Treatment,2026-07-07,2026-07-10,True
EXP_2026_HOMEPAGE_RANK_V2,U000532,Control,2026-04-26,2026-04-30,True
EXP_2026_HOMEPAGE_RANK_V2,U018644,Control,2026-06-19,2026-06-23,True
EXP_2026_HOMEPAGE_RANK_V2,U015495,Treatment,2026-05-08,2026-05-09,True
EXP_2026_HOMEPAGE_RANK_V2,U008429,Treatment,2026-04-30,2026-05-01,True
EXP_2026_HOMEPAGE_RANK_V2,U010744,Treatment,2026-05-09,2026-05-10,True
EXP_2026_HOMEPAGE_RANK_V2,U002480,Control,2026-04-20,2026-04-25,True
EXP_2026_HOMEPAGE_RANK_V2,U006113,Treatment,2026-07-03,2026-07-04,True
EXP_2026_HOMEPAGE_RANK_V2,U000093,Treatment,2026-04-28,2026-05-02,True
EXP_2026_HOMEPAGE_RANK_V2,U006229,Treatment,2026-06-10,2026-06-15,True
EXP_2026_HOMEPAGE_RANK_V2,U005941,Treatment,2026-06-13,2026-06-16,True
EXP_2026_HOMEPAGE_RANK_V2,U004571,Control,2026-06-29,2026-07-03,True
EXP_2026_HOMEPAGE_RANK_V2,U016656,Treatment,2026-05-30,2026-06-04,True
EXP_2026_HOMEPAGE_RANK_V2,U020812,Treatment,2026-06-09,2026-06-13,True
EXP_2026_HOMEPAGE_RANK_V2,U022891,Treatment,2026-05-12,2026-05-14,True
EXP_2026_HOMEPAGE_RANK_V2,U015274,Control,2026-05-06,2026-05-09,True
EXP_2026_HOMEPAGE_RANK_V2,U000714,Control,2026-07-04,2026-07-07,True
EXP_2026_HOMEPAGE_RANK_V2,U003632,Treatment,2026-05-23,2026-05-28,True
EXP_2026_HOMEPAGE_RANK_V2,U006534,Control,2026-05-19,2026-05-20,True
EXP_2026_HOMEPAGE_RANK_V2,U012712,Treatment,2026-06-13,2026-06-17,True
EXP_2026_HOMEPAGE_RANK_V2,U009614,Control,2026-06-22,2026-06-23,True
EXP_2026_HOMEPAGE_RANK_V2,U019986,Treatment,2026-06-08,2026-06-12,True
EXP_2026_HOMEPAGE_RANK_V2,U009652,Treatment,2026-06-10,2026-06-14,True
EXP_2026_HOMEPAGE_RANK_V2,U021985,Treatment,2026-05-20,2026-05-21,True
EXP_2026_HOMEPAGE_RANK_V2,U002561,Treatment,2026-04-23,2026-04-26,True
EXP_2026_HOMEPAGE_RANK_V2,U009013,Treatment,2026-05-19,2026-05-19,True
EXP_2026_HOMEPAGE_RANK_V2,U010048,Control,2026-04-26,2026-04-29,True
EXP_2026_HOMEPAGE_RANK_V2,U023649,Treatment,2026-05-06,2026-05-08,True
EXP_2026_HOMEPAGE_RANK_V2,U013035,Treatment,2026-06-03,2026-06-07,True
EXP_2026_HOMEPAGE_RANK_V2,U004014,Control,2026-07-05,2026-07-07,True
EXP_2026_HOMEPAGE_RANK_V2,U018636,Treatment,2026-05-01,2026-05-02,True
EXP_2026_HOMEPAGE_RANK_V2,U012001,Control,2026-06-17,2026-06-22,True
EXP_2026_HOMEPAGE_RANK_V2,U011507,Treatment,2026-04-25,2026-04-26,True
EXP_2026_HOMEPAGE_RANK_V2,U001694,Treatment,2026-07-02,2026-07-07,True
EXP_2026_HOMEPAGE_RANK_V2,U021903,Control,2026-07-04,2026-07-09,True
EXP_2026_HOMEPAGE_RANK_V2,U022755,Control,2026-07-09,2026-07-13,True
EXP_2026_HOMEPAGE_RANK_V2,U024543,Control,2026-06-13,2026-06-13,True
EXP_2026_HOMEPAGE_RANK_V2,U019483,Treatment,2026-06-05,2026-06-05,True
EXP_2026_HOMEPAGE_RANK_V2,U021908,Control,2026-06-27,2026-07-02,True
EXP_2026_HOMEPAGE_RANK_V2,U009584,Control,2026-06-03,2026-06-08,True
EXP_2026_HOMEPAGE_RANK_V2,U011088,Treatment,2026-06-04,2026-06-08,True
EXP_2026_HOMEPAGE_RANK_V2,U008012,Control,2026-06-12,2026-06-16,True
EXP_2026_HOMEPAGE_RANK_V2,U016663,Control,2026-06-23,2026-06-28,True
EXP_2026_HOMEPAGE_RANK_V2,U016873,Control,2026-05-02,2026-05-04,True
EXP_2026_HOMEPAGE_RANK_V2,U001103,Control,2026-06-15,2026-06-15,True
EXP_2026_HOMEPAGE_RANK_V2,U002905,Treatment,2026-06-11,2026-06-12,True
EXP_2026_HOMEPAGE_RANK_V2,U024231,Treatment,2026-05-31,2026-06-05,False
EXP_2026_HOMEPAGE_RANK_V2,U008114,Treatment,2026-06-15,2026-06-18,True
EXP_2026_HOMEPAGE_RANK_V2,U001551,Control,2026-06-10,2026-06-15,True
EXP_2026_HOMEPAGE_RANK_V2,U018588,Treatment,2026-04-27,2026-04-27,True
EXP_2026_HOMEPAGE_RANK_V2,U014882,Treatment,2026-06-02,2026-06-02,True
EXP_2026_HOMEPAGE_RANK_V2,U002122,Treatment,2026-05-03,2026-05-06,True
EXP_2026_HOMEPAGE_RANK_V2,U002416,Treatment,2026-05-27,2026-06-01,True
EXP_2026_HOMEPAGE_RANK_V2,U012953,Control,2026-04-18,2026-04-22,True
EXP_2026_HOMEPAGE_RANK_V2,U020878,Control,2026-07-04,2026-07-06,True
EXP_2026_HOMEPAGE_RANK_V2,U020936,Control,2026-06-23,2026-06-24,True
EXP_2026_HOMEPAGE_RANK_V2,U014528,Treatment,2026-05-06,2026-05-11,True
EXP_2026_HOMEPAGE_RANK_V2,U011726,Control,2026-05-06,2026-05-11,True
EXP_2026_HOMEPAGE_RANK_V2,U019542,Treatment,2026-05-06,2026-05-06,True
EXP_2026_HOMEPAGE_RANK_V2,U024687,Treatment,2026-07-06,2026-07-10,True
EXP_2026_HOMEPAGE_RANK_V2,U022019,Control,2026-05-04,2026-05-07,False
EXP_2026_HOMEPAGE_RANK_V2,U019924,Treatment,2026-05-27,2026-05-31,True
EXP_2026_HOMEPAGE_RANK_V2,U020280,Control,2026-05-19,2026-05-24,True
EXP_2026_HOMEPAGE_RANK_V2,U003694,Control,2026-06-15,2026-06-17,True
EXP_2026_HOMEPAGE_RANK_V2,U002059,Treatment,2026-05-04,2026-05-07,True
EXP_2026_HOMEPAGE_RANK_V2,U021339,Treatment,2026-04-28,2026-04-28,True
EXP_2026_HOMEPAGE_RANK_V2,U013799,Control,2026-06-16,2026-06-19,True
EXP_2026_HOMEPAGE_RANK_V2,U023541,Treatment,2026-06-30,2026-07-01,True
EXP_2026_HOMEPAGE_RANK_V2,U022602,Treatment,2026-06-04,2026-06-07,True
EXP_2026_HOMEPAGE_RANK_V2,U016595,Control,2026-06-16,2026-06-18,True
EXP_2026_HOMEPAGE_RANK_V2,U019668,Control,2026-06-01,2026-06-06,True
EXP_2026_HOMEPAGE_RANK_V2,U020069,Treatment,2026-05-01,2026-05-02,True
EXP_2026_HOMEPAGE_RANK_V2,U010767,Treatment,2026-04-20,2026-04-25,True
EXP_2026_HOMEPAGE_RANK_V2,U021543,Treatment,2026-06-08,2026-06-13,True
EXP_2026_HOMEPAGE_RANK_V2,U001448,Treatment,2026-04-27,2026-04-29,True
EXP_2026_HOMEPAGE_RANK_V2,U008673,Control,2026-06-19,2026-06-21,True
EXP_2026_HOMEPAGE_RANK_V2,U001881,Control,2026-06-19,2026-06-22,True
EXP_2026_HOMEPAGE_RANK_V2,U015330,Treatment,2026-05-22,2026-05-22,True
EXP_2026_HOMEPAGE_RANK_V2,U018712,Control,2026-05-23,2026-05-28,True
EXP_2026_HOMEPAGE_RANK_V2,U014480,Treatment,2026-04-25,2026-04-27,True
EXP_2026_HOMEPAGE_RANK_V2,U003987,Control,2026-06-09,2026-06-14,True
EXP_2026_HOMEPAGE_RANK_V2,U004356,Treatment,2026-04-20,2026-04-24,True
EXP_2026_HOMEPAGE_RANK_V2,U021653,Treatment,2026-04-20,2026-04-23,True
EXP_2026_HOMEPAGE_RANK_V2,U012569,Control,2026-05-03,2026-05-04,True
EXP_2026_HOMEPAGE_RANK_V2,U015219,Control,2026-05-14,2026-05-17,True
EXP_2026_HOMEPAGE_RANK_V2,U002163,Treatment,2026-05-27,2026-05-31,True
EXP_2026_HOMEPAGE_RANK_V2,U010788,Treatment,2026-05-10,2026-05-11,True
EXP_2026_HOMEPAGE_RANK_V2,U010244,Treatment,2026-06-17,2026-06-21,True
EXP_2026_HOMEPAGE_RANK_V2,U011529,Control,2026-06-25,2026-06-28,True
EXP_2026_HOMEPAGE_RANK_V2,U010355,Control,2026-07-05,2026-07-10,True
EXP_2026_HOMEPAGE_RANK_V2,U013295,Control,2026-07-07,2026-07-07,True
EXP_2026_HOMEPAGE_RANK_V2,U008469,Control,2026-06-18,2026-06-20,True
EXP_2026_HOMEPAGE_RANK_V2,U006547,Control,2026-05-02,2026-05-06,True
EXP_2026_HOMEPAGE_RANK_V2,U010625,Treatment,2026-05-08,2026-05-09,True
EXP_2026_HOMEPAGE_RANK_V2,U022976,Control,2026-05-31,2026-06-04,True
EXP_2026_HOMEPAGE_RANK_V2,U011622,Treatment,2026-04-20,2026-04-20,True
EXP_2026_HOMEPAGE_RANK_V2,U009640,Control,2026-05-15,2026-05-16,True
EXP_2026_HOMEPAGE_RANK_V2,U002640,Control,2026-05-25,2026-05-26,True
EXP_2026_HOMEPAGE_RANK_V2,U008468,Treatment,2026-06-08,2026-06-08,True
EXP_2026_HOMEPAGE_RANK_V2,U024938,Control,2026-04-28,2026-05-01,True
EXP_2026_HOMEPAGE_RANK_V2,U008059,Control,2026-07-05,2026-07-09,True
EXP_2026_HOMEPAGE_RANK_V2,U018405,Control,2026-06-05,2026-06-09,True
EXP_2026_HOMEPAGE_RANK_V2,U024002,Treatment,2026-05-26,2026-05-30,True
EXP_2026_HOMEPAGE_RANK_V2,U021778,Control,2026-04-20,2026-04-23,True
EXP_2026_HOMEPAGE_RANK_V2,U004124,Treatment,2026-06-21,2026-06-21,True
EXP_2026_HOMEPAGE_RANK_V2,U021706,Treatment,2026-06-10,2026-06-11,True
EXP_2026_HOMEPAGE_RANK_V2,U004625,Control,2026-05-06,2026-05-11,True
EXP_2026_HOMEPAGE_RANK_V2,U024902,Control,2026-06-04,2026-06-07,True
EXP_2026_HOMEPAGE_RANK_V2,U015859,Control,2026-05-18,2026-05-22,True
EXP_2026_HOMEPAGE_RANK_V2,U024306,Control,2026-06-28,2026-07-01,True
EXP_2026_HOMEPAGE_RANK_V2,U002112,Treatment,2026-06-17,2026-06-17,True
EXP_2026_HOMEPAGE_RANK_V2,U012732,Control,2026-05-02,2026-05-07,True
EXP_2026_HOMEPAGE_RANK_V2,U005789,Control,2026-06-23,2026-06-26,True
EXP_2026_HOMEPAGE_RANK_V2,U015180,Control,2026-05-14,2026-05-15,True
EXP_2026_HOMEPAGE_RANK_V2,U023769,Control,2026-04-20,2026-04-23,True
EXP_2026_HOMEPAGE_RANK_V2,U005288,Control,2026-06-30,2026-07-05,True
EXP_2026_HOMEPAGE_RANK_V2,U007545,Control,2026-05-07,2026-05-09,True
EXP_2026_HOMEPAGE_RANK_V2,U010993,Control,2026-05-10,2026-05-15,True
EXP_2026_HOMEPAGE_RANK_V2,U020872,Treatment,2026-06-20,2026-06-25,True
EXP_2026_HOMEPAGE_RANK_V2,U023820,Control,2026-05-27,2026-05-30,True
EXP_2026_HOMEPAGE_RANK_V2,U023658,Control,2026-06-16,2026-06-18,True
EXP_2026_HOMEPAGE_RANK_V2,U016284,Treatment,2026-06-08,2026-06-12,True
EXP_2026_HOMEPAGE_RANK_V2,U004680,Treatment,2026-05-07,2026-05-11,True
EXP_2026_HOMEPAGE_RANK_V2,U008832,Treatment,2026-07-07,2026-07-12,True
EXP_2026_HOMEPAGE_RANK_V2,U016201,Treatment,2026-06-23,2026-06-26,True
EXP_2026_HOMEPAGE_RANK_V2,U010081,Control,2026-06-19,2026-06-24,True
EXP_2026_HOMEPAGE_RANK_V2,U020161,Control,2026-05-02,2026-05-05,True
EXP_2026_HOMEPAGE_RANK_V2,U013131,Control,2026-05-16,2026-05-19,True
EXP_2026_HOMEPAGE_RANK_V2,U018671,Treatment,2026-04-23,2026-04-25,True
EXP_2026_HOMEPAGE_RANK_V2,U008322,Control,2026-06-17,2026-06-17,True
EXP_2026_HOMEPAGE_RANK_V2,U017654,Control,2026-07-01,2026-07-03,True
EXP_2026_HOMEPAGE_RANK_V2,U021071,Control,2026-04-27,2026-04-28,True
EXP_2026_HOMEPAGE_RANK_V2,U014936,Control,2026-04-30,2026-05-05,True
EXP_2026_HOMEPAGE_RANK_V2,U001709,Treatment,2026-06-27,2026-06-28,True
EXP_2026_HOMEPAGE_RANK_V2,U013298,Treatment,2026-05-10,2026-05-15,True
EXP_2026_HOMEPAGE_RANK_V2,U001209,Control,2026-04-19,2026-04-23,True
EXP_2026_HOMEPAGE_RANK_V2,U002173,Control,2026-06-24,2026-06-27,True
EXP_2026_HOMEPAGE_RANK_V2,U019408,Control,2026-06-06,2026-06-07,True
EXP_2026_HOMEPAGE_RANK_V2,U016627,Control,2026-07-11,2026-07-13,True
EXP_2026_HOMEPAGE_RANK_V2,U009360,Treatment,2026-07-08,2026-07-08,True
EXP_2026_HOMEPAGE_RANK_V2,U000994,Control,2026-06-10,2026-06-10,False
EXP_2026_HOMEPAGE_RANK_V2,U013449,Treatment,2026-04-30,2026-05-01,True
EXP_2026_HOMEPAGE_RANK_V2,U006779,Control,2026-05-11,2026-05-11,True
EXP_2026_HOMEPAGE_RANK_V2,U001923,Control,2026-07-05,2026-07-10,True
EXP_2026_HOMEPAGE_RANK_V2,U006826,Control,2026-06-20,2026-06-24,False
EXP_2026_HOMEPAGE_RANK_V2,U023933,Treatment,2026-05-21,2026-05-21,True
EXP_2026_HOMEPAGE_RANK_V2,U000305,Treatment,2026-06-03,2026-06-07,True
EXP_2026_HOMEPAGE_RANK_V2,U018862,Treatment,2026-05-05,2026-05-05,True
EXP_2026_HOMEPAGE_RANK_V2,U007531,Control,2026-06-16,2026-06-18,True
EXP_2026_HOMEPAGE_RANK_V2,U002893,Treatment,2026-05-15,2026-05-18,True
EXP_2026_HOMEPAGE_RANK_V2,U002761,Control,2026-04-18,2026-04-23,True
EXP_2026_HOMEPAGE_RANK_V2,U010521,Control,2026-05-17,2026-05-18,True
EXP_2026_HOMEPAGE_RANK_V2,U017184,Control,2026-04-30,2026-05-03,True
EXP_2026_HOMEPAGE_RANK_V2,U005538,Treatment,2026-05-31,2026-06-04,True
EXP_2026_HOMEPAGE_RANK_V2,U015082,Treatment,2026-05-06,2026-05-07,True
EXP_2026_HOMEPAGE_RANK_V2,U002707,Treatment,2026-06-10,2026-06-13,True
EXP_2026_HOMEPAGE_RANK_V2,U016571,Control,2026-06-26,2026-06-30,True
EXP_2026_HOMEPAGE_RANK_V2,U020478,Treatment,2026-06-03,2026-06-04,True
EXP_2026_HOMEPAGE_RANK_V2,U013219,Treatment,2026-06-09,2026-06-09,True
EXP_2026_HOMEPAGE_RANK_V2,U000587,Control,2026-07-07,2026-07-11,True
EXP_2026_HOMEPAGE_RANK_V2,U023846,Treatment,2026-05-20,2026-05-23,True
EXP_2026_HOMEPAGE_RANK_V2,U016493,Control,2026-06-14,2026-06-16,True
EXP_2026_HOMEPAGE_RANK_V2,U023055,Control,2026-05-14,2026-05-16,True
EXP_2026_HOMEPAGE_RANK_V2,U018207,Control,2026-06-20,2026-06-25,True
EXP_2026_HOMEPAGE_RANK_V2,U023624,Treatment,2026-04-26,2026-05-01,True
EXP_2026_HOMEPAGE_RANK_V2,U024651,Treatment,2026-05-05,2026-05-07,True
EXP_2026_HOMEPAGE_RANK_V2,U010915,Control,2026-05-02,2026-05-05,True
EXP_2026_HOMEPAGE_RANK_V2,U002171,Treatment,2026-06-26,2026-06-27,True
EXP_2026_HOMEPAGE_RANK_V2,U002732,Treatment,2026-06-25,2026-06-25,True
EXP_2026_HOMEPAGE_RANK_V2,U015115,Treatment,2026-05-14,2026-05-17,True
EXP_2026_HOMEPAGE_RANK_V2,U024059,Control,2026-07-03,2026-07-07,True
EXP_2026_HOMEPAGE_RANK_V2,U005411,Treatment,2026-06-08,2026-06-13,True
EXP_2026_HOMEPAGE_RANK_V2,U004363,Treatment,2026-06-01,2026-06-04,True
EXP_2026_HOMEPAGE_RANK_V2,U014107,Control,2026-06-05,2026-06-09,True
EXP_2026_HOMEPAGE_RANK_V2,U001264,Treatment,2026-05-03,2026-05-05,True
EXP_2026_HOMEPAGE_RANK_V2,U009467,Control,2026-07-09,2026-07-09,True
EXP_2026_HOMEPAGE_RANK_V2,U020472,Treatment,2026-04-30,2026-05-03,True
EXP_2026_HOMEPAGE_RANK_V2,U003696,Treatment,2026-04-19,2026-04-24,True
EXP_2026_HOMEPAGE_RANK_V2,U001151,Control,2026-06-29,2026-07-01,False
EXP_2026_HOMEPAGE_RANK_V2,U022509,Control,2026-06-26,2026-06-27,True
EXP_2026_HOMEPAGE_RANK_V2,U016846,Treatment,2026-06-05,2026-06-05,True
EXP_2026_HOMEPAGE_RANK_V2,U005491,Control,2026-05-21,2026-05-24,False
EXP_2026_HOMEPAGE_RANK_V2,U011749,Treatment,2026-06-28,2026-07-03,True
EXP_2026_HOMEPAGE_RANK_V2,U009513,Treatment,2026-06-04,2026-06-06,True
EXP_2026_HOMEPAGE_RANK_V2,U000874,Treatment,2026-05-08,2026-05-13,True
EXP_2026_HOMEPAGE_RANK_V2,U004764,Treatment,2026-06-22,2026-06-22,True
EXP_2026_HOMEPAGE_RANK_V2,U007853,Treatment,2026-06-13,2026-06-17,True
EXP_2026_HOMEPAGE_RANK_V2,U015642,Control,2026-06-30,2026-07-01,True
EXP_2026_HOMEPAGE_RANK_V2,U015998,Treatment,2026-04-30,2026-05-05,True
EXP_2026_HOMEPAGE_RANK_V2,U015414,Control,2026-05-10,2026-05-12,True
EXP_2026_HOMEPAGE_RANK_V2,U016500,Control,2026-07-11,2026-07-16,True
EXP_2026_HOMEPAGE_RANK_V2,U024635,Control,2026-06-08,2026-06-13,True
EXP_2026_HOMEPAGE_RANK_V2,U015499,Treatment,2026-04-20,2026-04-21,True
EXP_2026_HOMEPAGE_RANK_V2,U008864,Treatment,2026-06-04,2026-06-08,True
EXP_2026_HOMEPAGE_RANK_V2,U007084,Control,2026-07-10,2026-07-12,True
EXP_2026_HOMEPAGE_RANK_V2,U011553,Treatment,2026-06-11,2026-06-16,True
EXP_2026_HOMEPAGE_RANK_V2,U020874,Treatment,2026-04-20,2026-04-21,True
EXP_2026_HOMEPAGE_RANK_V2,U021984,Treatment,2026-05-15,2026-05-18,True
EXP_2026_HOMEPAGE_RANK_V2,U011582,Treatment,2026-06-05,2026-06-06,True
EXP_2026_HOMEPAGE_RANK_V2,U017252,Treatment,2026-06-14,2026-06-16,True
EXP_2026_HOMEPAGE_RANK_V2,U007592,Treatment,2026-06-26,2026-06-28,True
EXP_2026_HOMEPAGE_RANK_V2,U023940,Treatment,2026-05-19,2026-05-20,True
EXP_2026_HOMEPAGE_RANK_V2,U020358,Treatment,2026-05-01,2026-05-06,True
EXP_2026_HOMEPAGE_RANK_V2,U019739,Control,2026-06-01,2026-06-03,True
EXP_2026_HOMEPAGE_RANK_V2,U008248,Treatment,2026-05-17,2026-05-22,True
EXP_2026_HOMEPAGE_RANK_V2,U006574,Control,2026-06-19,2026-06-21,True
EXP_2026_HOMEPAGE_RANK_V2,U024297,Control,2026-06-08,2026-06-13,True
EXP_2026_HOMEPAGE_RANK_V2,U016966,Treatment,2026-06-08,2026-06-12,True
EXP_2026_HOMEPAGE_RANK_V2,U010082,Treatment,2026-04-18,2026-04-22,True
EXP_2026_HOMEPAGE_RANK_V2,U003597,Treatment,2026-07-02,2026-07-02,True
EXP_2026_HOMEPAGE_RANK_V2,U003276,Treatment,2026-05-08,2026-05-09,True
EXP_2026_HOMEPAGE_RANK_V2,U023222,Control,2026-05-13,2026-05-13,True
EXP_2026_HOMEPAGE_RANK_V2,U019319,Treatment,2026-06-11,2026-06-12,True
EXP_2026_HOMEPAGE_RANK_V2,U020780,Control,2026-05-15,2026-05-19,True
EXP_2026_HOMEPAGE_RANK_V2,U014182,Treatment,2026-07-11,2026-07-12,True
EXP_2026_HOMEPAGE_RANK_V2,U007343,Control,2026-05-28,2026-05-31,True
EXP_2026_HOMEPAGE_RANK_V2,U022616,Treatment,2026-05-30,2026-06-04,True
EXP_2026_HOMEPAGE_RANK_V2,U008966,Treatment,2026-06-07,2026-06-11,True
EXP_2026_HOMEPAGE_RANK_V2,U018867,Treatment,2026-06-23,2026-06-28,True
EXP_2026_HOMEPAGE_RANK_V2,U004346,Control,2026-05-06,2026-05-08,True
EXP_2026_HOMEPAGE_RANK_V2,U005204,Control,2026-06-07,2026-06-07,True
EXP_2026_HOMEPAGE_RANK_V2,U003514,Control,2026-07-03,2026-07-06,False
EXP_2026_HOMEPAGE_RANK_V2,U004577,Control,2026-05-22,2026-05-22,True
EXP_2026_HOMEPAGE_RANK_V2,U017669,Treatment,2026-07-09,2026-07-12,True
EXP_2026_HOMEPAGE_RANK_V2,U007076,Control,2026-04-19,2026-04-20,True
EXP_2026_HOMEPAGE_RANK_V2,U014452,Control,2026-07-09,2026-07-09,True
EXP_2026_HOMEPAGE_RANK_V2,U011886,Treatment,2026-05-28,2026-05-30,True
EXP_2026_HOMEPAGE_RANK_V2,U017985,Treatment,2026-05-29,2026-05-29,True
EXP_2026_HOMEPAGE_RANK_V2,U019024,Control,2026-05-07,2026-05-12,True
EXP_2026_HOMEPAGE_RANK_V2,U007443,Control,2026-05-07,2026-05-09,True
EXP_2026_HOMEPAGE_RANK_V2,U018885,Control,2026-06-10,2026-06-15,False
EXP_2026_HOMEPAGE_RANK_V2,U021404,Treatment,2026-05-26,2026-05-29,True
EXP_2026_HOMEPAGE_RANK_V2,U017944,Control,2026-05-22,2026-05-26,True
EXP_2026_HOMEPAGE_RANK_V2,U008275,Control,2026-06-17,2026-06-21,True
EXP_2026_HOMEPAGE_RANK_V2,U019768,Treatment,2026-05-19,2026-05-24,True
EXP_2026_HOMEPAGE_RANK_V2,U004020,Treatment,2026-06-16,2026-06-18,True
EXP_2026_HOMEPAGE_RANK_V2,U007967,Treatment,2026-06-26,2026-06-29,True
EXP_2026_HOMEPAGE_RANK_V2,U002292,Treatment,2026-05-10,2026-05-12,True
EXP_2026_HOMEPAGE_RANK_V2,U013482,Treatment,2026-05-19,2026-05-20,True
EXP_2026_HOMEPAGE_RANK_V2,U009428,Control,2026-06-08,2026-06-08,True
EXP_2026_HOMEPAGE_RANK_V2,U013692,Control,2026-07-05,2026-07-05,True
EXP_2026_HOMEPAGE_RANK_V2,U019990,Treatment,2026-04-25,2026-04-30,True
EXP_2026_HOMEPAGE_RANK_V2,U017218,Treatment,2026-06-13,2026-06-15,False
EXP_2026_HOMEPAGE_RANK_V2,U000689,Control,2026-04-24,2026-04-26,False
EXP_2026_HOMEPAGE_RANK_V2,U000415,Treatment,2026-05-26,2026-05-26,True
EXP_2026_HOMEPAGE_RANK_V2,U014648,Control,2026-06-22,2026-06-24,True
EXP_2026_HOMEPAGE_RANK_V2,U003424,Control,2026-04-24,2026-04-28,True
EXP_2026_HOMEPAGE_RANK_V2,U005542,Control,2026-06-26,2026-07-01,True
EXP_2026_HOMEPAGE_RANK_V2,U009244,Treatment,2026-06-24,2026-06-27,True
EXP_2026_HOMEPAGE_RANK_V2,U006635,Treatment,2026-04-30,2026-04-30,True
EXP_2026_HOMEPAGE_RANK_V2,U016230,Control,2026-04-27,2026-05-01,True
EXP_2026_HOMEPAGE_RANK_V2,U023927,Control,2026-05-11,2026-05-11,True
EXP_2026_HOMEPAGE_RANK_V2,U010980,Treatment,2026-06-20,2026-06-24,True
EXP_2026_HOMEPAGE_RANK_V2,U007158,Treatment,2026-04-29,2026-05-03,True
EXP_2026_HOMEPAGE_RANK_V2,U008704,Control,2026-06-24,2026-06-26,True
EXP_2026_HOMEPAGE_RANK_V2,U019204,Treatment,2026-04-21,2026-04-24,True
EXP_2026_HOMEPAGE_RANK_V2,U013051,Control,2026-06-27,2026-06-27,True
EXP_2026_HOMEPAGE_RANK_V2,U017703,Treatment,2026-05-27,2026-05-27,True
EXP_2026_HOMEPAGE_RANK_V2,U022208,Control,2026-04-21,2026-04-24,True
EXP_2026_HOMEPAGE_RANK_V2,U009892,Treatment,2026-06-08,2026-06-13,True
EXP_2026_HOMEPAGE_RANK_V2,U009248,Treatment,2026-06-25,2026-06-25,True
EXP_2026_HOMEPAGE_RANK_V2,U017942,Control,2026-05-03,2026-05-03,True
EXP_2026_HOMEPAGE_RANK_V2,U017503,Treatment,2026-05-22,2026-05-26,True
EXP_2026_HOMEPAGE_RANK_V2,U024551,Treatment,2026-06-04,2026-06-07,True
EXP_2026_HOMEPAGE_RANK_V2,U001433,Treatment,2026-06-27,2026-07-02,True
EXP_2026_HOMEPAGE_RANK_V2,U004684,Control,2026-05-25,2026-05-29,True
EXP_2026_HOMEPAGE_RANK_V2,U003045,Treatment,2026-06-21,2026-06-21,True
EXP_2026_HOMEPAGE_RANK_V2,U008552,Treatment,2026-05-19,2026-05-20,True
EXP_2026_HOMEPAGE_RANK_V2,U011297,Treatment,2026-05-25,2026-05-27,True
EXP_2026_HOMEPAGE_RANK_V2,U017430,Treatment,2026-04-27,2026-05-02,True
EXP_2026_HOMEPAGE_RANK_V2,U018491,Treatment,2026-06-16,2026-06-16,True
EXP_2026_HOMEPAGE_RANK_V2,U001235,Treatment,2026-06-25,2026-06-25,True
EXP_2026_HOMEPAGE_RANK_V2,U023157,Treatment,2026-06-10,2026-06-14,True
EXP_2026_HOMEPAGE_RANK_V2,U014379,Treatment,2026-05-08,2026-05-09,True
EXP_2026_HOMEPAGE_RANK_V2,U016951,Control,2026-04-21,2026-04-25,True
EXP_2026_HOMEPAGE_RANK_V2,U001453,Treatment,2026-06-07,2026-06-09,True
EXP_2026_HOMEPAGE_RANK_V2,U016707,Treatment,2026-05-06,2026-05-11,True
EXP_2026_HOMEPAGE_RANK_V2,U008797,Control,2026-05-26,2026-05-31,True
EXP_2026_HOMEPAGE_RANK_V2,U001167,Treatment,2026-05-17,2026-05-20,True
EXP_2026_HOMEPAGE_RANK_V2,U007581,Treatment,2026-05-06,2026-05-07,True
EXP_2026_HOMEPAGE_RANK_V2,U009873,Control,2026-06-11,2026-06-15,True
EXP_2026_HOMEPAGE_RANK_V2,U005447,Control,2026-05-24,2026-05-24,True
EXP_2026_HOMEPAGE_RANK_V2,U012077,Control,2026-05-23,2026-05-27,True
EXP_2026_HOMEPAGE_RANK_V2,U005569,Control,2026-05-08,2026-05-08,True
EXP_2026_HOMEPAGE_RANK_V2,U020374,Control,2026-06-24,2026-06-27,True
EXP_2026_HOMEPAGE_RANK_V2,U018183,Treatment,2026-06-11,2026-06-15,True
EXP_2026_HOMEPAGE_RANK_V2,U024212,Control,2026-05-10,2026-05-10,True
EXP_2026_HOMEPAGE_RANK_V2,U001991,Treatment,2026-04-19,2026-04-20,True
EXP_2026_HOMEPAGE_RANK_V2,U020511,Control,2026-06-19,2026-06-23,True
EXP_2026_HOMEPAGE_RANK_V2,U013032,Treatment,2026-06-10,2026-06-10,True
EXP_2026_HOMEPAGE_RANK_V2,U007852,Treatment,2026-05-17,2026-05-22,True
EXP_2026_HOMEPAGE_RANK_V2,U002389,Treatment,2026-06-20,2026-06-25,True
EXP_2026_HOMEPAGE_RANK_V2,U001128,Treatment,2026-05-08,2026-05-08,True
EXP_2026_HOMEPAGE_RANK_V2,U015165,Control,2026-05-25,2026-05-30,True
EXP_2026_HOMEPAGE_RANK_V2,U014564,Treatment,2026-06-18,2026-06-20,True
EXP_2026_HOMEPAGE_RANK_V2,U006354,Control,2026-05-12,2026-05-15,True
EXP_2026_HOMEPAGE_RANK_V2,U020071,Control,2026-04-27,2026-04-27,True
EXP_2026_HOMEPAGE_RANK_V2,U016440,Treatment,2026-06-26,2026-06-26,True
EXP_2026_HOMEPAGE_RANK_V2,U012142,Treatment,2026-06-28,2026-06-30,True
EXP_2026_HOMEPAGE_RANK_V2,U006064,Treatment,2026-05-19,2026-05-21,True
EXP_2026_HOMEPAGE_RANK_V2,U018467,Treatment,2026-05-31,2026-05-31,True
EXP_2026_HOMEPAGE_RANK_V2,U011319,Treatment,2026-07-01,2026-07-06,True
EXP_2026_HOMEPAGE_RANK_V2,U014537,Control,2026-05-16,2026-05-20,True
EXP_2026_HOMEPAGE_RANK_V2,U015404,Control,2026-07-10,2026-07-12,True
EXP_2026_HOMEPAGE_RANK_V2,U019989,Control,2026-04-30,2026-04-30,True
EXP_2026_HOMEPAGE_RANK_V2,U006472,Control,2026-05-23,2026-05-26,True
EXP_2026_HOMEPAGE_RANK_V2,U021783,Control,2026-05-15,2026-05-16,False
EXP_2026_HOMEPAGE_RANK_V2,U003021,Control,2026-06-26,2026-06-28,True
EXP_2026_HOMEPAGE_RANK_V2,U007116,Treatment,2026-05-22,2026-05-22,True
EXP_2026_HOMEPAGE_RANK_V2,U018907,Treatment,2026-07-05,2026-07-09,True
EXP_2026_HOMEPAGE_RANK_V2,U019231,Control,2026-06-21,2026-06-25,True
EXP_2026_HOMEPAGE_RANK_V2,U003539,Treatment,2026-05-12,2026-05-17,False
EXP_2026_HOMEPAGE_RANK_V2,U015357,Control,2026-05-20,2026-05-22,True
EXP_2026_HOMEPAGE_RANK_V2,U024123,Treatment,2026-06-19,2026-06-23,True
EXP_2026_HOMEPAGE_RANK_V2,U000446,Control,2026-05-14,2026-05-19,True
EXP_2026_HOMEPAGE_RANK_V2,U023526,Treatment,2026-07-06,2026-07-09,True
EXP_2026_HOMEPAGE_RANK_V2,U010398,Treatment,2026-05-16,2026-05-18,True
EXP_2026_HOMEPAGE_RANK_V2,U006659,Treatment,2026-07-06,2026-07-11,True
EXP_2026_HOMEPAGE_RANK_V2,U002841,Control,2026-07-06,2026-07-09,True
EXP_2026_HOMEPAGE_RANK_V2,U021642,Treatment,2026-05-19,2026-05-21,True
EXP_2026_HOMEPAGE_RANK_V2,U008987,Treatment,2026-07-05,2026-07-08,True
EXP_2026_HOMEPAGE_RANK_V2,U012164,Control,2026-07-03,2026-07-08,True
EXP_2026_HOMEPAGE_RANK_V2,U020309,Treatment,2026-07-09,2026-07-12,True
EXP_2026_HOMEPAGE_RANK_V2,U000539,Treatment,2026-04-27,2026-04-30,True
EXP_2026_HOMEPAGE_RANK_V2,U002042,Control,2026-05-24,2026-05-25,True
EXP_2026_HOMEPAGE_RANK_V2,U024685,Treatment,2026-04-20,2026-04-23,True
EXP_2026_HOMEPAGE_RANK_V2,U003742,Control,2026-06-29,2026-06-29,True
EXP_2026_HOMEPAGE_RANK_V2,U009798,Treatment,2026-06-30,2026-06-30,True
EXP_2026_HOMEPAGE_RANK_V2,U022816,Treatment,2026-06-03,2026-06-07,True
EXP_2026_HOMEPAGE_RANK_V2,U010063,Control,2026-04-20,2026-04-24,True
EXP_2026_HOMEPAGE_RANK_V2,U023120,Control,2026-05-05,2026-05-06,True
EXP_2026_HOMEPAGE_RANK_V2,U001504,Treatment,2026-04-27,2026-04-28,True
EXP_2026_HOMEPAGE_RANK_V2,U010262,Treatment,2026-06-23,2026-06-27,True
EXP_2026_HOMEPAGE_RANK_V2,U022327,Treatment,2026-05-03,2026-05-05,True
EXP_2026_HOMEPAGE_RANK_V2,U021034,Treatment,2026-05-27,2026-05-29,True
EXP_2026_HOMEPAGE_RANK_V2,U019906,Control,2026-05-04,2026-05-09,True
EXP_2026_HOMEPAGE_RANK_V2,U021851,Treatment,2026-06-13,2026-06-16,True
EXP_2026_HOMEPAGE_RANK_V2,U020563,Treatment,2026-04-18,2026-04-22,True
EXP_2026_HOMEPAGE_RANK_V2,U001854,Treatment,2026-04-28,2026-05-01,True
EXP_2026_HOMEPAGE_RANK_V2,U023672,Control,2026-04-28,2026-04-28,True
EXP_2026_HOMEPAGE_RANK_V2,U000212,Control,2026-06-28,2026-06-29,True
EXP_2026_HOMEPAGE_RANK_V2,U011867,Treatment,2026-05-21,2026-05-21,True
EXP_2026_HOMEPAGE_RANK_V2,U003167,Control,2026-05-12,2026-05-13,True
EXP_2026_HOMEPAGE_RANK_V2,U021046,Treatment,2026-07-11,2026-07-15,True
EXP_2026_HOMEPAGE_RANK_V2,U024995,Treatment,2026-06-22,2026-06-25,True
EXP_2026_HOMEPAGE_RANK_V2,U018611,Control,2026-04-30,2026-05-04,True
EXP_2026_HOMEPAGE_RANK_V2,U016790,Treatment,2026-05-07,2026-05-12,True
EXP_2026_HOMEPAGE_RANK_V2,U002476,Treatment,2026-05-26,2026-05-29,True
EXP_2026_HOMEPAGE_RANK_V2,U006726,Treatment,2026-06-19,2026-06-19,True
EXP_2026_HOMEPAGE_RANK_V2,U018567,Treatment,2026-07-03,2026-07-07,True
EXP_2026_HOMEPAGE_RANK_V2,U011303,Treatment,2026-06-07,2026-06-11,True
EXP_2026_HOMEPAGE_RANK_V2,U022858,Control,2026-05-10,2026-05-11,True
EXP_2026_HOMEPAGE_RANK_V2,U023476,Treatment,2026-04-26,2026-05-01,True
EXP_2026_HOMEPAGE_RANK_V2,U009354,Control,2026-06-06,2026-06-06,True
EXP_2026_HOMEPAGE_RANK_V2,U013864,Treatment,2026-06-06,2026-06-06,True
EXP_2026_HOMEPAGE_RANK_V2,U016298,Treatment,2026-04-27,2026-04-30,True
EXP_2026_HOMEPAGE_RANK_V2,U009708,Treatment,2026-06-27,2026-06-29,True
EXP_2026_HOMEPAGE_RANK_V2,U009945,Treatment,2026-06-01,2026-06-02,True
EXP_2026_HOMEPAGE_RANK_V2,U013268,Control,2026-05-06,2026-05-08,True
EXP_2026_HOMEPAGE_RANK_V2,U005598,Control,2026-05-13,2026-05-17,True
EXP_2026_HOMEPAGE_RANK_V2,U015631,Treatment,2026-05-30,2026-06-04,True
EXP_2026_HOMEPAGE_RANK_V2,U013948,Control,2026-04-27,2026-04-29,True
EXP_2026_HOMEPAGE_RANK_V2,U009966,Control,2026-05-02,2026-05-06,True
EXP_2026_HOMEPAGE_RANK_V2,U005210,Control,2026-04-30,2026-05-01,True
EXP_2026_HOMEPAGE_RANK_V2,U024450,Treatment,2026-06-24,2026-06-28,True
EXP_2026_HOMEPAGE_RANK_V2,U001782,Treatment,2026-05-02,2026-05-06,True
EXP_2026_HOMEPAGE_RANK_V2,U017499,Treatment,2026-05-02,2026-05-07,True
EXP_2026_HOMEPAGE_RANK_V2,U007479,Treatment,2026-06-11,2026-06-11,True
EXP_2026_HOMEPAGE_RANK_V2,U021898,Treatment,2026-05-05,2026-05-10,True
EXP_2026_HOMEPAGE_RANK_V2,U015713,Treatment,2026-07-11,2026-07-16,True
EXP_2026_HOMEPAGE_RANK_V2,U010156,Treatment,2026-05-02,2026-05-07,True
EXP_2026_HOMEPAGE_RANK_V2,U004458,Control,2026-04-21,2026-04-21,True
EXP_2026_HOMEPAGE_RANK_V2,U014791,Control,2026-05-15,2026-05-16,True
EXP_2026_HOMEPAGE_RANK_V2,U007113,Control,2026-05-26,2026-05-31,True
EXP_2026_HOMEPAGE_RANK_V2,U009122,Control,2026-06-13,2026-06-15,True
EXP_2026_HOMEPAGE_RANK_V2,U000022,Control,2026-06-18,2026-06-19,True
EXP_2026_HOMEPAGE_RANK_V2,U000766,Treatment,2026-07-07,2026-07-09,True
EXP_2026_HOMEPAGE_RANK_V2,U012384,Treatment,2026-05-07,2026-05-12,False
EXP_2026_HOMEPAGE_RANK_V2,U010502,Control,2026-06-14,2026-06-17,True
EXP_2026_HOMEPAGE_RANK_V2,U005536,Treatment,2026-05-13,2026-05-18,True
EXP_2026_HOMEPAGE_RANK_V2,U021393,Control,2026-04-30,2026-05-05,True
EXP_2026_HOMEPAGE_RANK_V2,U021665,Treatment,2026-06-23,2026-06-27,True
EXP_2026_HOMEPAGE_RANK_V2,U021844,Control,2026-07-10,2026-07-11,True
EXP_2026_HOMEPAGE_RANK_V2,U004084,Control,2026-06-09,2026-06-13,True
EXP_2026_HOMEPAGE_RANK_V2,U003969,Treatment,2026-04-22,2026-04-22,True
EXP_2026_HOMEPAGE_RANK_V2,U004003,Treatment,2026-05-21,2026-05-25,True
EXP_2026_HOMEPAGE_RANK_V2,U010041,Treatment,2026-05-27,2026-05-30,True
EXP_2026_HOMEPAGE_RANK_V2,U009515,Control,2026-06-27,2026-07-01,True
EXP_2026_HOMEPAGE_RANK_V2,U007978,Control,2026-05-05,2026-05-07,True
EXP_2026_HOMEPAGE_RANK_V2,U013995,Control,2026-04-27,2026-05-02,True
EXP_2026_HOMEPAGE_RANK_V2,U006412,Control,2026-05-07,2026-05-08,True
EXP_2026_HOMEPAGE_RANK_V2,U013659,Treatment,2026-06-07,2026-06-10,True
EXP_2026_HOMEPAGE_RANK_V2,U004037,Treatment,2026-06-15,2026-06-19,True
EXP_2026_HOMEPAGE_RANK_V2,U016848,Control,2026-04-19,2026-04-19,True
EXP_2026_HOMEPAGE_RANK_V2,U001415,Control,2026-06-10,2026-06-15,True
EXP_2026_HOMEPAGE_RANK_V2,U007851,Control,2026-04-19,2026-04-21,True
EXP_2026_HOMEPAGE_RANK_V2,U022315,Control,2026-04-21,2026-04-26,True
EXP_2026_HOMEPAGE_RANK_V2,U024205,Treatment,2026-06-28,2026-06-29,True
EXP_2026_HOMEPAGE_RANK_V2,U001121,Treatment,2026-04-21,2026-04-23,True
EXP_2026_HOMEPAGE_RANK_V2,U014856,Treatment,2026-05-05,2026-05-06,True
EXP_2026_HOMEPAGE_RANK_V2,U005358,Control,2026-06-02,2026-06-06,True
EXP_2026_HOMEPAGE_RANK_V2,U020627,Treatment,2026-05-04,2026-05-07,True
EXP_2026_HOMEPAGE_RANK_V2,U010827,Control,2026-05-25,2026-05-28,True
EXP_2026_HOMEPAGE_RANK_V2,U007490,Control,2026-06-25,2026-06-26,True
EXP_2026_HOMEPAGE_RANK_V2,U023317,Treatment,2026-05-10,2026-05-12,True
EXP_2026_HOMEPAGE_RANK_V2,U002999,Control,2026-05-23,2026-05-25,True
EXP_2026_HOMEPAGE_RANK_V2,U018966,Treatment,2026-05-27,2026-05-28,True
EXP_2026_HOMEPAGE_RANK_V2,U019601,Treatment,2026-06-15,2026-06-17,True
EXP_2026_HOMEPAGE_RANK_V2,U004834,Treatment,2026-05-19,2026-05-19,False
EXP_2026_HOMEPAGE_RANK_V2,U024609,Control,2026-06-19,2026-06-24,True
EXP_2026_HOMEPAGE_RANK_V2,U001675,Control,2026-06-05,2026-06-07,True
EXP_2026_HOMEPAGE_RANK_V2,U020531,Treatment,2026-05-30,2026-05-30,False
EXP_2026_HOMEPAGE_RANK_V2,U003862,Treatment,2026-06-15,2026-06-16,True
EXP_2026_HOMEPAGE_RANK_V2,U024173,Treatment,2026-05-16,2026-05-19,True
EXP_2026_HOMEPAGE_RANK_V2,U018117,Control,2026-05-15,2026-05-18,True
EXP_2026_HOMEPAGE_RANK_V2,U010851,Treatment,2026-05-11,2026-05-12,True
EXP_2026_HOMEPAGE_RANK_V2,U018176,Control,2026-06-14,2026-06-14,True
EXP_2026_HOMEPAGE_RANK_V2,U009465,Treatment,2026-05-06,2026-05-07,True
EXP_2026_HOMEPAGE_RANK_V2,U002962,Control,2026-06-08,2026-06-13,True
EXP_2026_HOMEPAGE_RANK_V2,U008926,Control,2026-05-16,2026-05-17,True
EXP_2026_HOMEPAGE_RANK_V2,U012608,Treatment,2026-05-13,2026-05-13,True
EXP_2026_HOMEPAGE_RANK_V2,U012506,Treatment,2026-05-12,2026-05-12,False
EXP_2026_HOMEPAGE_RANK_V2,U007690,Treatment,2026-06-08,2026-06-08,True
EXP_2026_HOMEPAGE_RANK_V2,U021514,Control,2026-06-06,2026-06-09,True
EXP_2026_HOMEPAGE_RANK_V2,U009002,Treatment,2026-06-05,2026-06-08,True
EXP_2026_HOMEPAGE_RANK_V2,U022075,Treatment,2026-06-25,2026-06-27,True
EXP_2026_HOMEPAGE_RANK_V2,U013064,Control,2026-07-05,2026-07-08,False
EXP_2026_HOMEPAGE_RANK_V2,U009801,Control,2026-07-08,2026-07-11,True
EXP_2026_HOMEPAGE_RANK_V2,U002355,Control,2026-06-24,2026-06-28,True
EXP_2026_HOMEPAGE_RANK_V2,U022379,Control,2026-05-09,2026-05-12,True
EXP_2026_HOMEPAGE_RANK_V2,U009033,Treatment,2026-05-06,2026-05-11,True
EXP_2026_HOMEPAGE_RANK_V2,U001390,Treatment,2026-06-09,2026-06-11,True
EXP_2026_HOMEPAGE_RANK_V2,U001925,Control,2026-05-14,2026-05-15,True
EXP_2026_HOMEPAGE_RANK_V2,U024769,Treatment,2026-06-06,2026-06-06,True
EXP_2026_HOMEPAGE_RANK_V2,U021829,Control,2026-05-13,2026-05-13,True
EXP_2026_HOMEPAGE_RANK_V2,U016222,Treatment,2026-05-12,2026-05-15,True
EXP_2026_HOMEPAGE_RANK_V2,U008408,Treatment,2026-05-10,2026-05-13,True
EXP_2026_HOMEPAGE_RANK_V2,U017523,Control,2026-06-08,2026-06-08,True
EXP_2026_HOMEPAGE_RANK_V2,U013094,Treatment,2026-05-08,2026-05-11,True
EXP_2026_HOMEPAGE_RANK_V2,U001980,Treatment,2026-06-24,2026-06-27,True
EXP_2026_HOMEPAGE_RANK_V2,U014774,Treatment,2026-05-31,2026-06-03,True
EXP_2026_HOMEPAGE_RANK_V2,U024464,Control,2026-06-10,2026-06-15,True
EXP_2026_HOMEPAGE_RANK_V2,U020700,Control,2026-04-24,2026-04-28,True
EXP_2026_HOMEPAGE_RANK_V2,U001592,Control,2026-07-06,2026-07-09,True
EXP_2026_HOMEPAGE_RANK_V2,U019372,Control,2026-05-30,2026-05-31,True
EXP_2026_HOMEPAGE_RANK_V2,U011786,Control,2026-06-21,2026-06-26,True
EXP_2026_HOMEPAGE_RANK_V2,U013142,Treatment,2026-06-22,2026-06-22,True
EXP_2026_HOMEPAGE_RANK_V2,U000770,Treatment,2026-07-07,2026-07-07,True
EXP_2026_HOMEPAGE_RANK_V2,U017614,Control,2026-06-04,2026-06-09,True
EXP_2026_HOMEPAGE_RANK_V2,U000233,Control,2026-04-19,2026-04-24,True
EXP_2026_HOMEPAGE_RANK_V2,U003894,Control,2026-06-04,2026-06-09,True
EXP_2026_HOMEPAGE_RANK_V2,U002567,Treatment,2026-05-27,2026-05-28,True
EXP_2026_HOMEPAGE_RANK_V2,U010730,Control,2026-04-23,2026-04-28,True
EXP_2026_HOMEPAGE_RANK_V2,U009364,Treatment,2026-05-16,2026-05-20,True
EXP_2026_HOMEPAGE_RANK_V2,U006781,Treatment,2026-05-27,2026-05-27,True
EXP_2026_HOMEPAGE_RANK_V2,U000307,Treatment,2026-05-11,2026-05-12,True
EXP_2026_HOMEPAGE_RANK_V2,U013502,Treatment,2026-05-21,2026-05-22,True
EXP_2026_HOMEPAGE_RANK_V2,U024857,Control,2026-04-21,2026-04-24,True
EXP_2026_HOMEPAGE_RANK_V2,U021534,Control,2026-07-07,2026-07-11,True
EXP_2026_HOMEPAGE_RANK_V2,U000630,Treatment,2026-05-17,2026-05-17,False
EXP_2026_HOMEPAGE_RANK_V2,U011347,Control,2026-05-22,2026-05-25,True
EXP_2026_HOMEPAGE_RANK_V2,U009418,Treatment,2026-04-29,2026-05-02,True
EXP_2026_HOMEPAGE_RANK_V2,U020540,Control,2026-06-18,2026-06-19,True
EXP_2026_HOMEPAGE_RANK_V2,U000762,Treatment,2026-05-15,2026-05-19,True
EXP_2026_HOMEPAGE_RANK_V2,U002932,Control,2026-05-14,2026-05-15,True
EXP_2026_HOMEPAGE_RANK_V2,U003058,Control,2026-04-29,2026-05-01,True
EXP_2026_HOMEPAGE_RANK_V2,U014388,Control,2026-06-17,2026-06-18,True
EXP_2026_HOMEPAGE_RANK_V2,U000023,Treatment,2026-07-11,2026-07-13,True
EXP_2026_HOMEPAGE_RANK_V2,U018110,Control,2026-05-06,2026-05-11,True
EXP_2026_HOMEPAGE_RANK_V2,U023780,Control,2026-07-06,2026-07-09,True
EXP_2026_HOMEPAGE_RANK_V2,U020437,Control,2026-04-29,2026-04-30,True
EXP_2026_HOMEPAGE_RANK_V2,U007554,Control,2026-05-02,2026-05-05,True
EXP_2026_HOMEPAGE_RANK_V2,U012311,Treatment,2026-06-03,2026-06-08,True
EXP_2026_HOMEPAGE_RANK_V2,U021664,Control,2026-07-11,2026-07-13,True
EXP_2026_HOMEPAGE_RANK_V2,U007596,Treatment,2026-05-15,2026-05-18,True
EXP_2026_HOMEPAGE_RANK_V2,U003552,Treatment,2026-04-25,2026-04-29,True
EXP_2026_HOMEPAGE_RANK_V2,U005340,Control,2026-05-08,2026-05-11,True
EXP_2026_HOMEPAGE_RANK_V2,U013963,Treatment,2026-05-12,2026-05-16,True
EXP_2026_HOMEPAGE_RANK_V2,U019283,Treatment,2026-05-12,2026-05-12,True
EXP_2026_HOMEPAGE_RANK_V2,U010754,Treatment,2026-04-23,2026-04-27,True
EXP_2026_HOMEPAGE_RANK_V2,U013101,Control,2026-04-28,2026-05-03,True
EXP_2026_HOMEPAGE_RANK_V2,U019885,Treatment,2026-06-09,2026-06-13,True
EXP_2026_HOMEPAGE_RANK_V2,U005655,Treatment,2026-06-04,2026-06-06,True
EXP_2026_HOMEPAGE_RANK_V2,U004685,Control,2026-06-20,2026-06-24,True
EXP_2026_HOMEPAGE_RANK_V2,U010160,Treatment,2026-05-12,2026-05-17,True
EXP_2026_HOMEPAGE_RANK_V2,U000372,Control,2026-06-06,2026-06-07,True
EXP_2026_HOMEPAGE_RANK_V2,U018736,Treatment,2026-05-03,2026-05-04,True
EXP_2026_HOMEPAGE_RANK_V2,U014177,Treatment,2026-04-21,2026-04-21,True
EXP_2026_HOMEPAGE_RANK_V2,U018274,Treatment,2026-04-18,2026-04-20,True
EXP_2026_HOMEPAGE_RANK_V2,U011638,Treatment,2026-04-19,2026-04-21,True
EXP_2026_HOMEPAGE_RANK_V2,U001190,Treatment,2026-05-31,2026-05-31,True
EXP_2026_HOMEPAGE_RANK_V2,U005293,Treatment,2026-05-02,2026-05-04,True
EXP_2026_HOMEPAGE_RANK_V2,U002849,Control,2026-07-04,2026-07-08,True
EXP_2026_HOMEPAGE_RANK_V2,U022973,Treatment,2026-07-02,2026-07-07,True
EXP_2026_HOMEPAGE_RANK_V2,U010180,Control,2026-05-29,2026-05-30,True
EXP_2026_HOMEPAGE_RANK_V2,U007925,Treatment,2026-05-30,2026-06-01,True
EXP_2026_HOMEPAGE_RANK_V2,U000929,Treatment,2026-06-26,2026-06-30,True
EXP_2026_HOMEPAGE_RANK_V2,U016653,Control,2026-04-23,2026-04-27,True
EXP_2026_HOMEPAGE_RANK_V2,U007500,Control,2026-05-12,2026-05-15,True
EXP_2026_HOMEPAGE_RANK_V2,U013763,Control,2026-06-14,2026-06-14,True
EXP_2026_HOMEPAGE_RANK_V2,U012954,Treatment,2026-05-12,2026-05-16,True
EXP_2026_HOMEPAGE_RANK_V2,U002827,Control,2026-05-17,2026-05-18,True
EXP_2026_HOMEPAGE_RANK_V2,U007028,Treatment,2026-05-21,2026-05-23,True
EXP_2026_HOMEPAGE_RANK_V2,U018563,Treatment,2026-07-03,2026-07-06,True
EXP_2026_HOMEPAGE_RANK_V2,U021330,Treatment,2026-05-13,2026-05-18,True
EXP_2026_HOMEPAGE_RANK_V2,U012906,Treatment,2026-05-15,2026-05-20,True
EXP_2026_HOMEPAGE_RANK_V2,U024556,Control,2026-05-07,2026-05-12,False
EXP_2026_HOMEPAGE_RANK_V2,U013727,Treatment,2026-06-16,2026-06-21,True
EXP_2026_HOMEPAGE_RANK_V2,U022994,Treatment,2026-04-23,2026-04-28,True
EXP_2026_HOMEPAGE_RANK_V2,U024342,Control,2026-07-03,2026-07-07,True
EXP_2026_HOMEPAGE_RANK_V2,U020210,Treatment,2026-04-23,2026-04-26,True
EXP_2026_HOMEPAGE_RANK_V2,U007655,Treatment,2026-05-01,2026-05-02,True
EXP_2026_HOMEPAGE_RANK_V2,U013330,Control,2026-06-13,2026-06-17,True
EXP_2026_HOMEPAGE_RANK_V2,U005344,Treatment,2026-04-23,2026-04-23,True
EXP_2026_HOMEPAGE_RANK_V2,U007777,Treatment,2026-05-29,2026-05-31,True
EXP_2026_HOMEPAGE_RANK_V2,U016338,Control,2026-05-19,2026-05-19,True
EXP_2026_HOMEPAGE_RANK_V2,U020928,Treatment,2026-05-15,2026-05-15,True
EXP_2026_HOMEPAGE_RANK_V2,U010680,Control,2026-06-19,2026-06-19,True
EXP_2026_HOMEPAGE_RANK_V2,U007259,Control,2026-04-25,2026-04-27,True
EXP_2026_HOMEPAGE_RANK_V2,U010562,Control,2026-05-29,2026-05-31,True
EXP_2026_HOMEPAGE_RANK_V2,U017533,Treatment,2026-05-13,2026-05-18,True
EXP_2026_HOMEPAGE_RANK_V2,U018704,Treatment,2026-06-15,2026-06-17,True
EXP_2026_HOMEPAGE_RANK_V2,U006591,Treatment,2026-05-16,2026-05-17,True
EXP_2026_HOMEPAGE_RANK_V2,U007748,Control,2026-06-13,2026-06-18,True
EXP_2026_HOMEPAGE_RANK_V2,U008331,Control,2026-06-29,2026-07-01,True
EXP_2026_HOMEPAGE_RANK_V2,U012859,Control,2026-04-25,2026-04-30,True
EXP_2026_HOMEPAGE_RANK_V2,U002875,Control,2026-04-28,2026-04-28,True
EXP_2026_HOMEPAGE_RANK_V2,U008714,Control,2026-06-09,2026-06-12,True
EXP_2026_HOMEPAGE_RANK_V2,U016383,Control,2026-06-06,2026-06-10,True
EXP_2026_HOMEPAGE_RANK_V2,U004983,Treatment,2026-05-12,2026-05-15,True
EXP_2026_HOMEPAGE_RANK_V2,U017621,Treatment,2026-05-06,2026-05-08,True
EXP_2026_HOMEPAGE_RANK_V2,U020461,Treatment,2026-05-15,2026-05-19,True
EXP_2026_HOMEPAGE_RANK_V2,U021299,Treatment,2026-05-29,2026-05-30,True
EXP_2026_HOMEPAGE_RANK_V2,U009973,Treatment,2026-05-28,2026-05-29,True
EXP_2026_HOMEPAGE_RANK_V2,U006747,Treatment,2026-04-29,2026-05-01,True
EXP_2026_HOMEPAGE_RANK_V2,U005190,Treatment,2026-06-20,2026-06-23,True
EXP_2026_HOMEPAGE_RANK_V2,U016146,Control,2026-07-06,2026-07-10,True
EXP_2026_HOMEPAGE_RANK_V2,U004104,Control,2026-06-23,2026-06-27,True
EXP_2026_HOMEPAGE_RANK_V2,U016551,Treatment,2026-07-09,2026-07-09,True
EXP_2026_HOMEPAGE_RANK_V2,U015932,Control,2026-06-05,2026-06-05,True
EXP_2026_HOMEPAGE_RANK_V2,U014117,Treatment,2026-07-08,2026-07-12,True
EXP_2026_HOMEPAGE_RANK_V2,U020680,Control,2026-05-27,2026-05-30,True
EXP_2026_HOMEPAGE_RANK_V2,U001040,Treatment,2026-07-07,2026-07-07,True
EXP_2026_HOMEPAGE_RANK_V2,U017415,Treatment,2026-04-25,2026-04-30,True
EXP_2026_HOMEPAGE_RANK_V2,U005733,Control,2026-06-24,2026-06-27,True
EXP_2026_HOMEPAGE_RANK_V2,U015267,Treatment,2026-05-21,2026-05-26,True
EXP_2026_HOMEPAGE_RANK_V2,U006174,Control,2026-05-02,2026-05-02,True
EXP_2026_HOMEPAGE_RANK_V2,U006028,Control,2026-04-26,2026-04-30,True
EXP_2026_HOMEPAGE_RANK_V2,U016967,Treatment,2026-04-22,2026-04-25,True
EXP_2026_HOMEPAGE_RANK_V2,U024258,Treatment,2026-06-16,2026-06-20,True
EXP_2026_HOMEPAGE_RANK_V2,U005508,Control,2026-04-22,2026-04-25,True
EXP_2026_HOMEPAGE_RANK_V2,U005726,Control,2026-05-28,2026-06-02,True
EXP_2026_HOMEPAGE_RANK_V2,U024113,Treatment,2026-06-22,2026-06-23,True
EXP_2026_HOMEPAGE_RANK_V2,U023555,Treatment,2026-07-04,2026-07-08,True
EXP_2026_HOMEPAGE_RANK_V2,U008097,Control,2026-04-27,2026-04-28,True
EXP_2026_HOMEPAGE_RANK_V2,U007334,Control,2026-05-01,2026-05-04,True
EXP_2026_HOMEPAGE_RANK_V2,U023039,Treatment,2026-07-05,2026-07-06,True
EXP_2026_HOMEPAGE_RANK_V2,U004607,Treatment,2026-04-27,2026-04-27,True
EXP_2026_HOMEPAGE_RANK_V2,U021651,Control,2026-06-29,2026-07-04,True
EXP_2026_HOMEPAGE_RANK_V2,U010698,Treatment,2026-06-26,2026-06-29,True
EXP_2026_HOMEPAGE_RANK_V2,U007278,Treatment,2026-06-01,2026-06-03,True
EXP_2026_HOMEPAGE_RANK_V2,U021105,Control,2026-07-11,2026-07-14,True
EXP_2026_HOMEPAGE_RANK_V2,U002014,Treatment,2026-06-20,2026-06-23,True
EXP_2026_HOMEPAGE_RANK_V2,U017775,Treatment,2026-05-01,2026-05-01,True
EXP_2026_HOMEPAGE_RANK_V2,U016492,Treatment,2026-07-03,2026-07-04,True
EXP_2026_HOMEPAGE_RANK_V2,U000747,Treatment,2026-04-27,2026-04-27,True
EXP_2026_HOMEPAGE_RANK_V2,U010365,Treatment,2026-06-02,2026-06-02,True
EXP_2026_HOMEPAGE_RANK_V2,U008241,Treatment,2026-06-26,2026-06-27,True
EXP_2026_HOMEPAGE_RANK_V2,U003858,Treatment,2026-06-13,2026-06-15,True
EXP_2026_HOMEPAGE_RANK_V2,U017054,Treatment,2026-05-06,2026-05-09,True
EXP_2026_HOMEPAGE_RANK_V2,U018840,Treatment,2026-06-05,2026-06-10,True
EXP_2026_HOMEPAGE_RANK_V2,U003991,Treatment,2026-05-16,2026-05-16,True
EXP_2026_HOMEPAGE_RANK_V2,U014002,Control,2026-05-18,2026-05-20,True
EXP_2026_HOMEPAGE_RANK_V2,U012281,Control,2026-04-26,2026-04-30,True
EXP_2026_HOMEPAGE_RANK_V2,U020052,Treatment,2026-05-19,2026-05-19,True
EXP_2026_HOMEPAGE_RANK_V2,U022664,Treatment,2026-05-17,2026-05-17,True
EXP_2026_HOMEPAGE_RANK_V2,U014295,Treatment,2026-07-04,2026-07-04,True
EXP_2026_HOMEPAGE_RANK_V2,U008503,Treatment,2026-06-30,2026-07-04,True
EXP_2026_HOMEPAGE_RANK_V2,U010637,Control,2026-07-08,2026-07-08,True
EXP_2026_HOMEPAGE_RANK_V2,U000397,Treatment,2026-07-06,2026-07-08,True
EXP_2026_HOMEPAGE_RANK_V2,U015721,Treatment,2026-06-20,2026-06-24,True
EXP_2026_HOMEPAGE_RANK_V2,U021522,Control,2026-05-07,2026-05-10,True
EXP_2026_HOMEPAGE_RANK_V2,U008843,Control,2026-06-19,2026-06-20,False
EXP_2026_HOMEPAGE_RANK_V2,U001728,Control,2026-05-30,2026-06-04,True
EXP_2026_HOMEPAGE_RANK_V2,U006035,Control,2026-06-07,2026-06-12,True
EXP_2026_HOMEPAGE_RANK_V2,U012204,Treatment,2026-04-18,2026-04-22,True
EXP_2026_HOMEPAGE_RANK_V2,U010519,Control,2026-05-26,2026-05-27,True
EXP_2026_HOMEPAGE_RANK_V2,U000660,Treatment,2026-05-25,2026-05-29,True
EXP_2026_HOMEPAGE_RANK_V2,U007452,Treatment,2026-05-19,2026-05-19,True
EXP_2026_HOMEPAGE_RANK_V2,U006865,Treatment,2026-04-26,2026-04-29,True
EXP_2026_HOMEPAGE_RANK_V2,U002036,Treatment,2026-05-27,2026-05-27,True
EXP_2026_HOMEPAGE_RANK_V2,U007618,Treatment,2026-04-20,2026-04-20,True
EXP_2026_HOMEPAGE_RANK_V2,U022372,Treatment,2026-05-23,2026-05-23,False
EXP_2026_HOMEPAGE_RANK_V2,U010785,Control,2026-06-08,2026-06-11,True
EXP_2026_HOMEPAGE_RANK_V2,U005635,Treatment,2026-07-02,2026-07-03,True
EXP_2026_HOMEPAGE_RANK_V2,U003886,Treatment,2026-05-29,2026-06-02,True
EXP_2026_HOMEPAGE_RANK_V2,U019115,Control,2026-06-25,2026-06-25,True
EXP_2026_HOMEPAGE_RANK_V2,U018399,Treatment,2026-04-26,2026-05-01,True
EXP_2026_HOMEPAGE_RANK_V2,U014324,Control,2026-05-10,2026-05-14,True
EXP_2026_HOMEPAGE_RANK_V2,U001032,Control,2026-05-20,2026-05-21,True
EXP_2026_HOMEPAGE_RANK_V2,U003202,Treatment,2026-07-11,2026-07-16,True
EXP_2026_HOMEPAGE_RANK_V2,U021230,Control,2026-04-28,2026-04-28,True
EXP_2026_HOMEPAGE_RANK_V2,U014767,Control,2026-06-16,2026-06-18,True
EXP_2026_HOMEPAGE_RANK_V2,U016433,Control,2026-06-06,2026-06-11,True
EXP_2026_HOMEPAGE_RANK_V2,U022823,Treatment,2026-07-07,2026-07-09,False
EXP_2026_HOMEPAGE_RANK_V2,U023243,Treatment,2026-06-29,2026-07-01,True
EXP_2026_HOMEPAGE_RANK_V2,U010061,Treatment,2026-06-17,2026-06-18,True
EXP_2026_HOMEPAGE_RANK_V2,U012657,Control,2026-06-01,2026-06-04,True
EXP_2026_HOMEPAGE_RANK_V2,U005666,Control,2026-05-25,2026-05-28,True
EXP_2026_HOMEPAGE_RANK_V2,U011720,Control,2026-05-02,2026-05-04,True
EXP_2026_HOMEPAGE_RANK_V2,U004682,Control,2026-04-29,2026-04-29,True
EXP_2026_HOMEPAGE_RANK_V2,U012614,Control,2026-05-06,2026-05-07,True
EXP_2026_HOMEPAGE_RANK_V2,U015299,Control,2026-05-27,2026-05-27,False
EXP_2026_HOMEPAGE_RANK_V2,U004490,Treatment,2026-06-12,2026-06-17,True
EXP_2026_HOMEPAGE_RANK_V2,U003786,Control,2026-05-12,2026-05-16,True
EXP_2026_HOMEPAGE_RANK_V2,U004078,Control,2026-06-04,2026-06-05,True
EXP_2026_HOMEPAGE_RANK_V2,U016795,Control,2026-06-04,2026-06-09,True
EXP_2026_HOMEPAGE_RANK_V2,U020662,Control,2026-05-22,2026-05-23,True
EXP_2026_HOMEPAGE_RANK_V2,U008990,Control,2026-04-21,2026-04-25,True
EXP_2026_HOMEPAGE_RANK_V2,U018246,Control,2026-05-11,2026-05-13,True
EXP_2026_HOMEPAGE_RANK_V2,U002276,Control,2026-05-18,2026-05-21,True
EXP_2026_HOMEPAGE_RANK_V2,U004417,Control,2026-05-23,2026-05-27,True
EXP_2026_HOMEPAGE_RANK_V2,U000485,Control,2026-07-10,2026-07-10,True
EXP_2026_HOMEPAGE_RANK_V2,U016243,Control,2026-05-27,2026-05-29,True
EXP_2026_HOMEPAGE_RANK_V2,U019416,Treatment,2026-07-02,2026-07-07,True
EXP_2026_HOMEPAGE_RANK_V2,U012656,Control,2026-04-21,2026-04-22,True
EXP_2026_HOMEPAGE_RANK_V2,U007588,Treatment,2026-05-17,2026-05-20,True
EXP_2026_HOMEPAGE_RANK_V2,U022289,Control,2026-07-09,2026-07-11,True
EXP_2026_HOMEPAGE_RANK_V2,U007708,Treatment,2026-07-07,2026-07-11,True
EXP_2026_HOMEPAGE_RANK_V2,U010018,Treatment,2026-06-27,2026-06-29,True
EXP_2026_HOMEPAGE_RANK_V2,U002861,Treatment,2026-05-14,2026-05-14,True
EXP_2026_HOMEPAGE_RANK_V2,U017002,Treatment,2026-05-12,2026-05-17,True
EXP_2026_HOMEPAGE_RANK_V2,U010247,Treatment,2026-05-01,2026-05-04,True
EXP_2026_HOMEPAGE_RANK_V2,U009460,Control,2026-07-01,2026-07-02,True
EXP_2026_HOMEPAGE_RANK_V2,U021478,Control,2026-06-28,2026-07-01,True
EXP_2026_HOMEPAGE_RANK_V2,U002124,Control,2026-05-28,2026-05-30,True
EXP_2026_HOMEPAGE_RANK_V2,U009173,Control,2026-04-19,2026-04-19,True
EXP_2026_HOMEPAGE_RANK_V2,U019037,Treatment,2026-05-13,2026-05-16,True
EXP_2026_HOMEPAGE_RANK_V2,U020298,Control,2026-04-21,2026-04-21,True
EXP_2026_HOMEPAGE_RANK_V2,U010320,Control,2026-05-09,2026-05-10,True
EXP_2026_HOMEPAGE_RANK_V2,U014054,Control,2026-06-18,2026-06-19,True
EXP_2026_HOMEPAGE_RANK_V2,U021469,Control,2026-06-22,2026-06-23,True
EXP_2026_HOMEPAGE_RANK_V2,U015300,Control,2026-05-07,2026-05-08,True
EXP_2026_HOMEPAGE_RANK_V2,U009237,Treatment,2026-07-10,2026-07-14,True
EXP_2026_HOMEPAGE_RANK_V2,U005563,Control,2026-05-10,2026-05-10,True
EXP_2026_HOMEPAGE_RANK_V2,U001772,Treatment,2026-07-01,2026-07-01,True
EXP_2026_HOMEPAGE_RANK_V2,U013042,Control,2026-04-20,2026-04-24,True
EXP_2026_HOMEPAGE_RANK_V2,U010474,Treatment,2026-06-18,2026-06-22,True
EXP_2026_HOMEPAGE_RANK_V2,U007092,Treatment,2026-07-03,2026-07-05,True
EXP_2026_HOMEPAGE_RANK_V2,U023778,Control,2026-05-10,2026-05-10,True
EXP_2026_HOMEPAGE_RANK_V2,U005826,Control,2026-06-13,2026-06-15,True
EXP_2026_HOMEPAGE_RANK_V2,U010144,Control,2026-05-06,2026-05-10,True
EXP_2026_HOMEPAGE_RANK_V2,U003333,Control,2026-06-16,2026-06-16,True
EXP_2026_HOMEPAGE_RANK_V2,U020885,Treatment,2026-06-26,2026-06-30,True
EXP_2026_HOMEPAGE_RANK_V2,U006097,Treatment,2026-06-10,2026-06-15,True
EXP_2026_HOMEPAGE_RANK_V2,U005599,Control,2026-06-30,2026-07-01,True
EXP_2026_HOMEPAGE_RANK_V2,U014962,Treatment,2026-07-03,2026-07-04,True
EXP_2026_HOMEPAGE_RANK_V2,U019904,Treatment,2026-05-24,2026-05-25,True
EXP_2026_HOMEPAGE_RANK_V2,U020533,Treatment,2026-04-28,2026-05-02,True
EXP_2026_HOMEPAGE_RANK_V2,U008561,Treatment,2026-07-08,2026-07-13,True
EXP_2026_HOMEPAGE_RANK_V2,U006911,Treatment,2026-05-06,2026-05-06,False
EXP_2026_HOMEPAGE_RANK_V2,U005075,Treatment,2026-05-17,2026-05-19,True
EXP_2026_HOMEPAGE_RANK_V2,U020015,Treatment,2026-06-12,2026-06-14,True
EXP_2026_HOMEPAGE_RANK_V2,U010544,Treatment,2026-05-03,2026-05-04,True
EXP_2026_HOMEPAGE_RANK_V2,U014839,Treatment,2026-05-02,2026-05-03,True
EXP_2026_HOMEPAGE_RANK_V2,U018014,Treatment,2026-06-09,2026-06-09,True
EXP_2026_HOMEPAGE_RANK_V2,U013771,Control,2026-06-28,2026-06-28,True
EXP_2026_HOMEPAGE_RANK_V2,U002745,Control,2026-05-15,2026-05-16,True
EXP_2026_HOMEPAGE_RANK_V2,U023929,Treatment,2026-07-01,2026-07-02,True
EXP_2026_HOMEPAGE_RANK_V2,U011439,Control,2026-06-05,2026-06-09,False
EXP_2026_HOMEPAGE_RANK_V2,U000905,Treatment,2026-07-10,2026-07-14,True
EXP_2026_HOMEPAGE_RANK_V2,U023615,Control,2026-05-28,2026-05-29,True
EXP_2026_HOMEPAGE_RANK_V2,U021562,Treatment,2026-06-02,2026-06-05,True
EXP_2026_HOMEPAGE_RANK_V2,U005519,Treatment,2026-05-30,2026-05-31,True
EXP_2026_HOMEPAGE_RANK_V2,U005297,Control,2026-05-08,2026-05-11,True
EXP_2026_HOMEPAGE_RANK_V2,U009046,Treatment,2026-06-03,2026-06-07,True
EXP_2026_HOMEPAGE_RANK_V2,U000764,Control,2026-07-01,2026-07-03,True
EXP_2026_HOMEPAGE_RANK_V2,U008268,Control,2026-07-09,2026-07-09,False
EXP_2026_HOMEPAGE_RANK_V2,U007504,Control,2026-05-03,2026-05-05,True
EXP_2026_HOMEPAGE_RANK_V2,U019178,Control,2026-07-10,2026-07-14,True
EXP_2026_HOMEPAGE_RANK_V2,U023298,Control,2026-05-16,2026-05-18,True
EXP_2026_HOMEPAGE_RANK_V2,U003059,Control,2026-05-18,2026-05-20,True
EXP_2026_HOMEPAGE_RANK_V2,U005932,Control,2026-05-06,2026-05-08,True
EXP_2026_HOMEPAGE_RANK_V2,U022555,Treatment,2026-06-20,2026-06-21,True
EXP_2026_HOMEPAGE_RANK_V2,U014876,Treatment,2026-04-18,2026-04-21,False
EXP_2026_HOMEPAGE_RANK_V2,U018574,Control,2026-05-17,2026-05-19,False
EXP_2026_HOMEPAGE_RANK_V2,U000090,Control,2026-04-19,2026-04-20,True
EXP_2026_HOMEPAGE_RANK_V2,U006264,Treatment,2026-05-01,2026-05-05,True
EXP_2026_HOMEPAGE_RANK_V2,U020272,Treatment,2026-05-04,2026-05-06,True
EXP_2026_HOMEPAGE_RANK_V2,U012286,Control,2026-06-02,2026-06-02,True
EXP_2026_HOMEPAGE_RANK_V2,U005239,Treatment,2026-05-02,2026-05-02,True
EXP_2026_HOMEPAGE_RANK_V2,U013974,Control,2026-05-07,2026-05-09,True
EXP_2026_HOMEPAGE_RANK_V2,U017868,Treatment,2026-04-19,2026-04-19,True
EXP_2026_HOMEPAGE_RANK_V2,U023166,Treatment,2026-06-17,2026-06-17,True
EXP_2026_HOMEPAGE_RANK_V2,U006140,Treatment,2026-04-24,2026-04-24,True
EXP_2026_HOMEPAGE_RANK_V2,U019983,Treatment,2026-06-25,2026-06-29,True
EXP_2026_HOMEPAGE_RANK_V2,U000213,Treatment,2026-05-20,2026-05-21,True
EXP_2026_HOMEPAGE_RANK_V2,U022447,Control,2026-05-09,2026-05-11,True
EXP_2026_HOMEPAGE_RANK_V2,U008811,Control,2026-06-27,2026-06-28,True
EXP_2026_HOMEPAGE_RANK_V2,U024408,Treatment,2026-04-30,2026-05-02,True
EXP_2026_HOMEPAGE_RANK_V2,U008065,Treatment,2026-04-26,2026-04-28,True
EXP_2026_HOMEPAGE_RANK_V2,U008040,Treatment,2026-04-20,2026-04-24,True
EXP_2026_HOMEPAGE_RANK_V2,U013559,Control,2026-07-03,2026-07-04,True
EXP_2026_HOMEPAGE_RANK_V2,U014833,Control,2026-05-05,2026-05-06,True
EXP_2026_HOMEPAGE_RANK_V2,U014104,Control,2026-07-02,2026-07-07,True
EXP_2026_HOMEPAGE_RANK_V2,U013488,Treatment,2026-06-09,2026-06-10,True
EXP_2026_HOMEPAGE_RANK_V2,U011035,Treatment,2026-05-16,2026-05-17,True
EXP_2026_HOMEPAGE_RANK_V2,U012138,Control,2026-05-29,2026-05-31,True
EXP_2026_HOMEPAGE_RANK_V2,U015184,Control,2026-06-20,2026-06-23,True
EXP_2026_HOMEPAGE_RANK_V2,U011827,Control,2026-05-18,2026-05-18,True
EXP_2026_HOMEPAGE_RANK_V2,U017304,Control,2026-04-21,2026-04-24,True
EXP_2026_HOMEPAGE_RANK_V2,U021612,Control,2026-04-30,2026-05-01,True
EXP_2026_HOMEPAGE_RANK_V2,U019425,Control,2026-06-30,2026-07-05,True
EXP_2026_HOMEPAGE_RANK_V2,U011964,Treatment,2026-05-31,2026-06-02,True
EXP_2026_HOMEPAGE_RANK_V2,U006824,Control,2026-06-09,2026-06-13,True
EXP_2026_HOMEPAGE_RANK_V2,U017982,Treatment,2026-04-28,2026-05-02,True
EXP_2026_HOMEPAGE_RANK_V2,U012842,Control,2026-05-21,2026-05-26,True
EXP_2026_HOMEPAGE_RANK_V2,U019036,Control,2026-06-25,2026-06-29,True
EXP_2026_HOMEPAGE_RANK_V2,U016722,Treatment,2026-06-18,2026-06-23,True
EXP_2026_HOMEPAGE_RANK_V2,U003422,Control,2026-07-05,2026-07-08,True
EXP_2026_HOMEPAGE_RANK_V2,U023650,Treatment,2026-06-23,2026-06-25,True
EXP_2026_HOMEPAGE_RANK_V2,U005962,Control,2026-07-03,2026-07-07,True
EXP_2026_HOMEPAGE_RANK_V2,U004109,Treatment,2026-05-10,2026-05-15,True
EXP_2026_HOMEPAGE_RANK_V2,U006115,Control,2026-05-23,2026-05-25,True
EXP_2026_HOMEPAGE_RANK_V2,U022806,Control,2026-05-18,2026-05-20,True
EXP_2026_HOMEPAGE_RANK_V2,U016043,Control,2026-05-21,2026-05-25,True
EXP_2026_HOMEPAGE_RANK_V2,U009564,Treatment,2026-04-28,2026-05-02,True
EXP_2026_HOMEPAGE_RANK_V2,U024892,Control,2026-04-25,2026-04-25,True
EXP_2026_HOMEPAGE_RANK_V2,U013840,Control,2026-05-13,2026-05-16,True
EXP_2026_HOMEPAGE_RANK_V2,U006262,Treatment,2026-06-18,2026-06-19,True
EXP_2026_HOMEPAGE_RANK_V2,U006953,Control,2026-07-05,2026-07-09,True
EXP_2026_HOMEPAGE_RANK_V2,U012383,Control,2026-06-26,2026-06-27,True
EXP_2026_HOMEPAGE_RANK_V2,U023574,Control,2026-05-05,2026-05-08,True
EXP_2026_HOMEPAGE_RANK_V2,U019608,Treatment,2026-07-07,2026-07-11,True
EXP_2026_HOMEPAGE_RANK_V2,U023122,Control,2026-06-02,2026-06-03,True
EXP_2026_HOMEPAGE_RANK_V2,U015517,Control,2026-05-08,2026-05-09,True
EXP_2026_HOMEPAGE_RANK_V2,U004338,Treatment,2026-05-26,2026-05-28,True
EXP_2026_HOMEPAGE_RANK_V2,U014315,Treatment,2026-05-30,2026-06-03,True
EXP_2026_HOMEPAGE_RANK_V2,U008003,Control,2026-05-13,2026-05-15,True
EXP_2026_HOMEPAGE_RANK_V2,U011461,Control,2026-06-18,2026-06-23,True
EXP_2026_HOMEPAGE_RANK_V2,U004913,Control,2026-07-11,2026-07-15,True
EXP_2026_HOMEPAGE_RANK_V2,U012316,Treatment,2026-06-22,2026-06-27,True
EXP_2026_HOMEPAGE_RANK_V2,U012129,Treatment,2026-06-27,2026-06-29,True
EXP_2026_HOMEPAGE_RANK_V2,U016136,Treatment,2026-06-28,2026-07-03,True
EXP_2026_HOMEPAGE_RANK_V2,U014094,Control,2026-06-14,2026-06-15,True
EXP_2026_HOMEPAGE_RANK_V2,U021599,Control,2026-07-07,2026-07-12,True
EXP_2026_HOMEPAGE_RANK_V2,U007388,Treatment,2026-07-02,2026-07-02,True
EXP_2026_HOMEPAGE_RANK_V2,U014407,Treatment,2026-06-05,2026-06-06,True
EXP_2026_HOMEPAGE_RANK_V2,U013849,Treatment,2026-06-13,2026-06-13,True
EXP_2026_HOMEPAGE_RANK_V2,U022733,Control,2026-05-12,2026-05-16,True
EXP_2026_HOMEPAGE_RANK_V2,U014000,Control,2026-04-23,2026-04-24,True
EXP_2026_HOMEPAGE_RANK_V2,U009807,Treatment,2026-04-19,2026-04-19,True
EXP_2026_HOMEPAGE_RANK_V2,U021304,Control,2026-06-09,2026-06-12,True
EXP_2026_HOMEPAGE_RANK_V2,U001765,Treatment,2026-06-03,2026-06-08,True
EXP_2026_HOMEPAGE_RANK_V2,U004548,Control,2026-04-30,2026-05-02,True
EXP_2026_HOMEPAGE_RANK_V2,U020243,Control,2026-04-29,2026-04-30,True
EXP_2026_HOMEPAGE_RANK_V2,U011700,Control,2026-04-19,2026-04-22,True
EXP_2026_HOMEPAGE_RANK_V2,U011326,Treatment,2026-06-17,2026-06-20,True
EXP_2026_HOMEPAGE_RANK_V2,U011936,Treatment,2026-05-30,2026-05-31,True
EXP_2026_HOMEPAGE_RANK_V2,U005615,Treatment,2026-04-18,2026-04-22,True
EXP_2026_HOMEPAGE_RANK_V2,U006599,Control,2026-06-01,2026-06-02,True
EXP_2026_HOMEPAGE_RANK_V2,U018452,Control,2026-06-09,2026-06-09,True
EXP_2026_HOMEPAGE_RANK_V2,U019663,Treatment,2026-06-09,2026-06-14,True
EXP_2026_HOMEPAGE_RANK_V2,U006590,Control,2026-04-19,2026-04-23,True
EXP_2026_HOMEPAGE_RANK_V2,U022744,Control,2026-05-05,2026-05-10,True
EXP_2026_HOMEPAGE_RANK_V2,U008537,Control,2026-05-18,2026-05-21,True
EXP_2026_HOMEPAGE_RANK_V2,U012596,Treatment,2026-05-28,2026-06-01,True
EXP_2026_HOMEPAGE_RANK_V2,U018780,Treatment,2026-05-17,2026-05-21,True
EXP_2026_HOMEPAGE_RANK_V2,U023860,Treatment,2026-04-22,2026-04-26,False
EXP_2026_HOMEPAGE_RANK_V2,U012111,Control,2026-05-18,2026-05-22,True
EXP_2026_HOMEPAGE_RANK_V2,U017094,Control,2026-06-21,2026-06-23,True
EXP_2026_HOMEPAGE_RANK_V2,U021436,Control,2026-06-28,2026-06-30,True
EXP_2026_HOMEPAGE_RANK_V2,U015814,Treatment,2026-05-29,2026-06-03,True
EXP_2026_HOMEPAGE_RANK_V2,U013246,Treatment,2026-06-17,2026-06-21,True
EXP_2026_HOMEPAGE_RANK_V2,U002041,Control,2026-07-01,2026-07-05,True
EXP_2026_HOMEPAGE_RANK_V2,U015412,Treatment,2026-06-11,2026-06-15,True
EXP_2026_HOMEPAGE_RANK_V2,U017761,Control,2026-06-12,2026-06-17,True
EXP_2026_HOMEPAGE_RANK_V2,U016083,Control,2026-05-22,2026-05-25,True
EXP_2026_HOMEPAGE_RANK_V2,U013938,Control,2026-07-08,2026-07-08,True
EXP_2026_HOMEPAGE_RANK_V2,U007948,Treatment,2026-04-30,2026-05-03,True
EXP_2026_HOMEPAGE_RANK_V2,U001748,Control,2026-05-27,2026-05-31,True
EXP_2026_HOMEPAGE_RANK_V2,U010246,Control,2026-06-13,2026-06-15,True
EXP_2026_HOMEPAGE_RANK_V2,U003531,Treatment,2026-04-27,2026-04-27,True
EXP_2026_HOMEPAGE_RANK_V2,U017204,Control,2026-07-09,2026-07-14,True
EXP_2026_HOMEPAGE_RANK_V2,U011468,Control,2026-05-27,2026-05-30,True
EXP_2026_HOMEPAGE_RANK_V2,U023108,Control,2026-06-09,2026-06-11,True
EXP_2026_HOMEPAGE_RANK_V2,U008031,Control,2026-05-24,2026-05-26,True
EXP_2026_HOMEPAGE_RANK_V2,U021746,Treatment,2026-05-28,2026-06-01,True
EXP_2026_HOMEPAGE_RANK_V2,U007339,Treatment,2026-06-09,2026-06-12,True
EXP_2026_HOMEPAGE_RANK_V2,U015430,Control,2026-06-29,2026-07-02,True
EXP_2026_HOMEPAGE_RANK_V2,U004357,Control,2026-04-29,2026-05-03,True
EXP_2026_HOMEPAGE_RANK_V2,U012662,Treatment,2026-06-12,2026-06-17,True
EXP_2026_HOMEPAGE_RANK_V2,U013145,Treatment,2026-06-30,2026-07-03,True
EXP_2026_HOMEPAGE_RANK_V2,U019627,Treatment,2026-06-10,2026-06-13,True
EXP_2026_HOMEPAGE_RANK_V2,U016290,Treatment,2026-05-30,2026-06-01,True
EXP_2026_HOMEPAGE_RANK_V2,U005426,Treatment,2026-04-20,2026-04-22,True
EXP_2026_HOMEPAGE_RANK_V2,U011702,Treatment,2026-05-16,2026-05-18,True
EXP_2026_HOMEPAGE_RANK_V2,U016541,Treatment,2026-06-29,2026-06-29,True
EXP_2026_HOMEPAGE_RANK_V2,U021077,Treatment,2026-07-06,2026-07-07,True
EXP_2026_HOMEPAGE_RANK_V2,U022240,Treatment,2026-06-23,2026-06-28,True
EXP_2026_HOMEPAGE_RANK_V2,U024305,Control,2026-07-03,2026-07-07,True
EXP_2026_HOMEPAGE_RANK_V2,U022383,Treatment,2026-06-28,2026-06-28,True
EXP_2026_HOMEPAGE_RANK_V2,U005817,Control,2026-06-28,2026-07-03,True
EXP_2026_HOMEPAGE_RANK_V2,U004514,Treatment,2026-05-24,2026-05-28,True
EXP_2026_HOMEPAGE_RANK_V2,U001041,Treatment,2026-04-19,2026-04-23,True
EXP_2026_HOMEPAGE_RANK_V2,U004898,Treatment,2026-07-05,2026-07-09,True
EXP_2026_HOMEPAGE_RANK_V2,U003253,Treatment,2026-06-17,2026-06-19,True
EXP_2026_HOMEPAGE_RANK_V2,U022574,Treatment,2026-04-19,2026-04-20,True
EXP_2026_HOMEPAGE_RANK_V2,U002442,Treatment,2026-07-06,2026-07-06,True
EXP_2026_HOMEPAGE_RANK_V2,U010778,Treatment,2026-07-04,2026-07-04,True
EXP_2026_HOMEPAGE_RANK_V2,U018100,Control,2026-06-02,2026-06-04,True
EXP_2026_HOMEPAGE_RANK_V2,U011597,Control,2026-05-26,2026-05-28,True
EXP_2026_HOMEPAGE_RANK_V2,U017359,Treatment,2026-06-13,2026-06-18,True
EXP_2026_HOMEPAGE_RANK_V2,U013238,Control,2026-06-30,2026-07-02,True
EXP_2026_HOMEPAGE_RANK_V2,U007480,Control,2026-06-19,2026-06-22,True
EXP_2026_HOMEPAGE_RANK_V2,U021303,Treatment,2026-05-22,2026-05-26,True
EXP_2026_HOMEPAGE_RANK_V2,U014626,Control,2026-04-29,2026-04-29,True
EXP_2026_HOMEPAGE_RANK_V2,U015644,Treatment,2026-06-27,2026-06-30,True
EXP_2026_HOMEPAGE_RANK_V2,U022868,Treatment,2026-06-15,2026-06-17,True
EXP_2026_HOMEPAGE_RANK_V2,U013308,Treatment,2026-05-23,2026-05-23,True
EXP_2026_HOMEPAGE_RANK_V2,U019269,Treatment,2026-06-22,2026-06-27,True
EXP_2026_HOMEPAGE_RANK_V2,U001620,Control,2026-05-18,2026-05-22,True
EXP_2026_HOMEPAGE_RANK_V2,U004043,Treatment,2026-06-09,2026-06-11,True
EXP_2026_HOMEPAGE_RANK_V2,U022162,Treatment,2026-07-05,2026-07-06,True
EXP_2026_HOMEPAGE_RANK_V2,U004976,Treatment,2026-04-28,2026-04-30,True
EXP_2026_HOMEPAGE_RANK_V2,U017609,Treatment,2026-05-08,2026-05-09,True
EXP_2026_HOMEPAGE_RANK_V2,U022274,Treatment,2026-06-22,2026-06-26,True
EXP_2026_HOMEPAGE_RANK_V2,U010390,Control,2026-05-22,2026-05-25,True
EXP_2026_HOMEPAGE_RANK_V2,U008609,Control,2026-05-02,2026-05-07,False
EXP_2026_HOMEPAGE_RANK_V2,U006352,Treatment,2026-06-12,2026-06-16,True
EXP_2026_HOMEPAGE_RANK_V2,U011056,Control,2026-05-21,2026-05-25,True
EXP_2026_HOMEPAGE_RANK_V2,U019359,Control,2026-07-03,2026-07-05,True
EXP_2026_HOMEPAGE_RANK_V2,U012197,Control,2026-07-09,2026-07-13,True
EXP_2026_HOMEPAGE_RANK_V2,U013456,Control,2026-05-22,2026-05-26,True
EXP_2026_HOMEPAGE_RANK_V2,U001689,Control,2026-04-22,2026-04-26,True
EXP_2026_HOMEPAGE_RANK_V2,U008894,Treatment,2026-05-24,2026-05-27,True
EXP_2026_HOMEPAGE_RANK_V2,U004744,Control,2026-04-18,2026-04-19,True
EXP_2026_HOMEPAGE_RANK_V2,U008817,Treatment,2026-05-06,2026-05-06,True
EXP_2026_HOMEPAGE_RANK_V2,U020329,Control,2026-05-06,2026-05-11,True
EXP_2026_HOMEPAGE_RANK_V2,U012412,Treatment,2026-06-26,2026-06-29,True
EXP_2026_HOMEPAGE_RANK_V2,U012958,Treatment,2026-05-19,2026-05-19,True
EXP_2026_HOMEPAGE_RANK_V2,U020801,Treatment,2026-05-01,2026-05-05,True
EXP_2026_HOMEPAGE_RANK_V2,U020484,Control,2026-07-07,2026-07-11,True
EXP_2026_HOMEPAGE_RANK_V2,U019317,Treatment,2026-06-02,2026-06-02,True
EXP_2026_HOMEPAGE_RANK_V2,U002714,Treatment,2026-05-07,2026-05-09,True
EXP_2026_HOMEPAGE_RANK_V2,U003103,Control,2026-04-24,2026-04-28,True
EXP_2026_HOMEPAGE_RANK_V2,U012806,Treatment,2026-04-20,2026-04-20,False
EXP_2026_HOMEPAGE_RANK_V2,U020665,Treatment,2026-04-20,2026-04-24,True
EXP_2026_HOMEPAGE_RANK_V2,U012577,Control,2026-05-22,2026-05-23,True
EXP_2026_HOMEPAGE_RANK_V2,U010370,Control,2026-04-18,2026-04-21,False
EXP_2026_HOMEPAGE_RANK_V2,U022168,Control,2026-06-20,2026-06-20,True
EXP_2026_HOMEPAGE_RANK_V2,U018586,Treatment,2026-06-06,2026-06-10,True
EXP_2026_HOMEPAGE_RANK_V2,U017031,Control,2026-07-04,2026-07-07,True
EXP_2026_HOMEPAGE_RANK_V2,U005267,Control,2026-06-13,2026-06-18,True
EXP_2026_HOMEPAGE_RANK_V2,U003600,Treatment,2026-05-24,2026-05-28,True
EXP_2026_HOMEPAGE_RANK_V2,U011817,Treatment,2026-05-02,2026-05-04,True
EXP_2026_HOMEPAGE_RANK_V2,U024702,Treatment,2026-06-20,2026-06-21,True
EXP_2026_HOMEPAGE_RANK_V2,U005522,Treatment,2026-06-18,2026-06-21,True
EXP_2026_HOMEPAGE_RANK_V2,U008180,Control,2026-06-30,2026-07-05,True
EXP_2026_HOMEPAGE_RANK_V2,U005298,Treatment,2026-04-24,2026-04-26,True
EXP_2026_HOMEPAGE_RANK_V2,U007298,Control,2026-07-06,2026-07-08,True
EXP_2026_HOMEPAGE_RANK_V2,U003976,Treatment,2026-07-02,2026-07-02,True
EXP_2026_HOMEPAGE_RANK_V2,U005769,Treatment,2026-07-09,2026-07-09,True
EXP_2026_HOMEPAGE_RANK_V2,U008370,Control,2026-05-10,2026-05-15,True
EXP_2026_HOMEPAGE_RANK_V2,U009740,Treatment,2026-06-21,2026-06-24,True
EXP_2026_HOMEPAGE_RANK_V2,U022036,Control,2026-06-06,2026-06-10,True
EXP_2026_HOMEPAGE_RANK_V2,U013743,Control,2026-05-15,2026-05-19,True
EXP_2026_HOMEPAGE_RANK_V2,U002438,Control,2026-05-25,2026-05-29,True
EXP_2026_HOMEPAGE_RANK_V2,U008862,Treatment,2026-06-10,2026-06-13,True
EXP_2026_HOMEPAGE_RANK_V2,U012239,Control,2026-04-25,2026-04-25,True
EXP_2026_HOMEPAGE_RANK_V2,U017568,Control,2026-05-28,2026-06-01,True
EXP_2026_HOMEPAGE_RANK_V2,U006631,Treatment,2026-06-08,2026-06-11,True
EXP_2026_HOMEPAGE_RANK_V2,U019690,Control,2026-05-14,2026-05-14,True
EXP_2026_HOMEPAGE_RANK_V2,U022035,Control,2026-06-09,2026-06-14,True
EXP_2026_HOMEPAGE_RANK_V2,U001004,Treatment,2026-06-19,2026-06-24,True
EXP_2026_HOMEPAGE_RANK_V2,U001994,Treatment,2026-05-03,2026-05-05,True
EXP_2026_HOMEPAGE_RANK_V2,U004155,Control,2026-07-02,2026-07-05,True
EXP_2026_HOMEPAGE_RANK_V2,U017548,Treatment,2026-06-16,2026-06-18,True
EXP_2026_HOMEPAGE_RANK_V2,U000633,Control,2026-04-22,2026-04-26,True
EXP_2026_HOMEPAGE_RANK_V2,U024029,Control,2026-07-08,2026-07-08,True
EXP_2026_HOMEPAGE_RANK_V2,U006158,Treatment,2026-07-03,2026-07-05,True
EXP_2026_HOMEPAGE_RANK_V2,U004559,Control,2026-07-02,2026-07-06,True
EXP_2026_HOMEPAGE_RANK_V2,U021356,Control,2026-06-18,2026-06-19,True
EXP_2026_HOMEPAGE_RANK_V2,U004327,Control,2026-05-15,2026-05-20,True
EXP_2026_HOMEPAGE_RANK_V2,U002655,Treatment,2026-04-23,2026-04-24,True
EXP_2026_HOMEPAGE_RANK_V2,U020477,Treatment,2026-05-11,2026-05-15,True
EXP_2026_HOMEPAGE_RANK_V2,U014871,Control,2026-06-20,2026-06-20,True
EXP_2026_HOMEPAGE_RANK_V2,U021100,Treatment,2026-07-02,2026-07-06,True
EXP_2026_HOMEPAGE_RANK_V2,U011196,Control,2026-06-14,2026-06-17,True
EXP_2026_HOMEPAGE_RANK_V2,U012181,Control,2026-06-24,2026-06-24,False
EXP_2026_HOMEPAGE_RANK_V2,U007844,Control,2026-05-26,2026-05-27,True
EXP_2026_HOMEPAGE_RANK_V2,U000259,Control,2026-06-04,2026-06-06,True
EXP_2026_HOMEPAGE_RANK_V2,U007519,Control,2026-05-04,2026-05-04,True
EXP_2026_HOMEPAGE_RANK_V2,U013037,Treatment,2026-05-27,2026-05-28,True
EXP_2026_HOMEPAGE_RANK_V2,U017227,Control,2026-05-19,2026-05-21,False
EXP_2026_HOMEPAGE_RANK_V2,U021704,Control,2026-06-06,2026-06-06,True
EXP_2026_HOMEPAGE_RANK_V2,U021839,Control,2026-05-10,2026-05-14,True
EXP_2026_HOMEPAGE_RANK_V2,U006042,Treatment,2026-04-23,2026-04-26,True
EXP_2026_HOMEPAGE_RANK_V2,U004292,Control,2026-05-09,2026-05-09,True
EXP_2026_HOMEPAGE_RANK_V2,U010137,Treatment,2026-05-02,2026-05-06,True
EXP_2026_HOMEPAGE_RANK_V2,U013731,Control,2026-06-10,2026-06-10,True
EXP_2026_HOMEPAGE_RANK_V2,U024569,Control,2026-05-31,2026-06-04,True
EXP_2026_HOMEPAGE_RANK_V2,U016820,Control,2026-04-20,2026-04-23,True
EXP_2026_HOMEPAGE_RANK_V2,U021151,Control,2026-06-25,2026-06-25,True
EXP_2026_HOMEPAGE_RANK_V2,U001688,Control,2026-06-03,2026-06-07,True
EXP_2026_HOMEPAGE_RANK_V2,U006309,Treatment,2026-05-29,2026-05-30,True
EXP_2026_HOMEPAGE_RANK_V2,U005582,Control,2026-06-07,2026-06-12,True
EXP_2026_HOMEPAGE_RANK_V2,U020288,Treatment,2026-05-02,2026-05-06,False
EXP_2026_HOMEPAGE_RANK_V2,U021390,Control,2026-05-09,2026-05-11,True
EXP_2026_HOMEPAGE_RANK_V2,U023483,Treatment,2026-06-21,2026-06-22,True
EXP_2026_HOMEPAGE_RANK_V2,U000899,Control,2026-05-23,2026-05-24,True
EXP_2026_HOMEPAGE_RANK_V2,U022010,Control,2026-06-17,2026-06-21,False
EXP_2026_HOMEPAGE_RANK_V2,U020157,Treatment,2026-05-14,2026-05-15,True
EXP_2026_HOMEPAGE_RANK_V2,U002340,Control,2026-06-21,2026-06-25,True
EXP_2026_HOMEPAGE_RANK_V2,U019540,Control,2026-05-20,2026-05-23,False
EXP_2026_HOMEPAGE_RANK_V2,U018596,Treatment,2026-05-21,2026-05-23,True
EXP_2026_HOMEPAGE_RANK_V2,U020577,Treatment,2026-05-25,2026-05-28,True
EXP_2026_HOMEPAGE_RANK_V2,U007587,Treatment,2026-06-19,2026-06-24,True
EXP_2026_HOMEPAGE_RANK_V2,U008913,Treatment,2026-04-23,2026-04-23,True
EXP_2026_HOMEPAGE_RANK_V2,U004366,Control,2026-04-22,2026-04-25,True
EXP_2026_HOMEPAGE_RANK_V2,U008367,Control,2026-04-18,2026-04-18,True
EXP_2026_HOMEPAGE_RANK_V2,U014127,Control,2026-05-28,2026-06-01,True
EXP_2026_HOMEPAGE_RANK_V2,U021914,Treatment,2026-06-29,2026-06-29,True
EXP_2026_HOMEPAGE_RANK_V2,U006855,Treatment,2026-05-18,2026-05-22,True
EXP_2026_HOMEPAGE_RANK_V2,U009257,Control,2026-05-20,2026-05-21,True
EXP_2026_HOMEPAGE_RANK_V2,U023109,Control,2026-06-19,2026-06-24,True
EXP_2026_HOMEPAGE_RANK_V2,U000032,Control,2026-06-13,2026-06-15,True
EXP_2026_HOMEPAGE_RANK_V2,U021337,Treatment,2026-05-02,2026-05-07,True
EXP_2026_HOMEPAGE_RANK_V2,U002953,Treatment,2026-05-21,2026-05-24,True
EXP_2026_HOMEPAGE_RANK_V2,U023212,Control,2026-06-10,2026-06-14,True
EXP_2026_HOMEPAGE_RANK_V2,U010820,Treatment,2026-07-05,2026-07-09,True
EXP_2026_HOMEPAGE_RANK_V2,U017403,Control,2026-05-19,2026-05-24,True
EXP_2026_HOMEPAGE_RANK_V2,U023558,Control,2026-06-10,2026-06-11,True
EXP_2026_HOMEPAGE_RANK_V2,U003951,Treatment,2026-05-09,2026-05-13,True
EXP_2026_HOMEPAGE_RANK_V2,U007033,Treatment,2026-06-07,2026-06-12,True
EXP_2026_HOMEPAGE_RANK_V2,U020087,Treatment,2026-05-16,2026-05-20,True
EXP_2026_HOMEPAGE_RANK_V2,U008351,Control,2026-05-08,2026-05-12,True
EXP_2026_HOMEPAGE_RANK_V2,U021840,Treatment,2026-06-10,2026-06-11,True
EXP_2026_HOMEPAGE_RANK_V2,U012498,Control,2026-06-23,2026-06-25,True
EXP_2026_HOMEPAGE_RANK_V2,U011542,Control,2026-07-06,2026-07-11,True
EXP_2026_HOMEPAGE_RANK_V2,U000273,Treatment,2026-05-06,2026-05-08,True
EXP_2026_HOMEPAGE_RANK_V2,U023809,Control,2026-06-25,2026-06-30,True
EXP_2026_HOMEPAGE_RANK_V2,U018227,Control,2026-05-02,2026-05-04,True
EXP_2026_HOMEPAGE_RANK_V2,U023414,Control,2026-05-09,2026-05-10,True
EXP_2026_HOMEPAGE_RANK_V2,U015864,Treatment,2026-06-24,2026-06-27,True
EXP_2026_HOMEPAGE_RANK_V2,U011895,Treatment,2026-05-24,2026-05-26,True
EXP_2026_HOMEPAGE_RANK_V2,U014093,Treatment,2026-06-30,2026-07-01,True
EXP_2026_HOMEPAGE_RANK_V2,U015531,Treatment,2026-06-07,2026-06-10,True
EXP_2026_HOMEPAGE_RANK_V2,U010198,Treatment,2026-07-05,2026-07-08,True
EXP_2026_HOMEPAGE_RANK_V2,U022512,Control,2026-06-03,2026-06-05,True
EXP_2026_HOMEPAGE_RANK_V2,U024214,Control,2026-05-24,2026-05-26,True
EXP_2026_HOMEPAGE_RANK_V2,U001614,Treatment,2026-07-01,2026-07-02,True
EXP_2026_HOMEPAGE_RANK_V2,U015400,Control,2026-06-22,2026-06-22,True
EXP_2026_HOMEPAGE_RANK_V2,U011581,Control,2026-07-08,2026-07-08,True
EXP_2026_HOMEPAGE_RANK_V2,U014612,Control,2026-05-18,2026-05-23,True
EXP_2026_HOMEPAGE_RANK_V2,U008761,Control,2026-07-08,2026-07-10,True
EXP_2026_HOMEPAGE_RANK_V2,U006643,Control,2026-05-04,2026-05-08,True
EXP_2026_HOMEPAGE_RANK_V2,U021577,Control,2026-06-19,2026-06-24,True
EXP_2026_HOMEPAGE_RANK_V2,U011118,Treatment,2026-06-15,2026-06-20,True
EXP_2026_HOMEPAGE_RANK_V2,U012989,Treatment,2026-07-10,2026-07-15,True
EXP_2026_HOMEPAGE_RANK_V2,U007688,Control,2026-05-09,2026-05-12,True
EXP_2026_HOMEPAGE_RANK_V2,U016497,Control,2026-06-24,2026-06-26,True
EXP_2026_HOMEPAGE_RANK_V2,U005018,Treatment,2026-04-28,2026-04-29,True
EXP_2026_HOMEPAGE_RANK_V2,U016607,Treatment,2026-04-18,2026-04-18,True
EXP_2026_HOMEPAGE_RANK_V2,U019489,Treatment,2026-04-27,2026-04-27,True
EXP_2026_HOMEPAGE_RANK_V2,U012973,Control,2026-04-28,2026-04-29,True
EXP_2026_HOMEPAGE_RANK_V2,U006656,Treatment,2026-05-30,2026-06-04,True
EXP_2026_HOMEPAGE_RANK_V2,U012288,Control,2026-04-21,2026-04-26,True
EXP_2026_HOMEPAGE_RANK_V2,U013916,Treatment,2026-07-04,2026-07-08,True
EXP_2026_HOMEPAGE_RANK_V2,U015484,Treatment,2026-05-04,2026-05-04,False
EXP_2026_HOMEPAGE_RANK_V2,U005513,Treatment,2026-05-23,2026-05-27,True
EXP_2026_HOMEPAGE_RANK_V2,U009281,Treatment,2026-07-07,2026-07-10,True
EXP_2026_HOMEPAGE_RANK_V2,U000546,Treatment,2026-05-05,2026-05-05,True
EXP_2026_HOMEPAGE_RANK_V2,U003234,Control,2026-05-30,2026-05-30,True
EXP_2026_HOMEPAGE_RANK_V2,U011178,Treatment,2026-05-21,2026-05-25,True
EXP_2026_HOMEPAGE_RANK_V2,U002649,Control,2026-05-06,2026-05-08,True
EXP_2026_HOMEPAGE_RANK_V2,U002889,Control,2026-05-13,2026-05-14,True
EXP_2026_HOMEPAGE_RANK_V2,U012332,Treatment,2026-05-28,2026-05-28,True
EXP_2026_HOMEPAGE_RANK_V2,U009355,Control,2026-07-09,2026-07-10,True
EXP_2026_HOMEPAGE_RANK_V2,U010947,Treatment,2026-05-15,2026-05-20,True
EXP_2026_HOMEPAGE_RANK_V2,U012866,Control,2026-06-28,2026-07-02,True
EXP_2026_HOMEPAGE_RANK_V2,U001564,Treatment,2026-04-29,2026-05-03,True
EXP_2026_HOMEPAGE_RANK_V2,U011070,Treatment,2026-06-10,2026-06-15,True
EXP_2026_HOMEPAGE_RANK_V2,U008015,Control,2026-07-06,2026-07-06,True
EXP_2026_HOMEPAGE_RANK_V2,U017451,Treatment,2026-05-28,2026-05-29,True
EXP_2026_HOMEPAGE_RANK_V2,U000700,Control,2026-07-09,2026-07-12,True
EXP_2026_HOMEPAGE_RANK_V2,U009078,Treatment,2026-05-31,2026-06-04,True
EXP_2026_HOMEPAGE_RANK_V2,U000739,Treatment,2026-05-04,2026-05-04,True
EXP_2026_HOMEPAGE_RANK_V2,U020914,Control,2026-07-06,2026-07-06,True
EXP_2026_HOMEPAGE_RANK_V2,U004234,Control,2026-04-29,2026-04-29,True
EXP_2026_HOMEPAGE_RANK_V2,U005744,Control,2026-06-24,2026-06-27,True
EXP_2026_HOMEPAGE_RANK_V2,U012819,Treatment,2026-05-23,2026-05-26,True
EXP_2026_HOMEPAGE_RANK_V2,U018627,Control,2026-05-15,2026-05-19,True
EXP_2026_HOMEPAGE_RANK_V2,U016802,Control,2026-07-10,2026-07-10,True
EXP_2026_HOMEPAGE_RANK_V2,U016925,Treatment,2026-05-07,2026-05-11,False
EXP_2026_HOMEPAGE_RANK_V2,U002106,Treatment,2026-04-23,2026-04-28,True
EXP_2026_HOMEPAGE_RANK_V2,U024554,Treatment,2026-05-27,2026-05-29,True
EXP_2026_HOMEPAGE_RANK_V2,U017366,Control,2026-05-26,2026-05-26,True
EXP_2026_HOMEPAGE_RANK_V2,U014692,Treatment,2026-05-10,2026-05-12,True
EXP_2026_HOMEPAGE_RANK_V2,U014954,Control,2026-05-06,2026-05-11,True
EXP_2026_HOMEPAGE_RANK_V2,U011922,Control,2026-06-02,2026-06-03,True
EXP_2026_HOMEPAGE_RANK_V2,U001354,Treatment,2026-06-17,2026-06-22,True
EXP_2026_HOMEPAGE_RANK_V2,U017606,Treatment,2026-07-04,2026-07-08,True
EXP_2026_HOMEPAGE_RANK_V2,U011832,Control,2026-05-14,2026-05-18,True
EXP_2026_HOMEPAGE_RANK_V2,U021569,Treatment,2026-06-28,2026-07-01,True
EXP_2026_HOMEPAGE_RANK_V2,U017684,Control,2026-06-11,2026-06-12,True
EXP_2026_HOMEPAGE_RANK_V2,U024719,Treatment,2026-07-04,2026-07-05,True
EXP_2026_HOMEPAGE_RANK_V2,U016929,Treatment,2026-05-01,2026-05-01,True
EXP_2026_HOMEPAGE_RANK_V2,U003660,Control,2026-06-20,2026-06-21,True
EXP_2026_HOMEPAGE_RANK_V2,U009586,Control,2026-05-23,2026-05-24,True
EXP_2026_HOMEPAGE_RANK_V2,U024589,Control,2026-05-28,2026-05-29,True
EXP_2026_HOMEPAGE_RANK_V2,U023271,Treatment,2026-06-20,2026-06-21,False
EXP_2026_HOMEPAGE_RANK_V2,U013383,Treatment,2026-06-27,2026-06-28,False
EXP_2026_HOMEPAGE_RANK_V2,U004460,Treatment,2026-05-26,2026-05-31,True
EXP_2026_HOMEPAGE_RANK_V2,U004656,Treatment,2026-05-28,2026-05-29,False
EXP_2026_HOMEPAGE_RANK_V2,U009056,Treatment,2026-05-07,2026-05-09,True
EXP_2026_HOMEPAGE_RANK_V2,U011564,Control,2026-06-11,2026-06-13,True
EXP_2026_HOMEPAGE_RANK_V2,U018551,Treatment,2026-05-17,2026-05-22,True
EXP_2026_HOMEPAGE_RANK_V2,U016625,Control,2026-06-28,2026-06-29,True
EXP_2026_HOMEPAGE_RANK_V2,U022527,Control,2026-05-10,2026-05-13,True
EXP_2026_HOMEPAGE_RANK_V2,U007881,Treatment,2026-06-07,2026-06-09,True
EXP_2026_HOMEPAGE_RANK_V2,U021289,Control,2026-06-19,2026-06-20,True
EXP_2026_HOMEPAGE_RANK_V2,U019401,Treatment,2026-05-23,2026-05-27,True
EXP_2026_HOMEPAGE_RANK_V2,U021554,Control,2026-05-23,2026-05-27,True
EXP_2026_HOMEPAGE_RANK_V2,U004602,Treatment,2026-07-11,2026-07-15,True
EXP_2026_HOMEPAGE_RANK_V2,U020525,Control,2026-04-19,2026-04-20,True
EXP_2026_HOMEPAGE_RANK_V2,U019039,Treatment,2026-07-02,2026-07-07,True
EXP_2026_HOMEPAGE_RANK_V2,U014929,Control,2026-04-27,2026-04-28,True
EXP_2026_HOMEPAGE_RANK_V2,U019062,Treatment,2026-05-19,2026-05-23,False
EXP_2026_HOMEPAGE_RANK_V2,U013516,Control,2026-05-10,2026-05-15,True
EXP_2026_HOMEPAGE_RANK_V2,U001142,Treatment,2026-05-05,2026-05-10,True
EXP_2026_HOMEPAGE_RANK_V2,U006626,Treatment,2026-06-17,2026-06-22,True
EXP_2026_HOMEPAGE_RANK_V2,U011767,Control,2026-06-25,2026-06-26,True
EXP_2026_HOMEPAGE_RANK_V2,U014698,Treatment,2026-05-25,2026-05-27,True
EXP_2026_HOMEPAGE_RANK_V2,U020016,Treatment,2026-07-06,2026-07-09,True
EXP_2026_HOMEPAGE_RANK_V2,U020956,Treatment,2026-06-18,2026-06-18,True
EXP_2026_HOMEPAGE_RANK_V2,U018440,Control,2026-04-18,2026-04-19,True
EXP_2026_HOMEPAGE_RANK_V2,U011728,Control,2026-07-09,2026-07-11,True
EXP_2026_HOMEPAGE_RANK_V2,U003477,Control,2026-04-18,2026-04-21,True
EXP_2026_HOMEPAGE_RANK_V2,U021050,Treatment,2026-05-02,2026-05-04,True
EXP_2026_HOMEPAGE_RANK_V2,U018864,Treatment,2026-04-28,2026-05-01,True
EXP_2026_HOMEPAGE_RANK_V2,U022433,Treatment,2026-05-05,2026-05-08,True
EXP_2026_HOMEPAGE_RANK_V2,U014263,Treatment,2026-05-16,2026-05-20,True
EXP_2026_HOMEPAGE_RANK_V2,U020778,Treatment,2026-07-08,2026-07-11,True
EXP_2026_HOMEPAGE_RANK_V2,U009518,Control,2026-06-30,2026-07-05,True
EXP_2026_HOMEPAGE_RANK_V2,U020095,Treatment,2026-06-19,2026-06-23,True
EXP_2026_HOMEPAGE_RANK_V2,U017498,Control,2026-07-05,2026-07-08,True
EXP_2026_HOMEPAGE_RANK_V2,U019263,Control,2026-04-18,2026-04-18,True
EXP_2026_HOMEPAGE_RANK_V2,U023187,Treatment,2026-04-18,2026-04-21,True
EXP_2026_HOMEPAGE_RANK_V2,U008500,Control,2026-05-04,2026-05-06,True
EXP_2026_HOMEPAGE_RANK_V2,U007289,Control,2026-05-10,2026-05-11,True
EXP_2026_HOMEPAGE_RANK_V2,U015807,Treatment,2026-05-01,2026-05-03,True
EXP_2026_HOMEPAGE_RANK_V2,U004266,Treatment,2026-04-30,2026-05-02,True
EXP_2026_HOMEPAGE_RANK_V2,U000621,Control,2026-04-25,2026-04-25,True
EXP_2026_HOMEPAGE_RANK_V2,U011426,Treatment,2026-04-18,2026-04-19,True
EXP_2026_HOMEPAGE_RANK_V2,U007210,Control,2026-07-07,2026-07-11,True
EXP_2026_HOMEPAGE_RANK_V2,U006167,Control,2026-05-19,2026-05-20,False
EXP_2026_HOMEPAGE_RANK_V2,U004206,Treatment,2026-05-28,2026-05-28,False
EXP_2026_HOMEPAGE_RANK_V2,U021964,Control,2026-06-26,2026-06-27,True
EXP_2026_HOMEPAGE_RANK_V2,U005177,Control,2026-06-04,2026-06-09,True
EXP_2026_HOMEPAGE_RANK_V2,U001295,Control,2026-06-02,2026-06-02,True
EXP_2026_HOMEPAGE_RANK_V2,U023742,Control,2026-05-10,2026-05-13,True
EXP_2026_HOMEPAGE_RANK_V2,U018846,Treatment,2026-06-23,2026-06-23,True
EXP_2026_HOMEPAGE_RANK_V2,U015433,Control,2026-04-21,2026-04-24,False
EXP_2026_HOMEPAGE_RANK_V2,U001990,Control,2026-06-01,2026-06-06,True
EXP_2026_HOMEPAGE_RANK_V2,U012193,Treatment,2026-07-11,2026-07-11,True
EXP_2026_HOMEPAGE_RANK_V2,U008498,Treatment,2026-04-24,2026-04-25,True
EXP_2026_HOMEPAGE_RANK_V2,U021580,Control,2026-05-31,2026-06-05,True
EXP_2026_HOMEPAGE_RANK_V2,U003522,Control,2026-05-05,2026-05-05,True
EXP_2026_HOMEPAGE_RANK_V2,U018400,Treatment,2026-04-23,2026-04-23,True
EXP_2026_HOMEPAGE_RANK_V2,U008417,Treatment,2026-05-23,2026-05-26,True
EXP_2026_HOMEPAGE_RANK_V2,U013473,Control,2026-05-26,2026-05-29,True
EXP_2026_HOMEPAGE_RANK_V2,U000447,Control,2026-04-18,2026-04-20,True
EXP_2026_HOMEPAGE_RANK_V2,U023033,Treatment,2026-07-11,2026-07-16,True
EXP_2026_HOMEPAGE_RANK_V2,U019860,Treatment,2026-06-07,2026-06-11,True
EXP_2026_HOMEPAGE_RANK_V2,U012159,Control,2026-06-07,2026-06-09,True
EXP_2026_HOMEPAGE_RANK_V2,U011476,Treatment,2026-05-21,2026-05-24,True
EXP_2026_HOMEPAGE_RANK_V2,U004016,Treatment,2026-05-11,2026-05-11,True
EXP_2026_HOMEPAGE_RANK_V2,U003306,Treatment,2026-07-07,2026-07-12,True
EXP_2026_HOMEPAGE_RANK_V2,U012451,Treatment,2026-06-25,2026-06-29,True
EXP_2026_HOMEPAGE_RANK_V2,U009716,Treatment,2026-06-19,2026-06-20,True
EXP_2026_HOMEPAGE_RANK_V2,U017166,Treatment,2026-06-03,2026-06-07,True
EXP_2026_HOMEPAGE_RANK_V2,U000332,Control,2026-05-29,2026-05-30,True
EXP_2026_HOMEPAGE_RANK_V2,U012962,Treatment,2026-05-07,2026-05-10,True
EXP_2026_HOMEPAGE_RANK_V2,U006321,Treatment,2026-05-14,2026-05-15,True
EXP_2026_HOMEPAGE_RANK_V2,U006661,Treatment,2026-06-18,2026-06-19,True
EXP_2026_HOMEPAGE_RANK_V2,U020222,Control,2026-07-03,2026-07-06,True
EXP_2026_HOMEPAGE_RANK_V2,U000168,Treatment,2026-05-27,2026-05-29,True
EXP_2026_HOMEPAGE_RANK_V2,U001124,Treatment,2026-05-11,2026-05-14,True
EXP_2026_HOMEPAGE_RANK_V2,U006083,Control,2026-07-01,2026-07-01,True
EXP_2026_HOMEPAGE_RANK_V2,U008153,Control,2026-06-09,2026-06-09,True
EXP_2026_HOMEPAGE_RANK_V2,U009088,Treatment,2026-07-10,2026-07-10,False
EXP_2026_HOMEPAGE_RANK_V2,U005537,Treatment,2026-06-19,2026-06-20,True
EXP_2026_HOMEPAGE_RANK_V2,U011141,Control,2026-07-01,2026-07-05,True
EXP_2026_HOMEPAGE_RANK_V2,U023756,Treatment,2026-05-07,2026-05-08,True
EXP_2026_HOMEPAGE_RANK_V2,U024720,Treatment,2026-04-26,2026-04-30,True
EXP_2026_HOMEPAGE_RANK_V2,U015878,Treatment,2026-05-29,2026-05-30,True
EXP_2026_HOMEPAGE_RANK_V2,U013115,Treatment,2026-06-02,2026-06-04,True
EXP_2026_HOMEPAGE_RANK_V2,U009769,Control,2026-05-07,2026-05-11,True
EXP_2026_HOMEPAGE_RANK_V2,U002753,Control,2026-05-11,2026-05-11,True
EXP_2026_HOMEPAGE_RANK_V2,U004046,Treatment,2026-05-15,2026-05-18,True
EXP_2026_HOMEPAGE_RANK_V2,U006177,Treatment,2026-05-17,2026-05-17,True
EXP_2026_HOMEPAGE_RANK_V2,U008206,Treatment,2026-06-17,2026-06-22,False
EXP_2026_HOMEPAGE_RANK_V2,U010266,Treatment,2026-05-31,2026-06-02,True
EXP_2026_HOMEPAGE_RANK_V2,U015009,Control,2026-06-15,2026-06-15,True
EXP_2026_HOMEPAGE_RANK_V2,U011875,Treatment,2026-04-26,2026-04-26,True
EXP_2026_HOMEPAGE_RANK_V2,U000327,Control,2026-06-06,2026-06-10,True
EXP_2026_HOMEPAGE_RANK_V2,U008638,Control,2026-07-11,2026-07-12,True
EXP_2026_HOMEPAGE_RANK_V2,U018576,Control,2026-05-06,2026-05-07,True
EXP_2026_HOMEPAGE_RANK_V2,U021471,Control,2026-04-24,2026-04-26,True
EXP_2026_HOMEPAGE_RANK_V2,U005042,Control,2026-05-27,2026-05-30,True
EXP_2026_HOMEPAGE_RANK_V2,U020659,Control,2026-05-07,2026-05-12,True
EXP_2026_HOMEPAGE_RANK_V2,U007017,Control,2026-06-15,2026-06-18,True
EXP_2026_HOMEPAGE_RANK_V2,U023180,Control,2026-06-14,2026-06-19,True
EXP_2026_HOMEPAGE_RANK_V2,U014068,Treatment,2026-05-11,2026-05-12,True
EXP_2026_HOMEPAGE_RANK_V2,U012486,Treatment,2026-04-20,2026-04-24,True
EXP_2026_HOMEPAGE_RANK_V2,U005289,Control,2026-05-19,2026-05-24,True
EXP_2026_HOMEPAGE_RANK_V2,U005146,Treatment,2026-06-15,2026-06-19,True
EXP_2026_HOMEPAGE_RANK_V2,U010891,Control,2026-04-20,2026-04-21,True
EXP_2026_HOMEPAGE_RANK_V2,U020391,Treatment,2026-05-30,2026-06-04,True
EXP_2026_HOMEPAGE_RANK_V2,U015236,Treatment,2026-06-07,2026-06-10,True
EXP_2026_HOMEPAGE_RANK_V2,U005680,Control,2026-06-08,2026-06-10,False
EXP_2026_HOMEPAGE_RANK_V2,U010184,Treatment,2026-06-03,2026-06-06,True
EXP_2026_HOMEPAGE_RANK_V2,U016574,Control,2026-04-18,2026-04-23,True
EXP_2026_HOMEPAGE_RANK_V2,U017143,Treatment,2026-06-02,2026-06-05,True
EXP_2026_HOMEPAGE_RANK_V2,U005308,Treatment,2026-06-11,2026-06-13,True
EXP_2026_HOMEPAGE_RANK_V2,U013805,Control,2026-06-13,2026-06-17,True
EXP_2026_HOMEPAGE_RANK_V2,U022465,Treatment,2026-05-05,2026-05-07,True
EXP_2026_HOMEPAGE_RANK_V2,U007111,Control,2026-05-02,2026-05-03,True
EXP_2026_HOMEPAGE_RANK_V2,U011050,Control,2026-07-08,2026-07-09,True
EXP_2026_HOMEPAGE_RANK_V2,U014934,Treatment,2026-06-09,2026-06-12,True
EXP_2026_HOMEPAGE_RANK_V2,U017390,Control,2026-07-06,2026-07-11,True
EXP_2026_HOMEPAGE_RANK_V2,U009243,Control,2026-07-05,2026-07-09,True
EXP_2026_HOMEPAGE_RANK_V2,U001044,Control,2026-04-28,2026-05-02,True
EXP_2026_HOMEPAGE_RANK_V2,U022483,Control,2026-05-05,2026-05-05,True
EXP_2026_HOMEPAGE_RANK_V2,U001086,Treatment,2026-06-21,2026-06-23,True
EXP_2026_HOMEPAGE_RANK_V2,U023406,Treatment,2026-06-25,2026-06-27,True
EXP_2026_HOMEPAGE_RANK_V2,U010768,Control,2026-06-23,2026-06-24,True
EXP_2026_HOMEPAGE_RANK_V2,U015344,Control,2026-05-14,2026-05-14,True
EXP_2026_HOMEPAGE_RANK_V2,U006871,Control,2026-07-06,2026-07-11,True
EXP_2026_HOMEPAGE_RANK_V2,U024023,Control,2026-05-24,2026-05-24,True
EXP_2026_HOMEPAGE_RANK_V2,U020303,Treatment,2026-05-17,2026-05-22,True
EXP_2026_HOMEPAGE_RANK_V2,U018808,Control,2026-05-08,2026-05-11,True
EXP_2026_HOMEPAGE_RANK_V2,U009777,Control,2026-07-01,2026-07-03,True
EXP_2026_HOMEPAGE_RANK_V2,U009812,Control,2026-05-19,2026-05-21,True
EXP_2026_HOMEPAGE_RANK_V2,U004856,Treatment,2026-05-29,2026-06-01,True
EXP_2026_HOMEPAGE_RANK_V2,U012459,Control,2026-06-07,2026-06-08,True
EXP_2026_HOMEPAGE_RANK_V2,U011422,Control,2026-04-24,2026-04-24,True
EXP_2026_HOMEPAGE_RANK_V2,U005249,Treatment,2026-06-04,2026-06-04,True
EXP_2026_HOMEPAGE_RANK_V2,U000140,Treatment,2026-04-29,2026-05-03,True
EXP_2026_HOMEPAGE_RANK_V2,U023072,Control,2026-06-30,2026-06-30,True
EXP_2026_HOMEPAGE_RANK_V2,U002831,Control,2026-05-03,2026-05-05,True
EXP_2026_HOMEPAGE_RANK_V2,U017103,Control,2026-04-28,2026-04-29,True
EXP_2026_HOMEPAGE_RANK_V2,U014352,Treatment,2026-05-17,2026-05-21,True
EXP_2026_HOMEPAGE_RANK_V2,U020253,Control,2026-04-21,2026-04-24,True
EXP_2026_HOMEPAGE_RANK_V2,U012441,Treatment,2026-05-14,2026-05-19,True
EXP_2026_HOMEPAGE_RANK_V2,U004059,Control,2026-04-23,2026-04-24,True
EXP_2026_HOMEPAGE_RANK_V2,U023387,Treatment,2026-05-20,2026-05-20,True
EXP_2026_HOMEPAGE_RANK_V2,U022129,Control,2026-06-25,2026-06-29,True
EXP_2026_HOMEPAGE_RANK_V2,U016807,Control,2026-04-19,2026-04-19,True
EXP_2026_HOMEPAGE_RANK_V2,U004529,Treatment,2026-05-23,2026-05-24,True
EXP_2026_HOMEPAGE_RANK_V2,U007307,Treatment,2026-04-29,2026-05-02,True
EXP_2026_HOMEPAGE_RANK_V2,U015390,Treatment,2026-07-01,2026-07-02,False
EXP_2026_HOMEPAGE_RANK_V2,U002900,Control,2026-05-02,2026-05-04,True
EXP_2026_HOMEPAGE_RANK_V2,U013744,Control,2026-06-27,2026-06-27,True
EXP_2026_HOMEPAGE_RANK_V2,U016082,Control,2026-05-05,2026-05-05,True
EXP_2026_HOMEPAGE_RANK_V2,U010064,Control,2026-05-19,2026-05-23,True
EXP_2026_HOMEPAGE_RANK_V2,U004839,Treatment,2026-07-08,2026-07-09,True
EXP_2026_HOMEPAGE_RANK_V2,U008277,Control,2026-07-07,2026-07-09,True
EXP_2026_HOMEPAGE_RANK_V2,U023449,Treatment,2026-06-07,2026-06-11,True
EXP_2026_HOMEPAGE_RANK_V2,U009456,Control,2026-06-19,2026-06-24,False
EXP_2026_HOMEPAGE_RANK_V2,U011283,Control,2026-05-17,2026-05-18,True
EXP_2026_HOMEPAGE_RANK_V2,U004350,Treatment,2026-04-21,2026-04-22,True
EXP_2026_HOMEPAGE_RANK_V2,U020637,Treatment,2026-06-24,2026-06-28,True
EXP_2026_HOMEPAGE_RANK_V2,U010589,Treatment,2026-05-10,2026-05-11,True
EXP_2026_HOMEPAGE_RANK_V2,U002363,Control,2026-06-11,2026-06-11,True
EXP_2026_HOMEPAGE_RANK_V2,U022696,Treatment,2026-05-29,2026-06-01,True
EXP_2026_HOMEPAGE_RANK_V2,U017898,Treatment,2026-06-12,2026-06-17,True
EXP_2026_HOMEPAGE_RANK_V2,U014639,Control,2026-05-01,2026-05-05,True
EXP_2026_HOMEPAGE_RANK_V2,U012938,Treatment,2026-04-19,2026-04-22,True
EXP_2026_HOMEPAGE_RANK_V2,U010183,Control,2026-06-19,2026-06-24,True
EXP_2026_HOMEPAGE_RANK_V2,U022405,Treatment,2026-06-19,2026-06-23,True
EXP_2026_HOMEPAGE_RANK_V2,U024517,Treatment,2026-06-17,2026-06-21,True
EXP_2026_HOMEPAGE_RANK_V2,U020238,Control,2026-06-05,2026-06-10,True
EXP_2026_HOMEPAGE_RANK_V2,U003379,Control,2026-04-29,2026-04-30,True
EXP_2026_HOMEPAGE_RANK_V2,U012052,Treatment,2026-05-22,2026-05-26,True
EXP_2026_HOMEPAGE_RANK_V2,U004320,Treatment,2026-04-28,2026-04-28,True
EXP_2026_HOMEPAGE_RANK_V2,U000329,Control,2026-05-26,2026-05-28,True
EXP_2026_HOMEPAGE_RANK_V2,U011580,Treatment,2026-05-06,2026-05-06,True
EXP_2026_HOMEPAGE_RANK_V2,U003850,Treatment,2026-05-06,2026-05-11,True
EXP_2026_HOMEPAGE_RANK_V2,U007503,Control,2026-05-27,2026-05-27,True
EXP_2026_HOMEPAGE_RANK_V2,U007681,Treatment,2026-05-04,2026-05-08,True
EXP_2026_HOMEPAGE_RANK_V2,U001491,Treatment,2026-06-11,2026-06-12,True
EXP_2026_HOMEPAGE_RANK_V2,U007780,Control,2026-04-24,2026-04-25,True
EXP_2026_HOMEPAGE_RANK_V2,U006850,Treatment,2026-04-29,2026-04-30,True
EXP_2026_HOMEPAGE_RANK_V2,U023220,Treatment,2026-04-27,2026-05-02,True
EXP_2026_HOMEPAGE_RANK_V2,U018222,Control,2026-05-26,2026-05-26,True
EXP_2026_HOMEPAGE_RANK_V2,U003868,Control,2026-05-31,2026-05-31,True
EXP_2026_HOMEPAGE_RANK_V2,U013087,Treatment,2026-06-09,2026-06-10,True
EXP_2026_HOMEPAGE_RANK_V2,U021747,Control,2026-05-18,2026-05-23,True
EXP_2026_HOMEPAGE_RANK_V2,U023190,Treatment,2026-05-03,2026-05-07,True
EXP_2026_HOMEPAGE_RANK_V2,U009501,Treatment,2026-04-29,2026-05-04,True
EXP_2026_HOMEPAGE_RANK_V2,U013425,Treatment,2026-04-24,2026-04-29,True
EXP_2026_HOMEPAGE_RANK_V2,U004222,Control,2026-04-18,2026-04-20,True
EXP_2026_HOMEPAGE_RANK_V2,U011030,Treatment,2026-05-16,2026-05-20,True
EXP_2026_HOMEPAGE_RANK_V2,U004105,Treatment,2026-06-15,2026-06-16,False
EXP_2026_HOMEPAGE_RANK_V2,U005044,Treatment,2026-05-12,2026-05-15,True
EXP_2026_HOMEPAGE_RANK_V2,U009306,Treatment,2026-06-27,2026-06-27,True
EXP_2026_HOMEPAGE_RANK_V2,U015266,Control,2026-06-21,2026-06-23,True
EXP_2026_HOMEPAGE_RANK_V2,U024180,Control,2026-05-26,2026-05-31,True
EXP_2026_HOMEPAGE_RANK_V2,U000650,Control,2026-05-17,2026-05-19,True
EXP_2026_HOMEPAGE_RANK_V2,U016992,Treatment,2026-06-24,2026-06-27,True
EXP_2026_HOMEPAGE_RANK_V2,U022517,Control,2026-05-07,2026-05-08,True
EXP_2026_HOMEPAGE_RANK_V2,U010465,Treatment,2026-05-06,2026-05-08,True
EXP_2026_HOMEPAGE_RANK_V2,U015109,Control,2026-05-28,2026-05-28,False
EXP_2026_HOMEPAGE_RANK_V2,U016138,Treatment,2026-05-10,2026-05-12,True
EXP_2026_HOMEPAGE_RANK_V2,U004719,Control,2026-05-26,2026-05-27,True
EXP_2026_HOMEPAGE_RANK_V2,U010713,Treatment,2026-06-25,2026-06-29,True
EXP_2026_HOMEPAGE_RANK_V2,U016471,Control,2026-07-11,2026-07-14,True
EXP_2026_HOMEPAGE_RANK_V2,U016052,Control,2026-05-01,2026-05-01,True
EXP_2026_HOMEPAGE_RANK_V2,U008141,Treatment,2026-05-19,2026-05-23,True
EXP_2026_HOMEPAGE_RANK_V2,U007923,Control,2026-05-30,2026-06-02,True
EXP_2026_HOMEPAGE_RANK_V2,U017566,Treatment,2026-06-23,2026-06-24,True
EXP_2026_HOMEPAGE_RANK_V2,U002062,Control,2026-07-07,2026-07-09,True
EXP_2026_HOMEPAGE_RANK_V2,U012652,Control,2026-04-28,2026-04-29,True
EXP_2026_HOMEPAGE_RANK_V2,U019918,Control,2026-07-02,2026-07-02,True
EXP_2026_HOMEPAGE_RANK_V2,U014041,Treatment,2026-06-23,2026-06-26,True
EXP_2026_HOMEPAGE_RANK_V2,U017282,Control,2026-06-28,2026-06-29,True
EXP_2026_HOMEPAGE_RANK_V2,U015824,Treatment,2026-06-14,2026-06-18,True
EXP_2026_HOMEPAGE_RANK_V2,U009533,Control,2026-06-28,2026-06-29,True
EXP_2026_HOMEPAGE_RANK_V2,U016579,Control,2026-06-21,2026-06-26,True
EXP_2026_HOMEPAGE_RANK_V2,U015971,Treatment,2026-06-25,2026-06-27,True
EXP_2026_HOMEPAGE_RANK_V2,U003371,Treatment,2026-06-15,2026-06-20,True
EXP_2026_HOMEPAGE_RANK_V2,U013699,Control,2026-06-21,2026-06-25,True
EXP_2026_HOMEPAGE_RANK_V2,U008983,Control,2026-04-29,2026-05-04,True
EXP_2026_HOMEPAGE_RANK_V2,U000973,Treatment,2026-05-01,2026-05-04,True
EXP_2026_HOMEPAGE_RANK_V2,U007957,Control,2026-06-06,2026-06-08,True
EXP_2026_HOMEPAGE_RANK_V2,U011521,Treatment,2026-06-21,2026-06-21,True
EXP_2026_HOMEPAGE_RANK_V2,U012584,Treatment,2026-05-11,2026-05-16,True
EXP_2026_HOMEPAGE_RANK_V2,U014402,Control,2026-05-24,2026-05-27,True
EXP_2026_HOMEPAGE_RANK_V2,U010258,Treatment,2026-06-13,2026-06-14,True
EXP_2026_HOMEPAGE_RANK_V2,U001841,Treatment,2026-06-14,2026-06-15,True
EXP_2026_HOMEPAGE_RANK_V2,U022073,Control,2026-04-19,2026-04-24,True
EXP_2026_HOMEPAGE_RANK_V2,U016200,Treatment,2026-04-21,2026-04-24,True
EXP_2026_HOMEPAGE_RANK_V2,U022774,Control,2026-05-23,2026-05-24,True
EXP_2026_HOMEPAGE_RANK_V2,U014779,Treatment,2026-06-14,2026-06-16,True
EXP_2026_HOMEPAGE_RANK_V2,U010170,Treatment,2026-05-10,2026-05-12,True
EXP_2026_HOMEPAGE_RANK_V2,U013854,Control,2026-06-01,2026-06-01,True
EXP_2026_HOMEPAGE_RANK_V2,U005069,Treatment,2026-06-15,2026-06-19,True
EXP_2026_HOMEPAGE_RANK_V2,U023549,Treatment,2026-04-27,2026-04-28,True
EXP_2026_HOMEPAGE_RANK_V2,U011706,Treatment,2026-04-29,2026-04-30,False
EXP_2026_HOMEPAGE_RANK_V2,U010155,Treatment,2026-05-17,2026-05-22,True
EXP_2026_HOMEPAGE_RANK_V2,U014073,Treatment,2026-05-14,2026-05-17,True
EXP_2026_HOMEPAGE_RANK_V2,U007419,Treatment,2026-06-29,2026-06-29,True
EXP_2026_HOMEPAGE_RANK_V2,U017032,Control,2026-05-10,2026-05-12,True
EXP_2026_HOMEPAGE_RANK_V2,U004423,Control,2026-05-22,2026-05-26,True
EXP_2026_HOMEPAGE_RANK_V2,U015711,Control,2026-07-08,2026-07-10,True
EXP_2026_HOMEPAGE_RANK_V2,U005698,Treatment,2026-06-03,2026-06-05,True
EXP_2026_HOMEPAGE_RANK_V2,U005849,Control,2026-07-10,2026-07-12,True
EXP_2026_HOMEPAGE_RANK_V2,U018829,Treatment,2026-04-24,2026-04-26,True
EXP_2026_HOMEPAGE_RANK_V2,U011500,Treatment,2026-05-12,2026-05-15,True
EXP_2026_HOMEPAGE_RANK_V2,U024263,Control,2026-06-26,2026-07-01,True
EXP_2026_HOMEPAGE_RANK_V2,U000749,Control,2026-06-02,2026-06-06,True
EXP_2026_HOMEPAGE_RANK_V2,U007671,Treatment,2026-05-29,2026-06-03,True
EXP_2026_HOMEPAGE_RANK_V2,U006700,Treatment,2026-05-08,2026-05-08,True
EXP_2026_HOMEPAGE_RANK_V2,U009166,Control,2026-06-09,2026-06-09,True
EXP_2026_HOMEPAGE_RANK_V2,U009725,Control,2026-05-01,2026-05-05,True
EXP_2026_HOMEPAGE_RANK_V2,U013428,Control,2026-07-11,2026-07-15,True
EXP_2026_HOMEPAGE_RANK_V2,U007855,Treatment,2026-06-01,2026-06-05,True
EXP_2026_HOMEPAGE_RANK_V2,U014134,Control,2026-06-19,2026-06-19,True
EXP_2026_HOMEPAGE_RANK_V2,U007029,Control,2026-07-10,2026-07-11,True
EXP_2026_HOMEPAGE_RANK_V2,U015941,Treatment,2026-04-18,2026-04-22,True
EXP_2026_HOMEPAGE_RANK_V2,U024789,Treatment,2026-04-29,2026-05-04,True
EXP_2026_HOMEPAGE_RANK_V2,U001256,Control,2026-05-02,2026-05-06,True
EXP_2026_HOMEPAGE_RANK_V2,U005926,Treatment,2026-05-28,2026-05-29,True
EXP_2026_HOMEPAGE_RANK_V2,U004229,Control,2026-06-25,2026-06-27,True
EXP_2026_HOMEPAGE_RANK_V2,U019456,Control,2026-06-05,2026-06-06,True
EXP_2026_HOMEPAGE_RANK_V2,U001903,Control,2026-07-04,2026-07-06,False
EXP_2026_HOMEPAGE_RANK_V2,U003796,Treatment,2026-07-09,2026-07-12,True
EXP_2026_HOMEPAGE_RANK_V2,U020529,Treatment,2026-07-08,2026-07-13,True
EXP_2026_HOMEPAGE_RANK_V2,U022998,Treatment,2026-06-14,2026-06-16,True
EXP_2026_HOMEPAGE_RANK_V2,U021236,Control,2026-05-17,2026-05-19,True
EXP_2026_HOMEPAGE_RANK_V2,U010803,Treatment,2026-04-19,2026-04-22,True
EXP_2026_HOMEPAGE_RANK_V2,U016518,Control,2026-05-07,2026-05-11,True
EXP_2026_HOMEPAGE_RANK_V2,U018944,Control,2026-06-08,2026-06-10,True
EXP_2026_HOMEPAGE_RANK_V2,U011625,Treatment,2026-07-10,2026-07-11,True
EXP_2026_HOMEPAGE_RANK_V2,U006676,Treatment,2026-05-17,2026-05-19,True
EXP_2026_HOMEPAGE_RANK_V2,U012801,Control,2026-06-01,2026-06-05,True
EXP_2026_HOMEPAGE_RANK_V2,U017088,Control,2026-05-26,2026-05-31,True
EXP_2026_HOMEPAGE_RANK_V2,U014565,Control,2026-05-10,2026-05-13,True
EXP_2026_HOMEPAGE_RANK_V2,U012119,Control,2026-05-27,2026-05-30,True
EXP_2026_HOMEPAGE_RANK_V2,U022814,Treatment,2026-06-03,2026-06-04,True
EXP_2026_HOMEPAGE_RANK_V2,U007459,Control,2026-05-05,2026-05-10,True
EXP_2026_HOMEPAGE_RANK_V2,U020443,Treatment,2026-06-07,2026-06-11,True
EXP_2026_HOMEPAGE_RANK_V2,U009883,Treatment,2026-04-19,2026-04-20,True
EXP_2026_HOMEPAGE_RANK_V2,U023289,Control,2026-06-30,2026-07-01,True
EXP_2026_HOMEPAGE_RANK_V2,U017114,Control,2026-05-05,2026-05-06,True
EXP_2026_HOMEPAGE_RANK_V2,U008945,Treatment,2026-07-04,2026-07-09,True
EXP_2026_HOMEPAGE_RANK_V2,U003529,Treatment,2026-04-19,2026-04-24,True
EXP_2026_HOMEPAGE_RANK_V2,U000647,Control,2026-04-23,2026-04-25,True
EXP_2026_HOMEPAGE_RANK_V2,U019952,Control,2026-06-20,2026-06-23,True
EXP_2026_HOMEPAGE_RANK_V2,U017801,Control,2026-06-26,2026-06-28,True
EXP_2026_HOMEPAGE_RANK_V2,U004969,Control,2026-06-10,2026-06-10,True
EXP_2026_HOMEPAGE_RANK_V2,U013112,Treatment,2026-05-13,2026-05-14,True
EXP_2026_HOMEPAGE_RANK_V2,U022408,Treatment,2026-06-18,2026-06-23,True
EXP_2026_HOMEPAGE_RANK_V2,U019199,Treatment,2026-07-11,2026-07-11,True
EXP_2026_HOMEPAGE_RANK_V2,U014317,Control,2026-07-08,2026-07-10,True
EXP_2026_HOMEPAGE_RANK_V2,U014052,Control,2026-07-11,2026-07-11,True
EXP_2026_HOMEPAGE_RANK_V2,U008648,Treatment,2026-06-12,2026-06-15,True
EXP_2026_HOMEPAGE_RANK_V2,U016861,Treatment,2026-04-29,2026-04-30,True
EXP_2026_HOMEPAGE_RANK_V2,U001473,Treatment,2026-05-10,2026-05-14,True
EXP_2026_HOMEPAGE_RANK_V2,U017507,Treatment,2026-05-13,2026-05-15,True
EXP_2026_HOMEPAGE_RANK_V2,U005064,Treatment,2026-06-08,2026-06-10,False
EXP_2026_HOMEPAGE_RANK_V2,U007433,Control,2026-06-06,2026-06-11,True
EXP_2026_HOMEPAGE_RANK_V2,U000199,Treatment,2026-05-20,2026-05-24,True
EXP_2026_HOMEPAGE_RANK_V2,U007793,Control,2026-05-26,2026-05-28,True
EXP_2026_HOMEPAGE_RANK_V2,U021955,Control,2026-06-17,2026-06-21,True
EXP_2026_HOMEPAGE_RANK_V2,U000670,Treatment,2026-06-08,2026-06-11,True
EXP_2026_HOMEPAGE_RANK_V2,U022776,Treatment,2026-06-21,2026-06-26,True
EXP_2026_HOMEPAGE_RANK_V2,U019625,Control,2026-07-05,2026-07-09,True
EXP_2026_HOMEPAGE_RANK_V2,U014173,Treatment,2026-05-29,2026-06-03,True
EXP_2026_HOMEPAGE_RANK_V2,U024951,Control,2026-05-18,2026-05-22,True
EXP_2026_HOMEPAGE_RANK_V2,U003418,Control,2026-05-09,2026-05-14,True
EXP_2026_HOMEPAGE_RANK_V2,U001372,Control,2026-06-11,2026-06-15,True
EXP_2026_HOMEPAGE_RANK_V2,U022322,Control,2026-06-30,2026-07-04,True
EXP_2026_HOMEPAGE_RANK_V2,U011140,Control,2026-06-13,2026-06-13,True
EXP_2026_HOMEPAGE_RANK_V2,U016014,Treatment,2026-04-24,2026-04-28,True
EXP_2026_HOMEPAGE_RANK_V2,U010110,Treatment,2026-05-22,2026-05-25,True
EXP_2026_HOMEPAGE_RANK_V2,U022501,Control,2026-05-10,2026-05-13,True
EXP_2026_HOMEPAGE_RANK_V2,U022160,Control,2026-05-26,2026-05-26,True
EXP_2026_HOMEPAGE_RANK_V2,U014115,Treatment,2026-06-12,2026-06-13,True
EXP_2026_HOMEPAGE_RANK_V2,U007779,Treatment,2026-05-06,2026-05-07,True
EXP_2026_HOMEPAGE_RANK_V2,U012027,Treatment,2026-05-15,2026-05-18,True
EXP_2026_HOMEPAGE_RANK_V2,U004166,Treatment,2026-06-04,2026-06-08,True
EXP_2026_HOMEPAGE_RANK_V2,U013538,Treatment,2026-06-17,2026-06-21,True
EXP_2026_HOMEPAGE_RANK_V2,U018685,Treatment,2026-07-07,2026-07-09,True
EXP_2026_HOMEPAGE_RANK_V2,U001658,Control,2026-05-11,2026-05-12,True
EXP_2026_HOMEPAGE_RANK_V2,U021749,Treatment,2026-06-21,2026-06-21,True
EXP_2026_HOMEPAGE_RANK_V2,U017155,Control,2026-05-23,2026-05-26,True
EXP_2026_HOMEPAGE_RANK_V2,U009455,Control,2026-05-30,2026-06-01,True
EXP_2026_HOMEPAGE_RANK_V2,U019757,Treatment,2026-04-19,2026-04-23,False
EXP_2026_HOMEPAGE_RANK_V2,U020469,Treatment,2026-06-23,2026-06-24,True
EXP_2026_HOMEPAGE_RANK_V2,U003389,Control,2026-06-29,2026-06-30,True
EXP_2026_HOMEPAGE_RANK_V2,U013117,Treatment,2026-05-06,2026-05-07,True
EXP_2026_HOMEPAGE_RANK_V2,U010824,Control,2026-05-10,2026-05-12,True
EXP_2026_HOMEPAGE_RANK_V2,U020640,Control,2026-05-02,2026-05-05,True
EXP_2026_HOMEPAGE_RANK_V2,U024970,Treatment,2026-06-30,2026-07-01,True
EXP_2026_HOMEPAGE_RANK_V2,U010755,Treatment,2026-05-25,2026-05-30,True
EXP_2026_HOMEPAGE_RANK_V2,U007958,Control,2026-07-11,2026-07-15,True
EXP_2026_HOMEPAGE_RANK_V2,U023894,Control,2026-05-11,2026-05-12,True
EXP_2026_HOMEPAGE_RANK_V2,U004135,Treatment,2026-06-22,2026-06-25,True
EXP_2026_HOMEPAGE_RANK_V2,U004421,Control,2026-05-16,2026-05-16,True
EXP_2026_HOMEPAGE_RANK_V2,U016831,Treatment,2026-04-28,2026-05-03,True
EXP_2026_HOMEPAGE_RANK_V2,U010210,Control,2026-05-26,2026-05-29,True
EXP_2026_HOMEPAGE_RANK_V2,U017569,Control,2026-07-01,2026-07-05,True
EXP_2026_HOMEPAGE_RANK_V2,U001392,Treatment,2026-06-29,2026-07-04,True
EXP_2026_HOMEPAGE_RANK_V2,U020039,Control,2026-06-13,2026-06-14,False
EXP_2026_HOMEPAGE_RANK_V2,U005967,Treatment,2026-05-24,2026-05-24,True
EXP_2026_HOMEPAGE_RANK_V2,U013859,Treatment,2026-06-25,2026-06-30,True
EXP_2026_HOMEPAGE_RANK_V2,U011914,Control,2026-06-07,2026-06-08,True
EXP_2026_HOMEPAGE_RANK_V2,U009018,Control,2026-06-05,2026-06-08,True
EXP_2026_HOMEPAGE_RANK_V2,U001442,Control,2026-06-20,2026-06-25,True
EXP_2026_HOMEPAGE_RANK_V2,U021602,Control,2026-06-26,2026-06-26,True
EXP_2026_HOMEPAGE_RANK_V2,U011642,Treatment,2026-06-01,2026-06-04,False
EXP_2026_HOMEPAGE_RANK_V2,U002374,Control,2026-06-15,2026-06-15,True
EXP_2026_HOMEPAGE_RANK_V2,U018946,Control,2026-04-18,2026-04-22,True
EXP_2026_HOMEPAGE_RANK_V2,U003677,Control,2026-06-08,2026-06-08,True
EXP_2026_HOMEPAGE_RANK_V2,U012534,Control,2026-05-05,2026-05-07,True
EXP_2026_HOMEPAGE_RANK_V2,U015130,Treatment,2026-06-10,2026-06-11,True
EXP_2026_HOMEPAGE_RANK_V2,U017555,Control,2026-05-01,2026-05-06,True
EXP_2026_HOMEPAGE_RANK_V2,U011379,Treatment,2026-05-07,2026-05-08,True
EXP_2026_HOMEPAGE_RANK_V2,U006766,Treatment,2026-06-06,2026-06-08,False
EXP_2026_HOMEPAGE_RANK_V2,U015026,Treatment,2026-06-28,2026-06-29,True
EXP_2026_HOMEPAGE_RANK_V2,U007474,Treatment,2026-05-11,2026-05-14,True
EXP_2026_HOMEPAGE_RANK_V2,U020195,Control,2026-06-19,2026-06-22,True
EXP_2026_HOMEPAGE_RANK_V2,U011105,Treatment,2026-05-06,2026-05-07,True
EXP_2026_HOMEPAGE_RANK_V2,U024600,Treatment,2026-05-03,2026-05-07,True
EXP_2026_HOMEPAGE_RANK_V2,U005184,Control,2026-07-05,2026-07-09,True
EXP_2026_HOMEPAGE_RANK_V2,U008407,Treatment,2026-07-06,2026-07-06,False
EXP_2026_HOMEPAGE_RANK_V2,U023068,Treatment,2026-06-25,2026-06-28,True
EXP_2026_HOMEPAGE_RANK_V2,U009632,Treatment,2026-07-03,2026-07-07,True
EXP_2026_HOMEPAGE_RANK_V2,U012035,Control,2026-06-13,2026-06-15,True
EXP_2026_HOMEPAGE_RANK_V2,U020803,Treatment,2026-07-05,2026-07-06,True
EXP_2026_HOMEPAGE_RANK_V2,U004146,Control,2026-04-22,2026-04-22,True
EXP_2026_HOMEPAGE_RANK_V2,U015187,Treatment,2026-06-18,2026-06-20,True
EXP_2026_HOMEPAGE_RANK_V2,U001506,Treatment,2026-04-26,2026-04-26,True
EXP_2026_HOMEPAGE_RANK_V2,U009811,Treatment,2026-07-04,2026-07-04,True
EXP_2026_HOMEPAGE_RANK_V2,U021220,Control,2026-05-11,2026-05-12,True
EXP_2026_HOMEPAGE_RANK_V2,U011852,Control,2026-04-29,2026-05-04,True
EXP_2026_HOMEPAGE_RANK_V2,U010995,Treatment,2026-04-19,2026-04-22,True
EXP_2026_HOMEPAGE_RANK_V2,U003903,Control,2026-05-03,2026-05-05,True
EXP_2026_HOMEPAGE_RANK_V2,U019678,Control,2026-05-04,2026-05-08,True
EXP_2026_HOMEPAGE_RANK_V2,U003119,Treatment,2026-06-26,2026-07-01,True
EXP_2026_HOMEPAGE_RANK_V2,U010077,Treatment,2026-06-25,2026-06-30,True
EXP_2026_HOMEPAGE_RANK_V2,U023105,Treatment,2026-05-13,2026-05-17,True
EXP_2026_HOMEPAGE_RANK_V2,U021773,Treatment,2026-05-22,2026-05-24,False
EXP_2026_HOMEPAGE_RANK_V2,U014947,Control,2026-07-03,2026-07-07,True
EXP_2026_HOMEPAGE_RANK_V2,U012051,Control,2026-06-18,2026-06-21,True
EXP_2026_HOMEPAGE_RANK_V2,U001781,Treatment,2026-07-08,2026-07-09,True
EXP_2026_HOMEPAGE_RANK_V2,U011990,Control,2026-07-03,2026-07-08,True
EXP_2026_HOMEPAGE_RANK_V2,U023705,Treatment,2026-07-01,2026-07-02,True
EXP_2026_HOMEPAGE_RANK_V2,U000570,Treatment,2026-06-15,2026-06-15,True
EXP_2026_HOMEPAGE_RANK_V2,U011807,Treatment,2026-04-25,2026-04-25,True
EXP_2026_HOMEPAGE_RANK_V2,U017334,Control,2026-07-11,2026-07-13,True
EXP_2026_HOMEPAGE_RANK_V2,U002867,Treatment,2026-04-18,2026-04-21,True
EXP_2026_HOMEPAGE_RANK_V2,U000406,Control,2026-06-14,2026-06-17,True
EXP_2026_HOMEPAGE_RANK_V2,U013768,Control,2026-05-13,2026-05-17,True
EXP_2026_HOMEPAGE_RANK_V2,U019128,Control,2026-06-02,2026-06-02,True
EXP_2026_HOMEPAGE_RANK_V2,U006710,Treatment,2026-06-24,2026-06-24,True
EXP_2026_HOMEPAGE_RANK_V2,U023911,Treatment,2026-07-11,2026-07-11,True
EXP_2026_HOMEPAGE_RANK_V2,U016045,Treatment,2026-06-27,2026-07-01,False
EXP_2026_HOMEPAGE_RANK_V2,U013521,Control,2026-06-07,2026-06-11,True
EXP_2026_HOMEPAGE_RANK_V2,U001300,Treatment,2026-05-12,2026-05-15,True
EXP_2026_HOMEPAGE_RANK_V2,U010679,Control,2026-06-24,2026-06-25,True
EXP_2026_HOMEPAGE_RANK_V2,U011111,Control,2026-05-20,2026-05-22,True
EXP_2026_HOMEPAGE_RANK_V2,U011043,Treatment,2026-06-21,2026-06-22,True
EXP_2026_HOMEPAGE_RANK_V2,U012048,Control,2026-05-18,2026-05-22,True
EXP_2026_HOMEPAGE_RANK_V2,U006216,Treatment,2026-05-10,2026-05-10,True
EXP_2026_HOMEPAGE_RANK_V2,U018633,Control,2026-06-05,2026-06-08,True
EXP_2026_HOMEPAGE_RANK_V2,U009849,Treatment,2026-07-06,2026-07-09,True
EXP_2026_HOMEPAGE_RANK_V2,U011605,Treatment,2026-06-03,2026-06-05,True
EXP_2026_HOMEPAGE_RANK_V2,U023006,Control,2026-06-28,2026-06-30,True
EXP_2026_HOMEPAGE_RANK_V2,U011357,Treatment,2026-06-01,2026-06-02,True
EXP_2026_HOMEPAGE_RANK_V2,U004995,Treatment,2026-04-25,2026-04-27,True
EXP_2026_HOMEPAGE_RANK_V2,U000477,Treatment,2026-07-06,2026-07-10,True
EXP_2026_HOMEPAGE_RANK_V2,U006663,Control,2026-04-26,2026-04-29,True
EXP_2026_HOMEPAGE_RANK_V2,U021107,Control,2026-05-06,2026-05-07,True
EXP_2026_HOMEPAGE_RANK_V2,U023121,Control,2026-06-30,2026-06-30,True
EXP_2026_HOMEPAGE_RANK_V2,U023852,Control,2026-05-10,2026-05-14,True
EXP_2026_HOMEPAGE_RANK_V2,U022952,Treatment,2026-05-24,2026-05-26,True
EXP_2026_HOMEPAGE_RANK_V2,U003450,Control,2026-06-05,2026-06-07,False
EXP_2026_HOMEPAGE_RANK_V2,U016620,Treatment,2026-07-07,2026-07-09,True
EXP_2026_HOMEPAGE_RANK_V2,U019638,Treatment,2026-06-10,2026-06-15,True
EXP_2026_HOMEPAGE_RANK_V2,U016240,Treatment,2026-05-10,2026-05-12,True
EXP_2026_HOMEPAGE_RANK_V2,U019149,Treatment,2026-05-28,2026-05-31,True
EXP_2026_HOMEPAGE_RANK_V2,U014072,Control,2026-04-29,2026-05-02,True
EXP_2026_HOMEPAGE_RANK_V2,U021857,Control,2026-07-11,2026-07-11,True
EXP_2026_HOMEPAGE_RANK_V2,U009529,Control,2026-06-21,2026-06-24,True
EXP_2026_HOMEPAGE_RANK_V2,U009633,Control,2026-06-13,2026-06-14,True
EXP_2026_HOMEPAGE_RANK_V2,U006092,Control,2026-04-20,2026-04-21,True
EXP_2026_HOMEPAGE_RANK_V2,U010357,Treatment,2026-05-05,2026-05-07,True
EXP_2026_HOMEPAGE_RANK_V2,U002965,Control,2026-04-30,2026-05-03,True
EXP_2026_HOMEPAGE_RANK_V2,U014928,Control,2026-06-17,2026-06-18,True
EXP_2026_HOMEPAGE_RANK_V2,U009554,Treatment,2026-06-28,2026-06-29,True
EXP_2026_HOMEPAGE_RANK_V2,U007409,Treatment,2026-05-10,2026-05-15,True
EXP_2026_HOMEPAGE_RANK_V2,U000896,Treatment,2026-07-02,2026-07-04,True
EXP_2026_HOMEPAGE_RANK_V2,U014241,Treatment,2026-05-03,2026-05-04,True
EXP_2026_HOMEPAGE_RANK_V2,U012162,Control,2026-05-24,2026-05-27,True
EXP_2026_HOMEPAGE_RANK_V2,U002712,Treatment,2026-06-20,2026-06-25,True
EXP_2026_HOMEPAGE_RANK_V2,U001857,Treatment,2026-04-30,2026-05-02,True
EXP_2026_HOMEPAGE_RANK_V2,U016717,Treatment,2026-04-21,2026-04-21,True
EXP_2026_HOMEPAGE_RANK_V2,U019222,Control,2026-07-07,2026-07-08,True
EXP_2026_HOMEPAGE_RANK_V2,U002543,Control,2026-06-09,2026-06-09,True
EXP_2026_HOMEPAGE_RANK_V2,U014937,Control,2026-05-17,2026-05-22,True
EXP_2026_HOMEPAGE_RANK_V2,U008603,Control,2026-06-09,2026-06-13,True
EXP_2026_HOMEPAGE_RANK_V2,U006088,Control,2026-06-10,2026-06-10,True
EXP_2026_HOMEPAGE_RANK_V2,U009075,Control,2026-05-23,2026-05-28,True
EXP_2026_HOMEPAGE_RANK_V2,U015567,Treatment,2026-04-28,2026-05-03,True
EXP_2026_HOMEPAGE_RANK_V2,U019594,Treatment,2026-05-21,2026-05-24,True
EXP_2026_HOMEPAGE_RANK_V2,U016224,Control,2026-05-06,2026-05-07,True
EXP_2026_HOMEPAGE_RANK_V2,U022060,Control,2026-04-22,2026-04-24,True
EXP_2026_HOMEPAGE_RANK_V2,U021085,Control,2026-05-12,2026-05-14,True
EXP_2026_HOMEPAGE_RANK_V2,U016940,Treatment,2026-06-19,2026-06-22,True
EXP_2026_HOMEPAGE_RANK_V2,U012746,Treatment,2026-06-20,2026-06-23,True
EXP_2026_HOMEPAGE_RANK_V2,U001155,Control,2026-06-29,2026-07-04,True
EXP_2026_HOMEPAGE_RANK_V2,U019778,Control,2026-04-22,2026-04-24,True
EXP_2026_HOMEPAGE_RANK_V2,U016964,Control,2026-05-13,2026-05-18,True
EXP_2026_HOMEPAGE_RANK_V2,U003183,Treatment,2026-06-29,2026-07-03,True
EXP_2026_HOMEPAGE_RANK_V2,U022639,Treatment,2026-05-28,2026-06-02,True
EXP_2026_HOMEPAGE_RANK_V2,U012979,Treatment,2026-05-03,2026-05-05,False
EXP_2026_HOMEPAGE_RANK_V2,U016545,Treatment,2026-05-07,2026-05-09,True
EXP_2026_HOMEPAGE_RANK_V2,U022143,Control,2026-04-28,2026-05-02,False
EXP_2026_HOMEPAGE_RANK_V2,U012782,Treatment,2026-04-26,2026-04-30,False
EXP_2026_HOMEPAGE_RANK_V2,U001182,Treatment,2026-07-04,2026-07-05,True
EXP_2026_HOMEPAGE_RANK_V2,U011037,Control,2026-04-29,2026-04-30,True
EXP_2026_HOMEPAGE_RANK_V2,U010035,Control,2026-05-03,2026-05-07,True
EXP_2026_HOMEPAGE_RANK_V2,U016422,Control,2026-06-17,2026-06-20,True
EXP_2026_HOMEPAGE_RANK_V2,U024366,Control,2026-05-17,2026-05-21,True
EXP_2026_HOMEPAGE_RANK_V2,U003859,Treatment,2026-05-29,2026-06-01,True
EXP_2026_HOMEPAGE_RANK_V2,U020723,Treatment,2026-06-16,2026-06-16,True
EXP_2026_HOMEPAGE_RANK_V2,U013395,Control,2026-05-06,2026-05-09,True
EXP_2026_HOMEPAGE_RANK_V2,U012273,Control,2026-04-25,2026-04-28,True
EXP_2026_HOMEPAGE_RANK_V2,U012489,Control,2026-06-15,2026-06-20,True
EXP_2026_HOMEPAGE_RANK_V2,U001189,Control,2026-05-22,2026-05-23,True
EXP_2026_HOMEPAGE_RANK_V2,U004171,Treatment,2026-05-09,2026-05-11,True
EXP_2026_HOMEPAGE_RANK_V2,U013952,Control,2026-06-19,2026-06-22,True
EXP_2026_HOMEPAGE_RANK_V2,U003192,Control,2026-05-09,2026-05-09,True
EXP_2026_HOMEPAGE_RANK_V2,U013346,Control,2026-05-23,2026-05-27,True
EXP_2026_HOMEPAGE_RANK_V2,U021923,Control,2026-05-09,2026-05-14,True
EXP_2026_HOMEPAGE_RANK_V2,U010530,Control,2026-04-25,2026-04-29,True
EXP_2026_HOMEPAGE_RANK_V2,U014069,Control,2026-06-03,2026-06-03,True
EXP_2026_HOMEPAGE_RANK_V2,U018249,Treatment,2026-04-18,2026-04-20,True
EXP_2026_HOMEPAGE_RANK_V2,U022294,Control,2026-07-07,2026-07-10,True
EXP_2026_HOMEPAGE_RANK_V2,U001064,Treatment,2026-06-17,2026-06-22,True
EXP_2026_HOMEPAGE_RANK_V2,U008445,Treatment,2026-06-12,2026-06-17,True
EXP_2026_HOMEPAGE_RANK_V2,U007366,Treatment,2026-05-21,2026-05-26,True
EXP_2026_HOMEPAGE_RANK_V2,U010614,Treatment,2026-05-21,2026-05-22,False
EXP_2026_HOMEPAGE_RANK_V2,U010552,Treatment,2026-06-10,2026-06-12,True
EXP_2026_HOMEPAGE_RANK_V2,U013861,Control,2026-06-03,2026-06-06,True
EXP_2026_HOMEPAGE_RANK_V2,U024003,Control,2026-05-22,2026-05-24,True
EXP_2026_HOMEPAGE_RANK_V2,U002710,Treatment,2026-06-10,2026-06-14,True
EXP_2026_HOMEPAGE_RANK_V2,U017025,Control,2026-05-06,2026-05-06,True
EXP_2026_HOMEPAGE_RANK_V2,U020669,Control,2026-07-06,2026-07-07,True
EXP_2026_HOMEPAGE_RANK_V2,U007983,Control,2026-06-03,2026-06-08,True
EXP_2026_HOMEPAGE_RANK_V2,U007476,Control,2026-05-29,2026-06-01,True
EXP_2026_HOMEPAGE_RANK_V2,U021296,Control,2026-06-25,2026-06-30,True
EXP_2026_HOMEPAGE_RANK_V2,U022929,Control,2026-06-27,2026-07-02,True
EXP_2026_HOMEPAGE_RANK_V2,U003473,Control,2026-05-05,2026-05-08,True
EXP_2026_HOMEPAGE_RANK_V2,U014253,Treatment,2026-04-24,2026-04-25,True
EXP_2026_HOMEPAGE_RANK_V2,U007886,Treatment,2026-06-12,2026-06-16,True
EXP_2026_HOMEPAGE_RANK_V2,U015193,Treatment,2026-07-07,2026-07-08,False
EXP_2026_HOMEPAGE_RANK_V2,U008722,Treatment,2026-04-24,2026-04-29,True
EXP_2026_HOMEPAGE_RANK_V2,U014637,Treatment,2026-05-12,2026-05-17,True
EXP_2026_HOMEPAGE_RANK_V2,U013976,Control,2026-06-18,2026-06-18,True
EXP_2026_HOMEPAGE_RANK_V2,U009124,Treatment,2026-05-08,2026-05-09,True
EXP_2026_HOMEPAGE_RANK_V2,U010070,Treatment,2026-07-03,2026-07-04,True
EXP_2026_HOMEPAGE_RANK_V2,U003294,Treatment,2026-04-24,2026-04-25,True
EXP_2026_HOMEPAGE_RANK_V2,U014863,Treatment,2026-04-22,2026-04-27,False
EXP_2026_HOMEPAGE_RANK_V2,U014888,Control,2026-04-23,2026-04-27,True
EXP_2026_HOMEPAGE_RANK_V2,U000908,Control,2026-05-01,2026-05-04,True
EXP_2026_HOMEPAGE_RANK_V2,U007173,Control,2026-04-25,2026-04-28,True
EXP_2026_HOMEPAGE_RANK_V2,U020085,Control,2026-07-04,2026-07-06,True
EXP_2026_HOMEPAGE_RANK_V2,U008442,Treatment,2026-04-28,2026-05-02,True
EXP_2026_HOMEPAGE_RANK_V2,U012507,Control,2026-05-20,2026-05-24,True
EXP_2026_HOMEPAGE_RANK_V2,U005827,Control,2026-06-24,2026-06-29,True
EXP_2026_HOMEPAGE_RANK_V2,U012462,Control,2026-07-01,2026-07-05,True
EXP_2026_HOMEPAGE_RANK_V2,U021523,Treatment,2026-05-19,2026-05-19,True
EXP_2026_HOMEPAGE_RANK_V2,U005575,Treatment,2026-05-20,2026-05-22,True
EXP_2026_HOMEPAGE_RANK_V2,U021291,Control,2026-06-21,2026-06-26,True
EXP_2026_HOMEPAGE_RANK_V2,U001252,Treatment,2026-05-27,2026-05-28,True
EXP_2026_HOMEPAGE_RANK_V2,U005003,Treatment,2026-06-14,2026-06-16,True
EXP_2026_HOMEPAGE_RANK_V2,U019670,Control,2026-05-17,2026-05-19,True
EXP_2026_HOMEPAGE_RANK_V2,U011785,Control,2026-06-13,2026-06-18,True
EXP_2026_HOMEPAGE_RANK_V2,U013645,Control,2026-07-03,2026-07-05,True
EXP_2026_HOMEPAGE_RANK_V2,U004741,Treatment,2026-05-29,2026-06-01,True
EXP_2026_HOMEPAGE_RANK_V2,U016764,Control,2026-05-01,2026-05-03,True
EXP_2026_HOMEPAGE_RANK_V2,U022932,Control,2026-04-21,2026-04-26,True
EXP_2026_HOMEPAGE_RANK_V2,U023973,Treatment,2026-06-14,2026-06-19,True
EXP_2026_HOMEPAGE_RANK_V2,U009309,Treatment,2026-04-25,2026-04-28,True
EXP_2026_HOMEPAGE_RANK_V2,U019617,Control,2026-07-03,2026-07-03,True
EXP_2026_HOMEPAGE_RANK_V2,U019712,Control,2026-06-16,2026-06-19,True
EXP_2026_HOMEPAGE_RANK_V2,U005252,Control,2026-04-28,2026-05-03,True
EXP_2026_HOMEPAGE_RANK_V2,U016911,Treatment,2026-05-08,2026-05-10,True
EXP_2026_HOMEPAGE_RANK_V2,U001697,Control,2026-05-28,2026-05-30,True
EXP_2026_HOMEPAGE_RANK_V2,U002524,Treatment,2026-05-04,2026-05-09,True
EXP_2026_HOMEPAGE_RANK_V2,U018705,Control,2026-05-14,2026-05-15,True
EXP_2026_HOMEPAGE_RANK_V2,U016090,Control,2026-05-15,2026-05-20,True
EXP_2026_HOMEPAGE_RANK_V2,U010141,Control,2026-07-02,2026-07-05,True
EXP_2026_HOMEPAGE_RANK_V2,U007529,Treatment,2026-04-27,2026-04-28,True
EXP_2026_HOMEPAGE_RANK_V2,U010894,Control,2026-07-09,2026-07-14,False
EXP_2026_HOMEPAGE_RANK_V2,U014464,Treatment,2026-05-10,2026-05-14,True
EXP_2026_HOMEPAGE_RANK_V2,U024024,Treatment,2026-04-29,2026-05-03,True
EXP_2026_HOMEPAGE_RANK_V2,U008968,Control,2026-04-30,2026-05-02,True
EXP_2026_HOMEPAGE_RANK_V2,U017095,Treatment,2026-06-04,2026-06-05,False
EXP_2026_HOMEPAGE_RANK_V2,U024874,Control,2026-07-07,2026-07-09,False
EXP_2026_HOMEPAGE_RANK_V2,U021301,Treatment,2026-07-01,2026-07-01,True
EXP_2026_HOMEPAGE_RANK_V2,U018888,Treatment,2026-06-10,2026-06-10,True
EXP_2026_HOMEPAGE_RANK_V2,U006540,Control,2026-06-11,2026-06-13,True
EXP_2026_HOMEPAGE_RANK_V2,U014510,Control,2026-04-28,2026-05-01,True
EXP_2026_HOMEPAGE_RANK_V2,U023448,Control,2026-06-07,2026-06-09,True
EXP_2026_HOMEPAGE_RANK_V2,U024065,Control,2026-06-04,2026-06-09,True
EXP_2026_HOMEPAGE_RANK_V2,U023144,Control,2026-05-12,2026-05-14,True
EXP_2026_HOMEPAGE_RANK_V2,U007191,Treatment,2026-07-11,2026-07-15,True
EXP_2026_HOMEPAGE_RANK_V2,U002914,Treatment,2026-04-19,2026-04-19,False
EXP_2026_HOMEPAGE_RANK_V2,U003918,Control,2026-05-24,2026-05-25,True
EXP_2026_HOMEPAGE_RANK_V2,U010622,Treatment,2026-05-02,2026-05-05,True
EXP_2026_HOMEPAGE_RANK_V2,U024988,Treatment,2026-04-27,2026-04-28,True
EXP_2026_HOMEPAGE_RANK_V2,U014671,Control,2026-05-24,2026-05-29,True
EXP_2026_HOMEPAGE_RANK_V2,U019876,Treatment,2026-04-20,2026-04-21,True
EXP_2026_HOMEPAGE_RANK_V2,U013675,Treatment,2026-05-31,2026-05-31,True
EXP_2026_HOMEPAGE_RANK_V2,U020668,Treatment,2026-06-06,2026-06-11,True
EXP_2026_HOMEPAGE_RANK_V2,U012102,Treatment,2026-05-20,2026-05-25,True
EXP_2026_HOMEPAGE_RANK_V2,U021854,Treatment,2026-07-09,2026-07-11,True
EXP_2026_HOMEPAGE_RANK_V2,U005038,Treatment,2026-06-25,2026-06-25,True
EXP_2026_HOMEPAGE_RANK_V2,U016675,Treatment,2026-05-16,2026-05-16,True
EXP_2026_HOMEPAGE_RANK_V2,U001625,Control,2026-06-02,2026-06-03,True
EXP_2026_HOMEPAGE_RANK_V2,U007131,Control,2026-06-11,2026-06-11,True
EXP_2026_HOMEPAGE_RANK_V2,U002380,Treatment,2026-07-11,2026-07-14,False
EXP_2026_HOMEPAGE_RANK_V2,U000696,Control,2026-06-23,2026-06-26,True
EXP_2026_HOMEPAGE_RANK_V2,U012448,Control,2026-06-26,2026-06-30,True
EXP_2026_HOMEPAGE_RANK_V2,U013499,Treatment,2026-06-03,2026-06-08,True
EXP_2026_HOMEPAGE_RANK_V2,U009731,Control,2026-07-11,2026-07-13,True
EXP_2026_HOMEPAGE_RANK_V2,U022272,Control,2026-06-01,2026-06-06,True
EXP_2026_HOMEPAGE_RANK_V2,U020372,Treatment,2026-04-30,2026-05-04,True
EXP_2026_HOMEPAGE_RANK_V2,U011158,Control,2026-06-26,2026-06-26,True
EXP_2026_HOMEPAGE_RANK_V2,U006502,Control,2026-06-01,2026-06-03,True
EXP_2026_HOMEPAGE_RANK_V2,U000817,Treatment,2026-06-06,2026-06-07,True
EXP_2026_HOMEPAGE_RANK_V2,U004860,Control,2026-05-28,2026-05-30,True
EXP_2026_HOMEPAGE_RANK_V2,U020832,Treatment,2026-05-05,2026-05-09,True
EXP_2026_HOMEPAGE_RANK_V2,U008957,Treatment,2026-07-03,2026-07-08,True
EXP_2026_HOMEPAGE_RANK_V2,U021842,Control,2026-06-23,2026-06-26,True
EXP_2026_HOMEPAGE_RANK_V2,U004867,Treatment,2026-05-21,2026-05-23,False
EXP_2026_HOMEPAGE_RANK_V2,U003808,Treatment,2026-06-16,2026-06-17,True
EXP_2026_HOMEPAGE_RANK_V2,U005677,Control,2026-05-10,2026-05-15,True
EXP_2026_HOMEPAGE_RANK_V2,U024849,Treatment,2026-06-12,2026-06-12,True
EXP_2026_HOMEPAGE_RANK_V2,U023141,Control,2026-07-07,2026-07-12,True
EXP_2026_HOMEPAGE_RANK_V2,U015730,Treatment,2026-06-21,2026-06-22,True
EXP_2026_HOMEPAGE_RANK_V2,U002482,Treatment,2026-05-11,2026-05-15,True
EXP_2026_HOMEPAGE_RANK_V2,U024615,Control,2026-06-21,2026-06-24,False
EXP_2026_HOMEPAGE_RANK_V2,U024504,Control,2026-05-17,2026-05-19,True
EXP_2026_HOMEPAGE_RANK_V2,U015902,Treatment,2026-06-28,2026-07-01,False
EXP_2026_HOMEPAGE_RANK_V2,U000052,Control,2026-04-25,2026-04-29,True
EXP_2026_HOMEPAGE_RANK_V2,U001798,Control,2026-05-13,2026-05-14,True
EXP_2026_HOMEPAGE_RANK_V2,U000158,Control,2026-05-30,2026-06-02,True
EXP_2026_HOMEPAGE_RANK_V2,U017339,Treatment,2026-07-05,2026-07-09,True
EXP_2026_HOMEPAGE_RANK_V2,U014761,Control,2026-06-10,2026-06-11,True
EXP_2026_HOMEPAGE_RANK_V2,U022528,Control,2026-06-19,2026-06-23,True
EXP_2026_HOMEPAGE_RANK_V2,U004688,Control,2026-04-26,2026-04-29,True
EXP_2026_HOMEPAGE_RANK_V2,U024706,Treatment,2026-06-17,2026-06-19,True
EXP_2026_HOMEPAGE_RANK_V2,U006970,Control,2026-05-23,2026-05-24,True
EXP_2026_HOMEPAGE_RANK_V2,U016731,Treatment,2026-07-11,2026-07-13,True
EXP_2026_HOMEPAGE_RANK_V2,U011647,Treatment,2026-06-06,2026-06-11,True
EXP_2026_HOMEPAGE_RANK_V2,U019801,Control,2026-04-21,2026-04-22,True
EXP_2026_HOMEPAGE_RANK_V2,U003935,Control,2026-07-05,2026-07-07,False
EXP_2026_HOMEPAGE_RANK_V2,U008720,Treatment,2026-06-15,2026-06-18,True
EXP_2026_HOMEPAGE_RANK_V2,U024990,Control,2026-05-11,2026-05-14,True
EXP_2026_HOMEPAGE_RANK_V2,U005196,Control,2026-06-09,2026-06-14,True
EXP_2026_HOMEPAGE_RANK_V2,U004687,Treatment,2026-05-31,2026-06-04,False
EXP_2026_HOMEPAGE_RANK_V2,U008309,Control,2026-07-02,2026-07-02,True
EXP_2026_HOMEPAGE_RANK_V2,U023728,Control,2026-05-13,2026-05-14,True
EXP_2026_HOMEPAGE_RANK_V2,U014031,Control,2026-06-26,2026-06-28,True
EXP_2026_HOMEPAGE_RANK_V2,U012816,Treatment,2026-05-15,2026-05-15,True
EXP_2026_HOMEPAGE_RANK_V2,U021128,Control,2026-06-21,2026-06-23,True
EXP_2026_HOMEPAGE_RANK_V2,U016907,Treatment,2026-06-15,2026-06-17,True
EXP_2026_HOMEPAGE_RANK_V2,U010477,Treatment,2026-04-29,2026-05-01,True
EXP_2026_HOMEPAGE_RANK_V2,U022223,Control,2026-06-21,2026-06-26,True
EXP_2026_HOMEPAGE_RANK_V2,U009224,Treatment,2026-05-19,2026-05-23,True
EXP_2026_HOMEPAGE_RANK_V2,U015759,Treatment,2026-06-04,2026-06-09,True
EXP_2026_HOMEPAGE_RANK_V2,U008219,Control,2026-05-17,2026-05-21,True
EXP_2026_HOMEPAGE_RANK_V2,U012145,Control,2026-06-28,2026-06-28,True
EXP_2026_HOMEPAGE_RANK_V2,U016515,Control,2026-06-12,2026-06-16,True
EXP_2026_HOMEPAGE_RANK_V2,U011594,Control,2026-05-17,2026-05-21,True
EXP_2026_HOMEPAGE_RANK_V2,U022856,Control,2026-05-13,2026-05-18,True
EXP_2026_HOMEPAGE_RANK_V2,U013748,Control,2026-04-29,2026-05-01,True
EXP_2026_HOMEPAGE_RANK_V2,U024546,Treatment,2026-04-28,2026-04-28,True
EXP_2026_HOMEPAGE_RANK_V2,U016923,Control,2026-05-17,2026-05-18,True
EXP_2026_HOMEPAGE_RANK_V2,U009690,Treatment,2026-05-27,2026-06-01,True
EXP_2026_HOMEPAGE_RANK_V2,U003990,Control,2026-07-01,2026-07-06,True
EXP_2026_HOMEPAGE_RANK_V2,U011980,Control,2026-05-10,2026-05-11,True
EXP_2026_HOMEPAGE_RANK_V2,U011329,Treatment,2026-05-06,2026-05-07,True
EXP_2026_HOMEPAGE_RANK_V2,U010466,Treatment,2026-04-19,2026-04-19,True
EXP_2026_HOMEPAGE_RANK_V2,U020918,Treatment,2026-05-22,2026-05-24,False
EXP_2026_HOMEPAGE_RANK_V2,U024683,Control,2026-05-08,2026-05-09,True
EXP_2026_HOMEPAGE_RANK_V2,U004649,Control,2026-05-06,2026-05-10,True
EXP_2026_HOMEPAGE_RANK_V2,U015156,Treatment,2026-06-05,2026-06-05,True
EXP_2026_HOMEPAGE_RANK_V2,U000499,Treatment,2026-07-11,2026-07-14,True
EXP_2026_HOMEPAGE_RANK_V2,U024696,Control,2026-05-01,2026-05-05,True
EXP_2026_HOMEPAGE_RANK_V2,U001959,Treatment,2026-05-22,2026-05-26,True
EXP_2026_HOMEPAGE_RANK_V2,U003856,Treatment,2026-05-20,2026-05-23,True
EXP_2026_HOMEPAGE_RANK_V2,U002099,Control,2026-05-29,2026-05-29,True
EXP_2026_HOMEPAGE_RANK_V2,U001338,Control,2026-07-05,2026-07-08,True
EXP_2026_HOMEPAGE_RANK_V2,U007475,Treatment,2026-05-04,2026-05-06,True
EXP_2026_HOMEPAGE_RANK_V2,U009645,Treatment,2026-06-19,2026-06-21,True
EXP_2026_HOMEPAGE_RANK_V2,U007535,Control,2026-05-31,2026-06-03,True
EXP_2026_HOMEPAGE_RANK_V2,U009240,Control,2026-07-06,2026-07-06,True
EXP_2026_HOMEPAGE_RANK_V2,U000781,Control,2026-07-04,2026-07-08,True
EXP_2026_HOMEPAGE_RANK_V2,U009709,Control,2026-04-20,2026-04-23,True
EXP_2026_HOMEPAGE_RANK_V2,U011018,Control,2026-05-02,2026-05-05,True
EXP_2026_HOMEPAGE_RANK_V2,U004915,Treatment,2026-05-19,2026-05-19,True
EXP_2026_HOMEPAGE_RANK_V2,U021344,Control,2026-06-26,2026-07-01,True
EXP_2026_HOMEPAGE_RANK_V2,U011531,Control,2026-04-22,2026-04-27,True
EXP_2026_HOMEPAGE_RANK_V2,U017400,Control,2026-04-28,2026-05-03,True
EXP_2026_HOMEPAGE_RANK_V2,U009760,Control,2026-05-01,2026-05-03,True
EXP_2026_HOMEPAGE_RANK_V2,U002038,Control,2026-06-16,2026-06-17,True
EXP_2026_HOMEPAGE_RANK_V2,U006295,Treatment,2026-06-11,2026-06-13,True
EXP_2026_HOMEPAGE_RANK_V2,U011930,Treatment,2026-07-11,2026-07-13,True
EXP_2026_HOMEPAGE_RANK_V2,U015079,Treatment,2026-04-26,2026-05-01,True
EXP_2026_HOMEPAGE_RANK_V2,U010843,Control,2026-06-04,2026-06-07,True
EXP_2026_HOMEPAGE_RANK_V2,U014108,Treatment,2026-04-26,2026-05-01,True
EXP_2026_HOMEPAGE_RANK_V2,U006595,Treatment,2026-06-04,2026-06-04,True
EXP_2026_HOMEPAGE_RANK_V2,U013127,Treatment,2026-05-08,2026-05-11,True
EXP_2026_HOMEPAGE_RANK_V2,U011260,Treatment,2026-06-20,2026-06-23,True
EXP_2026_HOMEPAGE_RANK_V2,U002256,Treatment,2026-07-07,2026-07-07,True
EXP_2026_HOMEPAGE_RANK_V2,U002125,Control,2026-05-17,2026-05-18,True
EXP_2026_HOMEPAGE_RANK_V2,U021548,Treatment,2026-04-26,2026-04-29,True
EXP_2026_HOMEPAGE_RANK_V2,U005494,Control,2026-04-21,2026-04-23,True
EXP_2026_HOMEPAGE_RANK_V2,U016437,Control,2026-04-27,2026-04-27,True
EXP_2026_HOMEPAGE_RANK_V2,U010050,Treatment,2026-07-01,2026-07-06,True
EXP_2026_HOMEPAGE_RANK_V2,U023112,Control,2026-06-11,2026-06-13,True
EXP_2026_HOMEPAGE_RANK_V2,U021906,Treatment,2026-06-18,2026-06-18,True
EXP_2026_HOMEPAGE_RANK_V2,U024383,Control,2026-06-07,2026-06-07,True
EXP_2026_HOMEPAGE_RANK_V2,U000001,Treatment,2026-06-23,2026-06-25,True
EXP_2026_HOMEPAGE_RANK_V2,U005091,Treatment,2026-04-19,2026-04-24,False
EXP_2026_HOMEPAGE_RANK_V2,U021575,Treatment,2026-06-16,2026-06-21,True
EXP_2026_HOMEPAGE_RANK_V2,U023554,Treatment,2026-05-09,2026-05-12,True
EXP_2026_HOMEPAGE_RANK_V2,U018898,Control,2026-05-07,2026-05-11,False
EXP_2026_HOMEPAGE_RANK_V2,U007936,Treatment,2026-06-21,2026-06-23,True
EXP_2026_HOMEPAGE_RANK_V2,U018798,Control,2026-06-21,2026-06-23,True
EXP_2026_HOMEPAGE_RANK_V2,U005021,Treatment,2026-07-03,2026-07-06,True
EXP_2026_HOMEPAGE_RANK_V2,U003452,Control,2026-04-27,2026-04-27,True
EXP_2026_HOMEPAGE_RANK_V2,U023393,Control,2026-07-10,2026-07-10,True
EXP_2026_HOMEPAGE_RANK_V2,U002733,Treatment,2026-05-22,2026-05-26,True
EXP_2026_HOMEPAGE_RANK_V2,U016048,Control,2026-06-29,2026-07-01,True
EXP_2026_HOMEPAGE_RANK_V2,U009848,Control,2026-05-08,2026-05-11,True
EXP_2026_HOMEPAGE_RANK_V2,U005035,Treatment,2026-05-24,2026-05-28,True
EXP_2026_HOMEPAGE_RANK_V2,U005520,Control,2026-05-13,2026-05-17,True
EXP_2026_HOMEPAGE_RANK_V2,U014151,Treatment,2026-05-11,2026-05-14,True
EXP_2026_HOMEPAGE_RANK_V2,U000414,Treatment,2026-05-12,2026-05-13,True
EXP_2026_HOMEPAGE_RANK_V2,U012773,Control,2026-04-28,2026-04-29,False
EXP_2026_HOMEPAGE_RANK_V2,U005430,Treatment,2026-05-01,2026-05-02,True
EXP_2026_HOMEPAGE_RANK_V2,U022918,Treatment,2026-05-04,2026-05-06,True
EXP_2026_HOMEPAGE_RANK_V2,U013926,Treatment,2026-05-06,2026-05-10,True
EXP_2026_HOMEPAGE_RANK_V2,U023052,Treatment,2026-07-02,2026-07-06,True
EXP_2026_HOMEPAGE_RANK_V2,U011308,Control,2026-06-14,2026-06-15,True
EXP_2026_HOMEPAGE_RANK_V2,U024518,Control,2026-06-25,2026-06-29,True
EXP_2026_HOMEPAGE_RANK_V2,U023535,Treatment,2026-07-06,2026-07-10,True
EXP_2026_HOMEPAGE_RANK_V2,U011446,Treatment,2026-06-12,2026-06-13,True
EXP_2026_HOMEPAGE_RANK_V2,U024661,Control,2026-05-05,2026-05-05,True
EXP_2026_HOMEPAGE_RANK_V2,U008849,Control,2026-05-18,2026-05-21,True
EXP_2026_HOMEPAGE_RANK_V2,U007164,Treatment,2026-05-14,2026-05-19,True
EXP_2026_HOMEPAGE_RANK_V2,U000420,Treatment,2026-04-23,2026-04-24,True
EXP_2026_HOMEPAGE_RANK_V2,U014211,Treatment,2026-06-20,2026-06-25,True
EXP_2026_HOMEPAGE_RANK_V2,U012106,Treatment,2026-05-11,2026-05-13,True
EXP_2026_HOMEPAGE_RANK_V2,U019197,Control,2026-05-18,2026-05-18,True
EXP_2026_HOMEPAGE_RANK_V2,U009213,Control,2026-06-09,2026-06-12,True
EXP_2026_HOMEPAGE_RANK_V2,U018515,Treatment,2026-04-27,2026-05-01,True
EXP_2026_HOMEPAGE_RANK_V2,U007363,Control,2026-06-23,2026-06-23,True
EXP_2026_HOMEPAGE_RANK_V2,U021559,Treatment,2026-07-02,2026-07-06,True
EXP_2026_HOMEPAGE_RANK_V2,U006944,Treatment,2026-05-25,2026-05-29,True
EXP_2026_HOMEPAGE_RANK_V2,U022328,Control,2026-07-08,2026-07-10,False
EXP_2026_HOMEPAGE_RANK_V2,U023366,Control,2026-05-04,2026-05-05,True
EXP_2026_HOMEPAGE_RANK_V2,U000019,Treatment,2026-05-12,2026-05-16,True
EXP_2026_HOMEPAGE_RANK_V2,U002384,Control,2026-05-02,2026-05-06,True
EXP_2026_HOMEPAGE_RANK_V2,U008446,Control,2026-05-03,2026-05-03,True
EXP_2026_HOMEPAGE_RANK_V2,U007235,Treatment,2026-06-17,2026-06-20,True
EXP_2026_HOMEPAGE_RANK_V2,U011261,Control,2026-04-29,2026-04-29,True
EXP_2026_HOMEPAGE_RANK_V2,U020124,Control,2026-05-09,2026-05-11,True
EXP_2026_HOMEPAGE_RANK_V2,U006484,Treatment,2026-06-25,2026-06-30,True
EXP_2026_HOMEPAGE_RANK_V2,U002509,Control,2026-05-30,2026-06-03,True
EXP_2026_HOMEPAGE_RANK_V2,U003793,Control,2026-06-10,2026-06-10,True
EXP_2026_HOMEPAGE_RANK_V2,U005574,Treatment,2026-05-13,2026-05-13,True
EXP_2026_HOMEPAGE_RANK_V2,U012772,Control,2026-04-27,2026-05-02,True
EXP_2026_HOMEPAGE_RANK_V2,U000562,Control,2026-06-26,2026-07-01,True
EXP_2026_HOMEPAGE_RANK_V2,U022273,Control,2026-07-03,2026-07-05,True
EXP_2026_HOMEPAGE_RANK_V2,U019648,Treatment,2026-06-26,2026-06-28,True
EXP_2026_HOMEPAGE_RANK_V2,U020244,Control,2026-05-04,2026-05-04,True
EXP_2026_HOMEPAGE_RANK_V2,U023563,Control,2026-04-19,2026-04-22,True
EXP_2026_HOMEPAGE_RANK_V2,U004058,Control,2026-06-06,2026-06-09,True
EXP_2026_HOMEPAGE_RANK_V2,U020790,Control,2026-04-19,2026-04-21,True
EXP_2026_HOMEPAGE_RANK_V2,U024215,Treatment,2026-06-28,2026-06-30,True
EXP_2026_HOMEPAGE_RANK_V2,U007598,Treatment,2026-05-02,2026-05-03,True
EXP_2026_HOMEPAGE_RANK_V2,U013548,Treatment,2026-05-14,2026-05-18,True
EXP_2026_HOMEPAGE_RANK_V2,U014987,Control,2026-04-22,2026-04-24,True
EXP_2026_HOMEPAGE_RANK_V2,U020500,Control,2026-04-28,2026-05-02,True
EXP_2026_HOMEPAGE_RANK_V2,U008716,Control,2026-04-22,2026-04-25,True
EXP_2026_HOMEPAGE_RANK_V2,U011278,Treatment,2026-07-08,2026-07-13,True
EXP_2026_HOMEPAGE_RANK_V2,U021578,Control,2026-05-11,2026-05-16,True
EXP_2026_HOMEPAGE_RANK_V2,U009497,Treatment,2026-05-11,2026-05-14,True
EXP_2026_HOMEPAGE_RANK_V2,U010363,Control,2026-06-16,2026-06-16,True
EXP_2026_HOMEPAGE_RANK_V2,U002793,Treatment,2026-05-27,2026-05-29,True
EXP_2026_HOMEPAGE_RANK_V2,U000514,Control,2026-04-28,2026-05-01,True
EXP_2026_HOMEPAGE_RANK_V2,U017553,Control,2026-06-07,2026-06-11,True
EXP_2026_HOMEPAGE_RANK_V2,U007794,Control,2026-04-22,2026-04-22,True
EXP_2026_HOMEPAGE_RANK_V2,U020733,Treatment,2026-05-22,2026-05-27,True
EXP_2026_HOMEPAGE_RANK_V2,U019088,Control,2026-05-10,2026-05-11,True
EXP_2026_HOMEPAGE_RANK_V2,U024128,Control,2026-05-06,2026-05-07,True
EXP_2026_HOMEPAGE_RANK_V2,U015560,Treatment,2026-05-06,2026-05-10,True
EXP_2026_HOMEPAGE_RANK_V2,U021821,Treatment,2026-06-10,2026-06-13,True
EXP_2026_HOMEPAGE_RANK_V2,U019326,Control,2026-06-21,2026-06-24,True
EXP_2026_HOMEPAGE_RANK_V2,U023380,Control,2026-06-03,2026-06-05,True
EXP_2026_HOMEPAGE_RANK_V2,U002816,Treatment,2026-06-16,2026-06-17,False
EXP_2026_HOMEPAGE_RANK_V2,U007790,Control,2026-04-28,2026-04-28,True
EXP_2026_HOMEPAGE_RANK_V2,U020837,Control,2026-06-13,2026-06-18,True
EXP_2026_HOMEPAGE_RANK_V2,U002471,Treatment,2026-06-18,2026-06-20,True
EXP_2026_HOMEPAGE_RANK_V2,U004918,Treatment,2026-05-04,2026-05-09,True
EXP_2026_HOMEPAGE_RANK_V2,U003607,Control,2026-05-04,2026-05-09,True
EXP_2026_HOMEPAGE_RANK_V2,U012623,Treatment,2026-06-29,2026-07-02,True
EXP_2026_HOMEPAGE_RANK_V2,U014392,Treatment,2026-06-16,2026-06-19,True
EXP_2026_HOMEPAGE_RANK_V2,U009961,Treatment,2026-04-21,2026-04-24,True
EXP_2026_HOMEPAGE_RANK_V2,U001976,Control,2026-07-05,2026-07-08,False
EXP_2026_HOMEPAGE_RANK_V2,U018181,Control,2026-05-26,2026-05-31,True
EXP_2026_HOMEPAGE_RANK_V2,U017486,Treatment,2026-07-06,2026-07-09,True
EXP_2026_HOMEPAGE_RANK_V2,U013690,Control,2026-06-28,2026-07-01,True
EXP_2026_HOMEPAGE_RANK_V2,U024524,Control,2026-06-01,2026-06-06,False
EXP_2026_HOMEPAGE_RANK_V2,U021989,Control,2026-07-03,2026-07-07,True
EXP_2026_HOMEPAGE_RANK_V2,U011472,Treatment,2026-06-07,2026-06-09,True
EXP_2026_HOMEPAGE_RANK_V2,U019897,Treatment,2026-05-15,2026-05-17,True
EXP_2026_HOMEPAGE_RANK_V2,U024832,Control,2026-05-17,2026-05-21,True
EXP_2026_HOMEPAGE_RANK_V2,U000677,Treatment,2026-05-02,2026-05-06,True
EXP_2026_HOMEPAGE_RANK_V2,U024137,Control,2026-04-19,2026-04-22,True
EXP_2026_HOMEPAGE_RANK_V2,U001312,Treatment,2026-05-13,2026-05-18,True
EXP_2026_HOMEPAGE_RANK_V2,U004051,Treatment,2026-05-16,2026-05-17,True
EXP_2026_HOMEPAGE_RANK_V2,U021184,Treatment,2026-05-19,2026-05-22,True
EXP_2026_HOMEPAGE_RANK_V2,U021796,Control,2026-05-30,2026-06-01,True
EXP_2026_HOMEPAGE_RANK_V2,U016489,Control,2026-07-08,2026-07-08,True
EXP_2026_HOMEPAGE_RANK_V2,U024897,Control,2026-06-13,2026-06-13,True
EXP_2026_HOMEPAGE_RANK_V2,U024931,Treatment,2026-05-22,2026-05-24,True
EXP_2026_HOMEPAGE_RANK_V2,U023959,Treatment,2026-05-03,2026-05-04,True
EXP_2026_HOMEPAGE_RANK_V2,U016670,Control,2026-05-02,2026-05-06,True
EXP_2026_HOMEPAGE_RANK_V2,U003924,Treatment,2026-07-05,2026-07-09,False
EXP_2026_HOMEPAGE_RANK_V2,U022030,Control,2026-07-09,2026-07-11,True
EXP_2026_HOMEPAGE_RANK_V2,U000591,Treatment,2026-07-09,2026-07-09,True
EXP_2026_HOMEPAGE_RANK_V2,U002885,Control,2026-04-21,2026-04-26,True
EXP_2026_HOMEPAGE_RANK_V2,U008767,Treatment,2026-04-18,2026-04-22,True
EXP_2026_HOMEPAGE_RANK_V2,U006901,Treatment,2026-05-07,2026-05-12,True
EXP_2026_HOMEPAGE_RANK_V2,U006065,Treatment,2026-06-07,2026-06-12,True
EXP_2026_HOMEPAGE_RANK_V2,U010140,Control,2026-07-04,2026-07-06,True
EXP_2026_HOMEPAGE_RANK_V2,U022323,Control,2026-05-10,2026-05-10,True
EXP_2026_HOMEPAGE_RANK_V2,U012453,Control,2026-05-28,2026-06-01,True
EXP_2026_HOMEPAGE_RANK_V2,U013370,Treatment,2026-06-20,2026-06-24,True
EXP_2026_HOMEPAGE_RANK_V2,U004096,Control,2026-06-28,2026-07-01,True
EXP_2026_HOMEPAGE_RANK_V2,U009315,Control,2026-04-27,2026-05-02,True
EXP_2026_HOMEPAGE_RANK_V2,U000608,Treatment,2026-05-31,2026-06-02,True
EXP_2026_HOMEPAGE_RANK_V2,U009353,Treatment,2026-06-08,2026-06-13,True
EXP_2026_HOMEPAGE_RANK_V2,U017348,Treatment,2026-05-23,2026-05-25,True
EXP_2026_HOMEPAGE_RANK_V2,U012019,Control,2026-04-29,2026-05-01,True
EXP_2026_HOMEPAGE_RANK_V2,U007514,Treatment,2026-04-21,2026-04-26,True
EXP_2026_HOMEPAGE_RANK_V2,U020454,Control,2026-06-30,2026-07-01,True
EXP_2026_HOMEPAGE_RANK_V2,U006200,Control,2026-05-05,2026-05-07,True
EXP_2026_HOMEPAGE_RANK_V2,U014580,Treatment,2026-04-25,2026-04-28,True
EXP_2026_HOMEPAGE_RANK_V2,U022922,Treatment,2026-04-30,2026-05-01,True
EXP_2026_HOMEPAGE_RANK_V2,U012443,Control,2026-05-27,2026-05-28,True
EXP_2026_HOMEPAGE_RANK_V2,U010673,Treatment,2026-07-09,2026-07-12,True
EXP_2026_HOMEPAGE_RANK_V2,U007302,Control,2026-05-05,2026-05-07,True
EXP_2026_HOMEPAGE_RANK_V2,U016824,Treatment,2026-04-21,2026-04-23,False
EXP_2026_HOMEPAGE_RANK_V2,U002779,Control,2026-06-18,2026-06-22,True
EXP_2026_HOMEPAGE_RANK_V2,U023711,Control,2026-05-24,2026-05-28,True
EXP_2026_HOMEPAGE_RANK_V2,U011933,Control,2026-05-10,2026-05-13,True
EXP_2026_HOMEPAGE_RANK_V2,U017791,Control,2026-06-19,2026-06-24,True
EXP_2026_HOMEPAGE_RANK_V2,U023988,Treatment,2026-06-24,2026-06-25,True
EXP_2026_HOMEPAGE_RANK_V2,U010567,Control,2026-07-08,2026-07-08,True
EXP_2026_HOMEPAGE_RANK_V2,U011944,Treatment,2026-05-31,2026-06-04,True
EXP_2026_HOMEPAGE_RANK_V2,U020072,Treatment,2026-05-26,2026-05-30,True
EXP_2026_HOMEPAGE_RANK_V2,U022674,Control,2026-05-07,2026-05-08,True
EXP_2026_HOMEPAGE_RANK_V2,U020713,Treatment,2026-06-05,2026-06-05,True
EXP_2026_HOMEPAGE_RANK_V2,U014848,Treatment,2026-06-25,2026-06-27,False
EXP_2026_HOMEPAGE_RANK_V2,U011340,Control,2026-05-15,2026-05-17,True
EXP_2026_HOMEPAGE_RANK_V2,U006143,Control,2026-06-24,2026-06-29,True
EXP_2026_HOMEPAGE_RANK_V2,U011026,Treatment,2026-05-28,2026-05-30,True
EXP_2026_HOMEPAGE_RANK_V2,U016654,Treatment,2026-06-15,2026-06-17,True
EXP_2026_HOMEPAGE_RANK_V2,U020450,Treatment,2026-05-04,2026-05-06,True
EXP_2026_HOMEPAGE_RANK_V2,U004540,Control,2026-05-12,2026-05-14,True
EXP_2026_HOMEPAGE_RANK_V2,U009369,Control,2026-06-08,2026-06-09,True
EXP_2026_HOMEPAGE_RANK_V2,U017850,Control,2026-04-23,2026-04-27,True
EXP_2026_HOMEPAGE_RANK_V2,U020442,Treatment,2026-04-24,2026-04-26,True
EXP_2026_HOMEPAGE_RANK_V2,U012200,Control,2026-06-03,2026-06-07,True
EXP_2026_HOMEPAGE_RANK_V2,U006651,Treatment,2026-06-16,2026-06-16,True
EXP_2026_HOMEPAGE_RANK_V2,U009203,Control,2026-06-11,2026-06-16,True
EXP_2026_HOMEPAGE_RANK_V2,U018039,Treatment,2026-06-09,2026-06-14,True
EXP_2026_HOMEPAGE_RANK_V2,U006154,Treatment,2026-05-26,2026-05-31,True
EXP_2026_HOMEPAGE_RANK_V2,U011482,Control,2026-07-05,2026-07-08,True
EXP_2026_HOMEPAGE_RANK_V2,U016502,Treatment,2026-07-05,2026-07-06,False
EXP_2026_HOMEPAGE_RANK_V2,U007486,Treatment,2026-04-24,2026-04-25,True
EXP_2026_HOMEPAGE_RANK_V2,U018404,Treatment,2026-06-19,2026-06-22,True
EXP_2026_HOMEPAGE_RANK_V2,U014683,Control,2026-05-19,2026-05-23,False
EXP_2026_HOMEPAGE_RANK_V2,U023267,Treatment,2026-04-25,2026-04-30,True
EXP_2026_HOMEPAGE_RANK_V2,U004589,Treatment,2026-04-29,2026-05-04,True
EXP_2026_HOMEPAGE_RANK_V2,U011881,Control,2026-06-23,2026-06-23,True
EXP_2026_HOMEPAGE_RANK_V2,U023823,Treatment,2026-06-28,2026-07-01,True
EXP_2026_HOMEPAGE_RANK_V2,U018773,Treatment,2026-04-25,2026-04-29,True
EXP_2026_HOMEPAGE_RANK_V2,U007907,Control,2026-07-06,2026-07-11,False
EXP_2026_HOMEPAGE_RANK_V2,U015487,Control,2026-06-29,2026-07-01,True
EXP_2026_HOMEPAGE_RANK_V2,U009091,Treatment,2026-06-24,2026-06-25,True
EXP_2026_HOMEPAGE_RANK_V2,U003866,Control,2026-05-18,2026-05-19,True
EXP_2026_HOMEPAGE_RANK_V2,U016125,Treatment,2026-04-18,2026-04-18,True
EXP_2026_HOMEPAGE_RANK_V2,U009141,Treatment,2026-06-21,2026-06-22,False
EXP_2026_HOMEPAGE_RANK_V2,U015701,Control,2026-05-28,2026-05-30,True
EXP_2026_HOMEPAGE_RANK_V2,U008183,Treatment,2026-04-18,2026-04-20,True
EXP_2026_HOMEPAGE_RANK_V2,U000241,Control,2026-05-31,2026-05-31,True
EXP_2026_HOMEPAGE_RANK_V2,U016576,Treatment,2026-05-23,2026-05-28,True
EXP_2026_HOMEPAGE_RANK_V2,U020257,Control,2026-06-24,2026-06-27,True
EXP_2026_HOMEPAGE_RANK_V2,U007169,Control,2026-04-22,2026-04-24,False
EXP_2026_HOMEPAGE_RANK_V2,U009636,Treatment,2026-04-21,2026-04-23,True
EXP_2026_HOMEPAGE_RANK_V2,U012378,Control,2026-06-29,2026-07-04,True
EXP_2026_HOMEPAGE_RANK_V2,U011367,Control,2026-05-23,2026-05-24,True
EXP_2026_HOMEPAGE_RANK_V2,U015792,Control,2026-05-29,2026-06-03,True
EXP_2026_HOMEPAGE_RANK_V2,U001702,Treatment,2026-06-26,2026-06-29,True
EXP_2026_HOMEPAGE_RANK_V2,U006571,Control,2026-06-01,2026-06-05,True
EXP_2026_HOMEPAGE_RANK_V2,U007701,Control,2026-06-24,2026-06-25,True
EXP_2026_HOMEPAGE_RANK_V2,U020515,Treatment,2026-07-09,2026-07-12,True
EXP_2026_HOMEPAGE_RANK_V2,U004920,Treatment,2026-05-31,2026-06-03,True
EXP_2026_HOMEPAGE_RANK_V2,U022878,Control,2026-06-10,2026-06-15,True
EXP_2026_HOMEPAGE_RANK_V2,U009776,Treatment,2026-04-24,2026-04-28,True
EXP_2026_HOMEPAGE_RANK_V2,U001970,Treatment,2026-06-02,2026-06-02,True
EXP_2026_HOMEPAGE_RANK_V2,U006091,Control,2026-06-21,2026-06-26,True
EXP_2026_HOMEPAGE_RANK_V2,U024166,Treatment,2026-05-17,2026-05-18,True
EXP_2026_HOMEPAGE_RANK_V2,U020628,Treatment,2026-06-09,2026-06-14,True
EXP_2026_HOMEPAGE_RANK_V2,U004600,Control,2026-05-03,2026-05-08,False
EXP_2026_HOMEPAGE_RANK_V2,U002763,Treatment,2026-05-21,2026-05-23,True
EXP_2026_HOMEPAGE_RANK_V2,U024758,Control,2026-06-15,2026-06-16,True
EXP_2026_HOMEPAGE_RANK_V2,U003072,Treatment,2026-07-05,2026-07-09,True
EXP_2026_HOMEPAGE_RANK_V2,U013135,Treatment,2026-06-13,2026-06-14,True
EXP_2026_HOMEPAGE_RANK_V2,U015320,Control,2026-04-25,2026-04-25,True
EXP_2026_HOMEPAGE_RANK_V2,U014918,Control,2026-05-26,2026-05-27,True
EXP_2026_HOMEPAGE_RANK_V2,U017278,Treatment,2026-06-12,2026-06-12,True
EXP_2026_HOMEPAGE_RANK_V2,U003830,Treatment,2026-06-21,2026-06-24,True
EXP_2026_HOMEPAGE_RANK_V2,U000076,Treatment,2026-06-02,2026-06-03,True
EXP_2026_HOMEPAGE_RANK_V2,U023390,Treatment,2026-05-24,2026-05-24,False
EXP_2026_HOMEPAGE_RANK_V2,U013152,Treatment,2026-06-14,2026-06-14,True
EXP_2026_HOMEPAGE_RANK_V2,U024236,Control,2026-07-02,2026-07-06,False
EXP_2026_HOMEPAGE_RANK_V2,U014149,Treatment,2026-04-28,2026-05-03,True
EXP_2026_HOMEPAGE_RANK_V2,U023519,Treatment,2026-05-03,2026-05-03,True
EXP_2026_HOMEPAGE_RANK_V2,U012956,Treatment,2026-06-19,2026-06-20,True
EXP_2026_HOMEPAGE_RANK_V2,U009034,Treatment,2026-04-24,2026-04-25,True
EXP_2026_HOMEPAGE_RANK_V2,U024755,Control,2026-05-22,2026-05-22,True
EXP_2026_HOMEPAGE_RANK_V2,U024606,Control,2026-06-02,2026-06-04,True
EXP_2026_HOMEPAGE_RANK_V2,U023106,Treatment,2026-04-26,2026-05-01,True
EXP_2026_HOMEPAGE_RANK_V2,U008834,Control,2026-06-23,2026-06-26,True
EXP_2026_HOMEPAGE_RANK_V2,U004442,Treatment,2026-05-11,2026-05-13,True
EXP_2026_HOMEPAGE_RANK_V2,U017691,Control,2026-06-24,2026-06-28,True
EXP_2026_HOMEPAGE_RANK_V2,U021993,Treatment,2026-06-29,2026-06-29,True
EXP_2026_HOMEPAGE_RANK_V2,U001754,Control,2026-05-27,2026-05-27,True
EXP_2026_HOMEPAGE_RANK_V2,U012317,Control,2026-06-29,2026-07-04,True
EXP_2026_HOMEPAGE_RANK_V2,U005337,Treatment,2026-06-06,2026-06-08,True
EXP_2026_HOMEPAGE_RANK_V2,U010862,Treatment,2026-06-09,2026-06-14,True
EXP_2026_HOMEPAGE_RANK_V2,U013270,Treatment,2026-04-29,2026-05-04,True
EXP_2026_HOMEPAGE_RANK_V2,U016811,Treatment,2026-05-18,2026-05-18,True
EXP_2026_HOMEPAGE_RANK_V2,U023897,Control,2026-06-27,2026-06-30,True
EXP_2026_HOMEPAGE_RANK_V2,U024042,Treatment,2026-04-20,2026-04-24,True
EXP_2026_HOMEPAGE_RANK_V2,U014204,Control,2026-07-06,2026-07-06,True
EXP_2026_HOMEPAGE_RANK_V2,U007021,Treatment,2026-06-04,2026-06-06,True
EXP_2026_HOMEPAGE_RANK_V2,U000274,Treatment,2026-06-29,2026-07-04,True
EXP_2026_HOMEPAGE_RANK_V2,U024078,Control,2026-05-23,2026-05-26,True
EXP_2026_HOMEPAGE_RANK_V2,U007902,Treatment,2026-05-29,2026-06-02,True
EXP_2026_HOMEPAGE_RANK_V2,U022184,Treatment,2026-04-24,2026-04-26,True
EXP_2026_HOMEPAGE_RANK_V2,U004429,Treatment,2026-04-19,2026-04-20,True
EXP_2026_HOMEPAGE_RANK_V2,U013233,Treatment,2026-06-03,2026-06-03,False
EXP_2026_HOMEPAGE_RANK_V2,U022250,Control,2026-05-05,2026-05-09,True
EXP_2026_HOMEPAGE_RANK_V2,U007753,Control,2026-06-27,2026-07-02,True
EXP_2026_HOMEPAGE_RANK_V2,U003890,Control,2026-04-26,2026-04-26,True
EXP_2026_HOMEPAGE_RANK_V2,U012266,Treatment,2026-06-26,2026-06-27,True
EXP_2026_HOMEPAGE_RANK_V2,U021590,Treatment,2026-06-21,2026-06-21,True
EXP_2026_HOMEPAGE_RANK_V2,U016299,Treatment,2026-06-05,2026-06-07,True
EXP_2026_HOMEPAGE_RANK_V2,U015918,Control,2026-05-27,2026-05-30,True
EXP_2026_HOMEPAGE_RANK_V2,U023227,Control,2026-04-22,2026-04-22,True
EXP_2026_HOMEPAGE_RANK_V2,U022363,Treatment,2026-06-02,2026-06-06,True
EXP_2026_HOMEPAGE_RANK_V2,U011899,Treatment,2026-07-04,2026-07-07,True
EXP_2026_HOMEPAGE_RANK_V2,U021003,Control,2026-04-18,2026-04-23,True
EXP_2026_HOMEPAGE_RANK_V2,U015469,Treatment,2026-06-22,2026-06-25,True
EXP_2026_HOMEPAGE_RANK_V2,U008724,Treatment,2026-05-26,2026-05-28,True
EXP_2026_HOMEPAGE_RANK_V2,U020839,Treatment,2026-05-07,2026-05-10,True
EXP_2026_HOMEPAGE_RANK_V2,U015673,Treatment,2026-05-28,2026-06-02,True
EXP_2026_HOMEPAGE_RANK_V2,U001891,Control,2026-05-09,2026-05-13,True
EXP_2026_HOMEPAGE_RANK_V2,U019424,Control,2026-06-11,2026-06-16,True
EXP_2026_HOMEPAGE_RANK_V2,U007668,Control,2026-07-05,2026-07-05,True
EXP_2026_HOMEPAGE_RANK_V2,U014040,Control,2026-05-05,2026-05-09,True
EXP_2026_HOMEPAGE_RANK_V2,U020438,Control,2026-05-04,2026-05-04,True
EXP_2026_HOMEPAGE_RANK_V2,U006019,Control,2026-04-24,2026-04-27,True
EXP_2026_HOMEPAGE_RANK_V2,U008989,Control,2026-05-25,2026-05-25,True
EXP_2026_HOMEPAGE_RANK_V2,U012947,Treatment,2026-06-28,2026-07-02,True
EXP_2026_HOMEPAGE_RANK_V2,U018602,Treatment,2026-06-05,2026-06-09,True
EXP_2026_HOMEPAGE_RANK_V2,U005205,Treatment,2026-06-11,2026-06-11,True
EXP_2026_HOMEPAGE_RANK_V2,U020952,Control,2026-04-29,2026-05-02,True
EXP_2026_HOMEPAGE_RANK_V2,U000875,Treatment,2026-04-26,2026-04-26,True
EXP_2026_HOMEPAGE_RANK_V2,U010903,Control,2026-04-23,2026-04-25,True
EXP_2026_HOMEPAGE_RANK_V2,U019654,Control,2026-05-21,2026-05-22,True
EXP_2026_HOMEPAGE_RANK_V2,U023697,Treatment,2026-06-01,2026-06-03,True
EXP_2026_HOMEPAGE_RANK_V2,U024198,Treatment,2026-06-24,2026-06-26,True
EXP_2026_HOMEPAGE_RANK_V2,U005797,Treatment,2026-05-02,2026-05-07,True
EXP_2026_HOMEPAGE_RANK_V2,U003299,Treatment,2026-04-23,2026-04-25,True
EXP_2026_HOMEPAGE_RANK_V2,U010740,Treatment,2026-06-24,2026-06-26,True
EXP_2026_HOMEPAGE_RANK_V2,U012389,Treatment,2026-05-29,2026-05-30,True
EXP_2026_HOMEPAGE_RANK_V2,U018292,Control,2026-05-27,2026-05-28,False
EXP_2026_HOMEPAGE_RANK_V2,U023385,Treatment,2026-05-19,2026-05-24,True
EXP_2026_HOMEPAGE_RANK_V2,U019931,Treatment,2026-05-08,2026-05-10,True
EXP_2026_HOMEPAGE_RANK_V2,U018654,Control,2026-06-11,2026-06-16,True
EXP_2026_HOMEPAGE_RANK_V2,U000367,Treatment,2026-05-27,2026-05-28,True
EXP_2026_HOMEPAGE_RANK_V2,U024715,Treatment,2026-07-06,2026-07-07,True
EXP_2026_HOMEPAGE_RANK_V2,U001885,Control,2026-06-26,2026-07-01,True
EXP_2026_HOMEPAGE_RANK_V2,U009788,Control,2026-05-18,2026-05-23,True
EXP_2026_HOMEPAGE_RANK_V2,U009832,Treatment,2026-06-23,2026-06-27,True
EXP_2026_HOMEPAGE_RANK_V2,U020103,Control,2026-06-29,2026-07-01,True
EXP_2026_HOMEPAGE_RANK_V2,U007471,Control,2026-05-20,2026-05-25,True
EXP_2026_HOMEPAGE_RANK_V2,U017845,Control,2026-05-05,2026-05-05,True
EXP_2026_HOMEPAGE_RANK_V2,U000046,Control,2026-06-09,2026-06-12,True
EXP_2026_HOMEPAGE_RANK_V2,U021226,Control,2026-05-21,2026-05-22,True
EXP_2026_HOMEPAGE_RANK_V2,U024654,Control,2026-05-11,2026-05-16,True
EXP_2026_HOMEPAGE_RANK_V2,U014047,Control,2026-07-05,2026-07-09,True
EXP_2026_HOMEPAGE_RANK_V2,U019242,Treatment,2026-05-05,2026-05-07,True
EXP_2026_HOMEPAGE_RANK_V2,U006240,Treatment,2026-06-06,2026-06-07,True
EXP_2026_HOMEPAGE_RANK_V2,U016047,Control,2026-06-18,2026-06-21,True
EXP_2026_HOMEPAGE_RANK_V2,U012054,Control,2026-06-11,2026-06-14,True
EXP_2026_HOMEPAGE_RANK_V2,U015692,Control,2026-05-20,2026-05-25,True
EXP_2026_HOMEPAGE_RANK_V2,U011659,Treatment,2026-05-31,2026-06-04,True
EXP_2026_HOMEPAGE_RANK_V2,U005234,Treatment,2026-05-03,2026-05-05,True
EXP_2026_HOMEPAGE_RANK_V2,U009929,Treatment,2026-06-10,2026-06-12,True
EXP_2026_HOMEPAGE_RANK_V2,U006795,Control,2026-06-06,2026-06-06,True
EXP_2026_HOMEPAGE_RANK_V2,U003603,Control,2026-05-03,2026-05-07,True
EXP_2026_HOMEPAGE_RANK_V2,U010290,Treatment,2026-05-01,2026-05-01,True
EXP_2026_HOMEPAGE_RANK_V2,U014482,Control,2026-05-18,2026-05-18,True
EXP_2026_HOMEPAGE_RANK_V2,U015389,Control,2026-05-25,2026-05-27,True
EXP_2026_HOMEPAGE_RANK_V2,U001259,Treatment,2026-06-11,2026-06-13,True
EXP_2026_HOMEPAGE_RANK_V2,U008405,Treatment,2026-07-03,2026-07-08,True
EXP_2026_HOMEPAGE_RANK_V2,U006423,Treatment,2026-07-08,2026-07-10,True
EXP_2026_HOMEPAGE_RANK_V2,U017880,Treatment,2026-04-21,2026-04-21,True
EXP_2026_HOMEPAGE_RANK_V2,U024695,Treatment,2026-05-06,2026-05-08,True
EXP_2026_HOMEPAGE_RANK_V2,U010019,Treatment,2026-06-29,2026-07-04,True
EXP_2026_HOMEPAGE_RANK_V2,U002911,Control,2026-06-06,2026-06-10,True
EXP_2026_HOMEPAGE_RANK_V2,U019984,Control,2026-06-11,2026-06-14,True
EXP_2026_HOMEPAGE_RANK_V2,U024443,Treatment,2026-05-01,2026-05-06,True
EXP_2026_HOMEPAGE_RANK_V2,U004092,Control,2026-05-11,2026-05-15,True
EXP_2026_HOMEPAGE_RANK_V2,U003111,Treatment,2026-05-27,2026-06-01,True
EXP_2026_HOMEPAGE_RANK_V2,U015211,Control,2026-07-08,2026-07-10,True
EXP_2026_HOMEPAGE_RANK_V2,U011011,Treatment,2026-06-02,2026-06-05,True
EXP_2026_HOMEPAGE_RANK_V2,U003803,Control,2026-05-13,2026-05-14,True
EXP_2026_HOMEPAGE_RANK_V2,U009911,Control,2026-05-12,2026-05-15,True
EXP_2026_HOMEPAGE_RANK_V2,U023148,Treatment,2026-06-16,2026-06-20,False
EXP_2026_HOMEPAGE_RANK_V2,U002183,Control,2026-05-07,2026-05-12,True
EXP_2026_HOMEPAGE_RANK_V2,U010197,Treatment,2026-06-15,2026-06-19,True
EXP_2026_HOMEPAGE_RANK_V2,U020749,Control,2026-07-11,2026-07-12,True
EXP_2026_HOMEPAGE_RANK_V2,U017165,Treatment,2026-05-20,2026-05-23,True
EXP_2026_HOMEPAGE_RANK_V2,U006052,Treatment,2026-07-06,2026-07-08,True
EXP_2026_HOMEPAGE_RANK_V2,U019029,Control,2026-05-14,2026-05-19,True
EXP_2026_HOMEPAGE_RANK_V2,U006504,Treatment,2026-06-10,2026-06-13,False
EXP_2026_HOMEPAGE_RANK_V2,U019261,Control,2026-05-16,2026-05-19,True
EXP_2026_HOMEPAGE_RANK_V2,U022317,Control,2026-05-30,2026-06-01,True
EXP_2026_HOMEPAGE_RANK_V2,U013996,Control,2026-07-11,2026-07-12,True
EXP_2026_HOMEPAGE_RANK_V2,U021976,Treatment,2026-06-24,2026-06-29,True
EXP_2026_HOMEPAGE_RANK_V2,U003853,Control,2026-06-29,2026-06-30,True
EXP_2026_HOMEPAGE_RANK_V2,U012548,Control,2026-06-26,2026-06-27,True
EXP_2026_HOMEPAGE_RANK_V2,U000409,Treatment,2026-06-19,2026-06-19,True
EXP_2026_HOMEPAGE_RANK_V2,U004916,Control,2026-04-26,2026-05-01,True
EXP_2026_HOMEPAGE_RANK_V2,U011417,Treatment,2026-05-09,2026-05-12,True
EXP_2026_HOMEPAGE_RANK_V2,U007195,Control,2026-04-29,2026-05-01,True
EXP_2026_HOMEPAGE_RANK_V2,U015561,Treatment,2026-06-13,2026-06-18,True
EXP_2026_HOMEPAGE_RANK_V2,U019365,Control,2026-05-09,2026-05-09,False
EXP_2026_HOMEPAGE_RANK_V2,U011403,Control,2026-05-22,2026-05-26,True
EXP_2026_HOMEPAGE_RANK_V2,U016070,Control,2026-05-20,2026-05-24,True
EXP_2026_HOMEPAGE_RANK_V2,U003911,Treatment,2026-05-05,2026-05-08,True
EXP_2026_HOMEPAGE_RANK_V2,U003908,Treatment,2026-06-15,2026-06-18,True
EXP_2026_HOMEPAGE_RANK_V2,U022478,Treatment,2026-05-07,2026-05-08,True
EXP_2026_HOMEPAGE_RANK_V2,U024977,Control,2026-06-09,2026-06-12,True
EXP_2026_HOMEPAGE_RANK_V2,U004180,Treatment,2026-06-14,2026-06-15,True
EXP_2026_HOMEPAGE_RANK_V2,U018579,Control,2026-05-14,2026-05-15,True
EXP_2026_HOMEPAGE_RANK_V2,U014395,Control,2026-06-08,2026-06-12,True
EXP_2026_HOMEPAGE_RANK_V2,U002250,Treatment,2026-05-18,2026-05-21,True
EXP_2026_HOMEPAGE_RANK_V2,U014470,Control,2026-06-11,2026-06-14,True
EXP_2026_HOMEPAGE_RANK_V2,U020350,Treatment,2026-06-24,2026-06-24,True
EXP_2026_HOMEPAGE_RANK_V2,U011928,Treatment,2026-06-25,2026-06-26,True
EXP_2026_HOMEPAGE_RANK_V2,U008118,Treatment,2026-06-11,2026-06-15,True
EXP_2026_HOMEPAGE_RANK_V2,U014578,Treatment,2026-06-10,2026-06-14,True
EXP_2026_HOMEPAGE_RANK_V2,U014192,Treatment,2026-06-20,2026-06-24,True
EXP_2026_HOMEPAGE_RANK_V2,U016442,Control,2026-05-31,2026-06-05,False
EXP_2026_HOMEPAGE_RANK_V2,U022070,Treatment,2026-07-10,2026-07-13,True
EXP_2026_HOMEPAGE_RANK_V2,U012606,Treatment,2026-06-06,2026-06-09,True
EXP_2026_HOMEPAGE_RANK_V2,U007972,Control,2026-05-04,2026-05-08,True
EXP_2026_HOMEPAGE_RANK_V2,U001230,Treatment,2026-05-29,2026-05-30,True
EXP_2026_HOMEPAGE_RANK_V2,U017192,Treatment,2026-05-05,2026-05-07,True
EXP_2026_HOMEPAGE_RANK_V2,U023745,Treatment,2026-05-22,2026-05-27,True
EXP_2026_HOMEPAGE_RANK_V2,U019932,Control,2026-05-20,2026-05-20,True
EXP_2026_HOMEPAGE_RANK_V2,U001648,Control,2026-04-28,2026-05-01,True
EXP_2026_HOMEPAGE_RANK_V2,U000063,Control,2026-06-17,2026-06-21,True
EXP_2026_HOMEPAGE_RANK_V2,U014248,Control,2026-06-21,2026-06-21,True
EXP_2026_HOMEPAGE_RANK_V2,U019742,Control,2026-05-16,2026-05-21,True
EXP_2026_HOMEPAGE_RANK_V2,U000760,Control,2026-05-08,2026-05-08,True
EXP_2026_HOMEPAGE_RANK_V2,U003113,Control,2026-07-07,2026-07-10,True
EXP_2026_HOMEPAGE_RANK_V2,U003601,Control,2026-06-03,2026-06-05,True
EXP_2026_HOMEPAGE_RANK_V2,U009093,Treatment,2026-07-10,2026-07-13,True
EXP_2026_HOMEPAGE_RANK_V2,U017156,Control,2026-05-21,2026-05-25,True
EXP_2026_HOMEPAGE_RANK_V2,U022563,Control,2026-05-12,2026-05-17,True
EXP_2026_HOMEPAGE_RANK_V2,U014963,Control,2026-06-10,2026-06-13,True
EXP_2026_HOMEPAGE_RANK_V2,U009253,Control,2026-06-13,2026-06-13,True
EXP_2026_HOMEPAGE_RANK_V2,U010176,Control,2026-05-13,2026-05-18,True
EXP_2026_HOMEPAGE_RANK_V2,U010297,Treatment,2026-06-18,2026-06-21,True
EXP_2026_HOMEPAGE_RANK_V2,U018449,Control,2026-04-30,2026-04-30,True
EXP_2026_HOMEPAGE_RANK_V2,U020247,Treatment,2026-07-09,2026-07-14,True
EXP_2026_HOMEPAGE_RANK_V2,U019507,Control,2026-07-10,2026-07-11,True
EXP_2026_HOMEPAGE_RANK_V2,U007762,Treatment,2026-04-23,2026-04-26,True
EXP_2026_HOMEPAGE_RANK_V2,U014892,Treatment,2026-07-01,2026-07-05,True
EXP_2026_HOMEPAGE_RANK_V2,U010009,Treatment,2026-05-21,2026-05-22,True
EXP_2026_HOMEPAGE_RANK_V2,U014454,Treatment,2026-05-01,2026-05-04,True
EXP_2026_HOMEPAGE_RANK_V2,U004452,Control,2026-05-04,2026-05-06,True
EXP_2026_HOMEPAGE_RANK_V2,U012470,Treatment,2026-06-23,2026-06-28,True
EXP_2026_HOMEPAGE_RANK_V2,U012493,Control,2026-04-27,2026-05-02,True
EXP_2026_HOMEPAGE_RANK_V2,U002102,Treatment,2026-06-28,2026-06-30,True
EXP_2026_HOMEPAGE_RANK_V2,U013569,Treatment,2026-07-06,2026-07-07,True
EXP_2026_HOMEPAGE_RANK_V2,U019018,Control,2026-06-07,2026-06-12,True
EXP_2026_HOMEPAGE_RANK_V2,U003912,Control,2026-05-18,2026-05-22,True
EXP_2026_HOMEPAGE_RANK_V2,U007249,Treatment,2026-04-23,2026-04-28,True
EXP_2026_HOMEPAGE_RANK_V2,U020603,Control,2026-06-06,2026-06-08,True
EXP_2026_HOMEPAGE_RANK_V2,U008906,Treatment,2026-05-12,2026-05-13,True
EXP_2026_HOMEPAGE_RANK_V2,U001411,Control,2026-06-15,2026-06-15,True
EXP_2026_HOMEPAGE_RANK_V2,U004730,Treatment,2026-07-05,2026-07-06,True
EXP_2026_HOMEPAGE_RANK_V2,U007225,Treatment,2026-06-10,2026-06-13,True
EXP_2026_HOMEPAGE_RANK_V2,U022339,Treatment,2026-06-11,2026-06-14,True
EXP_2026_HOMEPAGE_RANK_V2,U005906,Control,2026-05-22,2026-05-27,True
EXP_2026_HOMEPAGE_RANK_V2,U022474,Control,2026-05-23,2026-05-25,True
EXP_2026_HOMEPAGE_RANK_V2,U013720,Treatment,2026-05-21,2026-05-24,True
EXP_2026_HOMEPAGE_RANK_V2,U008199,Control,2026-06-15,2026-06-15,False
EXP_2026_HOMEPAGE_RANK_V2,U021336,Treatment,2026-05-27,2026-05-29,True
EXP_2026_HOMEPAGE_RANK_V2,U024267,Treatment,2026-06-28,2026-07-02,True
EXP_2026_HOMEPAGE_RANK_V2,U004813,Treatment,2026-05-05,2026-05-06,True
EXP_2026_HOMEPAGE_RANK_V2,U021620,Treatment,2026-05-12,2026-05-14,True
EXP_2026_HOMEPAGE_RANK_V2,U019519,Control,2026-04-24,2026-04-26,True
EXP_2026_HOMEPAGE_RANK_V2,U006428,Control,2026-05-19,2026-05-21,True
EXP_2026_HOMEPAGE_RANK_V2,U007629,Control,2026-06-15,2026-06-19,True
EXP_2026_HOMEPAGE_RANK_V2,U001194,Control,2026-06-29,2026-06-29,True
EXP_2026_HOMEPAGE_RANK_V2,U003039,Treatment,2026-06-19,2026-06-19,True
EXP_2026_HOMEPAGE_RANK_V2,U022104,Control,2026-05-24,2026-05-25,True
EXP_2026_HOMEPAGE_RANK_V2,U002089,Control,2026-06-27,2026-06-28,True
EXP_2026_HOMEPAGE_RANK_V2,U014885,Treatment,2026-04-29,2026-05-01,True
EXP_2026_HOMEPAGE_RANK_V2,U011784,Control,2026-05-31,2026-06-01,True
EXP_2026_HOMEPAGE_RANK_V2,U011932,Control,2026-05-13,2026-05-18,True
EXP_2026_HOMEPAGE_RANK_V2,U019073,Control,2026-06-25,2026-06-26,True
EXP_2026_HOMEPAGE_RANK_V2,U023005,Treatment,2026-07-05,2026-07-10,True
EXP_2026_HOMEPAGE_RANK_V2,U021318,Control,2026-05-16,2026-05-19,True
EXP_2026_HOMEPAGE_RANK_V2,U013344,Treatment,2026-06-21,2026-06-21,True
EXP_2026_HOMEPAGE_RANK_V2,U009908,Control,2026-06-28,2026-07-01,True
EXP_2026_HOMEPAGE_RANK_V2,U012896,Treatment,2026-05-30,2026-06-02,True
EXP_2026_HOMEPAGE_RANK_V2,U023922,Control,2026-05-09,2026-05-10,True
EXP_2026_HOMEPAGE_RANK_V2,U000078,Control,2026-07-09,2026-07-10,True
EXP_2026_HOMEPAGE_RANK_V2,U006740,Control,2026-06-09,2026-06-09,True
EXP_2026_HOMEPAGE_RANK_V2,U008958,Control,2026-04-18,2026-04-20,True
EXP_2026_HOMEPAGE_RANK_V2,U003031,Treatment,2026-05-19,2026-05-21,True
EXP_2026_HOMEPAGE_RANK_V2,U013962,Control,2026-05-26,2026-05-31,True
EXP_2026_HOMEPAGE_RANK_V2,U000190,Treatment,2026-07-08,2026-07-12,True
EXP_2026_HOMEPAGE_RANK_V2,U018492,Treatment,2026-06-13,2026-06-15,True
EXP_2026_HOMEPAGE_RANK_V2,U022063,Treatment,2026-05-21,2026-05-21,True
EXP_2026_HOMEPAGE_RANK_V2,U002697,Treatment,2026-06-25,2026-06-27,True
EXP_2026_HOMEPAGE_RANK_V2,U015793,Control,2026-05-12,2026-05-16,True
EXP_2026_HOMEPAGE_RANK_V2,U015367,Control,2026-05-17,2026-05-18,True
EXP_2026_HOMEPAGE_RANK_V2,U000706,Control,2026-06-07,2026-06-09,True
EXP_2026_HOMEPAGE_RANK_V2,U006353,Treatment,2026-06-28,2026-06-30,True
EXP_2026_HOMEPAGE_RANK_V2,U002307,Treatment,2026-05-14,2026-05-15,True
EXP_2026_HOMEPAGE_RANK_V2,U001365,Control,2026-07-10,2026-07-15,True
EXP_2026_HOMEPAGE_RANK_V2,U019697,Treatment,2026-05-07,2026-05-07,True
EXP_2026_HOMEPAGE_RANK_V2,U000215,Treatment,2026-06-22,2026-06-26,True
EXP_2026_HOMEPAGE_RANK_V2,U006711,Treatment,2026-04-30,2026-04-30,True
EXP_2026_HOMEPAGE_RANK_V2,U003316,Treatment,2026-05-16,2026-05-18,True
EXP_2026_HOMEPAGE_RANK_V2,U019642,Treatment,2026-06-03,2026-06-06,True
EXP_2026_HOMEPAGE_RANK_V2,U007916,Treatment,2026-05-01,2026-05-02,True
EXP_2026_HOMEPAGE_RANK_V2,U015866,Treatment,2026-05-06,2026-05-07,False
EXP_2026_HOMEPAGE_RANK_V2,U019686,Control,2026-05-01,2026-05-05,True
EXP_2026_HOMEPAGE_RANK_V2,U019245,Treatment,2026-07-08,2026-07-12,False
EXP_2026_HOMEPAGE_RANK_V2,U014694,Control,2026-05-06,2026-05-07,True
EXP_2026_HOMEPAGE_RANK_V2,U001943,Treatment,2026-05-21,2026-05-21,True
EXP_2026_HOMEPAGE_RANK_V2,U016285,Control,2026-05-01,2026-05-03,True
EXP_2026_HOMEPAGE_RANK_V2,U007372,Treatment,2026-06-12,2026-06-15,True
EXP_2026_HOMEPAGE_RANK_V2,U011113,Treatment,2026-06-26,2026-06-27,True
EXP_2026_HOMEPAGE_RANK_V2,U018606,Control,2026-05-18,2026-05-21,True
EXP_2026_HOMEPAGE_RANK_V2,U020821,Control,2026-06-10,2026-06-12,True
EXP_2026_HOMEPAGE_RANK_V2,U003366,Control,2026-05-07,2026-05-12,True
EXP_2026_HOMEPAGE_RANK_V2,U010305,Control,2026-05-18,2026-05-20,True
EXP_2026_HOMEPAGE_RANK_V2,U007355,Treatment,2026-04-24,2026-04-28,True
EXP_2026_HOMEPAGE_RANK_V2,U022985,Control,2026-05-29,2026-05-29,True
EXP_2026_HOMEPAGE_RANK_V2,U011015,Control,2026-07-11,2026-07-14,True
EXP_2026_HOMEPAGE_RANK_V2,U010049,Control,2026-05-15,2026-05-15,True
EXP_2026_HOMEPAGE_RANK_V2,U019820,Treatment,2026-07-02,2026-07-07,True
EXP_2026_HOMEPAGE_RANK_V2,U000429,Treatment,2026-06-22,2026-06-27,True
EXP_2026_HOMEPAGE_RANK_V2,U020102,Treatment,2026-06-01,2026-06-03,False
EXP_2026_HOMEPAGE_RANK_V2,U022056,Control,2026-04-21,2026-04-21,True
EXP_2026_HOMEPAGE_RANK_V2,U020031,Control,2026-04-20,2026-04-21,True
EXP_2026_HOMEPAGE_RANK_V2,U004435,Control,2026-04-19,2026-04-21,True
EXP_2026_HOMEPAGE_RANK_V2,U002065,Control,2026-06-17,2026-06-22,True
EXP_2026_HOMEPAGE_RANK_V2,U018914,Control,2026-07-10,2026-07-12,True
EXP_2026_HOMEPAGE_RANK_V2,U024063,Treatment,2026-05-30,2026-06-03,True
EXP_2026_HOMEPAGE_RANK_V2,U014409,Treatment,2026-06-16,2026-06-17,True
EXP_2026_HOMEPAGE_RANK_V2,U002329,Control,2026-04-25,2026-04-26,True
EXP_2026_HOMEPAGE_RANK_V2,U020522,Control,2026-06-14,2026-06-14,True
EXP_2026_HOMEPAGE_RANK_V2,U023878,Control,2026-06-19,2026-06-23,True
EXP_2026_HOMEPAGE_RANK_V2,U008914,Control,2026-06-18,2026-06-18,True
EXP_2026_HOMEPAGE_RANK_V2,U003395,Control,2026-06-23,2026-06-27,True
EXP_2026_HOMEPAGE_RANK_V2,U001613,Treatment,2026-06-02,2026-06-05,True
EXP_2026_HOMEPAGE_RANK_V2,U019580,Control,2026-05-04,2026-05-09,True
EXP_2026_HOMEPAGE_RANK_V2,U014608,Control,2026-06-13,2026-06-17,True
EXP_2026_HOMEPAGE_RANK_V2,U000402,Control,2026-05-10,2026-05-10,True
EXP_2026_HOMEPAGE_RANK_V2,U006531,Control,2026-05-23,2026-05-27,True
EXP_2026_HOMEPAGE_RANK_V2,U009420,Control,2026-04-26,2026-04-30,True
EXP_2026_HOMEPAGE_RANK_V2,U009959,Control,2026-04-24,2026-04-24,True
EXP_2026_HOMEPAGE_RANK_V2,U019528,Treatment,2026-06-03,2026-06-04,True
EXP_2026_HOMEPAGE_RANK_V2,U007487,Treatment,2026-05-14,2026-05-16,True
EXP_2026_HOMEPAGE_RANK_V2,U019979,Control,2026-06-14,2026-06-16,True
EXP_2026_HOMEPAGE_RANK_V2,U015852,Control,2026-04-25,2026-04-27,True
EXP_2026_HOMEPAGE_RANK_V2,U017666,Control,2026-06-16,2026-06-19,True
EXP_2026_HOMEPAGE_RANK_V2,U014486,Control,2026-06-07,2026-06-09,True
EXP_2026_HOMEPAGE_RANK_V2,U016277,Treatment,2026-04-24,2026-04-28,True
EXP_2026_HOMEPAGE_RANK_V2,U009566,Treatment,2026-05-21,2026-05-24,True
EXP_2026_HOMEPAGE_RANK_V2,U020904,Treatment,2026-06-19,2026-06-23,True
EXP_2026_HOMEPAGE_RANK_V2,U001780,Treatment,2026-06-29,2026-06-29,True
EXP_2026_HOMEPAGE_RANK_V2,U017017,Control,2026-04-28,2026-04-29,True
EXP_2026_HOMEPAGE_RANK_V2,U021271,Control,2026-05-13,2026-05-16,True
EXP_2026_HOMEPAGE_RANK_V2,U003143,Control,2026-05-18,2026-05-20,True
EXP_2026_HOMEPAGE_RANK_V2,U010954,Control,2026-06-23,2026-06-28,True
EXP_2026_HOMEPAGE_RANK_V2,U006600,Control,2026-06-09,2026-06-10,True
EXP_2026_HOMEPAGE_RANK_V2,U022947,Control,2026-05-03,2026-05-05,True
EXP_2026_HOMEPAGE_RANK_V2,U013634,Control,2026-05-12,2026-05-13,True
EXP_2026_HOMEPAGE_RANK_V2,U016640,Treatment,2026-06-09,2026-06-13,True
EXP_2026_HOMEPAGE_RANK_V2,U012278,Treatment,2026-06-22,2026-06-26,True
EXP_2026_HOMEPAGE_RANK_V2,U015196,Control,2026-07-11,2026-07-11,True
EXP_2026_HOMEPAGE_RANK_V2,U013781,Treatment,2026-07-11,2026-07-16,True
EXP_2026_HOMEPAGE_RANK_V2,U002681,Treatment,2026-04-24,2026-04-24,True
EXP_2026_HOMEPAGE_RANK_V2,U023587,Control,2026-04-24,2026-04-25,True
EXP_2026_HOMEPAGE_RANK_V2,U020770,Control,2026-05-23,2026-05-27,True
EXP_2026_HOMEPAGE_RANK_V2,U007473,Control,2026-07-03,2026-07-08,True
EXP_2026_HOMEPAGE_RANK_V2,U001799,Control,2026-07-11,2026-07-12,True
EXP_2026_HOMEPAGE_RANK_V2,U018479,Treatment,2026-04-26,2026-05-01,True
EXP_2026_HOMEPAGE_RANK_V2,U015654,Treatment,2026-06-23,2026-06-23,True
EXP_2026_HOMEPAGE_RANK_V2,U001022,Treatment,2026-05-05,2026-05-08,True
EXP_2026_HOMEPAGE_RANK_V2,U001353,Control,2026-07-07,2026-07-09,True
EXP_2026_HOMEPAGE_RANK_V2,U008227,Control,2026-04-18,2026-04-18,True
EXP_2026_HOMEPAGE_RANK_V2,U005556,Control,2026-06-25,2026-06-29,True
EXP_2026_HOMEPAGE_RANK_V2,U009902,Treatment,2026-06-11,2026-06-14,True
EXP_2026_HOMEPAGE_RANK_V2,U020516,Control,2026-05-25,2026-05-30,True
EXP_2026_HOMEPAGE_RANK_V2,U020942,Treatment,2026-06-08,2026-06-08,True
EXP_2026_HOMEPAGE_RANK_V2,U021420,Treatment,2026-06-04,2026-06-06,True
EXP_2026_HOMEPAGE_RANK_V2,U002382,Control,2026-04-18,2026-04-23,True
EXP_2026_HOMEPAGE_RANK_V2,U001267,Treatment,2026-06-24,2026-06-28,True
EXP_2026_HOMEPAGE_RANK_V2,U002468,Treatment,2026-04-26,2026-04-30,True
EXP_2026_HOMEPAGE_RANK_V2,U016188,Control,2026-05-12,2026-05-12,True
EXP_2026_HOMEPAGE_RANK_V2,U021417,Treatment,2026-04-30,2026-05-05,True
EXP_2026_HOMEPAGE_RANK_V2,U009024,Control,2026-05-23,2026-05-23,True
EXP_2026_HOMEPAGE_RANK_V2,U019396,Control,2026-06-13,2026-06-18,True
EXP_2026_HOMEPAGE_RANK_V2,U000851,Treatment,2026-06-07,2026-06-09,True
EXP_2026_HOMEPAGE_RANK_V2,U000676,Treatment,2026-06-01,2026-06-01,True
EXP_2026_HOMEPAGE_RANK_V2,U011759,Treatment,2026-05-02,2026-05-06,True
EXP_2026_HOMEPAGE_RANK_V2,U003986,Control,2026-06-28,2026-06-30,True
EXP_2026_HOMEPAGE_RANK_V2,U012709,Treatment,2026-05-08,2026-05-13,True
EXP_2026_HOMEPAGE_RANK_V2,U009119,Treatment,2026-05-05,2026-05-10,True
EXP_2026_HOMEPAGE_RANK_V2,U009694,Control,2026-06-13,2026-06-14,True
EXP_2026_HOMEPAGE_RANK_V2,U009050,Control,2026-05-23,2026-05-25,True
EXP_2026_HOMEPAGE_RANK_V2,U015962,Treatment,2026-06-09,2026-06-12,True
EXP_2026_HOMEPAGE_RANK_V2,U003608,Control,2026-04-29,2026-04-29,False
EXP_2026_HOMEPAGE_RANK_V2,U024494,Control,2026-05-09,2026-05-11,False
EXP_2026_HOMEPAGE_RANK_V2,U010616,Treatment,2026-04-25,2026-04-27,True
EXP_2026_HOMEPAGE_RANK_V2,U016774,Treatment,2026-04-27,2026-04-30,True
EXP_2026_HOMEPAGE_RANK_V2,U002940,Treatment,2026-04-21,2026-04-21,True
EXP_2026_HOMEPAGE_RANK_V2,U013777,Treatment,2026-05-04,2026-05-06,True
EXP_2026_HOMEPAGE_RANK_V2,U022625,Control,2026-05-18,2026-05-22,True
EXP_2026_HOMEPAGE_RANK_V2,U015243,Control,2026-05-04,2026-05-05,True
EXP_2026_HOMEPAGE_RANK_V2,U021049,Control,2026-05-04,2026-05-05,True
EXP_2026_HOMEPAGE_RANK_V2,U003312,Control,2026-05-14,2026-05-18,True
EXP_2026_HOMEPAGE_RANK_V2,U013925,Control,2026-04-26,2026-04-29,True
EXP_2026_HOMEPAGE_RANK_V2,U024470,Treatment,2026-06-01,2026-06-01,False
EXP_2026_HOMEPAGE_RANK_V2,U023664,Control,2026-05-06,2026-05-10,True
EXP_2026_HOMEPAGE_RANK_V2,U019386,Control,2026-04-26,2026-04-29,True
EXP_2026_HOMEPAGE_RANK_V2,U012923,Treatment,2026-05-12,2026-05-17,True
EXP_2026_HOMEPAGE_RANK_V2,U014935,Treatment,2026-07-09,2026-07-10,True
EXP_2026_HOMEPAGE_RANK_V2,U001733,Control,2026-05-29,2026-05-29,True
EXP_2026_HOMEPAGE_RANK_V2,U024767,Treatment,2026-06-20,2026-06-23,True
EXP_2026_HOMEPAGE_RANK_V2,U012858,Treatment,2026-04-24,2026-04-24,True
EXP_2026_HOMEPAGE_RANK_V2,U018878,Control,2026-07-10,2026-07-11,True
EXP_2026_HOMEPAGE_RANK_V2,U020859,Control,2026-05-28,2026-05-28,True
EXP_2026_HOMEPAGE_RANK_V2,U005219,Treatment,2026-06-03,2026-06-08,True
EXP_2026_HOMEPAGE_RANK_V2,U019891,Treatment,2026-06-04,2026-06-07,True
EXP_2026_HOMEPAGE_RANK_V2,U001785,Control,2026-05-25,2026-05-27,True
EXP_2026_HOMEPAGE_RANK_V2,U011523,Control,2026-06-04,2026-06-06,True
EXP_2026_HOMEPAGE_RANK_V2,U020959,Control,2026-06-22,2026-06-25,True
EXP_2026_HOMEPAGE_RANK_V2,U009081,Control,2026-07-05,2026-07-08,True
EXP_2026_HOMEPAGE_RANK_V2,U024058,Control,2026-06-28,2026-06-30,False
EXP_2026_HOMEPAGE_RANK_V2,U016608,Treatment,2026-05-27,2026-05-31,True
EXP_2026_HOMEPAGE_RANK_V2,U020234,Treatment,2026-06-21,2026-06-25,True
EXP_2026_HOMEPAGE_RANK_V2,U024913,Control,2026-06-27,2026-06-28,True
EXP_2026_HOMEPAGE_RANK_V2,U002493,Control,2026-04-19,2026-04-21,True
EXP_2026_HOMEPAGE_RANK_V2,U024973,Treatment,2026-05-15,2026-05-16,True
EXP_2026_HOMEPAGE_RANK_V2,U013555,Control,2026-05-04,2026-05-05,True
EXP_2026_HOMEPAGE_RANK_V2,U010823,Control,2026-05-07,2026-05-12,True
EXP_2026_HOMEPAGE_RANK_V2,U009310,Control,2026-04-24,2026-04-26,True
EXP_2026_HOMEPAGE_RANK_V2,U016750,Control,2026-06-29,2026-07-03,True
EXP_2026_HOMEPAGE_RANK_V2,U020585,Treatment,2026-05-25,2026-05-30,True
EXP_2026_HOMEPAGE_RANK_V2,U020084,Treatment,2026-05-09,2026-05-11,True
EXP_2026_HOMEPAGE_RANK_V2,U017851,Control,2026-04-23,2026-04-26,False
EXP_2026_HOMEPAGE_RANK_V2,U001565,Treatment,2026-07-05,2026-07-07,True
EXP_2026_HOMEPAGE_RANK_V2,U013511,Control,2026-07-06,2026-07-09,True
EXP_2026_HOMEPAGE_RANK_V2,U000879,Treatment,2026-05-16,2026-05-21,True
EXP_2026_HOMEPAGE_RANK_V2,U000603,Treatment,2026-07-07,2026-07-10,True
EXP_2026_HOMEPAGE_RANK_V2,U012805,Control,2026-06-27,2026-06-29,True
EXP_2026_HOMEPAGE_RANK_V2,U004635,Control,2026-04-18,2026-04-22,True
EXP_2026_HOMEPAGE_RANK_V2,U009839,Treatment,2026-06-14,2026-06-18,True
EXP_2026_HOMEPAGE_RANK_V2,U019418,Treatment,2026-06-09,2026-06-12,True
EXP_2026_HOMEPAGE_RANK_V2,U002466,Treatment,2026-06-13,2026-06-17,True
EXP_2026_HOMEPAGE_RANK_V2,U002500,Treatment,2026-05-13,2026-05-17,True
EXP_2026_HOMEPAGE_RANK_V2,U013486,Treatment,2026-05-23,2026-05-26,True
EXP_2026_HOMEPAGE_RANK_V2,U015822,Control,2026-05-11,2026-05-13,True
EXP_2026_HOMEPAGE_RANK_V2,U010658,Control,2026-05-23,2026-05-26,True
EXP_2026_HOMEPAGE_RANK_V2,U015933,Control,2026-05-04,2026-05-09,True
EXP_2026_HOMEPAGE_RANK_V2,U024224,Treatment,2026-06-06,2026-06-08,False
EXP_2026_HOMEPAGE_RANK_V2,U011496,Treatment,2026-06-22,2026-06-26,True
EXP_2026_HOMEPAGE_RANK_V2,U016592,Treatment,2026-04-18,2026-04-19,True
EXP_2026_HOMEPAGE_RANK_V2,U007365,Treatment,2026-05-26,2026-05-31,True
EXP_2026_HOMEPAGE_RANK_V2,U003592,Control,2026-06-01,2026-06-04,True
EXP_2026_HOMEPAGE_RANK_V2,U009795,Control,2026-04-25,2026-04-29,True
EXP_2026_HOMEPAGE_RANK_V2,U001175,Control,2026-05-31,2026-06-01,True
EXP_2026_HOMEPAGE_RANK_V2,U014475,Control,2026-06-07,2026-06-11,True
EXP_2026_HOMEPAGE_RANK_V2,U013155,Treatment,2026-05-19,2026-05-19,True
EXP_2026_HOMEPAGE_RANK_V2,U003127,Treatment,2026-06-14,2026-06-19,True
EXP_2026_HOMEPAGE_RANK_V2,U002720,Treatment,2026-04-20,2026-04-25,True
EXP_2026_HOMEPAGE_RANK_V2,U002537,Control,2026-06-09,2026-06-13,True
EXP_2026_HOMEPAGE_RANK_V2,U011185,Treatment,2026-06-16,2026-06-18,True
EXP_2026_HOMEPAGE_RANK_V2,U001377,Control,2026-06-08,2026-06-08,True
EXP_2026_HOMEPAGE_RANK_V2,U016920,Treatment,2026-06-22,2026-06-27,True
EXP_2026_HOMEPAGE_RANK_V2,U021643,Control,2026-05-23,2026-05-26,True
EXP_2026_HOMEPAGE_RANK_V2,U005332,Control,2026-06-18,2026-06-18,True
EXP_2026_HOMEPAGE_RANK_V2,U012222,Treatment,2026-05-09,2026-05-12,True
EXP_2026_HOMEPAGE_RANK_V2,U009761,Control,2026-05-28,2026-05-30,True
EXP_2026_HOMEPAGE_RANK_V2,U018822,Treatment,2026-06-24,2026-06-25,True
EXP_2026_HOMEPAGE_RANK_V2,U015010,Control,2026-04-25,2026-04-30,True
EXP_2026_HOMEPAGE_RANK_V2,U023978,Control,2026-05-03,2026-05-08,True
EXP_2026_HOMEPAGE_RANK_V2,U011573,Treatment,2026-05-28,2026-05-29,True
EXP_2026_HOMEPAGE_RANK_V2,U017865,Control,2026-05-21,2026-05-21,True
EXP_2026_HOMEPAGE_RANK_V2,U023727,Treatment,2026-05-17,2026-05-19,True
EXP_2026_HOMEPAGE_RANK_V2,U015239,Control,2026-06-30,2026-07-05,True
EXP_2026_HOMEPAGE_RANK_V2,U008526,Control,2026-06-10,2026-06-14,True
EXP_2026_HOMEPAGE_RANK_V2,U011064,Treatment,2026-06-04,2026-06-09,True
EXP_2026_HOMEPAGE_RANK_V2,U002696,Control,2026-07-10,2026-07-12,True
EXP_2026_HOMEPAGE_RANK_V2,U006660,Control,2026-04-30,2026-05-05,True
EXP_2026_HOMEPAGE_RANK_V2,U022494,Control,2026-05-18,2026-05-21,True
EXP_2026_HOMEPAGE_RANK_V2,U018753,Treatment,2026-05-29,2026-06-03,True
EXP_2026_HOMEPAGE_RANK_V2,U005370,Treatment,2026-06-19,2026-06-19,True
EXP_2026_HOMEPAGE_RANK_V2,U019133,Treatment,2026-06-25,2026-06-28,True
EXP_2026_HOMEPAGE_RANK_V2,U001019,Treatment,2026-06-02,2026-06-07,True
EXP_2026_HOMEPAGE_RANK_V2,U007477,Control,2026-06-27,2026-06-27,True
EXP_2026_HOMEPAGE_RANK_V2,U004294,Control,2026-05-27,2026-05-30,True
EXP_2026_HOMEPAGE_RANK_V2,U019378,Treatment,2026-04-18,2026-04-20,True
EXP_2026_HOMEPAGE_RANK_V2,U023522,Treatment,2026-07-03,2026-07-03,True
EXP_2026_HOMEPAGE_RANK_V2,U008414,Control,2026-05-05,2026-05-09,True
EXP_2026_HOMEPAGE_RANK_V2,U005341,Treatment,2026-04-25,2026-04-27,True
EXP_2026_HOMEPAGE_RANK_V2,U015981,Treatment,2026-05-23,2026-05-26,True
EXP_2026_HOMEPAGE_RANK_V2,U010732,Control,2026-06-30,2026-07-02,True
EXP_2026_HOMEPAGE_RANK_V2,U019694,Treatment,2026-05-31,2026-06-03,True
EXP_2026_HOMEPAGE_RANK_V2,U002424,Treatment,2026-06-25,2026-06-30,True
EXP_2026_HOMEPAGE_RANK_V2,U005667,Control,2026-06-26,2026-07-01,True
EXP_2026_HOMEPAGE_RANK_V2,U009923,Control,2026-06-30,2026-07-02,True
EXP_2026_HOMEPAGE_RANK_V2,U009178,Treatment,2026-06-12,2026-06-15,True
EXP_2026_HOMEPAGE_RANK_V2,U020520,Control,2026-05-20,2026-05-20,True
EXP_2026_HOMEPAGE_RANK_V2,U013801,Control,2026-07-05,2026-07-07,True
EXP_2026_HOMEPAGE_RANK_V2,U004289,Treatment,2026-05-15,2026-05-19,True
EXP_2026_HOMEPAGE_RANK_V2,U012756,Treatment,2026-04-30,2026-04-30,True
EXP_2026_HOMEPAGE_RANK_V2,U018511,Control,2026-04-26,2026-04-30,True
EXP_2026_HOMEPAGE_RANK_V2,U011628,Control,2026-07-11,2026-07-12,True
EXP_2026_HOMEPAGE_RANK_V2,U021632,Control,2026-06-02,2026-06-06,True
EXP_2026_HOMEPAGE_RANK_V2,U024787,Control,2026-06-25,2026-06-29,True
EXP_2026_HOMEPAGE_RANK_V2,U014543,Treatment,2026-05-07,2026-05-11,True
EXP_2026_HOMEPAGE_RANK_V2,U007555,Treatment,2026-06-13,2026-06-13,True
EXP_2026_HOMEPAGE_RANK_V2,U009588,Treatment,2026-05-10,2026-05-12,True
EXP_2026_HOMEPAGE_RANK_V2,U023270,Control,2026-06-18,2026-06-20,True
EXP_2026_HOMEPAGE_RANK_V2,U008947,Control,2026-06-08,2026-06-13,True
EXP_2026_HOMEPAGE_RANK_V2,U017298,Control,2026-05-19,2026-05-22,False
EXP_2026_HOMEPAGE_RANK_V2,U003548,Treatment,2026-05-30,2026-06-02,True
EXP_2026_HOMEPAGE_RANK_V2,U015137,Treatment,2026-06-05,2026-06-08,True
EXP_2026_HOMEPAGE_RANK_V2,U018143,Treatment,2026-06-01,2026-06-01,True
EXP_2026_HOMEPAGE_RANK_V2,U020287,Control,2026-06-29,2026-07-04,True
EXP_2026_HOMEPAGE_RANK_V2,U021674,Control,2026-06-21,2026-06-24,True
EXP_2026_HOMEPAGE_RANK_V2,U012967,Treatment,2026-07-01,2026-07-03,True
EXP_2026_HOMEPAGE_RANK_V2,U009685,Control,2026-06-16,2026-06-21,True
EXP_2026_HOMEPAGE_RANK_V2,U024946,Treatment,2026-06-16,2026-06-18,True
EXP_2026_HOMEPAGE_RANK_V2,U013289,Control,2026-06-15,2026-06-19,True
EXP_2026_HOMEPAGE_RANK_V2,U011189,Treatment,2026-05-10,2026-05-13,True
EXP_2026_HOMEPAGE_RANK_V2,U022896,Treatment,2026-05-22,2026-05-27,True
EXP_2026_HOMEPAGE_RANK_V2,U012329,Control,2026-06-10,2026-06-14,True
EXP_2026_HOMEPAGE_RANK_V2,U003432,Treatment,2026-06-13,2026-06-17,True
EXP_2026_HOMEPAGE_RANK_V2,U001531,Treatment,2026-06-29,2026-07-03,True
EXP_2026_HOMEPAGE_RANK_V2,U019781,Control,2026-06-11,2026-06-15,True
EXP_2026_HOMEPAGE_RANK_V2,U024817,Control,2026-06-06,2026-06-09,True
EXP_2026_HOMEPAGE_RANK_V2,U023465,Treatment,2026-07-08,2026-07-10,True
EXP_2026_HOMEPAGE_RANK_V2,U020302,Control,2026-05-02,2026-05-05,True
EXP_2026_HOMEPAGE_RANK_V2,U018396,Treatment,2026-06-28,2026-07-02,True
EXP_2026_HOMEPAGE_RANK_V2,U014051,Control,2026-05-18,2026-05-22,True
EXP_2026_HOMEPAGE_RANK_V2,U019890,Control,2026-05-21,2026-05-24,True
EXP_2026_HOMEPAGE_RANK_V2,U011338,Treatment,2026-05-13,2026-05-15,True
EXP_2026_HOMEPAGE_RANK_V2,U000045,Treatment,2026-05-25,2026-05-26,True
EXP_2026_HOMEPAGE_RANK_V2,U008186,Control,2026-06-18,2026-06-21,False
EXP_2026_HOMEPAGE_RANK_V2,U011909,Treatment,2026-05-23,2026-05-24,True
EXP_2026_HOMEPAGE_RANK_V2,U021280,Control,2026-05-28,2026-05-28,True
EXP_2026_HOMEPAGE_RANK_V2,U019329,Treatment,2026-06-18,2026-06-19,True
EXP_2026_HOMEPAGE_RANK_V2,U022881,Treatment,2026-06-23,2026-06-25,True
EXP_2026_HOMEPAGE_RANK_V2,U012307,Control,2026-06-24,2026-06-29,True
EXP_2026_HOMEPAGE_RANK_V2,U019279,Treatment,2026-07-05,2026-07-10,True
EXP_2026_HOMEPAGE_RANK_V2,U012695,Treatment,2026-07-01,2026-07-04,True
EXP_2026_HOMEPAGE_RANK_V2,U022635,Control,2026-05-16,2026-05-18,True
EXP_2026_HOMEPAGE_RANK_V2,U014973,Control,2026-05-01,2026-05-01,True
EXP_2026_HOMEPAGE_RANK_V2,U003789,Control,2026-05-12,2026-05-15,True
EXP_2026_HOMEPAGE_RANK_V2,U007055,Control,2026-04-26,2026-04-28,True
EXP_2026_HOMEPAGE_RANK_V2,U014458,Control,2026-07-10,2026-07-15,True
EXP_2026_HOMEPAGE_RANK_V2,U015011,Control,2026-06-17,2026-06-18,True
EXP_2026_HOMEPAGE_RANK_V2,U010852,Control,2026-05-05,2026-05-07,True
EXP_2026_HOMEPAGE_RANK_V2,U001899,Control,2026-06-19,2026-06-21,True
EXP_2026_HOMEPAGE_RANK_V2,U007719,Treatment,2026-05-13,2026-05-15,True
EXP_2026_HOMEPAGE_RANK_V2,U007464,Control,2026-06-09,2026-06-10,True
EXP_2026_HOMEPAGE_RANK_V2,U015419,Treatment,2026-06-03,2026-06-03,True
EXP_2026_HOMEPAGE_RANK_V2,U011536,Control,2026-06-03,2026-06-03,True
EXP_2026_HOMEPAGE_RANK_V2,U020065,Treatment,2026-05-20,2026-05-25,True
EXP_2026_HOMEPAGE_RANK_V2,U022549,Control,2026-05-01,2026-05-03,True
EXP_2026_HOMEPAGE_RANK_V2,U024097,Control,2026-06-15,2026-06-17,True
EXP_2026_HOMEPAGE_RANK_V2,U000941,Control,2026-06-02,2026-06-02,True
EXP_2026_HOMEPAGE_RANK_V2,U017840,Control,2026-05-15,2026-05-18,True
EXP_2026_HOMEPAGE_RANK_V2,U013340,Treatment,2026-06-26,2026-06-30,True
EXP_2026_HOMEPAGE_RANK_V2,U010223,Control,2026-06-21,2026-06-21,True
EXP_2026_HOMEPAGE_RANK_V2,U017040,Control,2026-07-06,2026-07-10,True
EXP_2026_HOMEPAGE_RANK_V2,U024176,Control,2026-06-03,2026-06-07,True
EXP_2026_HOMEPAGE_RANK_V2,U017183,Treatment,2026-07-07,2026-07-11,True
EXP_2026_HOMEPAGE_RANK_V2,U022298,Control,2026-06-28,2026-06-30,True
EXP_2026_HOMEPAGE_RANK_V2,U019559,Control,2026-05-02,2026-05-04,True
EXP_2026_HOMEPAGE_RANK_V2,U010028,Treatment,2026-06-09,2026-06-11,True
EXP_2026_HOMEPAGE_RANK_V2,U001745,Control,2026-04-30,2026-05-02,True
EXP_2026_HOMEPAGE_RANK_V2,U016353,Control,2026-07-06,2026-07-06,True
EXP_2026_HOMEPAGE_RANK_V2,U003917,Control,2026-04-27,2026-04-28,True
EXP_2026_HOMEPAGE_RANK_V2,U009365,Control,2026-07-07,2026-07-12,True
EXP_2026_HOMEPAGE_RANK_V2,U010847,Treatment,2026-07-02,2026-07-04,True
EXP_2026_HOMEPAGE_RANK_V2,U017988,Treatment,2026-05-18,2026-05-20,False
EXP_2026_HOMEPAGE_RANK_V2,U014202,Treatment,2026-05-19,2026-05-21,True
EXP_2026_HOMEPAGE_RANK_V2,U001288,Treatment,2026-05-30,2026-06-02,True
EXP_2026_HOMEPAGE_RANK_V2,U009175,Treatment,2026-06-20,2026-06-25,True
EXP_2026_HOMEPAGE_RANK_V2,U007536,Control,2026-05-01,2026-05-03,True
EXP_2026_HOMEPAGE_RANK_V2,U007042,Control,2026-06-24,2026-06-29,False
EXP_2026_HOMEPAGE_RANK_V2,U007956,Treatment,2026-05-09,2026-05-09,True
EXP_2026_HOMEPAGE_RANK_V2,U022787,Control,2026-05-31,2026-06-02,True
EXP_2026_HOMEPAGE_RANK_V2,U001641,Treatment,2026-06-16,2026-06-17,True
EXP_2026_HOMEPAGE_RANK_V2,U004444,Control,2026-04-23,2026-04-28,True
EXP_2026_HOMEPAGE_RANK_V2,U023346,Control,2026-05-11,2026-05-12,True
EXP_2026_HOMEPAGE_RANK_V2,U000155,Control,2026-05-23,2026-05-24,True
EXP_2026_HOMEPAGE_RANK_V2,U000043,Treatment,2026-05-26,2026-05-30,True
EXP_2026_HOMEPAGE_RANK_V2,U017496,Treatment,2026-05-23,2026-05-24,True
EXP_2026_HOMEPAGE_RANK_V2,U009532,Control,2026-05-13,2026-05-13,True
EXP_2026_HOMEPAGE_RANK_V2,U005428,Treatment,2026-06-16,2026-06-20,True
EXP_2026_HOMEPAGE_RANK_V2,U003747,Treatment,2026-06-12,2026-06-16,True
EXP_2026_HOMEPAGE_RANK_V2,U019683,Control,2026-05-01,2026-05-02,True
EXP_2026_HOMEPAGE_RANK_V2,U018231,Control,2026-07-08,2026-07-11,True
EXP_2026_HOMEPAGE_RANK_V2,U021560,Control,2026-06-27,2026-06-27,True
EXP_2026_HOMEPAGE_RANK_V2,U022127,Control,2026-06-03,2026-06-05,True
EXP_2026_HOMEPAGE_RANK_V2,U007872,Treatment,2026-05-17,2026-05-17,True
EXP_2026_HOMEPAGE_RANK_V2,U020181,Control,2026-05-12,2026-05-13,True
EXP_2026_HOMEPAGE_RANK_V2,U023159,Treatment,2026-05-10,2026-05-13,True
EXP_2026_HOMEPAGE_RANK_V2,U023884,Treatment,2026-06-12,2026-06-13,True
EXP_2026_HOMEPAGE_RANK_V2,U020255,Treatment,2026-04-20,2026-04-23,False
EXP_2026_HOMEPAGE_RANK_V2,U013536,Treatment,2026-06-06,2026-06-09,True
EXP_2026_HOMEPAGE_RANK_V2,U002311,Control,2026-04-26,2026-05-01,True
EXP_2026_HOMEPAGE_RANK_V2,U002221,Treatment,2026-06-10,2026-06-10,False
EXP_2026_HOMEPAGE_RANK_V2,U020363,Control,2026-05-31,2026-06-04,True
EXP_2026_HOMEPAGE_RANK_V2,U012347,Treatment,2026-04-20,2026-04-21,True
EXP_2026_HOMEPAGE_RANK_V2,U002689,Treatment,2026-06-01,2026-06-01,True
EXP_2026_HOMEPAGE_RANK_V2,U014313,Treatment,2026-07-09,2026-07-13,True
EXP_2026_HOMEPAGE_RANK_V2,U019732,Treatment,2026-06-07,2026-06-08,True
EXP_2026_HOMEPAGE_RANK_V2,U004328,Control,2026-04-18,2026-04-22,True
EXP_2026_HOMEPAGE_RANK_V2,U016386,Control,2026-05-30,2026-06-02,True
EXP_2026_HOMEPAGE_RANK_V2,U015191,Control,2026-06-01,2026-06-04,True
EXP_2026_HOMEPAGE_RANK_V2,U004888,Treatment,2026-05-23,2026-05-26,True
EXP_2026_HOMEPAGE_RANK_V2,U014915,Control,2026-04-29,2026-05-01,True
EXP_2026_HOMEPAGE_RANK_V2,U002367,Treatment,2026-06-23,2026-06-26,True
EXP_2026_HOMEPAGE_RANK_V2,U004854,Control,2026-04-23,2026-04-26,True
EXP_2026_HOMEPAGE_RANK_V2,U014129,Control,2026-06-29,2026-07-04,False
EXP_2026_HOMEPAGE_RANK_V2,U013079,Control,2026-06-08,2026-06-09,True
EXP_2026_HOMEPAGE_RANK_V2,U015955,Treatment,2026-06-01,2026-06-04,False
EXP_2026_HOMEPAGE_RANK_V2,U022249,Treatment,2026-05-23,2026-05-27,False
EXP_2026_HOMEPAGE_RANK_V2,U004664,Treatment,2026-05-05,2026-05-07,True
EXP_2026_HOMEPAGE_RANK_V2,U022559,Control,2026-07-07,2026-07-07,True
EXP_2026_HOMEPAGE_RANK_V2,U013151,Treatment,2026-05-21,2026-05-21,False
EXP_2026_HOMEPAGE_RANK_V2,U004883,Treatment,2026-06-04,2026-06-07,True
EXP_2026_HOMEPAGE_RANK_V2,U016961,Control,2026-05-31,2026-06-03,True
EXP_2026_HOMEPAGE_RANK_V2,U018223,Treatment,2026-07-02,2026-07-06,True
EXP_2026_HOMEPAGE_RANK_V2,U015230,Control,2026-06-05,2026-06-10,True
EXP_2026_HOMEPAGE_RANK_V2,U006106,Control,2026-06-09,2026-06-12,True
EXP_2026_HOMEPAGE_RANK_V2,U006937,Control,2026-05-29,2026-05-29,True
EXP_2026_HOMEPAGE_RANK_V2,U024686,Control,2026-07-06,2026-07-11,True
EXP_2026_HOMEPAGE_RANK_V2,U006339,Control,2026-06-24,2026-06-25,True
EXP_2026_HOMEPAGE_RANK_V2,U010006,Control,2026-06-27,2026-07-01,True
EXP_2026_HOMEPAGE_RANK_V2,U002722,Treatment,2026-04-19,2026-04-23,True
EXP_2026_HOMEPAGE_RANK_V2,U024015,Control,2026-07-09,2026-07-11,True
EXP_2026_HOMEPAGE_RANK_V2,U002401,Treatment,2026-06-28,2026-07-03,True
EXP_2026_HOMEPAGE_RANK_V2,U014656,Control,2026-04-30,2026-04-30,True
EXP_2026_HOMEPAGE_RANK_V2,U007913,Control,2026-05-25,2026-05-30,True
EXP_2026_HOMEPAGE_RANK_V2,U015991,Treatment,2026-06-11,2026-06-14,True
EXP_2026_HOMEPAGE_RANK_V2,U009041,Control,2026-05-07,2026-05-11,True
EXP_2026_HOMEPAGE_RANK_V2,U011146,Control,2026-06-22,2026-06-22,True
EXP_2026_HOMEPAGE_RANK_V2,U012991,Control,2026-06-01,2026-06-02,True
EXP_2026_HOMEPAGE_RANK_V2,U018205,Treatment,2026-07-05,2026-07-09,True
EXP_2026_HOMEPAGE_RANK_V2,U005209,Control,2026-06-23,2026-06-28,True
EXP_2026_HOMEPAGE_RANK_V2,U024320,Control,2026-05-31,2026-05-31,True
EXP_2026_HOMEPAGE_RANK_V2,U010708,Control,2026-05-15,2026-05-20,True
EXP_2026_HOMEPAGE_RANK_V2,U010829,Control,2026-06-12,2026-06-15,True
EXP_2026_HOMEPAGE_RANK_V2,U003546,Control,2026-05-02,2026-05-05,True
EXP_2026_HOMEPAGE_RANK_V2,U020652,Control,2026-07-09,2026-07-14,True
EXP_2026_HOMEPAGE_RANK_V2,U011148,Control,2026-05-10,2026-05-11,True
EXP_2026_HOMEPAGE_RANK_V2,U022903,Control,2026-07-08,2026-07-09,True
EXP_2026_HOMEPAGE_RANK_V2,U014666,Treatment,2026-04-22,2026-04-22,True
EXP_2026_HOMEPAGE_RANK_V2,U003873,Treatment,2026-05-29,2026-06-02,True
EXP_2026_HOMEPAGE_RANK_V2,U017810,Treatment,2026-06-05,2026-06-07,True
EXP_2026_HOMEPAGE_RANK_V2,U009866,Control,2026-07-06,2026-07-10,True
EXP_2026_HOMEPAGE_RANK_V2,U008335,Control,2026-06-07,2026-06-12,True
EXP_2026_HOMEPAGE_RANK_V2,U004657,Treatment,2026-05-12,2026-05-12,True
EXP_2026_HOMEPAGE_RANK_V2,U017547,Treatment,2026-05-19,2026-05-23,True
EXP_2026_HOMEPAGE_RANK_V2,U010602,Treatment,2026-06-19,2026-06-22,True
EXP_2026_HOMEPAGE_RANK_V2,U014880,Treatment,2026-05-28,2026-06-01,True
EXP_2026_HOMEPAGE_RANK_V2,U019377,Treatment,2026-07-08,2026-07-09,True
EXP_2026_HOMEPAGE_RANK_V2,U020218,Treatment,2026-06-13,2026-06-13,True
EXP_2026_HOMEPAGE_RANK_V2,U000978,Treatment,2026-05-29,2026-05-30,True
EXP_2026_HOMEPAGE_RANK_V2,U019255,Treatment,2026-05-04,2026-05-05,True
EXP_2026_HOMEPAGE_RANK_V2,U001007,Control,2026-07-04,2026-07-08,True
EXP_2026_HOMEPAGE_RANK_V2,U011188,Treatment,2026-04-24,2026-04-26,True
EXP_2026_HOMEPAGE_RANK_V2,U017482,Treatment,2026-06-29,2026-07-03,True
EXP_2026_HOMEPAGE_RANK_V2,U006009,Control,2026-05-18,2026-05-23,True
EXP_2026_HOMEPAGE_RANK_V2,U024733,Control,2026-05-20,2026-05-25,True
EXP_2026_HOMEPAGE_RANK_V2,U010508,Control,2026-05-21,2026-05-24,True
EXP_2026_HOMEPAGE_RANK_V2,U002009,Treatment,2026-07-03,2026-07-08,True
EXP_2026_HOMEPAGE_RANK_V2,U015899,Treatment,2026-05-12,2026-05-13,True
EXP_2026_HOMEPAGE_RANK_V2,U008629,Treatment,2026-06-03,2026-06-05,True
EXP_2026_HOMEPAGE_RANK_V2,U009933,Treatment,2026-06-30,2026-07-03,True
EXP_2026_HOMEPAGE_RANK_V2,U010946,Control,2026-05-03,2026-05-03,True
EXP_2026_HOMEPAGE_RANK_V2,U010790,Control,2026-04-21,2026-04-26,True
EXP_2026_HOMEPAGE_RANK_V2,U007918,Control,2026-06-20,2026-06-22,False
EXP_2026_HOMEPAGE_RANK_V2,U009927,Treatment,2026-07-01,2026-07-06,True
EXP_2026_HOMEPAGE_RANK_V2,U015291,Control,2026-06-29,2026-07-02,True
EXP_2026_HOMEPAGE_RANK_V2,U018365,Control,2026-07-08,2026-07-08,True
EXP_2026_HOMEPAGE_RANK_V2,U018024,Control,2026-04-21,2026-04-24,True
EXP_2026_HOMEPAGE_RANK_V2,U020371,Treatment,2026-05-14,2026-05-19,True
EXP_2026_HOMEPAGE_RANK_V2,U017470,Control,2026-06-22,2026-06-24,True
EXP_2026_HOMEPAGE_RANK_V2,U015458,Control,2026-06-17,2026-06-22,True
EXP_2026_HOMEPAGE_RANK_V2,U018145,Treatment,2026-06-10,2026-06-10,True
EXP_2026_HOMEPAGE_RANK_V2,U010798,Control,2026-04-21,2026-04-25,True
EXP_2026_HOMEPAGE_RANK_V2,U014667,Treatment,2026-06-16,2026-06-19,True
EXP_2026_HOMEPAGE_RANK_V2,U002233,Control,2026-05-23,2026-05-23,True
EXP_2026_HOMEPAGE_RANK_V2,U022609,Treatment,2026-05-17,2026-05-21,True
EXP_2026_HOMEPAGE_RANK_V2,U012449,Control,2026-06-29,2026-07-01,True
EXP_2026_HOMEPAGE_RANK_V2,U012512,Control,2026-06-02,2026-06-06,True
EXP_2026_HOMEPAGE_RANK_V2,U010917,Control,2026-06-09,2026-06-14,True
EXP_2026_HOMEPAGE_RANK_V2,U003055,Treatment,2026-06-01,2026-06-03,True
EXP_2026_HOMEPAGE_RANK_V2,U022713,Treatment,2026-04-27,2026-05-01,True
EXP_2026_HOMEPAGE_RANK_V2,U009386,Control,2026-05-01,2026-05-04,True
EXP_2026_HOMEPAGE_RANK_V2,U003301,Treatment,2026-04-25,2026-04-30,True
EXP_2026_HOMEPAGE_RANK_V2,U006485,Treatment,2026-04-29,2026-05-04,True
EXP_2026_HOMEPAGE_RANK_V2,U000672,Treatment,2026-05-12,2026-05-16,True
EXP_2026_HOMEPAGE_RANK_V2,U005397,Control,2026-06-12,2026-06-17,True
EXP_2026_HOMEPAGE_RANK_V2,U001594,Control,2026-07-01,2026-07-06,True
EXP_2026_HOMEPAGE_RANK_V2,U018113,Treatment,2026-06-04,2026-06-05,True
EXP_2026_HOMEPAGE_RANK_V2,U014245,Control,2026-06-19,2026-06-22,True
EXP_2026_HOMEPAGE_RANK_V2,U018679,Control,2026-05-09,2026-05-10,True
EXP_2026_HOMEPAGE_RANK_V2,U015113,Control,2026-05-29,2026-05-30,True
EXP_2026_HOMEPAGE_RANK_V2,U012884,Control,2026-05-24,2026-05-26,True
EXP_2026_HOMEPAGE_RANK_V2,U017929,Control,2026-06-19,2026-06-23,True
EXP_2026_HOMEPAGE_RANK_V2,U021613,Treatment,2026-05-27,2026-05-31,True
EXP_2026_HOMEPAGE_RANK_V2,U009695,Treatment,2026-04-30,2026-05-04,True
EXP_2026_HOMEPAGE_RANK_V2,U019574,Control,2026-05-16,2026-05-19,True
EXP_2026_HOMEPAGE_RANK_V2,U020815,Treatment,2026-05-31,2026-05-31,True
EXP_2026_HOMEPAGE_RANK_V2,U014159,Control,2026-05-18,2026-05-19,True
EXP_2026_HOMEPAGE_RANK_V2,U016657,Treatment,2026-05-19,2026-05-21,False
EXP_2026_HOMEPAGE_RANK_V2,U022495,Control,2026-06-19,2026-06-23,True
EXP_2026_HOMEPAGE_RANK_V2,U009136,Treatment,2026-05-24,2026-05-28,True
EXP_2026_HOMEPAGE_RANK_V2,U021490,Control,2026-07-10,2026-07-13,True
EXP_2026_HOMEPAGE_RANK_V2,U008415,Control,2026-06-09,2026-06-11,True
EXP_2026_HOMEPAGE_RANK_V2,U016724,Treatment,2026-04-27,2026-05-01,True
EXP_2026_HOMEPAGE_RANK_V2,U018853,Treatment,2026-05-22,2026-05-24,True
EXP_2026_HOMEPAGE_RANK_V2,U021614,Control,2026-06-20,2026-06-24,True
EXP_2026_HOMEPAGE_RANK_V2,U013303,Control,2026-07-03,2026-07-04,True
EXP_2026_HOMEPAGE_RANK_V2,U000238,Control,2026-06-29,2026-06-29,True
EXP_2026_HOMEPAGE_RANK_V2,U020542,Control,2026-06-15,2026-06-17,True
EXP_2026_HOMEPAGE_RANK_V2,U005952,Control,2026-06-21,2026-06-23,True
EXP_2026_HOMEPAGE_RANK_V2,U020183,Treatment,2026-05-07,2026-05-10,True
EXP_2026_HOMEPAGE_RANK_V2,U017268,Control,2026-04-18,2026-04-18,True
EXP_2026_HOMEPAGE_RANK_V2,U003309,Control,2026-04-26,2026-04-30,True
EXP_2026_HOMEPAGE_RANK_V2,U017913,Control,2026-06-29,2026-07-03,True
EXP_2026_HOMEPAGE_RANK_V2,U001350,Treatment,2026-06-05,2026-06-06,True
EXP_2026_HOMEPAGE_RANK_V2,U013892,Treatment,2026-05-08,2026-05-13,True
EXP_2026_HOMEPAGE_RANK_V2,U008879,Control,2026-06-08,2026-06-12,True
EXP_2026_HOMEPAGE_RANK_V2,U024151,Control,2026-06-24,2026-06-24,True
EXP_2026_HOMEPAGE_RANK_V2,U009998,Control,2026-07-02,2026-07-05,True
EXP_2026_HOMEPAGE_RANK_V2,U000850,Control,2026-06-19,2026-06-22,True
EXP_2026_HOMEPAGE_RANK_V2,U004787,Treatment,2026-04-24,2026-04-25,True
EXP_2026_HOMEPAGE_RANK_V2,U020058,Treatment,2026-06-12,2026-06-16,True
EXP_2026_HOMEPAGE_RANK_V2,U001691,Treatment,2026-04-25,2026-04-27,True
EXP_2026_HOMEPAGE_RANK_V2,U000868,Treatment,2026-06-18,2026-06-21,True
EXP_2026_HOMEPAGE_RANK_V2,U005767,Treatment,2026-06-25,2026-06-27,True
EXP_2026_HOMEPAGE_RANK_V2,U020088,Control,2026-04-29,2026-05-01,True
EXP_2026_HOMEPAGE_RANK_V2,U017047,Control,2026-05-09,2026-05-12,True
EXP_2026_HOMEPAGE_RANK_V2,U017751,Control,2026-07-04,2026-07-05,True
EXP_2026_HOMEPAGE_RANK_V2,U018526,Control,2026-05-21,2026-05-22,True
EXP_2026_HOMEPAGE_RANK_V2,U016272,Control,2026-06-01,2026-06-06,True
EXP_2026_HOMEPAGE_RANK_V2,U002309,Control,2026-06-28,2026-06-29,True
EXP_2026_HOMEPAGE_RANK_V2,U019615,Control,2026-07-05,2026-07-07,True
EXP_2026_HOMEPAGE_RANK_V2,U012326,Control,2026-07-08,2026-07-08,True
EXP_2026_HOMEPAGE_RANK_V2,U020692,Treatment,2026-05-01,2026-05-01,True
EXP_2026_HOMEPAGE_RANK_V2,U001839,Control,2026-05-30,2026-06-03,True
EXP_2026_HOMEPAGE_RANK_V2,U004748,Treatment,2026-05-23,2026-05-24,True
EXP_2026_HOMEPAGE_RANK_V2,U017216,Control,2026-06-05,2026-06-09,False
EXP_2026_HOMEPAGE_RANK_V2,U021258,Treatment,2026-05-04,2026-05-06,True
EXP_2026_HOMEPAGE_RANK_V2,U020043,Control,2026-06-06,2026-06-09,True
EXP_2026_HOMEPAGE_RANK_V2,U001066,Control,2026-06-07,2026-06-11,True
EXP_2026_HOMEPAGE_RANK_V2,U004720,Treatment,2026-05-03,2026-05-07,True
EXP_2026_HOMEPAGE_RANK_V2,U006833,Treatment,2026-06-20,2026-06-21,True
EXP_2026_HOMEPAGE_RANK_V2,U018237,Control,2026-06-20,2026-06-25,True
EXP_2026_HOMEPAGE_RANK_V2,U024227,Control,2026-06-17,2026-06-17,True
EXP_2026_HOMEPAGE_RANK_V2,U004405,Control,2026-05-14,2026-05-14,True
EXP_2026_HOMEPAGE_RANK_V2,U022049,Control,2026-06-23,2026-06-24,True
EXP_2026_HOMEPAGE_RANK_V2,U020564,Control,2026-05-11,2026-05-13,True
EXP_2026_HOMEPAGE_RANK_V2,U005608,Control,2026-06-16,2026-06-16,True
EXP_2026_HOMEPAGE_RANK_V2,U012840,Treatment,2026-04-28,2026-05-02,False
EXP_2026_HOMEPAGE_RANK_V2,U016840,Treatment,2026-05-21,2026-05-25,True
EXP_2026_HOMEPAGE_RANK_V2,U024555,Control,2026-05-05,2026-05-06,True
EXP_2026_HOMEPAGE_RANK_V2,U006475,Treatment,2026-04-21,2026-04-25,True
EXP_2026_HOMEPAGE_RANK_V2,U011745,Treatment,2026-05-11,2026-05-14,True
EXP_2026_HOMEPAGE_RANK_V2,U006431,Control,2026-06-29,2026-06-29,True
EXP_2026_HOMEPAGE_RANK_V2,U022335,Control,2026-06-24,2026-06-25,True
EXP_2026_HOMEPAGE_RANK_V2,U007602,Control,2026-05-28,2026-05-29,True
EXP_2026_HOMEPAGE_RANK_V2,U000866,Control,2026-05-15,2026-05-19,True
EXP_2026_HOMEPAGE_RANK_V2,U014558,Control,2026-06-19,2026-06-20,True
EXP_2026_HOMEPAGE_RANK_V2,U014271,Treatment,2026-07-06,2026-07-09,True
EXP_2026_HOMEPAGE_RANK_V2,U019637,Treatment,2026-05-12,2026-05-14,True
EXP_2026_HOMEPAGE_RANK_V2,U016890,Treatment,2026-05-06,2026-05-06,True
EXP_2026_HOMEPAGE_RANK_V2,U016788,Treatment,2026-05-10,2026-05-10,True
EXP_2026_HOMEPAGE_RANK_V2,U004545,Control,2026-04-18,2026-04-22,True
EXP_2026_HOMEPAGE_RANK_V2,U004404,Control,2026-06-07,2026-06-12,True
EXP_2026_HOMEPAGE_RANK_V2,U013841,Control,2026-05-30,2026-05-31,True
EXP_2026_HOMEPAGE_RANK_V2,U023737,Control,2026-05-18,2026-05-20,False
EXP_2026_HOMEPAGE_RANK_V2,U021094,Control,2026-06-21,2026-06-26,True
EXP_2026_HOMEPAGE_RANK_V2,U007314,Treatment,2026-05-30,2026-06-01,True
EXP_2026_HOMEPAGE_RANK_V2,U011709,Treatment,2026-04-19,2026-04-21,True
EXP_2026_HOMEPAGE_RANK_V2,U013598,Treatment,2026-06-19,2026-06-19,True
EXP_2026_HOMEPAGE_RANK_V2,U020823,Control,2026-05-19,2026-05-23,True
EXP_2026_HOMEPAGE_RANK_V2,U014825,Control,2026-05-19,2026-05-19,False
EXP_2026_HOMEPAGE_RANK_V2,U001552,Treatment,2026-04-30,2026-05-03,True
EXP_2026_HOMEPAGE_RANK_V2,U021198,Treatment,2026-07-04,2026-07-09,True
EXP_2026_HOMEPAGE_RANK_V2,U001668,Treatment,2026-07-09,2026-07-09,False
EXP_2026_HOMEPAGE_RANK_V2,U022675,Control,2026-06-25,2026-06-30,True
EXP_2026_HOMEPAGE_RANK_V2,U010573,Control,2026-06-29,2026-06-30,False
EXP_2026_HOMEPAGE_RANK_V2,U010619,Control,2026-04-23,2026-04-27,True
EXP_2026_HOMEPAGE_RANK_V2,U016634,Treatment,2026-07-02,2026-07-06,True
EXP_2026_HOMEPAGE_RANK_V2,U018609,Treatment,2026-05-11,2026-05-15,True
EXP_2026_HOMEPAGE_RANK_V2,U023075,Control,2026-05-19,2026-05-23,True
EXP_2026_HOMEPAGE_RANK_V2,U017096,Treatment,2026-05-18,2026-05-18,True
EXP_2026_HOMEPAGE_RANK_V2,U003073,Control,2026-06-22,2026-06-23,True
EXP_2026_HOMEPAGE_RANK_V2,U019965,Control,2026-05-23,2026-05-24,True
EXP_2026_HOMEPAGE_RANK_V2,U021937,Treatment,2026-06-02,2026-06-05,True
EXP_2026_HOMEPAGE_RANK_V2,U007636,Treatment,2026-04-27,2026-04-28,True
EXP_2026_HOMEPAGE_RANK_V2,U007174,Treatment,2026-05-28,2026-06-02,True
EXP_2026_HOMEPAGE_RANK_V2,U010910,Control,2026-06-04,2026-06-08,True
EXP_2026_HOMEPAGE_RANK_V2,U023057,Control,2026-07-07,2026-07-11,True
EXP_2026_HOMEPAGE_RANK_V2,U011750,Control,2026-07-10,2026-07-15,True
EXP_2026_HOMEPAGE_RANK_V2,U015024,Control,2026-04-19,2026-04-20,True
EXP_2026_HOMEPAGE_RANK_V2,U010438,Treatment,2026-07-01,2026-07-03,True
EXP_2026_HOMEPAGE_RANK_V2,U001651,Control,2026-06-26,2026-06-29,True
EXP_2026_HOMEPAGE_RANK_V2,U010335,Control,2026-06-09,2026-06-14,True
EXP_2026_HOMEPAGE_RANK_V2,U004342,Control,2026-05-30,2026-06-01,True
EXP_2026_HOMEPAGE_RANK_V2,U009401,Treatment,2026-06-15,2026-06-16,True
EXP_2026_HOMEPAGE_RANK_V2,U013293,Treatment,2026-06-30,2026-07-04,True
EXP_2026_HOMEPAGE_RANK_V2,U013609,Control,2026-05-21,2026-05-22,True
EXP_2026_HOMEPAGE_RANK_V2,U013368,Treatment,2026-06-23,2026-06-25,True
EXP_2026_HOMEPAGE_RANK_V2,U022934,Control,2026-05-04,2026-05-05,True
EXP_2026_HOMEPAGE_RANK_V2,U011869,Treatment,2026-07-06,2026-07-08,True
EXP_2026_HOMEPAGE_RANK_V2,U014742,Treatment,2026-06-11,2026-06-11,True
EXP_2026_HOMEPAGE_RANK_V2,U005016,Treatment,2026-05-07,2026-05-07,True
EXP_2026_HOMEPAGE_RANK_V2,U004776,Control,2026-06-04,2026-06-04,True
EXP_2026_HOMEPAGE_RANK_V2,U019745,Control,2026-06-20,2026-06-23,True
EXP_2026_HOMEPAGE_RANK_V2,U003970,Control,2026-07-09,2026-07-14,True
EXP_2026_HOMEPAGE_RANK_V2,U002179,Treatment,2026-04-22,2026-04-26,True
EXP_2026_HOMEPAGE_RANK_V2,U013520,Control,2026-04-25,2026-04-29,True
EXP_2026_HOMEPAGE_RANK_V2,U007900,Control,2026-04-18,2026-04-18,True
EXP_2026_HOMEPAGE_RANK_V2,U008095,Control,2026-04-26,2026-05-01,True
EXP_2026_HOMEPAGE_RANK_V2,U021972,Control,2026-05-07,2026-05-12,True
EXP_2026_HOMEPAGE_RANK_V2,U017512,Treatment,2026-04-29,2026-04-30,True
EXP_2026_HOMEPAGE_RANK_V2,U010601,Control,2026-05-12,2026-05-16,True
EXP_2026_HOMEPAGE_RANK_V2,U013809,Control,2026-05-17,2026-05-17,True
EXP_2026_HOMEPAGE_RANK_V2,U004921,Treatment,2026-06-16,2026-06-17,True
EXP_2026_HOMEPAGE_RANK_V2,U019973,Control,2026-07-06,2026-07-10,True
EXP_2026_HOMEPAGE_RANK_V2,U003075,Control,2026-04-24,2026-04-29,True
EXP_2026_HOMEPAGE_RANK_V2,U016748,Treatment,2026-06-16,2026-06-16,True
EXP_2026_HOMEPAGE_RANK_V2,U016438,Control,2026-05-13,2026-05-13,False
EXP_2026_HOMEPAGE_RANK_V2,U009477,Control,2026-04-22,2026-04-23,True
EXP_2026_HOMEPAGE_RANK_V2,U016071,Control,2026-06-30,2026-07-03,True
EXP_2026_HOMEPAGE_RANK_V2,U004098,Treatment,2026-06-26,2026-06-28,True
EXP_2026_HOMEPAGE_RANK_V2,U000017,Control,2026-05-09,2026-05-09,True
EXP_2026_HOMEPAGE_RANK_V2,U015222,Control,2026-05-04,2026-05-05,True
EXP_2026_HOMEPAGE_RANK_V2,U021141,Treatment,2026-05-21,2026-05-23,True
EXP_2026_HOMEPAGE_RANK_V2,U012373,Control,2026-05-06,2026-05-10,True
EXP_2026_HOMEPAGE_RANK_V2,U013169,Control,2026-06-28,2026-06-28,True
EXP_2026_HOMEPAGE_RANK_V2,U023015,Control,2026-06-13,2026-06-13,True
EXP_2026_HOMEPAGE_RANK_V2,U004017,Control,2026-05-24,2026-05-24,True
EXP_2026_HOMEPAGE_RANK_V2,U024084,Treatment,2026-06-15,2026-06-18,True
EXP_2026_HOMEPAGE_RANK_V2,U018580,Treatment,2026-05-31,2026-06-01,True
EXP_2026_HOMEPAGE_RANK_V2,U000612,Treatment,2026-06-24,2026-06-26,True
EXP_2026_HOMEPAGE_RANK_V2,U024490,Treatment,2026-06-12,2026-06-16,True
EXP_2026_HOMEPAGE_RANK_V2,U005406,Treatment,2026-05-17,2026-05-18,True
EXP_2026_HOMEPAGE_RANK_V2,U019011,Control,2026-06-22,2026-06-23,True
EXP_2026_HOMEPAGE_RANK_V2,U019339,Treatment,2026-04-18,2026-04-21,True
EXP_2026_HOMEPAGE_RANK_V2,U007891,Treatment,2026-06-30,2026-07-05,True
EXP_2026_HOMEPAGE_RANK_V2,U005975,Treatment,2026-05-20,2026-05-20,True
EXP_2026_HOMEPAGE_RANK_V2,U018748,Control,2026-06-22,2026-06-25,True
EXP_2026_HOMEPAGE_RANK_V2,U018458,Control,2026-06-19,2026-06-20,True
EXP_2026_HOMEPAGE_RANK_V2,U023027,Treatment,2026-07-08,2026-07-12,True
EXP_2026_HOMEPAGE_RANK_V2,U019543,Treatment,2026-04-24,2026-04-24,True
EXP_2026_HOMEPAGE_RANK_V2,U023824,Control,2026-05-08,2026-05-13,True
EXP_2026_HOMEPAGE_RANK_V2,U019658,Control,2026-04-19,2026-04-22,True
EXP_2026_HOMEPAGE_RANK_V2,U007189,Control,2026-04-29,2026-05-02,True
EXP_2026_HOMEPAGE_RANK_V2,U010021,Control,2026-06-10,2026-06-12,True
EXP_2026_HOMEPAGE_RANK_V2,U015752,Control,2026-05-25,2026-05-28,True
EXP_2026_HOMEPAGE_RANK_V2,U013356,Control,2026-07-11,2026-07-12,True
EXP_2026_HOMEPAGE_RANK_V2,U011961,Control,2026-06-26,2026-07-01,True
EXP_2026_HOMEPAGE_RANK_V2,U022599,Control,2026-05-20,2026-05-22,True
EXP_2026_HOMEPAGE_RANK_V2,U022895,Treatment,2026-05-13,2026-05-15,True
EXP_2026_HOMEPAGE_RANK_V2,U007216,Control,2026-06-07,2026-06-07,True
EXP_2026_HOMEPAGE_RANK_V2,U012640,Control,2026-06-22,2026-06-23,True
EXP_2026_HOMEPAGE_RANK_V2,U005875,Control,2026-06-06,2026-06-08,True
EXP_2026_HOMEPAGE_RANK_V2,U002486,Treatment,2026-05-03,2026-05-04,True
EXP_2026_HOMEPAGE_RANK_V2,U015489,Treatment,2026-06-28,2026-07-03,True
EXP_2026_HOMEPAGE_RANK_V2,U020586,Treatment,2026-05-28,2026-06-01,True
EXP_2026_HOMEPAGE_RANK_V2,U008259,Control,2026-04-20,2026-04-22,True
EXP_2026_HOMEPAGE_RANK_V2,U008815,Treatment,2026-05-15,2026-05-18,True
EXP_2026_HOMEPAGE_RANK_V2,U001270,Treatment,2026-06-23,2026-06-23,False
EXP_2026_HOMEPAGE_RANK_V2,U010826,Treatment,2026-04-23,2026-04-27,True
EXP_2026_HOMEPAGE_RANK_V2,U005258,Treatment,2026-06-03,2026-06-06,True
EXP_2026_HOMEPAGE_RANK_V2,U011102,Control,2026-06-18,2026-06-18,True
EXP_2026_HOMEPAGE_RANK_V2,U023400,Control,2026-06-07,2026-06-09,True
EXP_2026_HOMEPAGE_RANK_V2,U023515,Control,2026-06-03,2026-06-05,True
EXP_2026_HOMEPAGE_RANK_V2,U021611,Control,2026-07-08,2026-07-13,True
EXP_2026_HOMEPAGE_RANK_V2,U012468,Control,2026-04-21,2026-04-24,True
EXP_2026_HOMEPAGE_RANK_V2,U019344,Control,2026-05-17,2026-05-20,True
EXP_2026_HOMEPAGE_RANK_V2,U019117,Treatment,2026-04-19,2026-04-21,True
EXP_2026_HOMEPAGE_RANK_V2,U016344,Treatment,2026-05-02,2026-05-05,True
EXP_2026_HOMEPAGE_RANK_V2,U024676,Treatment,2026-06-12,2026-06-16,True
EXP_2026_HOMEPAGE_RANK_V2,U001014,Control,2026-06-19,2026-06-23,True
EXP_2026_HOMEPAGE_RANK_V2,U024778,Treatment,2026-05-10,2026-05-11,True
EXP_2026_HOMEPAGE_RANK_V2,U015556,Control,2026-05-16,2026-05-18,True
EXP_2026_HOMEPAGE_RANK_V2,U019221,Control,2026-05-28,2026-05-31,True
EXP_2026_HOMEPAGE_RANK_V2,U012259,Treatment,2026-06-07,2026-06-08,True
EXP_2026_HOMEPAGE_RANK_V2,U020004,Treatment,2026-05-14,2026-05-14,True
EXP_2026_HOMEPAGE_RANK_V2,U017071,Treatment,2026-06-12,2026-06-14,True
EXP_2026_HOMEPAGE_RANK_V2,U007068,Control,2026-04-27,2026-04-28,True
EXP_2026_HOMEPAGE_RANK_V2,U010650,Treatment,2026-06-30,2026-07-01,True
EXP_2026_HOMEPAGE_RANK_V2,U014821,Control,2026-04-19,2026-04-22,True
EXP_2026_HOMEPAGE_RANK_V2,U007615,Control,2026-05-26,2026-05-29,True
EXP_2026_HOMEPAGE_RANK_V2,U006684,Control,2026-05-18,2026-05-22,True
EXP_2026_HOMEPAGE_RANK_V2,U006246,Treatment,2026-06-28,2026-06-30,True
EXP_2026_HOMEPAGE_RANK_V2,U020138,Control,2026-05-11,2026-05-14,True
EXP_2026_HOMEPAGE_RANK_V2,U000854,Control,2026-06-29,2026-07-01,True
EXP_2026_HOMEPAGE_RANK_V2,U003939,Control,2026-05-11,2026-05-12,True
EXP_2026_HOMEPAGE_RANK_V2,U007435,Treatment,2026-05-07,2026-05-09,True
EXP_2026_HOMEPAGE_RANK_V2,U021183,Treatment,2026-06-24,2026-06-25,True
EXP_2026_HOMEPAGE_RANK_V2,U009602,Control,2026-07-07,2026-07-08,False
EXP_2026_HOMEPAGE_RANK_V2,U011951,Control,2026-05-26,2026-05-26,True
EXP_2026_HOMEPAGE_RANK_V2,U020240,Control,2026-06-27,2026-07-01,True
EXP_2026_HOMEPAGE_RANK_V2,U003402,Control,2026-05-01,2026-05-05,True
EXP_2026_HOMEPAGE_RANK_V2,U003325,Treatment,2026-04-23,2026-04-25,True
EXP_2026_HOMEPAGE_RANK_V2,U021626,Treatment,2026-06-01,2026-06-06,True
EXP_2026_HOMEPAGE_RANK_V2,U010415,Treatment,2026-06-25,2026-06-29,True
EXP_2026_HOMEPAGE_RANK_V2,U006989,Control,2026-06-30,2026-07-01,False
EXP_2026_HOMEPAGE_RANK_V2,U008589,Control,2026-07-11,2026-07-13,True
EXP_2026_HOMEPAGE_RANK_V2,U019870,Control,2026-06-28,2026-07-02,True
EXP_2026_HOMEPAGE_RANK_V2,U014587,Treatment,2026-07-01,2026-07-03,True
EXP_2026_HOMEPAGE_RANK_V2,U000070,Treatment,2026-05-25,2026-05-25,True
EXP_2026_HOMEPAGE_RANK_V2,U008390,Control,2026-05-24,2026-05-28,True
EXP_2026_HOMEPAGE_RANK_V2,U009525,Treatment,2026-06-09,2026-06-13,True
EXP_2026_HOMEPAGE_RANK_V2,U014337,Treatment,2026-06-30,2026-06-30,True
EXP_2026_HOMEPAGE_RANK_V2,U010774,Treatment,2026-07-07,2026-07-07,True
EXP_2026_HOMEPAGE_RANK_V2,U019692,Treatment,2026-07-03,2026-07-05,True
EXP_2026_HOMEPAGE_RANK_V2,U001977,Control,2026-04-24,2026-04-24,True
EXP_2026_HOMEPAGE_RANK_V2,U015848,Control,2026-07-10,2026-07-12,True
EXP_2026_HOMEPAGE_RANK_V2,U010933,Control,2026-05-25,2026-05-27,True
EXP_2026_HOMEPAGE_RANK_V2,U010797,Control,2026-05-20,2026-05-23,True
EXP_2026_HOMEPAGE_RANK_V2,U024043,Treatment,2026-05-18,2026-05-22,True
EXP_2026_HOMEPAGE_RANK_V2,U018420,Treatment,2026-06-28,2026-07-01,False
EXP_2026_HOMEPAGE_RANK_V2,U003756,Treatment,2026-06-20,2026-06-23,True
EXP_2026_HOMEPAGE_RANK_V2,U001475,Control,2026-06-22,2026-06-26,True
EXP_2026_HOMEPAGE_RANK_V2,U010112,Treatment,2026-05-30,2026-05-31,True
EXP_2026_HOMEPAGE_RANK_V2,U006063,Control,2026-04-23,2026-04-25,False
EXP_2026_HOMEPAGE_RANK_V2,U008474,Treatment,2026-05-23,2026-05-27,True
EXP_2026_HOMEPAGE_RANK_V2,U007605,Treatment,2026-06-18,2026-06-22,True
EXP_2026_HOMEPAGE_RANK_V2,U022739,Control,2026-04-28,2026-05-03,True
EXP_2026_HOMEPAGE_RANK_V2,U022134,Treatment,2026-06-25,2026-06-29,True
EXP_2026_HOMEPAGE_RANK_V2,U023467,Control,2026-05-18,2026-05-20,True
EXP_2026_HOMEPAGE_RANK_V2,U022166,Control,2026-05-20,2026-05-24,True
EXP_2026_HOMEPAGE_RANK_V2,U006778,Treatment,2026-05-13,2026-05-15,True
EXP_2026_HOMEPAGE_RANK_V2,U007275,Treatment,2026-05-25,2026-05-27,True
EXP_2026_HOMEPAGE_RANK_V2,U015199,Control,2026-07-10,2026-07-13,True
EXP_2026_HOMEPAGE_RANK_V2,U014283,Treatment,2026-04-27,2026-04-30,True
EXP_2026_HOMEPAGE_RANK_V2,U019620,Treatment,2026-05-23,2026-05-25,True
EXP_2026_HOMEPAGE_RANK_V2,U003277,Control,2026-04-22,2026-04-24,True
EXP_2026_HOMEPAGE_RANK_V2,U019050,Control,2026-04-30,2026-05-02,True
EXP_2026_HOMEPAGE_RANK_V2,U018335,Treatment,2026-05-22,2026-05-24,True
EXP_2026_HOMEPAGE_RANK_V2,U019571,Treatment,2026-06-26,2026-07-01,True
EXP_2026_HOMEPAGE_RANK_V2,U018900,Treatment,2026-05-05,2026-05-07,True
EXP_2026_HOMEPAGE_RANK_V2,U020714,Treatment,2026-05-03,2026-05-05,True
EXP_2026_HOMEPAGE_RANK_V2,U019534,Control,2026-05-26,2026-05-29,True
EXP_2026_HOMEPAGE_RANK_V2,U023525,Treatment,2026-06-01,2026-06-02,True
EXP_2026_HOMEPAGE_RANK_V2,U002305,Control,2026-05-31,2026-06-02,True
EXP_2026_HOMEPAGE_RANK_V2,U021687,Control,2026-05-04,2026-05-07,True
EXP_2026_HOMEPAGE_RANK_V2,U004827,Treatment,2026-05-04,2026-05-08,True
EXP_2026_HOMEPAGE_RANK_V2,U005058,Control,2026-04-25,2026-04-25,True
EXP_2026_HOMEPAGE_RANK_V2,U016162,Control,2026-05-02,2026-05-07,True
EXP_2026_HOMEPAGE_RANK_V2,U009954,Control,2026-06-19,2026-06-21,True
EXP_2026_HOMEPAGE_RANK_V2,U021138,Treatment,2026-05-19,2026-05-23,True
EXP_2026_HOMEPAGE_RANK_V2,U023135,Control,2026-06-02,2026-06-07,True
EXP_2026_HOMEPAGE_RANK_V2,U008876,Control,2026-06-01,2026-06-05,True
EXP_2026_HOMEPAGE_RANK_V2,U013369,Control,2026-05-05,2026-05-08,True
EXP_2026_HOMEPAGE_RANK_V2,U004496,Control,2026-06-19,2026-06-23,True
EXP_2026_HOMEPAGE_RANK_V2,U000301,Control,2026-04-21,2026-04-23,True
EXP_2026_HOMEPAGE_RANK_V2,U004371,Treatment,2026-05-21,2026-05-26,True
EXP_2026_HOMEPAGE_RANK_V2,U022893,Treatment,2026-05-11,2026-05-15,True
EXP_2026_HOMEPAGE_RANK_V2,U023701,Treatment,2026-06-06,2026-06-06,True
EXP_2026_HOMEPAGE_RANK_V2,U011589,Control,2026-04-26,2026-04-26,True
EXP_2026_HOMEPAGE_RANK_V2,U023686,Control,2026-05-21,2026-05-23,True
EXP_2026_HOMEPAGE_RANK_V2,U021446,Treatment,2026-06-23,2026-06-26,True
EXP_2026_HOMEPAGE_RANK_V2,U022827,Control,2026-06-02,2026-06-05,True
EXP_2026_HOMEPAGE_RANK_V2,U004821,Control,2026-05-19,2026-05-24,True
EXP_2026_HOMEPAGE_RANK_V2,U004100,Control,2026-04-28,2026-04-30,True
EXP_2026_HOMEPAGE_RANK_V2,U008732,Control,2026-04-28,2026-05-03,False
EXP_2026_HOMEPAGE_RANK_V2,U019993,Control,2026-05-15,2026-05-15,True
EXP_2026_HOMEPAGE_RANK_V2,U012110,Control,2026-07-10,2026-07-11,True
EXP_2026_HOMEPAGE_RANK_V2,U002608,Control,2026-07-04,2026-07-09,True
EXP_2026_HOMEPAGE_RANK_V2,U009729,Control,2026-04-20,2026-04-24,True
EXP_2026_HOMEPAGE_RANK_V2,U005068,Treatment,2026-06-29,2026-07-02,True
EXP_2026_HOMEPAGE_RANK_V2,U011656,Control,2026-07-01,2026-07-02,True
EXP_2026_HOMEPAGE_RANK_V2,U004160,Treatment,2026-06-16,2026-06-20,True
EXP_2026_HOMEPAGE_RANK_V2,U000794,Control,2026-06-18,2026-06-21,True
EXP_2026_HOMEPAGE_RANK_V2,U009462,Treatment,2026-06-24,2026-06-26,True
EXP_2026_HOMEPAGE_RANK_V2,U024879,Treatment,2026-04-24,2026-04-28,True
EXP_2026_HOMEPAGE_RANK_V2,U014616,Treatment,2026-06-23,2026-06-26,True
EXP_2026_HOMEPAGE_RANK_V2,U002908,Treatment,2026-05-08,2026-05-08,True
EXP_2026_HOMEPAGE_RANK_V2,U007998,Treatment,2026-05-15,2026-05-16,True
EXP_2026_HOMEPAGE_RANK_V2,U002320,Treatment,2026-05-01,2026-05-02,True
EXP_2026_HOMEPAGE_RANK_V2,U001680,Control,2026-07-07,2026-07-12,True
EXP_2026_HOMEPAGE_RANK_V2,U012560,Control,2026-07-11,2026-07-13,True
EXP_2026_HOMEPAGE_RANK_V2,U000732,Control,2026-05-23,2026-05-23,True
EXP_2026_HOMEPAGE_RANK_V2,U017230,Treatment,2026-07-03,2026-07-05,True
EXP_2026_HOMEPAGE_RANK_V2,U015030,Treatment,2026-07-09,2026-07-09,True
EXP_2026_HOMEPAGE_RANK_V2,U006550,Treatment,2026-06-02,2026-06-03,True
EXP_2026_HOMEPAGE_RANK_V2,U018901,Treatment,2026-06-01,2026-06-03,True
EXP_2026_HOMEPAGE_RANK_V2,U007562,Control,2026-06-12,2026-06-16,True
EXP_2026_HOMEPAGE_RANK_V2,U015264,Treatment,2026-07-07,2026-07-11,True
EXP_2026_HOMEPAGE_RANK_V2,U001183,Treatment,2026-06-26,2026-06-27,True
EXP_2026_HOMEPAGE_RANK_V2,U018419,Treatment,2026-04-21,2026-04-22,True
EXP_2026_HOMEPAGE_RANK_V2,U014236,Treatment,2026-06-26,2026-06-30,True
EXP_2026_HOMEPAGE_RANK_V2,U000779,Control,2026-07-07,2026-07-09,True
EXP_2026_HOMEPAGE_RANK_V2,U017434,Treatment,2026-05-06,2026-05-11,True
EXP_2026_HOMEPAGE_RANK_V2,U023023,Treatment,2026-06-18,2026-06-22,True
EXP_2026_HOMEPAGE_RANK_V2,U002370,Control,2026-05-27,2026-05-27,True
EXP_2026_HOMEPAGE_RANK_V2,U012800,Control,2026-06-28,2026-07-03,True
EXP_2026_HOMEPAGE_RANK_V2,U014167,Control,2026-06-04,2026-06-04,True
EXP_2026_HOMEPAGE_RANK_V2,U009615,Control,2026-06-21,2026-06-26,True
EXP_2026_HOMEPAGE_RANK_V2,U004871,Control,2026-05-03,2026-05-03,True
EXP_2026_HOMEPAGE_RANK_V2,U017307,Treatment,2026-05-21,2026-05-23,True
EXP_2026_HOMEPAGE_RANK_V2,U011361,Control,2026-06-17,2026-06-18,True
EXP_2026_HOMEPAGE_RANK_V2,U005229,Control,2026-07-10,2026-07-14,True
EXP_2026_HOMEPAGE_RANK_V2,U022766,Treatment,2026-05-13,2026-05-18,True
EXP_2026_HOMEPAGE_RANK_V2,U007345,Treatment,2026-05-28,2026-05-30,True
EXP_2026_HOMEPAGE_RANK_V2,U004182,Treatment,2026-05-20,2026-05-24,True
EXP_2026_HOMEPAGE_RANK_V2,U023186,Control,2026-07-03,2026-07-05,True
EXP_2026_HOMEPAGE_RANK_V2,U005151,Treatment,2026-05-21,2026-05-22,True
EXP_2026_HOMEPAGE_RANK_V2,U006576,Control,2026-05-24,2026-05-27,True
EXP_2026_HOMEPAGE_RANK_V2,U003802,Control,2026-06-28,2026-06-30,True
EXP_2026_HOMEPAGE_RANK_V2,U001808,Control,2026-05-17,2026-05-18,True
EXP_2026_HOMEPAGE_RANK_V2,U008647,Treatment,2026-04-19,2026-04-21,True
EXP_2026_HOMEPAGE_RANK_V2,U024026,Treatment,2026-04-28,2026-05-01,True
EXP_2026_HOMEPAGE_RANK_V2,U008984,Control,2026-06-20,2026-06-23,True
EXP_2026_HOMEPAGE_RANK_V2,U023401,Control,2026-04-23,2026-04-24,True
EXP_2026_HOMEPAGE_RANK_V2,U003720,Control,2026-05-04,2026-05-08,False
EXP_2026_HOMEPAGE_RANK_V2,U013248,Treatment,2026-06-26,2026-06-30,True
EXP_2026_HOMEPAGE_RANK_V2,U010626,Treatment,2026-06-15,2026-06-15,True
EXP_2026_HOMEPAGE_RANK_V2,U010835,Treatment,2026-06-24,2026-06-26,True
EXP_2026_HOMEPAGE_RANK_V2,U006954,Treatment,2026-05-15,2026-05-18,True
EXP_2026_HOMEPAGE_RANK_V2,U004569,Treatment,2026-06-08,2026-06-12,True
EXP_2026_HOMEPAGE_RANK_V2,U022432,Treatment,2026-06-20,2026-06-25,True
EXP_2026_HOMEPAGE_RANK_V2,U006363,Control,2026-05-13,2026-05-15,True
EXP_2026_HOMEPAGE_RANK_V2,U014009,Control,2026-06-01,2026-06-04,True
EXP_2026_HOMEPAGE_RANK_V2,U015241,Treatment,2026-05-09,2026-05-13,True
EXP_2026_HOMEPAGE_RANK_V2,U009064,Control,2026-06-10,2026-06-14,True
EXP_2026_HOMEPAGE_RANK_V2,U016408,Treatment,2026-05-16,2026-05-20,False
EXP_2026_HOMEPAGE_RANK_V2,U022553,Control,2026-06-11,2026-06-16,True
EXP_2026_HOMEPAGE_RANK_V2,U015119,Treatment,2026-05-25,2026-05-26,True
EXP_2026_HOMEPAGE_RANK_V2,U018156,Control,2026-06-11,2026-06-16,True
EXP_2026_HOMEPAGE_RANK_V2,U018995,Control,2026-06-11,2026-06-15,True
EXP_2026_HOMEPAGE_RANK_V2,U021045,Treatment,2026-05-06,2026-05-07,True
EXP_2026_HOMEPAGE_RANK_V2,U007921,Control,2026-07-11,2026-07-12,True
EXP_2026_HOMEPAGE_RANK_V2,U022061,Treatment,2026-06-17,2026-06-20,True
EXP_2026_HOMEPAGE_RANK_V2,U009463,Control,2026-05-16,2026-05-19,True
EXP_2026_HOMEPAGE_RANK_V2,U017264,Treatment,2026-06-08,2026-06-09,True
EXP_2026_HOMEPAGE_RANK_V2,U002818,Control,2026-05-20,2026-05-22,True
EXP_2026_HOMEPAGE_RANK_V2,U019623,Treatment,2026-05-09,2026-05-14,True
EXP_2026_HOMEPAGE_RANK_V2,U010970,Treatment,2026-04-21,2026-04-21,True
EXP_2026_HOMEPAGE_RANK_V2,U009321,Control,2026-06-29,2026-07-02,False
EXP_2026_HOMEPAGE_RANK_V2,U000604,Control,2026-04-25,2026-04-30,True
EXP_2026_HOMEPAGE_RANK_V2,U004701,Control,2026-05-21,2026-05-21,True
EXP_2026_HOMEPAGE_RANK_V2,U021495,Control,2026-05-09,2026-05-11,True
EXP_2026_HOMEPAGE_RANK_V2,U000914,Control,2026-04-23,2026-04-23,True
EXP_2026_HOMEPAGE_RANK_V2,U021110,Control,2026-06-07,2026-06-08,True
EXP_2026_HOMEPAGE_RANK_V2,U023781,Control,2026-04-22,2026-04-26,True
EXP_2026_HOMEPAGE_RANK_V2,U022031,Treatment,2026-05-21,2026-05-22,True
EXP_2026_HOMEPAGE_RANK_V2,U004288,Control,2026-05-02,2026-05-07,True
EXP_2026_HOMEPAGE_RANK_V2,U005913,Control,2026-04-27,2026-05-01,True
EXP_2026_HOMEPAGE_RANK_V2,U007640,Control,2026-06-20,2026-06-22,True
EXP_2026_HOMEPAGE_RANK_V2,U018375,Treatment,2026-06-15,2026-06-20,True
EXP_2026_HOMEPAGE_RANK_V2,U005587,Treatment,2026-05-24,2026-05-27,True
EXP_2026_HOMEPAGE_RANK_V2,U013946,Treatment,2026-05-30,2026-05-31,True
EXP_2026_HOMEPAGE_RANK_V2,U002721,Control,2026-05-15,2026-05-17,True
EXP_2026_HOMEPAGE_RANK_V2,U018240,Treatment,2026-06-11,2026-06-16,True
EXP_2026_HOMEPAGE_RANK_V2,U013109,Treatment,2026-04-27,2026-04-29,True
EXP_2026_HOMEPAGE_RANK_V2,U019527,Treatment,2026-04-28,2026-05-01,True
EXP_2026_HOMEPAGE_RANK_V2,U017024,Control,2026-06-28,2026-06-28,True
EXP_2026_HOMEPAGE_RANK_V2,U009060,Control,2026-06-13,2026-06-16,True
EXP_2026_HOMEPAGE_RANK_V2,U012601,Treatment,2026-06-06,2026-06-09,True
EXP_2026_HOMEPAGE_RANK_V2,U021573,Control,2026-06-05,2026-06-08,True
EXP_2026_HOMEPAGE_RANK_V2,U006997,Treatment,2026-04-23,2026-04-27,True
EXP_2026_HOMEPAGE_RANK_V2,U013164,Treatment,2026-05-09,2026-05-11,True
EXP_2026_HOMEPAGE_RANK_V2,U011698,Treatment,2026-04-29,2026-05-04,True
EXP_2026_HOMEPAGE_RANK_V2,U022121,Treatment,2026-04-24,2026-04-27,True
EXP_2026_HOMEPAGE_RANK_V2,U008440,Control,2026-05-07,2026-05-07,True
EXP_2026_HOMEPAGE_RANK_V2,U013407,Control,2026-06-19,2026-06-19,True
EXP_2026_HOMEPAGE_RANK_V2,U011036,Treatment,2026-06-26,2026-06-29,False
EXP_2026_HOMEPAGE_RANK_V2,U006897,Control,2026-07-07,2026-07-07,True
EXP_2026_HOMEPAGE_RANK_V2,U019899,Treatment,2026-05-26,2026-05-29,True
EXP_2026_HOMEPAGE_RANK_V2,U007167,Treatment,2026-05-20,2026-05-20,True
EXP_2026_HOMEPAGE_RANK_V2,U006010,Control,2026-05-14,2026-05-17,True
EXP_2026_HOMEPAGE_RANK_V2,U013322,Control,2026-06-09,2026-06-10,True
EXP_2026_HOMEPAGE_RANK_V2,U009200,Treatment,2026-07-06,2026-07-11,True
EXP_2026_HOMEPAGE_RANK_V2,U024500,Control,2026-05-24,2026-05-24,True
EXP_2026_HOMEPAGE_RANK_V2,U007570,Control,2026-06-22,2026-06-23,True
EXP_2026_HOMEPAGE_RANK_V2,U011475,Control,2026-06-03,2026-06-03,True
EXP_2026_HOMEPAGE_RANK_V2,U018884,Control,2026-06-28,2026-06-29,True
EXP_2026_HOMEPAGE_RANK_V2,U018477,Treatment,2026-04-30,2026-05-02,True
EXP_2026_HOMEPAGE_RANK_V2,U013615,Treatment,2026-05-07,2026-05-09,True
EXP_2026_HOMEPAGE_RANK_V2,U011488,Control,2026-06-21,2026-06-22,True
EXP_2026_HOMEPAGE_RANK_V2,U007835,Treatment,2026-04-27,2026-04-30,True
EXP_2026_HOMEPAGE_RANK_V2,U017721,Control,2026-05-31,2026-06-03,True
EXP_2026_HOMEPAGE_RANK_V2,U015980,Treatment,2026-06-24,2026-06-26,True
EXP_2026_HOMEPAGE_RANK_V2,U008334,Control,2026-06-14,2026-06-14,True
EXP_2026_HOMEPAGE_RANK_V2,U015050,Control,2026-05-14,2026-05-16,True
EXP_2026_HOMEPAGE_RANK_V2,U001387,Control,2026-06-16,2026-06-19,True
EXP_2026_HOMEPAGE_RANK_V2,U021157,Control,2026-06-24,2026-06-27,True
EXP_2026_HOMEPAGE_RANK_V2,U011820,Control,2026-04-20,2026-04-20,True
EXP_2026_HOMEPAGE_RANK_V2,U022916,Control,2026-07-05,2026-07-05,True
EXP_2026_HOMEPAGE_RANK_V2,U016286,Control,2026-06-15,2026-06-17,True
EXP_2026_HOMEPAGE_RANK_V2,U020674,Treatment,2026-06-13,2026-06-15,True
EXP_2026_HOMEPAGE_RANK_V2,U018982,Control,2026-05-17,2026-05-21,True
EXP_2026_HOMEPAGE_RANK_V2,U017910,Treatment,2026-07-08,2026-07-12,True
EXP_2026_HOMEPAGE_RANK_V2,U014062,Treatment,2026-05-18,2026-05-20,True
EXP_2026_HOMEPAGE_RANK_V2,U000847,Treatment,2026-06-23,2026-06-23,True
EXP_2026_HOMEPAGE_RANK_V2,U001481,Control,2026-07-04,2026-07-06,True
EXP_2026_HOMEPAGE_RANK_V2,U008739,Treatment,2026-05-16,2026-05-17,True
EXP_2026_HOMEPAGE_RANK_V2,U023116,Treatment,2026-05-20,2026-05-25,True
EXP_2026_HOMEPAGE_RANK_V2,U003029,Treatment,2026-05-02,2026-05-06,True
EXP_2026_HOMEPAGE_RANK_V2,U024964,Treatment,2026-05-10,2026-05-11,True
EXP_2026_HOMEPAGE_RANK_V2,U019311,Treatment,2026-05-17,2026-05-18,True
EXP_2026_HOMEPAGE_RANK_V2,U023445,Treatment,2026-04-29,2026-04-29,False
EXP_2026_HOMEPAGE_RANK_V2,U018198,Treatment,2026-06-28,2026-07-01,True
EXP_2026_HOMEPAGE_RANK_V2,U019701,Control,2026-07-07,2026-07-08,True
EXP_2026_HOMEPAGE_RANK_V2,U014421,Treatment,2026-05-03,2026-05-08,True
EXP_2026_HOMEPAGE_RANK_V2,U016019,Control,2026-06-05,2026-06-07,True
EXP_2026_HOMEPAGE_RANK_V2,U020003,Treatment,2026-07-07,2026-07-09,True
EXP_2026_HOMEPAGE_RANK_V2,U015566,Treatment,2026-07-01,2026-07-01,True
EXP_2026_HOMEPAGE_RANK_V2,U008019,Control,2026-05-23,2026-05-26,True
EXP_2026_HOMEPAGE_RANK_V2,U018542,Treatment,2026-04-28,2026-05-02,True
EXP_2026_HOMEPAGE_RANK_V2,U016329,Control,2026-06-20,2026-06-24,False
EXP_2026_HOMEPAGE_RANK_V2,U011938,Control,2026-06-01,2026-06-05,True
EXP_2026_HOMEPAGE_RANK_V2,U004113,Control,2026-06-05,2026-06-05,True
EXP_2026_HOMEPAGE_RANK_V2,U013433,Treatment,2026-05-26,2026-05-31,True
EXP_2026_HOMEPAGE_RANK_V2,U023538,Control,2026-06-01,2026-06-01,True
EXP_2026_HOMEPAGE_RANK_V2,U017109,Treatment,2026-06-29,2026-07-01,True
EXP_2026_HOMEPAGE_RANK_V2,U010649,Control,2026-06-10,2026-06-10,True
EXP_2026_HOMEPAGE_RANK_V2,U020573,Control,2026-04-28,2026-05-03,True
EXP_2026_HOMEPAGE_RANK_V2,U024357,Control,2026-04-20,2026-04-24,True
EXP_2026_HOMEPAGE_RANK_V2,U016749,Control,2026-06-29,2026-07-02,True
EXP_2026_HOMEPAGE_RANK_V2,U023763,Treatment,2026-07-10,2026-07-10,True
EXP_2026_HOMEPAGE_RANK_V2,U018716,Control,2026-06-17,2026-06-17,True
EXP_2026_HOMEPAGE_RANK_V2,U024134,Treatment,2026-07-04,2026-07-06,True
EXP_2026_HOMEPAGE_RANK_V2,U012232,Control,2026-05-11,2026-05-16,True
EXP_2026_HOMEPAGE_RANK_V2,U023868,Treatment,2026-05-03,2026-05-06,True
EXP_2026_HOMEPAGE_RANK_V2,U000765,Treatment,2026-05-11,2026-05-12,True
EXP_2026_HOMEPAGE_RANK_V2,U013432,Control,2026-05-13,2026-05-18,True
EXP_2026_HOMEPAGE_RANK_V2,U011206,Treatment,2026-05-09,2026-05-14,True
EXP_2026_HOMEPAGE_RANK_V2,U017341,Control,2026-05-20,2026-05-20,True
EXP_2026_HOMEPAGE_RANK_V2,U016130,Treatment,2026-05-06,2026-05-10,True
EXP_2026_HOMEPAGE_RANK_V2,U009387,Control,2026-05-10,2026-05-10,True
EXP_2026_HOMEPAGE_RANK_V2,U007394,Treatment,2026-05-03,2026-05-08,True
EXP_2026_HOMEPAGE_RANK_V2,U018351,Control,2026-05-23,2026-05-26,True
EXP_2026_HOMEPAGE_RANK_V2,U017250,Treatment,2026-06-04,2026-06-09,True
EXP_2026_HOMEPAGE_RANK_V2,U020987,Treatment,2026-06-22,2026-06-22,True
EXP_2026_HOMEPAGE_RANK_V2,U017663,Treatment,2026-04-27,2026-04-29,True
EXP_2026_HOMEPAGE_RANK_V2,U008045,Treatment,2026-04-24,2026-04-26,True
EXP_2026_HOMEPAGE_RANK_V2,U003573,Treatment,2026-06-22,2026-06-22,True
EXP_2026_HOMEPAGE_RANK_V2,U006834,Treatment,2026-05-24,2026-05-25,True
EXP_2026_HOMEPAGE_RANK_V2,U013417,Treatment,2026-05-06,2026-05-10,True
EXP_2026_HOMEPAGE_RANK_V2,U023619,Control,2026-07-02,2026-07-05,True
EXP_2026_HOMEPAGE_RANK_V2,U024799,Control,2026-05-15,2026-05-19,True
EXP_2026_HOMEPAGE_RANK_V2,U016177,Control,2026-05-11,2026-05-12,True
EXP_2026_HOMEPAGE_RANK_V2,U011991,Treatment,2026-06-27,2026-06-29,True
EXP_2026_HOMEPAGE_RANK_V2,U016900,Control,2026-05-10,2026-05-10,True
EXP_2026_HOMEPAGE_RANK_V2,U017694,Treatment,2026-04-18,2026-04-21,True
EXP_2026_HOMEPAGE_RANK_V2,U023944,Treatment,2026-06-18,2026-06-23,True
EXP_2026_HOMEPAGE_RANK_V2,U010657,Treatment,2026-07-10,2026-07-11,True
EXP_2026_HOMEPAGE_RANK_V2,U013724,Control,2026-06-09,2026-06-12,True
EXP_2026_HOMEPAGE_RANK_V2,U013931,Control,2026-07-11,2026-07-15,True
EXP_2026_HOMEPAGE_RANK_V2,U000352,Treatment,2026-06-20,2026-06-24,True
EXP_2026_HOMEPAGE_RANK_V2,U021909,Treatment,2026-06-26,2026-06-27,True
EXP_2026_HOMEPAGE_RANK_V2,U012870,Treatment,2026-06-04,2026-06-06,True
EXP_2026_HOMEPAGE_RANK_V2,U005693,Treatment,2026-07-06,2026-07-08,True
EXP_2026_HOMEPAGE_RANK_V2,U011295,Treatment,2026-05-18,2026-05-21,True
EXP_2026_HOMEPAGE_RANK_V2,U018471,Treatment,2026-04-27,2026-04-28,True
EXP_2026_HOMEPAGE_RANK_V2,U014956,Treatment,2026-04-22,2026-04-22,False
EXP_2026_HOMEPAGE_RANK_V2,U010957,Treatment,2026-07-10,2026-07-10,True
EXP_2026_HOMEPAGE_RANK_V2,U016843,Control,2026-05-17,2026-05-21,True
EXP_2026_HOMEPAGE_RANK_V2,U003078,Control,2026-07-03,2026-07-03,True
EXP_2026_HOMEPAGE_RANK_V2,U003764,Treatment,2026-06-12,2026-06-17,True
EXP_2026_HOMEPAGE_RANK_V2,U024238,Control,2026-06-21,2026-06-26,True
EXP_2026_HOMEPAGE_RANK_V2,U009241,Control,2026-05-09,2026-05-14,True
EXP_2026_HOMEPAGE_RANK_V2,U004518,Control,2026-06-20,2026-06-23,True
EXP_2026_HOMEPAGE_RANK_V2,U005576,Treatment,2026-05-28,2026-05-29,True
EXP_2026_HOMEPAGE_RANK_V2,U009781,Treatment,2026-07-02,2026-07-06,True
EXP_2026_HOMEPAGE_RANK_V2,U023056,Control,2026-06-10,2026-06-14,True
EXP_2026_HOMEPAGE_RANK_V2,U009032,Treatment,2026-04-27,2026-04-29,True
EXP_2026_HOMEPAGE_RANK_V2,U007711,Control,2026-05-18,2026-05-22,True
EXP_2026_HOMEPAGE_RANK_V2,U008873,Treatment,2026-04-21,2026-04-26,True
EXP_2026_HOMEPAGE_RANK_V2,U005429,Control,2026-05-04,2026-05-08,True
EXP_2026_HOMEPAGE_RANK_V2,U019672,Treatment,2026-06-06,2026-06-11,True
EXP_2026_HOMEPAGE_RANK_V2,U002531,Control,2026-07-07,2026-07-11,True
EXP_2026_HOMEPAGE_RANK_V2,U008280,Control,2026-06-02,2026-06-05,True
EXP_2026_HOMEPAGE_RANK_V2,U003490,Control,2026-04-29,2026-05-03,True
EXP_2026_HOMEPAGE_RANK_V2,U024044,Treatment,2026-06-09,2026-06-14,True
EXP_2026_HOMEPAGE_RANK_V2,U005516,Control,2026-06-16,2026-06-16,True
EXP_2026_HOMEPAGE_RANK_V2,U015235,Control,2026-06-16,2026-06-20,True
EXP_2026_HOMEPAGE_RANK_V2,U018529,Control,2026-05-02,2026-05-06,True
EXP_2026_HOMEPAGE_RANK_V2,U008899,Control,2026-04-25,2026-04-30,True
EXP_2026_HOMEPAGE_RANK_V2,U020853,Treatment,2026-06-20,2026-06-21,True
EXP_2026_HOMEPAGE_RANK_V2,U019270,Control,2026-04-30,2026-04-30,True
EXP_2026_HOMEPAGE_RANK_V2,U015872,Control,2026-06-03,2026-06-08,True
EXP_2026_HOMEPAGE_RANK_V2,U024076,Control,2026-07-06,2026-07-06,True
EXP_2026_HOMEPAGE_RANK_V2,U006153,Control,2026-06-10,2026-06-10,True
EXP_2026_HOMEPAGE_RANK_V2,U008189,Control,2026-06-25,2026-06-27,True
EXP_2026_HOMEPAGE_RANK_V2,U002769,Treatment,2026-07-04,2026-07-07,True
EXP_2026_HOMEPAGE_RANK_V2,U011040,Control,2026-06-08,2026-06-10,False
EXP_2026_HOMEPAGE_RANK_V2,U024361,Treatment,2026-05-06,2026-05-07,True
EXP_2026_HOMEPAGE_RANK_V2,U001219,Treatment,2026-05-20,2026-05-21,True
EXP_2026_HOMEPAGE_RANK_V2,U018464,Control,2026-05-28,2026-05-29,True
EXP_2026_HOMEPAGE_RANK_V2,U022259,Control,2026-05-24,2026-05-24,False
EXP_2026_HOMEPAGE_RANK_V2,U022202,Treatment,2026-06-01,2026-06-02,False
EXP_2026_HOMEPAGE_RANK_V2,U024122,Control,2026-05-22,2026-05-23,True
EXP_2026_HOMEPAGE_RANK_V2,U009754,Control,2026-06-16,2026-06-18,True
EXP_2026_HOMEPAGE_RANK_V2,U015209,Treatment,2026-06-17,2026-06-19,True
EXP_2026_HOMEPAGE_RANK_V2,U022759,Control,2026-05-27,2026-05-27,True
EXP_2026_HOMEPAGE_RANK_V2,U022943,Control,2026-07-09,2026-07-11,True
EXP_2026_HOMEPAGE_RANK_V2,U016836,Control,2026-05-08,2026-05-08,True
EXP_2026_HOMEPAGE_RANK_V2,U022117,Treatment,2026-07-05,2026-07-08,True
EXP_2026_HOMEPAGE_RANK_V2,U004203,Control,2026-06-16,2026-06-21,True
EXP_2026_HOMEPAGE_RANK_V2,U009717,Control,2026-06-07,2026-06-09,True
EXP_2026_HOMEPAGE_RANK_V2,U010869,Control,2026-04-22,2026-04-25,True
EXP_2026_HOMEPAGE_RANK_V2,U018621,Control,2026-06-25,2026-06-29,True
EXP_2026_HOMEPAGE_RANK_V2,U005444,Treatment,2026-06-23,2026-06-27,True
EXP_2026_HOMEPAGE_RANK_V2,U001132,Control,2026-05-16,2026-05-16,True
EXP_2026_HOMEPAGE_RANK_V2,U018112,Treatment,2026-05-06,2026-05-06,True
EXP_2026_HOMEPAGE_RANK_V2,U014380,Control,2026-05-18,2026-05-23,True
EXP_2026_HOMEPAGE_RANK_V2,U003507,Treatment,2026-05-12,2026-05-14,True
EXP_2026_HOMEPAGE_RANK_V2,U000317,Treatment,2026-04-18,2026-04-22,True
EXP_2026_HOMEPAGE_RANK_V2,U013907,Treatment,2026-04-25,2026-04-29,True
EXP_2026_HOMEPAGE_RANK_V2,U001896,Control,2026-05-02,2026-05-02,True
EXP_2026_HOMEPAGE_RANK_V2,U015045,Control,2026-05-07,2026-05-12,True
EXP_2026_HOMEPAGE_RANK_V2,U006208,Control,2026-05-22,2026-05-26,True
EXP_2026_HOMEPAGE_RANK_V2,U011617,Control,2026-05-09,2026-05-14,True
EXP_2026_HOMEPAGE_RANK_V2,U001916,Control,2026-07-01,2026-07-01,True
EXP_2026_HOMEPAGE_RANK_V2,U015124,Treatment,2026-05-27,2026-05-29,True
EXP_2026_HOMEPAGE_RANK_V2,U015992,Control,2026-06-30,2026-07-02,True
EXP_2026_HOMEPAGE_RANK_V2,U004665,Treatment,2026-05-09,2026-05-10,True
EXP_2026_HOMEPAGE_RANK_V2,U015421,Control,2026-05-08,2026-05-11,True
EXP_2026_HOMEPAGE_RANK_V2,U015577,Control,2026-05-18,2026-05-19,True
EXP_2026_HOMEPAGE_RANK_V2,U007621,Control,2026-05-30,2026-06-03,True
EXP_2026_HOMEPAGE_RANK_V2,U009120,Treatment,2026-05-04,2026-05-06,True
EXP_2026_HOMEPAGE_RANK_V2,U017953,Treatment,2026-04-19,2026-04-21,True
EXP_2026_HOMEPAGE_RANK_V2,U010951,Control,2026-05-29,2026-06-01,True
EXP_2026_HOMEPAGE_RANK_V2,U007971,Control,2026-05-25,2026-05-26,True
EXP_2026_HOMEPAGE_RANK_V2,U002138,Treatment,2026-04-29,2026-04-30,True
EXP_2026_HOMEPAGE_RANK_V2,U024904,Treatment,2026-06-21,2026-06-26,True
EXP_2026_HOMEPAGE_RANK_V2,U007747,Control,2026-06-08,2026-06-13,True
EXP_2026_HOMEPAGE_RANK_V2,U008184,Treatment,2026-05-27,2026-05-30,True
EXP_2026_HOMEPAGE_RANK_V2,U008568,Control,2026-07-02,2026-07-07,True
EXP_2026_HOMEPAGE_RANK_V2,U019281,Control,2026-07-06,2026-07-07,True
EXP_2026_HOMEPAGE_RANK_V2,U004223,Treatment,2026-06-02,2026-06-04,True
EXP_2026_HOMEPAGE_RANK_V2,U005865,Control,2026-04-18,2026-04-23,True
EXP_2026_HOMEPAGE_RANK_V2,U023233,Control,2026-06-17,2026-06-19,True
EXP_2026_HOMEPAGE_RANK_V2,U018388,Control,2026-06-11,2026-06-13,True
EXP_2026_HOMEPAGE_RANK_V2,U020026,Treatment,2026-06-28,2026-06-28,True
EXP_2026_HOMEPAGE_RANK_V2,U000312,Control,2026-06-29,2026-07-01,True
EXP_2026_HOMEPAGE_RANK_V2,U009535,Control,2026-05-13,2026-05-17,True
EXP_2026_HOMEPAGE_RANK_V2,U019478,Treatment,2026-06-08,2026-06-13,True
EXP_2026_HOMEPAGE_RANK_V2,U005191,Treatment,2026-07-05,2026-07-07,True
EXP_2026_HOMEPAGE_RANK_V2,U018081,Control,2026-06-25,2026-06-25,True
EXP_2026_HOMEPAGE_RANK_V2,U015158,Treatment,2026-05-19,2026-05-20,True
EXP_2026_HOMEPAGE_RANK_V2,U017979,Control,2026-05-29,2026-06-03,True
EXP_2026_HOMEPAGE_RANK_V2,U000585,Control,2026-06-07,2026-06-12,True
EXP_2026_HOMEPAGE_RANK_V2,U022453,Control,2026-05-21,2026-05-23,True
EXP_2026_HOMEPAGE_RANK_V2,U010279,Control,2026-06-09,2026-06-09,True
EXP_2026_HOMEPAGE_RANK_V2,U014125,Control,2026-06-02,2026-06-05,True
EXP_2026_HOMEPAGE_RANK_V2,U019505,Control,2026-06-04,2026-06-05,True
EXP_2026_HOMEPAGE_RANK_V2,U003827,Control,2026-06-16,2026-06-18,True
EXP_2026_HOMEPAGE_RANK_V2,U022221,Treatment,2026-05-27,2026-06-01,True
EXP_2026_HOMEPAGE_RANK_V2,U014494,Treatment,2026-06-21,2026-06-23,True
EXP_2026_HOMEPAGE_RANK_V2,U008793,Treatment,2026-06-07,2026-06-12,True
EXP_2026_HOMEPAGE_RANK_V2,U008194,Control,2026-07-03,2026-07-03,True
EXP_2026_HOMEPAGE_RANK_V2,U004767,Treatment,2026-06-25,2026-06-28,True
EXP_2026_HOMEPAGE_RANK_V2,U010786,Control,2026-05-01,2026-05-04,True
EXP_2026_HOMEPAGE_RANK_V2,U022024,Treatment,2026-07-05,2026-07-07,True
EXP_2026_HOMEPAGE_RANK_V2,U008752,Treatment,2026-06-05,2026-06-05,True
EXP_2026_HOMEPAGE_RANK_V2,U013542,Control,2026-05-24,2026-05-25,True
EXP_2026_HOMEPAGE_RANK_V2,U005055,Control,2026-05-11,2026-05-11,True
EXP_2026_HOMEPAGE_RANK_V2,U004962,Control,2026-06-25,2026-06-27,True
EXP_2026_HOMEPAGE_RANK_V2,U018320,Control,2026-06-01,2026-06-04,True
EXP_2026_HOMEPAGE_RANK_V2,U016268,Control,2026-07-10,2026-07-14,True
EXP_2026_HOMEPAGE_RANK_V2,U002828,Control,2026-06-16,2026-06-19,True
EXP_2026_HOMEPAGE_RANK_V2,U006628,Control,2026-07-07,2026-07-11,True
EXP_2026_HOMEPAGE_RANK_V2,U019181,Treatment,2026-05-06,2026-05-11,True
EXP_2026_HOMEPAGE_RANK_V2,U019714,Control,2026-04-26,2026-04-28,True
EXP_2026_HOMEPAGE_RANK_V2,U014952,Treatment,2026-06-06,2026-06-11,True
EXP_2026_HOMEPAGE_RANK_V2,U024168,Treatment,2026-05-28,2026-06-02,False
EXP_2026_HOMEPAGE_RANK_V2,U008946,Treatment,2026-07-03,2026-07-07,True
EXP_2026_HOMEPAGE_RANK_V2,U005867,Control,2026-06-29,2026-07-04,True
EXP_2026_HOMEPAGE_RANK_V2,U016944,Control,2026-05-30,2026-05-31,False
EXP_2026_HOMEPAGE_RANK_V2,U023396,Control,2026-07-04,2026-07-07,True
EXP_2026_HOMEPAGE_RANK_V2,U006607,Treatment,2026-05-30,2026-06-04,True
EXP_2026_HOMEPAGE_RANK_V2,U005359,Treatment,2026-06-07,2026-06-07,True
EXP_2026_HOMEPAGE_RANK_V2,U023501,Control,2026-04-19,2026-04-19,True
EXP_2026_HOMEPAGE_RANK_V2,U002938,Control,2026-05-12,2026-05-13,True
EXP_2026_HOMEPAGE_RANK_V2,U014460,Control,2026-06-28,2026-06-28,True
EXP_2026_HOMEPAGE_RANK_V2,U010746,Treatment,2026-05-10,2026-05-12,True
EXP_2026_HOMEPAGE_RANK_V2,U011116,Treatment,2026-05-05,2026-05-07,True
EXP_2026_HOMEPAGE_RANK_V2,U011710,Treatment,2026-05-29,2026-06-01,True
EXP_2026_HOMEPAGE_RANK_V2,U021493,Control,2026-07-09,2026-07-09,True
EXP_2026_HOMEPAGE_RANK_V2,U018459,Control,2026-05-31,2026-06-05,False
EXP_2026_HOMEPAGE_RANK_V2,U008002,Control,2026-05-09,2026-05-10,True
EXP_2026_HOMEPAGE_RANK_V2,U017043,Treatment,2026-04-23,2026-04-27,True
EXP_2026_HOMEPAGE_RANK_V2,U024030,Control,2026-05-16,2026-05-19,True
EXP_2026_HOMEPAGE_RANK_V2,U016076,Control,2026-05-30,2026-05-30,True
EXP_2026_HOMEPAGE_RANK_V2,U000066,Control,2026-06-05,2026-06-06,True
EXP_2026_HOMEPAGE_RANK_V2,U008112,Control,2026-05-27,2026-05-30,True
EXP_2026_HOMEPAGE_RANK_V2,U024477,Control,2026-06-20,2026-06-20,True
EXP_2026_HOMEPAGE_RANK_V2,U023306,Treatment,2026-06-21,2026-06-26,True
EXP_2026_HOMEPAGE_RANK_V2,U023713,Control,2026-06-27,2026-06-27,True
EXP_2026_HOMEPAGE_RANK_V2,U018568,Control,2026-05-22,2026-05-23,True
EXP_2026_HOMEPAGE_RANK_V2,U000286,Control,2026-06-22,2026-06-26,True
EXP_2026_HOMEPAGE_RANK_V2,U000579,Treatment,2026-05-28,2026-05-30,True
EXP_2026_HOMEPAGE_RANK_V2,U001812,Treatment,2026-04-23,2026-04-25,True
EXP_2026_HOMEPAGE_RANK_V2,U002976,Treatment,2026-06-23,2026-06-25,False
EXP_2026_HOMEPAGE_RANK_V2,U007508,Treatment,2026-06-24,2026-06-25,True
EXP_2026_HOMEPAGE_RANK_V2,U007358,Treatment,2026-05-14,2026-05-19,False
EXP_2026_HOMEPAGE_RANK_V2,U013217,Treatment,2026-05-12,2026-05-15,True
EXP_2026_HOMEPAGE_RANK_V2,U002128,Control,2026-04-27,2026-05-02,True
EXP_2026_HOMEPAGE_RANK_V2,U001494,Control,2026-06-19,2026-06-22,True
EXP_2026_HOMEPAGE_RANK_V2,U012628,Treatment,2026-06-28,2026-06-28,True
EXP_2026_HOMEPAGE_RANK_V2,U020464,Treatment,2026-05-07,2026-05-08,True
EXP_2026_HOMEPAGE_RANK_V2,U004930,Treatment,2026-06-22,2026-06-26,True
EXP_2026_HOMEPAGE_RANK_V2,U020835,Treatment,2026-07-07,2026-07-09,True
EXP_2026_HOMEPAGE_RANK_V2,U006320,Control,2026-05-06,2026-05-09,True
EXP_2026_HOMEPAGE_RANK_V2,U022083,Control,2026-06-06,2026-06-10,True
EXP_2026_HOMEPAGE_RANK_V2,U012009,Treatment,2026-05-23,2026-05-24,True
EXP_2026_HOMEPAGE_RANK_V2,U016461,Treatment,2026-05-23,2026-05-25,True
EXP_2026_HOMEPAGE_RANK_V2,U013379,Control,2026-06-25,2026-06-27,True
EXP_2026_HOMEPAGE_RANK_V2,U000553,Control,2026-07-03,2026-07-05,False
EXP_2026_HOMEPAGE_RANK_V2,U016819,Treatment,2026-04-23,2026-04-27,True
EXP_2026_HOMEPAGE_RANK_V2,U005777,Treatment,2026-07-06,2026-07-11,True
EXP_2026_HOMEPAGE_RANK_V2,U017185,Control,2026-06-24,2026-06-25,True
EXP_2026_HOMEPAGE_RANK_V2,U001321,Control,2026-06-10,2026-06-13,True
EXP_2026_HOMEPAGE_RANK_V2,U001276,Treatment,2026-05-09,2026-05-10,True
EXP_2026_HOMEPAGE_RANK_V2,U003558,Control,2026-07-04,2026-07-08,True
EXP_2026_HOMEPAGE_RANK_V2,U016161,Treatment,2026-04-23,2026-04-24,True
EXP_2026_HOMEPAGE_RANK_V2,U006441,Treatment,2026-06-07,2026-06-10,True
EXP_2026_HOMEPAGE_RANK_V2,U004030,Control,2026-06-28,2026-06-29,True
EXP_2026_HOMEPAGE_RANK_V2,U005999,Control,2026-04-23,2026-04-24,True
EXP_2026_HOMEPAGE_RANK_V2,U007293,Treatment,2026-05-22,2026-05-25,True
EXP_2026_HOMEPAGE_RANK_V2,U010772,Treatment,2026-06-14,2026-06-18,True
EXP_2026_HOMEPAGE_RANK_V2,U002097,Treatment,2026-04-25,2026-04-26,True
EXP_2026_HOMEPAGE_RANK_V2,U011968,Control,2026-06-27,2026-06-28,True
EXP_2026_HOMEPAGE_RANK_V2,U007938,Control,2026-06-08,2026-06-08,False
EXP_2026_HOMEPAGE_RANK_V2,U015485,Control,2026-07-05,2026-07-09,False
EXP_2026_HOMEPAGE_RANK_V2,U008053,Control,2026-06-15,2026-06-20,True
EXP_2026_HOMEPAGE_RANK_V2,U013249,Treatment,2026-06-02,2026-06-06,True
EXP_2026_HOMEPAGE_RANK_V2,U017769,Control,2026-06-26,2026-06-26,True
EXP_2026_HOMEPAGE_RANK_V2,U009860,Treatment,2026-05-30,2026-06-02,True
EXP_2026_HOMEPAGE_RANK_V2,U017852,Control,2026-06-05,2026-06-08,True
EXP_2026_HOMEPAGE_RANK_V2,U006797,Control,2026-05-28,2026-06-02,True
EXP_2026_HOMEPAGE_RANK_V2,U001764,Treatment,2026-04-19,2026-04-20,True
EXP_2026_HOMEPAGE_RANK_V2,U016316,Treatment,2026-04-22,2026-04-25,True
EXP_2026_HOMEPAGE_RANK_V2,U003467,Control,2026-06-07,2026-06-08,True
EXP_2026_HOMEPAGE_RANK_V2,U022135,Control,2026-06-16,2026-06-19,True
EXP_2026_HOMEPAGE_RANK_V2,U020507,Control,2026-06-01,2026-06-03,False
EXP_2026_HOMEPAGE_RANK_V2,U009819,Control,2026-05-30,2026-06-04,True
EXP_2026_HOMEPAGE_RANK_V2,U000901,Control,2026-05-24,2026-05-24,True
EXP_2026_HOMEPAGE_RANK_V2,U001329,Treatment,2026-04-30,2026-05-02,True
EXP_2026_HOMEPAGE_RANK_V2,U018958,Treatment,2026-05-26,2026-05-30,True
EXP_2026_HOMEPAGE_RANK_V2,U024191,Treatment,2026-05-18,2026-05-21,True
EXP_2026_HOMEPAGE_RANK_V2,U022048,Treatment,2026-05-20,2026-05-25,True
EXP_2026_HOMEPAGE_RANK_V2,U013702,Control,2026-07-05,2026-07-07,False
EXP_2026_HOMEPAGE_RANK_V2,U016113,Control,2026-06-28,2026-07-02,True
EXP_2026_HOMEPAGE_RANK_V2,U003780,Treatment,2026-06-07,2026-06-12,True
EXP_2026_HOMEPAGE_RANK_V2,U015667,Control,2026-07-02,2026-07-02,True
EXP_2026_HOMEPAGE_RANK_V2,U012882,Treatment,2026-07-10,2026-07-13,True
EXP_2026_HOMEPAGE_RANK_V2,U013213,Treatment,2026-05-13,2026-05-13,True
EXP_2026_HOMEPAGE_RANK_V2,U019662,Treatment,2026-05-01,2026-05-06,True
EXP_2026_HOMEPAGE_RANK_V2,U009358,Treatment,2026-06-07,2026-06-08,True
EXP_2026_HOMEPAGE_RANK_V2,U019673,Treatment,2026-06-08,2026-06-11,True
EXP_2026_HOMEPAGE_RANK_V2,U019139,Treatment,2026-05-09,2026-05-13,True
EXP_2026_HOMEPAGE_RANK_V2,U024536,Control,2026-04-24,2026-04-29,True
EXP_2026_HOMEPAGE_RANK_V2,U005083,Control,2026-05-13,2026-05-17,True
EXP_2026_HOMEPAGE_RANK_V2,U009320,Treatment,2026-06-15,2026-06-16,True
EXP_2026_HOMEPAGE_RANK_V2,U018254,Treatment,2026-07-04,2026-07-07,True
EXP_2026_HOMEPAGE_RANK_V2,U019434,Control,2026-04-28,2026-04-28,True
EXP_2026_HOMEPAGE_RANK_V2,U015183,Control,2026-06-13,2026-06-16,True
EXP_2026_HOMEPAGE_RANK_V2,U019397,Control,2026-05-10,2026-05-15,True
EXP_2026_HOMEPAGE_RANK_V2,U015163,Control,2026-05-05,2026-05-06,True
EXP_2026_HOMEPAGE_RANK_V2,U008891,Control,2026-05-02,2026-05-04,True
EXP_2026_HOMEPAGE_RANK_V2,U012978,Treatment,2026-05-19,2026-05-21,True
EXP_2026_HOMEPAGE_RANK_V2,U007090,Control,2026-05-07,2026-05-12,True
EXP_2026_HOMEPAGE_RANK_V2,U006752,Treatment,2026-05-25,2026-05-25,True
EXP_2026_HOMEPAGE_RANK_V2,U018099,Treatment,2026-06-11,2026-06-11,False
EXP_2026_HOMEPAGE_RANK_V2,U013961,Treatment,2026-05-19,2026-05-21,True
EXP_2026_HOMEPAGE_RANK_V2,U019421,Control,2026-07-10,2026-07-11,True
EXP_2026_HOMEPAGE_RANK_V2,U022502,Control,2026-05-23,2026-05-25,True
EXP_2026_HOMEPAGE_RANK_V2,U020829,Control,2026-05-06,2026-05-08,True
EXP_2026_HOMEPAGE_RANK_V2,U011250,Control,2026-04-24,2026-04-24,True
EXP_2026_HOMEPAGE_RANK_V2,U001836,Treatment,2026-04-22,2026-04-25,True
EXP_2026_HOMEPAGE_RANK_V2,U021281,Control,2026-05-03,2026-05-07,True
EXP_2026_HOMEPAGE_RANK_V2,U008037,Control,2026-05-17,2026-05-22,True
EXP_2026_HOMEPAGE_RANK_V2,U015598,Treatment,2026-06-30,2026-06-30,False
EXP_2026_HOMEPAGE_RANK_V2,U024935,Treatment,2026-06-22,2026-06-27,True
EXP_2026_HOMEPAGE_RANK_V2,U005168,Treatment,2026-07-04,2026-07-08,True
EXP_2026_HOMEPAGE_RANK_V2,U009797,Control,2026-05-29,2026-06-02,True
EXP_2026_HOMEPAGE_RANK_V2,U013180,Treatment,2026-05-22,2026-05-24,True
EXP_2026_HOMEPAGE_RANK_V2,U006110,Control,2026-07-10,2026-07-11,True
EXP_2026_HOMEPAGE_RANK_V2,U011839,Treatment,2026-05-03,2026-05-03,True
EXP_2026_HOMEPAGE_RANK_V2,U001042,Treatment,2026-05-21,2026-05-24,True
EXP_2026_HOMEPAGE_RANK_V2,U000796,Control,2026-04-27,2026-05-02,True
EXP_2026_HOMEPAGE_RANK_V2,U018800,Control,2026-05-05,2026-05-05,True
EXP_2026_HOMEPAGE_RANK_V2,U016444,Control,2026-06-02,2026-06-05,True
EXP_2026_HOMEPAGE_RANK_V2,U021179,Treatment,2026-05-07,2026-05-10,True
EXP_2026_HOMEPAGE_RANK_V2,U020842,Control,2026-05-13,2026-05-17,True
EXP_2026_HOMEPAGE_RANK_V2,U012059,Treatment,2026-06-23,2026-06-26,True
EXP_2026_HOMEPAGE_RANK_V2,U006464,Control,2026-05-22,2026-05-26,True
EXP_2026_HOMEPAGE_RANK_V2,U008736,Control,2026-06-06,2026-06-06,True
EXP_2026_HOMEPAGE_RANK_V2,U009435,Treatment,2026-04-30,2026-05-03,True
EXP_2026_HOMEPAGE_RANK_V2,U020806,Treatment,2026-05-01,2026-05-03,True
EXP_2026_HOMEPAGE_RANK_V2,U007257,Control,2026-07-04,2026-07-04,True
EXP_2026_HOMEPAGE_RANK_V2,U020513,Control,2026-05-08,2026-05-08,True
EXP_2026_HOMEPAGE_RANK_V2,U003148,Control,2026-05-24,2026-05-29,True
EXP_2026_HOMEPAGE_RANK_V2,U019069,Control,2026-05-20,2026-05-22,True
EXP_2026_HOMEPAGE_RANK_V2,U016976,Control,2026-04-21,2026-04-25,True
EXP_2026_HOMEPAGE_RANK_V2,U005998,Control,2026-07-02,2026-07-02,True
EXP_2026_HOMEPAGE_RANK_V2,U016256,Treatment,2026-07-06,2026-07-07,True
EXP_2026_HOMEPAGE_RANK_V2,U003509,Treatment,2026-05-26,2026-05-30,True
EXP_2026_HOMEPAGE_RANK_V2,U000852,Control,2026-06-01,2026-06-05,True
EXP_2026_HOMEPAGE_RANK_V2,U017532,Treatment,2026-06-27,2026-06-29,True
EXP_2026_HOMEPAGE_RANK_V2,U004550,Treatment,2026-06-02,2026-06-05,True
EXP_2026_HOMEPAGE_RANK_V2,U018534,Control,2026-07-03,2026-07-08,True
EXP_2026_HOMEPAGE_RANK_V2,U022291,Treatment,2026-05-31,2026-06-01,True
EXP_2026_HOMEPAGE_RANK_V2,U023514,Treatment,2026-07-02,2026-07-04,False
EXP_2026_HOMEPAGE_RANK_V2,U016260,Control,2026-05-05,2026-05-08,True
EXP_2026_HOMEPAGE_RANK_V2,U022504,Control,2026-04-23,2026-04-28,True
EXP_2026_HOMEPAGE_RANK_V2,U020292,Control,2026-06-05,2026-06-05,True
EXP_2026_HOMEPAGE_RANK_V2,U006128,Control,2026-05-18,2026-05-20,True
EXP_2026_HOMEPAGE_RANK_V2,U019787,Control,2026-04-18,2026-04-21,True
EXP_2026_HOMEPAGE_RANK_V2,U004944,Control,2026-04-19,2026-04-19,True
EXP_2026_HOMEPAGE_RANK_V2,U009398,Treatment,2026-05-12,2026-05-14,True
EXP_2026_HOMEPAGE_RANK_V2,U021242,Treatment,2026-05-30,2026-05-31,True
EXP_2026_HOMEPAGE_RANK_V2,U009631,Treatment,2026-06-21,2026-06-26,True
EXP_2026_HOMEPAGE_RANK_V2,U022649,Treatment,2026-05-27,2026-05-31,True
EXP_2026_HOMEPAGE_RANK_V2,U019877,Treatment,2026-05-08,2026-05-09,True
EXP_2026_HOMEPAGE_RANK_V2,U016400,Control,2026-06-09,2026-06-13,True
EXP_2026_HOMEPAGE_RANK_V2,U002339,Control,2026-04-24,2026-04-24,True
EXP_2026_HOMEPAGE_RANK_V2,U001749,Treatment,2026-05-10,2026-05-14,True
EXP_2026_HOMEPAGE_RANK_V2,U016202,Treatment,2026-05-01,2026-05-01,True
EXP_2026_HOMEPAGE_RANK_V2,U003481,Treatment,2026-06-11,2026-06-15,True
EXP_2026_HOMEPAGE_RANK_V2,U022229,Control,2026-06-06,2026-06-06,True
EXP_2026_HOMEPAGE_RANK_V2,U016993,Control,2026-04-20,2026-04-22,True
EXP_2026_HOMEPAGE_RANK_V2,U013067,Control,2026-05-08,2026-05-12,True
EXP_2026_HOMEPAGE_RANK_V2,U016674,Treatment,2026-05-28,2026-06-01,True
EXP_2026_HOMEPAGE_RANK_V2,U004466,Treatment,2026-06-01,2026-06-05,True
EXP_2026_HOMEPAGE_RANK_V2,U022653,Control,2026-05-21,2026-05-24,True
EXP_2026_HOMEPAGE_RANK_V2,U014690,Treatment,2026-06-05,2026-06-05,True
EXP_2026_HOMEPAGE_RANK_V2,U016936,Control,2026-05-15,2026-05-15,True
EXP_2026_HOMEPAGE_RANK_V2,U006714,Control,2026-06-17,2026-06-19,True
EXP_2026_HOMEPAGE_RANK_V2,U009857,Control,2026-07-03,2026-07-05,True
EXP_2026_HOMEPAGE_RANK_V2,U010068,Treatment,2026-06-18,2026-06-21,True
EXP_2026_HOMEPAGE_RANK_V2,U013159,Treatment,2026-06-05,2026-06-07,True
EXP_2026_HOMEPAGE_RANK_V2,U015259,Treatment,2026-05-31,2026-05-31,False
EXP_2026_HOMEPAGE_RANK_V2,U019211,Control,2026-06-01,2026-06-05,True
EXP_2026_HOMEPAGE_RANK_V2,U014399,Control,2026-06-30,2026-07-05,True
EXP_2026_HOMEPAGE_RANK_V2,U010631,Treatment,2026-07-10,2026-07-11,True
EXP_2026_HOMEPAGE_RANK_V2,U008102,Control,2026-07-06,2026-07-10,True
EXP_2026_HOMEPAGE_RANK_V2,U020408,Control,2026-04-20,2026-04-23,True
EXP_2026_HOMEPAGE_RANK_V2,U005253,Control,2026-06-15,2026-06-17,True
EXP_2026_HOMEPAGE_RANK_V2,U006974,Treatment,2026-05-13,2026-05-14,True
EXP_2026_HOMEPAGE_RANK_V2,U016952,Control,2026-05-20,2026-05-21,True
EXP_2026_HOMEPAGE_RANK_V2,U017534,Treatment,2026-04-29,2026-04-29,True
EXP_2026_HOMEPAGE_RANK_V2,U023316,Treatment,2026-05-25,2026-05-27,True
EXP_2026_HOMEPAGE_RANK_V2,U013122,Treatment,2026-05-24,2026-05-26,True
EXP_2026_HOMEPAGE_RANK_V2,U013503,Treatment,2026-05-03,2026-05-05,True
EXP_2026_HOMEPAGE_RANK_V2,U004275,Treatment,2026-04-30,2026-05-05,True
EXP_2026_HOMEPAGE_RANK_V2,U006365,Control,2026-06-16,2026-06-21,False
EXP_2026_HOMEPAGE_RANK_V2,U011291,Treatment,2026-06-18,2026-06-21,True
EXP_2026_HOMEPAGE_RANK_V2,U019569,Treatment,2026-06-09,2026-06-11,True
EXP_2026_HOMEPAGE_RANK_V2,U009935,Treatment,2026-04-29,2026-05-04,True
EXP_2026_HOMEPAGE_RANK_V2,U022901,Treatment,2026-07-05,2026-07-08,False
EXP_2026_HOMEPAGE_RANK_V2,U013044,Control,2026-06-13,2026-06-13,True
EXP_2026_HOMEPAGE_RANK_V2,U009656,Control,2026-07-10,2026-07-13,True
EXP_2026_HOMEPAGE_RANK_V2,U022329,Control,2026-06-03,2026-06-05,True
EXP_2026_HOMEPAGE_RANK_V2,U010004,Treatment,2026-05-26,2026-05-30,True
EXP_2026_HOMEPAGE_RANK_V2,U021776,Control,2026-06-21,2026-06-24,True
EXP_2026_HOMEPAGE_RANK_V2,U020149,Treatment,2026-05-29,2026-05-30,True
EXP_2026_HOMEPAGE_RANK_V2,U006418,Treatment,2026-05-31,2026-06-03,True
EXP_2026_HOMEPAGE_RANK_V2,U013636,Control,2026-06-09,2026-06-14,True
EXP_2026_HOMEPAGE_RANK_V2,U022569,Treatment,2026-07-08,2026-07-13,True
EXP_2026_HOMEPAGE_RANK_V2,U013459,Treatment,2026-06-09,2026-06-13,True
EXP_2026_HOMEPAGE_RANK_V2,U023593,Control,2026-06-28,2026-07-03,True
EXP_2026_HOMEPAGE_RANK_V2,U024512,Treatment,2026-05-22,2026-05-23,True
EXP_2026_HOMEPAGE_RANK_V2,U003731,Control,2026-05-21,2026-05-25,False
EXP_2026_HOMEPAGE_RANK_V2,U014281,Treatment,2026-05-21,2026-05-23,True
EXP_2026_HOMEPAGE_RANK_V2,U018487,Control,2026-07-11,2026-07-13,True
EXP_2026_HOMEPAGE_RANK_V2,U015441,Control,2026-04-29,2026-05-04,True
EXP_2026_HOMEPAGE_RANK_V2,U002077,Treatment,2026-06-27,2026-06-29,True
EXP_2026_HOMEPAGE_RANK_V2,U018462,Control,2026-06-08,2026-06-11,True
EXP_2026_HOMEPAGE_RANK_V2,U014082,Treatment,2026-05-05,2026-05-08,True
EXP_2026_HOMEPAGE_RANK_V2,U019230,Treatment,2026-07-04,2026-07-08,True
EXP_2026_HOMEPAGE_RANK_V2,U005568,Control,2026-06-19,2026-06-24,True
EXP_2026_HOMEPAGE_RANK_V2,U017571,Control,2026-05-20,2026-05-21,True
EXP_2026_HOMEPAGE_RANK_V2,U014633,Treatment,2026-06-12,2026-06-15,False
EXP_2026_HOMEPAGE_RANK_V2,U017593,Control,2026-06-28,2026-06-29,True
EXP_2026_HOMEPAGE_RANK_V2,U021076,Treatment,2026-06-27,2026-06-29,True
EXP_2026_HOMEPAGE_RANK_V2,U009126,Treatment,2026-06-27,2026-06-28,True
EXP_2026_HOMEPAGE_RANK_V2,U016550,Treatment,2026-05-03,2026-05-03,True
EXP_2026_HOMEPAGE_RANK_V2,U001342,Treatment,2026-06-28,2026-07-02,True
EXP_2026_HOMEPAGE_RANK_V2,U014590,Control,2026-06-05,2026-06-10,True
EXP_2026_HOMEPAGE_RANK_V2,U013102,Treatment,2026-06-29,2026-07-01,True
EXP_2026_HOMEPAGE_RANK_V2,U004243,Control,2026-06-12,2026-06-14,False
EXP_2026_HOMEPAGE_RANK_V2,U009815,Treatment,2026-05-06,2026-05-10,True
EXP_2026_HOMEPAGE_RANK_V2,U000448,Treatment,2026-04-18,2026-04-20,True
EXP_2026_HOMEPAGE_RANK_V2,U015351,Control,2026-07-03,2026-07-07,True
EXP_2026_HOMEPAGE_RANK_V2,U017817,Treatment,2026-05-22,2026-05-27,True
EXP_2026_HOMEPAGE_RANK_V2,U004479,Treatment,2026-05-08,2026-05-08,True
EXP_2026_HOMEPAGE_RANK_V2,U023506,Treatment,2026-06-19,2026-06-20,True
EXP_2026_HOMEPAGE_RANK_V2,U016089,Control,2026-06-07,2026-06-11,True
EXP_2026_HOMEPAGE_RANK_V2,U014309,Control,2026-07-02,2026-07-04,True
EXP_2026_HOMEPAGE_RANK_V2,U023960,Treatment,2026-07-09,2026-07-14,True
EXP_2026_HOMEPAGE_RANK_V2,U000086,Treatment,2026-06-13,2026-06-17,True
EXP_2026_HOMEPAGE_RANK_V2,U002830,Treatment,2026-04-20,2026-04-23,True
EXP_2026_HOMEPAGE_RANK_V2,U009441,Treatment,2026-06-11,2026-06-16,True
EXP_2026_HOMEPAGE_RANK_V2,U000547,Treatment,2026-06-23,2026-06-28,True
EXP_2026_HOMEPAGE_RANK_V2,U009297,Treatment,2026-05-19,2026-05-19,True
EXP_2026_HOMEPAGE_RANK_V2,U011162,Treatment,2026-04-26,2026-04-30,True
EXP_2026_HOMEPAGE_RANK_V2,U002581,Treatment,2026-07-07,2026-07-08,True
EXP_2026_HOMEPAGE_RANK_V2,U022529,Treatment,2026-06-24,2026-06-25,True
EXP_2026_HOMEPAGE_RANK_V2,U004228,Control,2026-05-07,2026-05-11,True
EXP_2026_HOMEPAGE_RANK_V2,U023969,Treatment,2026-05-09,2026-05-11,True
EXP_2026_HOMEPAGE_RANK_V2,U017879,Control,2026-04-26,2026-04-30,True
EXP_2026_HOMEPAGE_RANK_V2,U007460,Treatment,2026-05-28,2026-05-31,True
EXP_2026_HOMEPAGE_RANK_V2,U023764,Treatment,2026-07-03,2026-07-05,True
EXP_2026_HOMEPAGE_RANK_V2,U010896,Treatment,2026-04-26,2026-04-29,True
EXP_2026_HOMEPAGE_RANK_V2,U005328,Treatment,2026-05-14,2026-05-15,True
EXP_2026_HOMEPAGE_RANK_V2,U008066,Treatment,2026-07-10,2026-07-12,True
EXP_2026_HOMEPAGE_RANK_V2,U022228,Control,2026-04-30,2026-05-01,True
EXP_2026_HOMEPAGE_RANK_V2,U019043,Control,2026-06-05,2026-06-09,True
EXP_2026_HOMEPAGE_RANK_V2,U016205,Control,2026-05-10,2026-05-10,False
EXP_2026_HOMEPAGE_RANK_V2,U000951,Treatment,2026-05-31,2026-06-01,True
EXP_2026_HOMEPAGE_RANK_V2,U003179,Treatment,2026-04-26,2026-04-27,True
EXP_2026_HOMEPAGE_RANK_V2,U022550,Treatment,2026-04-26,2026-04-29,True
EXP_2026_HOMEPAGE_RANK_V2,U011790,Control,2026-05-26,2026-05-28,True
EXP_2026_HOMEPAGE_RANK_V2,U016391,Treatment,2026-06-07,2026-06-07,True
EXP_2026_HOMEPAGE_RANK_V2,U024837,Control,2026-04-24,2026-04-24,True
EXP_2026_HOMEPAGE_RANK_V2,U004910,Control,2026-06-05,2026-06-08,True
EXP_2026_HOMEPAGE_RANK_V2,U010965,Control,2026-05-12,2026-05-17,True
EXP_2026_HOMEPAGE_RANK_V2,U002702,Control,2026-05-13,2026-05-15,True
EXP_2026_HOMEPAGE_RANK_V2,U020574,Treatment,2026-04-24,2026-04-25,True
EXP_2026_HOMEPAGE_RANK_V2,U007875,Treatment,2026-06-13,2026-06-17,True
EXP_2026_HOMEPAGE_RANK_V2,U024963,Control,2026-05-20,2026-05-21,True
EXP_2026_HOMEPAGE_RANK_V2,U003082,Treatment,2026-05-30,2026-05-31,True
EXP_2026_HOMEPAGE_RANK_V2,U001085,Treatment,2026-04-24,2026-04-25,True
EXP_2026_HOMEPAGE_RANK_V2,U010177,Treatment,2026-05-26,2026-05-29,True
EXP_2026_HOMEPAGE_RANK_V2,U018350,Treatment,2026-06-11,2026-06-14,True
EXP_2026_HOMEPAGE_RANK_V2,U006135,Control,2026-07-06,2026-07-11,True
EXP_2026_HOMEPAGE_RANK_V2,U012167,Control,2026-06-19,2026-06-24,True
EXP_2026_HOMEPAGE_RANK_V2,U001031,Treatment,2026-06-22,2026-06-27,True
EXP_2026_HOMEPAGE_RANK_V2,U003642,Treatment,2026-05-21,2026-05-26,True
EXP_2026_HOMEPAGE_RANK_V2,U019168,Treatment,2026-05-29,2026-05-29,True
EXP_2026_HOMEPAGE_RANK_V2,U002373,Treatment,2026-05-12,2026-05-13,True
EXP_2026_HOMEPAGE_RANK_V2,U010202,Control,2026-06-20,2026-06-24,True
EXP_2026_HOMEPAGE_RANK_V2,U011248,Control,2026-04-30,2026-05-02,True
EXP_2026_HOMEPAGE_RANK_V2,U004586,Control,2026-05-20,2026-05-25,True
EXP_2026_HOMEPAGE_RANK_V2,U012911,Control,2026-05-19,2026-05-21,True
EXP_2026_HOMEPAGE_RANK_V2,U007511,Treatment,2026-05-02,2026-05-04,True
EXP_2026_HOMEPAGE_RANK_V2,U002660,Control,2026-05-06,2026-05-11,True
EXP_2026_HOMEPAGE_RANK_V2,U012699,Control,2026-06-13,2026-06-16,True
EXP_2026_HOMEPAGE_RANK_V2,U016561,Control,2026-07-06,2026-07-11,True
EXP_2026_HOMEPAGE_RANK_V2,U010033,Treatment,2026-06-07,2026-06-09,True
EXP_2026_HOMEPAGE_RANK_V2,U002988,Treatment,2026-06-19,2026-06-23,True
EXP_2026_HOMEPAGE_RANK_V2,U020568,Control,2026-06-30,2026-06-30,True
EXP_2026_HOMEPAGE_RANK_V2,U016713,Treatment,2026-06-22,2026-06-22,True
EXP_2026_HOMEPAGE_RANK_V2,U019461,Control,2026-05-23,2026-05-26,False
EXP_2026_HOMEPAGE_RANK_V2,U023683,Control,2026-05-22,2026-05-23,True
EXP_2026_HOMEPAGE_RANK_V2,U014196,Control,2026-05-29,2026-05-30,True
EXP_2026_HOMEPAGE_RANK_V2,U022728,Treatment,2026-05-19,2026-05-21,True
EXP_2026_HOMEPAGE_RANK_V2,U022844,Control,2026-07-03,2026-07-05,True
EXP_2026_HOMEPAGE_RANK_V2,U011265,Control,2026-06-08,2026-06-09,True
EXP_2026_HOMEPAGE_RANK_V2,U016387,Control,2026-05-23,2026-05-28,True
EXP_2026_HOMEPAGE_RANK_V2,U019369,Control,2026-05-08,2026-05-13,True
EXP_2026_HOMEPAGE_RANK_V2,U022785,Control,2026-06-25,2026-06-28,True
EXP_2026_HOMEPAGE_RANK_V2,U008685,Control,2026-06-05,2026-06-09,True
EXP_2026_HOMEPAGE_RANK_V2,U000433,Treatment,2026-07-01,2026-07-01,True
EXP_2026_HOMEPAGE_RANK_V2,U019150,Control,2026-04-20,2026-04-25,True
EXP_2026_HOMEPAGE_RANK_V2,U018879,Treatment,2026-04-24,2026-04-28,True
EXP_2026_HOMEPAGE_RANK_V2,U016726,Control,2026-04-20,2026-04-23,True
EXP_2026_HOMEPAGE_RANK_V2,U000304,Control,2026-05-24,2026-05-25,True
EXP_2026_HOMEPAGE_RANK_V2,U022471,Control,2026-05-15,2026-05-20,True
EXP_2026_HOMEPAGE_RANK_V2,U024413,Treatment,2026-06-16,2026-06-16,True
EXP_2026_HOMEPAGE_RANK_V2,U008093,Treatment,2026-04-20,2026-04-25,True
EXP_2026_HOMEPAGE_RANK_V2,U015924,Control,2026-06-28,2026-07-01,True
EXP_2026_HOMEPAGE_RANK_V2,U024671,Treatment,2026-06-07,2026-06-07,True
EXP_2026_HOMEPAGE_RANK_V2,U023709,Control,2026-06-19,2026-06-23,True
EXP_2026_HOMEPAGE_RANK_V2,U019472,Control,2026-05-17,2026-05-20,True
EXP_2026_HOMEPAGE_RANK_V2,U016325,Treatment,2026-06-20,2026-06-24,True
EXP_2026_HOMEPAGE_RANK_V2,U004874,Treatment,2026-06-08,2026-06-09,True
EXP_2026_HOMEPAGE_RANK_V2,U015023,Control,2026-04-20,2026-04-21,True
EXP_2026_HOMEPAGE_RANK_V2,U003057,Treatment,2026-06-17,2026-06-17,True
EXP_2026_HOMEPAGE_RANK_V2,U023837,Control,2026-06-18,2026-06-19,True
EXP_2026_HOMEPAGE_RANK_V2,U019738,Control,2026-06-02,2026-06-04,True
EXP_2026_HOMEPAGE_RANK_V2,U024750,Treatment,2026-05-29,2026-06-01,True
EXP_2026_HOMEPAGE_RANK_V2,U020013,Control,2026-06-13,2026-06-13,True
EXP_2026_HOMEPAGE_RANK_V2,U013848,Control,2026-05-07,2026-05-07,True
EXP_2026_HOMEPAGE_RANK_V2,U014541,Control,2026-05-08,2026-05-11,True
EXP_2026_HOMEPAGE_RANK_V2,U005315,Control,2026-06-23,2026-06-23,True
EXP_2026_HOMEPAGE_RANK_V2,U010369,Control,2026-05-30,2026-06-04,True
EXP_2026_HOMEPAGE_RANK_V2,U011818,Treatment,2026-05-29,2026-05-30,False
EXP_2026_HOMEPAGE_RANK_V2,U009663,Control,2026-07-08,2026-07-09,True
EXP_2026_HOMEPAGE_RANK_V2,U019525,Treatment,2026-05-17,2026-05-19,True
EXP_2026_HOMEPAGE_RANK_V2,U019312,Treatment,2026-07-10,2026-07-11,True
EXP_2026_HOMEPAGE_RANK_V2,U014305,Treatment,2026-05-27,2026-05-30,True
EXP_2026_HOMEPAGE_RANK_V2,U022436,Treatment,2026-06-16,2026-06-19,True
EXP_2026_HOMEPAGE_RANK_V2,U015471,Control,2026-06-19,2026-06-19,True
EXP_2026_HOMEPAGE_RANK_V2,U015771,Control,2026-05-25,2026-05-29,True
EXP_2026_HOMEPAGE_RANK_V2,U017773,Treatment,2026-05-02,2026-05-05,True
EXP_2026_HOMEPAGE_RANK_V2,U016546,Control,2026-06-08,2026-06-09,False
EXP_2026_HOMEPAGE_RANK_V2,U005986,Control,2026-07-02,2026-07-02,True
EXP_2026_HOMEPAGE_RANK_V2,U005540,Control,2026-06-25,2026-06-30,True
EXP_2026_HOMEPAGE_RANK_V2,U012419,Control,2026-06-03,2026-06-05,True
EXP_2026_HOMEPAGE_RANK_V2,U013277,Control,2026-06-29,2026-06-29,True
EXP_2026_HOMEPAGE_RANK_V2,U004574,Control,2026-07-09,2026-07-13,True
EXP_2026_HOMEPAGE_RANK_V2,U006192,Treatment,2026-05-02,2026-05-07,True
EXP_2026_HOMEPAGE_RANK_V2,U014136,Control,2026-06-17,2026-06-17,True
EXP_2026_HOMEPAGE_RANK_V2,U022120,Control,2026-05-10,2026-05-15,True
EXP_2026_HOMEPAGE_RANK_V2,U020146,Treatment,2026-07-07,2026-07-11,True
EXP_2026_HOMEPAGE_RANK_V2,U022237,Treatment,2026-05-12,2026-05-14,True
EXP_2026_HOMEPAGE_RANK_V2,U004231,Control,2026-07-02,2026-07-07,False
EXP_2026_HOMEPAGE_RANK_V2,U016452,Treatment,2026-05-09,2026-05-11,True
EXP_2026_HOMEPAGE_RANK_V2,U005416,Control,2026-06-07,2026-06-10,True
EXP_2026_HOMEPAGE_RANK_V2,U006104,Control,2026-05-09,2026-05-10,True
EXP_2026_HOMEPAGE_RANK_V2,U004849,Treatment,2026-05-10,2026-05-13,True
EXP_2026_HOMEPAGE_RANK_V2,U010043,Treatment,2026-06-08,2026-06-12,True
EXP_2026_HOMEPAGE_RANK_V2,U011339,Control,2026-05-02,2026-05-06,False
EXP_2026_HOMEPAGE_RANK_V2,U021874,Treatment,2026-06-24,2026-06-29,True
EXP_2026_HOMEPAGE_RANK_V2,U013713,Treatment,2026-06-24,2026-06-28,True
EXP_2026_HOMEPAGE_RANK_V2,U000664,Control,2026-06-27,2026-07-01,True
EXP_2026_HOMEPAGE_RANK_V2,U005807,Control,2026-06-26,2026-06-28,True
EXP_2026_HOMEPAGE_RANK_V2,U009756,Control,2026-05-11,2026-05-12,True
EXP_2026_HOMEPAGE_RANK_V2,U001956,Control,2026-06-07,2026-06-11,True
EXP_2026_HOMEPAGE_RANK_V2,U004108,Control,2026-06-23,2026-06-26,True
EXP_2026_HOMEPAGE_RANK_V2,U022021,Control,2026-05-25,2026-05-27,True
EXP_2026_HOMEPAGE_RANK_V2,U023455,Control,2026-05-05,2026-05-08,True
EXP_2026_HOMEPAGE_RANK_V2,U018923,Treatment,2026-04-23,2026-04-27,True
EXP_2026_HOMEPAGE_RANK_V2,U017825,Treatment,2026-05-04,2026-05-08,True
EXP_2026_HOMEPAGE_RANK_V2,U021949,Control,2026-07-10,2026-07-14,True
EXP_2026_HOMEPAGE_RANK_V2,U018086,Control,2026-07-01,2026-07-04,True
EXP_2026_HOMEPAGE_RANK_V2,U016087,Treatment,2026-06-23,2026-06-23,True
EXP_2026_HOMEPAGE_RANK_V2,U015737,Control,2026-05-05,2026-05-09,True
EXP_2026_HOMEPAGE_RANK_V2,U018858,Control,2026-04-20,2026-04-20,True
EXP_2026_HOMEPAGE_RANK_V2,U022612,Treatment,2026-06-12,2026-06-12,True
EXP_2026_HOMEPAGE_RANK_V2,U007407,Control,2026-06-30,2026-06-30,True
EXP_2026_HOMEPAGE_RANK_V2,U023230,Treatment,2026-05-01,2026-05-02,True
EXP_2026_HOMEPAGE_RANK_V2,U012394,Treatment,2026-06-18,2026-06-18,True
EXP_2026_HOMEPAGE_RANK_V2,U022485,Treatment,2026-06-09,2026-06-13,True
EXP_2026_HOMEPAGE_RANK_V2,U015385,Control,2026-05-03,2026-05-03,True
EXP_2026_HOMEPAGE_RANK_V2,U018738,Control,2026-06-17,2026-06-19,True
EXP_2026_HOMEPAGE_RANK_V2,U007036,Treatment,2026-05-11,2026-05-13,True
EXP_2026_HOMEPAGE_RANK_V2,U017427,Control,2026-07-06,2026-07-10,True
EXP_2026_HOMEPAGE_RANK_V2,U019607,Treatment,2026-05-30,2026-06-01,True
EXP_2026_HOMEPAGE_RANK_V2,U006644,Treatment,2026-04-18,2026-04-20,True
EXP_2026_HOMEPAGE_RANK_V2,U004011,Treatment,2026-07-11,2026-07-13,True
EXP_2026_HOMEPAGE_RANK_V2,U013187,Control,2026-06-16,2026-06-16,True
EXP_2026_HOMEPAGE_RANK_V2,U001046,Control,2026-06-22,2026-06-25,True
EXP_2026_HOMEPAGE_RANK_V2,U002510,Treatment,2026-07-06,2026-07-09,True
EXP_2026_HOMEPAGE_RANK_V2,U009822,Treatment,2026-06-12,2026-06-17,True
EXP_2026_HOMEPAGE_RANK_V2,U013514,Treatment,2026-06-03,2026-06-04,True
EXP_2026_HOMEPAGE_RANK_V2,U014827,Control,2026-05-18,2026-05-20,True
EXP_2026_HOMEPAGE_RANK_V2,U013469,Control,2026-05-08,2026-05-12,True
EXP_2026_HOMEPAGE_RANK_V2,U012655,Control,2026-06-03,2026-06-07,True
EXP_2026_HOMEPAGE_RANK_V2,U004558,Control,2026-05-23,2026-05-26,True
EXP_2026_HOMEPAGE_RANK_V2,U002458,Treatment,2026-04-25,2026-04-26,False
EXP_2026_HOMEPAGE_RANK_V2,U012020,Treatment,2026-05-18,2026-05-20,True
EXP_2026_HOMEPAGE_RANK_V2,U023331,Control,2026-04-21,2026-04-22,True
EXP_2026_HOMEPAGE_RANK_V2,U018745,Treatment,2026-05-14,2026-05-14,True
EXP_2026_HOMEPAGE_RANK_V2,U016938,Control,2026-05-20,2026-05-22,True
EXP_2026_HOMEPAGE_RANK_V2,U003212,Treatment,2026-05-29,2026-05-29,True
EXP_2026_HOMEPAGE_RANK_V2,U023617,Treatment,2026-07-08,2026-07-13,True
EXP_2026_HOMEPAGE_RANK_V2,U011727,Treatment,2026-06-20,2026-06-21,True
EXP_2026_HOMEPAGE_RANK_V2,U023843,Treatment,2026-04-29,2026-05-04,True
EXP_2026_HOMEPAGE_RANK_V2,U009142,Treatment,2026-07-11,2026-07-15,True
EXP_2026_HOMEPAGE_RANK_V2,U016619,Control,2026-06-22,2026-06-25,True
EXP_2026_HOMEPAGE_RANK_V2,U008224,Treatment,2026-06-22,2026-06-24,True
EXP_2026_HOMEPAGE_RANK_V2,U020048,Control,2026-07-10,2026-07-10,True
EXP_2026_HOMEPAGE_RANK_V2,U004183,Treatment,2026-04-26,2026-04-28,True
EXP_2026_HOMEPAGE_RANK_V2,U003937,Treatment,2026-05-16,2026-05-17,True
EXP_2026_HOMEPAGE_RANK_V2,U017726,Treatment,2026-06-22,2026-06-24,True
EXP_2026_HOMEPAGE_RANK_V2,U012532,Control,2026-06-06,2026-06-09,True
EXP_2026_HOMEPAGE_RANK_V2,U022384,Treatment,2026-07-02,2026-07-03,True
EXP_2026_HOMEPAGE_RANK_V2,U016343,Treatment,2026-05-09,2026-05-11,True
EXP_2026_HOMEPAGE_RANK_V2,U013203,Control,2026-05-22,2026-05-27,True
EXP_2026_HOMEPAGE_RANK_V2,U024068,Control,2026-06-19,2026-06-22,True
EXP_2026_HOMEPAGE_RANK_V2,U019707,Treatment,2026-05-24,2026-05-27,True
EXP_2026_HOMEPAGE_RANK_V2,U003173,Treatment,2026-05-04,2026-05-07,True
EXP_2026_HOMEPAGE_RANK_V2,U019661,Control,2026-06-12,2026-06-15,True
EXP_2026_HOMEPAGE_RANK_V2,U024193,Treatment,2026-05-29,2026-06-02,True
EXP_2026_HOMEPAGE_RANK_V2,U007180,Treatment,2026-07-03,2026-07-03,True
EXP_2026_HOMEPAGE_RANK_V2,U016557,Treatment,2026-04-20,2026-04-20,True
EXP_2026_HOMEPAGE_RANK_V2,U019855,Treatment,2026-06-18,2026-06-21,False
EXP_2026_HOMEPAGE_RANK_V2,U002595,Treatment,2026-06-28,2026-06-30,True
EXP_2026_HOMEPAGE_RANK_V2,U007299,Control,2026-06-02,2026-06-02,True
EXP_2026_HOMEPAGE_RANK_V2,U006000,Control,2026-04-30,2026-05-02,True
EXP_2026_HOMEPAGE_RANK_V2,U009305,Control,2026-04-21,2026-04-23,True
EXP_2026_HOMEPAGE_RANK_V2,U002870,Treatment,2026-06-06,2026-06-09,True
EXP_2026_HOMEPAGE_RANK_V2,U018184,Control,2026-04-18,2026-04-18,True
EXP_2026_HOMEPAGE_RANK_V2,U000303,Control,2026-05-09,2026-05-13,True
EXP_2026_HOMEPAGE_RANK_V2,U001281,Treatment,2026-04-19,2026-04-20,True
EXP_2026_HOMEPAGE_RANK_V2,U017923,Control,2026-07-11,2026-07-14,True
EXP_2026_HOMEPAGE_RANK_V2,U012172,Control,2026-07-01,2026-07-05,True
EXP_2026_HOMEPAGE_RANK_V2,U009362,Control,2026-07-10,2026-07-14,True
EXP_2026_HOMEPAGE_RANK_V2,U016973,Control,2026-05-24,2026-05-26,False
EXP_2026_HOMEPAGE_RANK_V2,U002773,Treatment,2026-05-10,2026-05-11,True
EXP_2026_HOMEPAGE_RANK_V2,U017295,Treatment,2026-06-22,2026-06-24,True
EXP_2026_HOMEPAGE_RANK_V2,U022261,Control,2026-06-22,2026-06-25,True
EXP_2026_HOMEPAGE_RANK_V2,U001633,Treatment,2026-07-02,2026-07-03,True
EXP_2026_HOMEPAGE_RANK_V2,U004891,Treatment,2026-04-20,2026-04-25,True
EXP_2026_HOMEPAGE_RANK_V2,U007427,Control,2026-06-03,2026-06-04,True
EXP_2026_HOMEPAGE_RANK_V2,U010653,Control,2026-07-10,2026-07-12,True
EXP_2026_HOMEPAGE_RANK_V2,U019175,Treatment,2026-06-29,2026-06-30,True
EXP_2026_HOMEPAGE_RANK_V2,U007674,Control,2026-07-11,2026-07-14,True
EXP_2026_HOMEPAGE_RANK_V2,U001545,Treatment,2026-06-16,2026-06-18,True
EXP_2026_HOMEPAGE_RANK_V2,U000839,Treatment,2026-06-27,2026-06-27,True
EXP_2026_HOMEPAGE_RANK_V2,U023038,Control,2026-04-22,2026-04-26,True
EXP_2026_HOMEPAGE_RANK_V2,U017019,Control,2026-04-19,2026-04-21,True
EXP_2026_HOMEPAGE_RANK_V2,U003663,Treatment,2026-06-17,2026-06-18,True
EXP_2026_HOMEPAGE_RANK_V2,U022180,Control,2026-06-02,2026-06-07,True
EXP_2026_HOMEPAGE_RANK_V2,U006342,Treatment,2026-04-19,2026-04-20,True
EXP_2026_HOMEPAGE_RANK_V2,U003668,Control,2026-06-06,2026-06-07,True
EXP_2026_HOMEPAGE_RANK_V2,U013685,Control,2026-06-24,2026-06-24,True
EXP_2026_HOMEPAGE_RANK_V2,U003510,Control,2026-05-14,2026-05-18,True
EXP_2026_HOMEPAGE_RANK_V2,U005398,Treatment,2026-04-25,2026-04-29,True
EXP_2026_HOMEPAGE_RANK_V2,U006358,Treatment,2026-07-01,2026-07-05,True
EXP_2026_HOMEPAGE_RANK_V2,U009673,Control,2026-04-27,2026-05-02,True
EXP_2026_HOMEPAGE_RANK_V2,U022982,Treatment,2026-05-27,2026-06-01,True
EXP_2026_HOMEPAGE_RANK_V2,U023521,Treatment,2026-05-30,2026-06-04,True
EXP_2026_HOMEPAGE_RANK_V2,U008510,Treatment,2026-07-06,2026-07-08,True
EXP_2026_HOMEPAGE_RANK_V2,U009563,Control,2026-05-04,2026-05-05,True
EXP_2026_HOMEPAGE_RANK_V2,U000568,Treatment,2026-06-24,2026-06-28,True
EXP_2026_HOMEPAGE_RANK_V2,U007290,Control,2026-06-25,2026-06-28,True
EXP_2026_HOMEPAGE_RANK_V2,U021053,Control,2026-06-19,2026-06-24,True
EXP_2026_HOMEPAGE_RANK_V2,U000211,Treatment,2026-05-30,2026-06-03,True
EXP_2026_HOMEPAGE_RANK_V2,U016479,Treatment,2026-05-15,2026-05-17,True
EXP_2026_HOMEPAGE_RANK_V2,U007255,Control,2026-05-04,2026-05-06,True
EXP_2026_HOMEPAGE_RANK_V2,U014163,Treatment,2026-04-21,2026-04-26,True
EXP_2026_HOMEPAGE_RANK_V2,U023510,Control,2026-06-01,2026-06-06,True
EXP_2026_HOMEPAGE_RANK_V2,U010912,Treatment,2026-06-17,2026-06-20,True
EXP_2026_HOMEPAGE_RANK_V2,U005063,Control,2026-04-26,2026-04-30,True
EXP_2026_HOMEPAGE_RANK_V2,U000261,Control,2026-05-10,2026-05-11,True
EXP_2026_HOMEPAGE_RANK_V2,U005866,Treatment,2026-06-12,2026-06-17,False
EXP_2026_HOMEPAGE_RANK_V2,U002776,Treatment,2026-07-07,2026-07-09,True
EXP_2026_HOMEPAGE_RANK_V2,U010985,Treatment,2026-05-14,2026-05-14,True
EXP_2026_HOMEPAGE_RANK_V2,U012135,Treatment,2026-04-22,2026-04-22,True
EXP_2026_HOMEPAGE_RANK_V2,U012766,Treatment,2026-05-06,2026-05-07,True
EXP_2026_HOMEPAGE_RANK_V2,U007002,Control,2026-04-30,2026-05-05,True
EXP_2026_HOMEPAGE_RANK_V2,U019427,Treatment,2026-04-27,2026-04-28,True
EXP_2026_HOMEPAGE_RANK_V2,U003617,Control,2026-05-30,2026-06-02,True
EXP_2026_HOMEPAGE_RANK_V2,U021089,Control,2026-05-13,2026-05-15,True
EXP_2026_HOMEPAGE_RANK_V2,U010113,Treatment,2026-05-10,2026-05-10,True
EXP_2026_HOMEPAGE_RANK_V2,U016980,Treatment,2026-05-09,2026-05-12,True
EXP_2026_HOMEPAGE_RANK_V2,U020698,Control,2026-05-04,2026-05-09,True
EXP_2026_HOMEPAGE_RANK_V2,U023797,Treatment,2026-05-21,2026-05-22,True
EXP_2026_HOMEPAGE_RANK_V2,U006356,Control,2026-06-19,2026-06-22,True
EXP_2026_HOMEPAGE_RANK_V2,U009609,Control,2026-06-08,2026-06-08,True
EXP_2026_HOMEPAGE_RANK_V2,U004689,Treatment,2026-07-03,2026-07-07,True
EXP_2026_HOMEPAGE_RANK_V2,U004007,Control,2026-07-02,2026-07-07,True
EXP_2026_HOMEPAGE_RANK_V2,U000412,Treatment,2026-05-22,2026-05-26,True
EXP_2026_HOMEPAGE_RANK_V2,U011175,Control,2026-05-24,2026-05-26,True
EXP_2026_HOMEPAGE_RANK_V2,U014046,Treatment,2026-05-03,2026-05-08,True
EXP_2026_HOMEPAGE_RANK_V2,U007858,Treatment,2026-05-06,2026-05-11,True
EXP_2026_HOMEPAGE_RANK_V2,U002202,Treatment,2026-06-02,2026-06-06,True
EXP_2026_HOMEPAGE_RANK_V2,U023136,Treatment,2026-06-21,2026-06-23,True
EXP_2026_HOMEPAGE_RANK_V2,U015702,Treatment,2026-07-11,2026-07-14,True
EXP_2026_HOMEPAGE_RANK_V2,U008566,Treatment,2026-05-28,2026-06-01,True
EXP_2026_HOMEPAGE_RANK_V2,U014170,Treatment,2026-04-23,2026-04-24,True
EXP_2026_HOMEPAGE_RANK_V2,U002392,Treatment,2026-07-05,2026-07-09,True
EXP_2026_HOMEPAGE_RANK_V2,U017963,Control,2026-06-26,2026-06-28,True
EXP_2026_HOMEPAGE_RANK_V2,U002348,Control,2026-05-28,2026-06-02,True
EXP_2026_HOMEPAGE_RANK_V2,U013739,Treatment,2026-06-23,2026-06-28,True
EXP_2026_HOMEPAGE_RANK_V2,U005216,Control,2026-07-05,2026-07-09,True
EXP_2026_HOMEPAGE_RANK_V2,U020186,Control,2026-05-05,2026-05-08,True
EXP_2026_HOMEPAGE_RANK_V2,U007444,Treatment,2026-06-13,2026-06-17,True
EXP_2026_HOMEPAGE_RANK_V2,U006108,Treatment,2026-06-13,2026-06-13,True
EXP_2026_HOMEPAGE_RANK_V2,U007927,Control,2026-05-06,2026-05-10,True
EXP_2026_HOMEPAGE_RANK_V2,U019772,Control,2026-05-09,2026-05-13,True
EXP_2026_HOMEPAGE_RANK_V2,U013753,Control,2026-07-02,2026-07-05,True
EXP_2026_HOMEPAGE_RANK_V2,U001847,Control,2026-07-09,2026-07-13,True
EXP_2026_HOMEPAGE_RANK_V2,U015089,Control,2026-04-25,2026-04-27,True
EXP_2026_HOMEPAGE_RANK_V2,U019267,Treatment,2026-06-19,2026-06-22,True
EXP_2026_HOMEPAGE_RANK_V2,U024937,Control,2026-06-07,2026-06-12,True
EXP_2026_HOMEPAGE_RANK_V2,U005740,Control,2026-04-18,2026-04-23,False
EXP_2026_HOMEPAGE_RANK_V2,U017317,Control,2026-05-03,2026-05-05,False
EXP_2026_HOMEPAGE_RANK_V2,U022391,Control,2026-05-17,2026-05-19,True
EXP_2026_HOMEPAGE_RANK_V2,U004250,Control,2026-06-05,2026-06-06,True
EXP_2026_HOMEPAGE_RANK_V2,U011219,Control,2026-04-20,2026-04-20,True
EXP_2026_HOMEPAGE_RANK_V2,U020990,Control,2026-06-16,2026-06-21,True
EXP_2026_HOMEPAGE_RANK_V2,U020684,Control,2026-06-24,2026-06-25,True
EXP_2026_HOMEPAGE_RANK_V2,U004260,Treatment,2026-05-11,2026-05-16,True
EXP_2026_HOMEPAGE_RANK_V2,U020865,Treatment,2026-04-22,2026-04-27,True
EXP_2026_HOMEPAGE_RANK_V2,U012604,Control,2026-06-25,2026-06-29,True
EXP_2026_HOMEPAGE_RANK_V2,U019179,Treatment,2026-05-21,2026-05-23,True
EXP_2026_HOMEPAGE_RANK_V2,U016396,Control,2026-05-23,2026-05-26,True
EXP_2026_HOMEPAGE_RANK_V2,U023719,Treatment,2026-06-11,2026-06-16,True
EXP_2026_HOMEPAGE_RANK_V2,U008952,Treatment,2026-05-18,2026-05-21,True
EXP_2026_HOMEPAGE_RANK_V2,U001532,Treatment,2026-06-04,2026-06-04,True
EXP_2026_HOMEPAGE_RANK_V2,U020598,Treatment,2026-06-05,2026-06-09,True
EXP_2026_HOMEPAGE_RANK_V2,U006370,Control,2026-05-31,2026-06-04,True
EXP_2026_HOMEPAGE_RANK_V2,U002645,Control,2026-05-01,2026-05-04,True
EXP_2026_HOMEPAGE_RANK_V2,U019405,Treatment,2026-07-04,2026-07-08,True
EXP_2026_HOMEPAGE_RANK_V2,U001163,Control,2026-05-23,2026-05-23,True
EXP_2026_HOMEPAGE_RANK_V2,U000037,Treatment,2026-06-14,2026-06-18,True
EXP_2026_HOMEPAGE_RANK_V2,U009618,Control,2026-04-28,2026-05-01,True
EXP_2026_HOMEPAGE_RANK_V2,U004375,Control,2026-05-28,2026-05-29,True
EXP_2026_HOMEPAGE_RANK_V2,U006568,Treatment,2026-06-21,2026-06-21,True
EXP_2026_HOMEPAGE_RANK_V2,U011731,Control,2026-05-04,2026-05-08,True
EXP_2026_HOMEPAGE_RANK_V2,U020537,Control,2026-05-07,2026-05-12,True
EXP_2026_HOMEPAGE_RANK_V2,U024868,Treatment,2026-05-13,2026-05-15,False
EXP_2026_HOMEPAGE_RANK_V2,U009607,Treatment,2026-06-05,2026-06-09,True
EXP_2026_HOMEPAGE_RANK_V2,U014187,Control,2026-05-21,2026-05-23,True
EXP_2026_HOMEPAGE_RANK_V2,U001595,Control,2026-04-23,2026-04-27,True
EXP_2026_HOMEPAGE_RANK_V2,U019754,Control,2026-04-19,2026-04-22,True
EXP_2026_HOMEPAGE_RANK_V2,U011348,Treatment,2026-07-05,2026-07-07,True
EXP_2026_HOMEPAGE_RANK_V2,U008091,Control,2026-05-21,2026-05-21,True
EXP_2026_HOMEPAGE_RANK_V2,U019784,Treatment,2026-04-27,2026-04-28,True
EXP_2026_HOMEPAGE_RANK_V2,U003633,Control,2026-04-20,2026-04-24,True
EXP_2026_HOMEPAGE_RANK_V2,U003685,Treatment,2026-05-10,2026-05-15,True
EXP_2026_HOMEPAGE_RANK_V2,U011346,Control,2026-04-25,2026-04-25,True
EXP_2026_HOMEPAGE_RANK_V2,U019294,Treatment,2026-06-09,2026-06-13,True
EXP_2026_HOMEPAGE_RANK_V2,U016109,Treatment,2026-06-12,2026-06-13,True
EXP_2026_HOMEPAGE_RANK_V2,U021411,Control,2026-06-23,2026-06-23,True
EXP_2026_HOMEPAGE_RANK_V2,U012043,Control,2026-06-23,2026-06-27,True
EXP_2026_HOMEPAGE_RANK_V2,U001112,Treatment,2026-04-29,2026-05-04,True
EXP_2026_HOMEPAGE_RANK_V2,U022596,Control,2026-06-16,2026-06-20,True
EXP_2026_HOMEPAGE_RANK_V2,U002544,Control,2026-04-24,2026-04-24,True
EXP_2026_HOMEPAGE_RANK_V2,U015865,Control,2026-04-27,2026-04-27,True
EXP_2026_HOMEPAGE_RANK_V2,U007718,Treatment,2026-07-01,2026-07-05,True
EXP_2026_HOMEPAGE_RANK_V2,U010406,Treatment,2026-06-21,2026-06-26,True
EXP_2026_HOMEPAGE_RANK_V2,U012274,Treatment,2026-04-21,2026-04-26,True
EXP_2026_HOMEPAGE_RANK_V2,U015173,Treatment,2026-06-03,2026-06-06,False
EXP_2026_HOMEPAGE_RANK_V2,U021889,Control,2026-06-17,2026-06-21,True
EXP_2026_HOMEPAGE_RANK_V2,U003224,Control,2026-05-18,2026-05-23,True
EXP_2026_HOMEPAGE_RANK_V2,U017605,Treatment,2026-05-16,2026-05-18,True
EXP_2026_HOMEPAGE_RANK_V2,U003285,Treatment,2026-06-16,2026-06-21,True
EXP_2026_HOMEPAGE_RANK_V2,U015679,Treatment,2026-06-08,2026-06-13,True
EXP_2026_HOMEPAGE_RANK_V2,U004068,Control,2026-06-13,2026-06-13,True
EXP_2026_HOMEPAGE_RANK_V2,U008663,Control,2026-05-13,2026-05-14,True
EXP_2026_HOMEPAGE_RANK_V2,U014664,Control,2026-07-02,2026-07-07,False
EXP_2026_HOMEPAGE_RANK_V2,U005147,Control,2026-04-20,2026-04-25,True
EXP_2026_HOMEPAGE_RANK_V2,U024405,Control,2026-06-18,2026-06-20,True
EXP_2026_HOMEPAGE_RANK_V2,U009782,Control,2026-07-01,2026-07-05,True
EXP_2026_HOMEPAGE_RANK_V2,U020843,Treatment,2026-07-11,2026-07-15,True
EXP_2026_HOMEPAGE_RANK_V2,U007230,Control,2026-04-23,2026-04-24,True
EXP_2026_HOMEPAGE_RANK_V2,U005349,Control,2026-04-28,2026-05-03,True
EXP_2026_HOMEPAGE_RANK_V2,U014744,Treatment,2026-06-19,2026-06-22,True
EXP_2026_HOMEPAGE_RANK_V2,U004218,Control,2026-05-28,2026-06-01,True
EXP_2026_HOMEPAGE_RANK_V2,U013758,Treatment,2026-05-28,2026-06-01,True
EXP_2026_HOMEPAGE_RANK_V2,U019144,Control,2026-06-24,2026-06-24,True
EXP_2026_HOMEPAGE_RANK_V2,U011247,Treatment,2026-06-06,2026-06-09,True
EXP_2026_HOMEPAGE_RANK_V2,U021187,Treatment,2026-07-09,2026-07-13,True
EXP_2026_HOMEPAGE_RANK_V2,U011174,Treatment,2026-05-07,2026-05-12,True
EXP_2026_HOMEPAGE_RANK_V2,U003498,Control,2026-05-29,2026-05-30,True
EXP_2026_HOMEPAGE_RANK_V2,U024286,Treatment,2026-05-19,2026-05-19,False
EXP_2026_HOMEPAGE_RANK_V2,U010645,Control,2026-04-19,2026-04-20,True
EXP_2026_HOMEPAGE_RANK_V2,U018771,Treatment,2026-05-14,2026-05-15,True
EXP_2026_HOMEPAGE_RANK_V2,U006572,Control,2026-05-13,2026-05-16,True
EXP_2026_HOMEPAGE_RANK_V2,U000722,Treatment,2026-06-05,2026-06-09,True
EXP_2026_HOMEPAGE_RANK_V2,U018173,Treatment,2026-07-04,2026-07-09,True
EXP_2026_HOMEPAGE_RANK_V2,U022715,Treatment,2026-06-10,2026-06-11,True
EXP_2026_HOMEPAGE_RANK_V2,U011436,Control,2026-05-06,2026-05-10,True
EXP_2026_HOMEPAGE_RANK_V2,U010543,Treatment,2026-05-05,2026-05-07,True
EXP_2026_HOMEPAGE_RANK_V2,U006693,Control,2026-07-02,2026-07-05,True
EXP_2026_HOMEPAGE_RANK_V2,U022463,Treatment,2026-05-01,2026-05-06,True
EXP_2026_HOMEPAGE_RANK_V2,U019873,Treatment,2026-05-04,2026-05-06,True
EXP_2026_HOMEPAGE_RANK_V2,U008871,Control,2026-07-06,2026-07-08,True
EXP_2026_HOMEPAGE_RANK_V2,U007192,Treatment,2026-04-21,2026-04-26,True
EXP_2026_HOMEPAGE_RANK_V2,U011604,Control,2026-04-18,2026-04-18,True
EXP_2026_HOMEPAGE_RANK_V2,U012062,Control,2026-07-06,2026-07-07,True
EXP_2026_HOMEPAGE_RANK_V2,U021738,Control,2026-05-04,2026-05-08,False
EXP_2026_HOMEPAGE_RANK_V2,U013539,Control,2026-07-06,2026-07-08,True
EXP_2026_HOMEPAGE_RANK_V2,U015029,Control,2026-06-26,2026-06-28,True
EXP_2026_HOMEPAGE_RANK_V2,U024961,Treatment,2026-05-31,2026-05-31,True
EXP_2026_HOMEPAGE_RANK_V2,U012397,Control,2026-05-30,2026-06-04,True
EXP_2026_HOMEPAGE_RANK_V2,U004261,Control,2026-05-09,2026-05-11,True
EXP_2026_HOMEPAGE_RANK_V2,U023620,Treatment,2026-06-04,2026-06-05,True
EXP_2026_HOMEPAGE_RANK_V2,U023276,Control,2026-05-20,2026-05-25,True
EXP_2026_HOMEPAGE_RANK_V2,U023651,Treatment,2026-06-15,2026-06-18,True
EXP_2026_HOMEPAGE_RANK_V2,U024287,Treatment,2026-04-30,2026-05-03,True
EXP_2026_HOMEPAGE_RANK_V2,U007380,Control,2026-06-15,2026-06-18,True
EXP_2026_HOMEPAGE_RANK_V2,U009662,Control,2026-06-16,2026-06-17,True
EXP_2026_HOMEPAGE_RANK_V2,U015166,Treatment,2026-06-10,2026-06-10,True
EXP_2026_HOMEPAGE_RANK_V2,U008895,Control,2026-05-12,2026-05-14,True
EXP_2026_HOMEPAGE_RANK_V2,U018507,Control,2026-06-10,2026-06-15,True
EXP_2026_HOMEPAGE_RANK_V2,U010404,Treatment,2026-07-11,2026-07-13,True
EXP_2026_HOMEPAGE_RANK_V2,U020384,Control,2026-07-09,2026-07-12,True
EXP_2026_HOMEPAGE_RANK_V2,U007072,Control,2026-07-10,2026-07-12,True
EXP_2026_HOMEPAGE_RANK_V2,U000545,Treatment,2026-06-09,2026-06-14,True
EXP_2026_HOMEPAGE_RANK_V2,U006646,Treatment,2026-05-12,2026-05-12,True
EXP_2026_HOMEPAGE_RANK_V2,U017124,Control,2026-07-10,2026-07-14,True
EXP_2026_HOMEPAGE_RANK_V2,U009625,Control,2026-05-08,2026-05-08,True
EXP_2026_HOMEPAGE_RANK_V2,U006673,Control,2026-07-10,2026-07-13,True
EXP_2026_HOMEPAGE_RANK_V2,U001349,Treatment,2026-07-05,2026-07-07,True
EXP_2026_HOMEPAGE_RANK_V2,U004604,Control,2026-05-04,2026-05-05,True
EXP_2026_HOMEPAGE_RANK_V2,U020265,Treatment,2026-07-11,2026-07-16,False
EXP_2026_HOMEPAGE_RANK_V2,U001436,Control,2026-05-30,2026-06-04,True
EXP_2026_HOMEPAGE_RANK_V2,U015846,Treatment,2026-05-19,2026-05-24,True
EXP_2026_HOMEPAGE_RANK_V2,U008597,Treatment,2026-05-06,2026-05-08,False
EXP_2026_HOMEPAGE_RANK_V2,U016792,Treatment,2026-05-05,2026-05-10,False
EXP_2026_HOMEPAGE_RANK_V2,U011231,Treatment,2026-05-23,2026-05-23,True
EXP_2026_HOMEPAGE_RANK_V2,U013580,Treatment,2026-05-11,2026-05-16,True
EXP_2026_HOMEPAGE_RANK_V2,U024711,Treatment,2026-07-04,2026-07-08,True
EXP_2026_HOMEPAGE_RANK_V2,U008803,Control,2026-06-01,2026-06-06,True
EXP_2026_HOMEPAGE_RANK_V2,U022348,Treatment,2026-06-18,2026-06-18,True
EXP_2026_HOMEPAGE_RANK_V2,U020654,Control,2026-06-18,2026-06-21,True
EXP_2026_HOMEPAGE_RANK_V2,U010411,Control,2026-05-02,2026-05-07,True
EXP_2026_HOMEPAGE_RANK_V2,U014259,Control,2026-05-30,2026-06-01,True
EXP_2026_HOMEPAGE_RANK_V2,U011810,Treatment,2026-06-29,2026-06-29,True
EXP_2026_HOMEPAGE_RANK_V2,U002750,Treatment,2026-05-10,2026-05-11,True
EXP_2026_HOMEPAGE_RANK_V2,U004875,Control,2026-06-07,2026-06-10,True
EXP_2026_HOMEPAGE_RANK_V2,U018505,Control,2026-05-15,2026-05-16,True
EXP_2026_HOMEPAGE_RANK_V2,U017936,Treatment,2026-05-26,2026-05-27,True
EXP_2026_HOMEPAGE_RANK_V2,U000055,Treatment,2026-07-10,2026-07-10,True
EXP_2026_HOMEPAGE_RANK_V2,U018157,Treatment,2026-04-20,2026-04-21,True
EXP_2026_HOMEPAGE_RANK_V2,U011510,Treatment,2026-05-21,2026-05-23,True
EXP_2026_HOMEPAGE_RANK_V2,U005009,Treatment,2026-06-05,2026-06-07,True
EXP_2026_HOMEPAGE_RANK_V2,U019926,Treatment,2026-06-13,2026-06-15,True
EXP_2026_HOMEPAGE_RANK_V2,U015382,Control,2026-05-18,2026-05-19,True
EXP_2026_HOMEPAGE_RANK_V2,U003262,Control,2026-06-22,2026-06-25,True
EXP_2026_HOMEPAGE_RANK_V2,U011516,Control,2026-07-10,2026-07-12,True
EXP_2026_HOMEPAGE_RANK_V2,U017303,Treatment,2026-06-20,2026-06-20,True
EXP_2026_HOMEPAGE_RANK_V2,U010968,Control,2026-07-02,2026-07-06,True
EXP_2026_HOMEPAGE_RANK_V2,U012729,Treatment,2026-05-02,2026-05-07,True
EXP_2026_HOMEPAGE_RANK_V2,U023689,Treatment,2026-06-23,2026-06-23,True
EXP_2026_HOMEPAGE_RANK_V2,U005754,Treatment,2026-07-11,2026-07-15,True
EXP_2026_HOMEPAGE_RANK_V2,U020756,Control,2026-05-09,2026-05-11,True
EXP_2026_HOMEPAGE_RANK_V2,U014832,Control,2026-05-14,2026-05-16,True
EXP_2026_HOMEPAGE_RANK_V2,U012031,Control,2026-04-19,2026-04-19,True
EXP_2026_HOMEPAGE_RANK_V2,U012187,Treatment,2026-05-08,2026-05-09,True
EXP_2026_HOMEPAGE_RANK_V2,U000674,Treatment,2026-05-23,2026-05-24,True
EXP_2026_HOMEPAGE_RANK_V2,U003570,Control,2026-04-22,2026-04-27,True
EXP_2026_HOMEPAGE_RANK_V2,U003804,Treatment,2026-07-01,2026-07-01,True
EXP_2026_HOMEPAGE_RANK_V2,U008836,Control,2026-06-17,2026-06-18,True
EXP_2026_HOMEPAGE_RANK_V2,U012388,Control,2026-06-04,2026-06-06,True
EXP_2026_HOMEPAGE_RANK_V2,U005856,Control,2026-05-05,2026-05-08,True
EXP_2026_HOMEPAGE_RANK_V2,U011971,Control,2026-07-09,2026-07-12,True
EXP_2026_HOMEPAGE_RANK_V2,U018316,Treatment,2026-04-23,2026-04-25,True
EXP_2026_HOMEPAGE_RANK_V2,U007656,Control,2026-04-26,2026-04-28,True
EXP_2026_HOMEPAGE_RANK_V2,U018012,Treatment,2026-04-24,2026-04-27,True
EXP_2026_HOMEPAGE_RANK_V2,U023432,Control,2026-05-07,2026-05-11,False
EXP_2026_HOMEPAGE_RANK_V2,U016704,Control,2026-05-15,2026-05-20,True
EXP_2026_HOMEPAGE_RANK_V2,U002465,Control,2026-04-23,2026-04-28,True
EXP_2026_HOMEPAGE_RANK_V2,U012992,Control,2026-06-18,2026-06-20,True
EXP_2026_HOMEPAGE_RANK_V2,U003097,Treatment,2026-06-21,2026-06-26,False
EXP_2026_HOMEPAGE_RANK_V2,U004527,Control,2026-07-03,2026-07-07,True
EXP_2026_HOMEPAGE_RANK_V2,U024541,Control,2026-04-18,2026-04-21,True
EXP_2026_HOMEPAGE_RANK_V2,U021904,Control,2026-07-11,2026-07-14,True
EXP_2026_HOMEPAGE_RANK_V2,U008276,Treatment,2026-04-24,2026-04-28,True
EXP_2026_HOMEPAGE_RANK_V2,U021111,Control,2026-06-24,2026-06-26,True
EXP_2026_HOMEPAGE_RANK_V2,U005567,Treatment,2026-06-29,2026-06-30,True
EXP_2026_HOMEPAGE_RANK_V2,U011313,Treatment,2026-06-22,2026-06-25,True
EXP_2026_HOMEPAGE_RANK_V2,U021847,Control,2026-05-06,2026-05-07,True
EXP_2026_HOMEPAGE_RANK_V2,U017573,Control,2026-05-27,2026-05-31,True
EXP_2026_HOMEPAGE_RANK_V2,U017846,Treatment,2026-06-03,2026-06-07,True
EXP_2026_HOMEPAGE_RANK_V2,U004258,Control,2026-05-17,2026-05-21,True
EXP_2026_HOMEPAGE_RANK_V2,U011576,Control,2026-04-23,2026-04-27,True
EXP_2026_HOMEPAGE_RANK_V2,U015215,Control,2026-07-04,2026-07-05,True
EXP_2026_HOMEPAGE_RANK_V2,U011539,Treatment,2026-05-26,2026-05-28,True
EXP_2026_HOMEPAGE_RANK_V2,U012306,Control,2026-05-10,2026-05-11,True
EXP_2026_HOMEPAGE_RANK_V2,U011955,Control,2026-06-29,2026-07-01,True
EXP_2026_HOMEPAGE_RANK_V2,U007929,Treatment,2026-04-19,2026-04-21,True
EXP_2026_HOMEPAGE_RANK_V2,U001344,Control,2026-06-21,2026-06-22,True
EXP_2026_HOMEPAGE_RANK_V2,U010799,Control,2026-05-25,2026-05-30,True
EXP_2026_HOMEPAGE_RANK_V2,U020018,Control,2026-04-26,2026-04-26,True
EXP_2026_HOMEPAGE_RANK_V2,U000627,Treatment,2026-05-20,2026-05-23,True
EXP_2026_HOMEPAGE_RANK_V2,U018737,Treatment,2026-06-17,2026-06-20,True
EXP_2026_HOMEPAGE_RANK_V2,U017237,Control,2026-04-20,2026-04-20,True
EXP_2026_HOMEPAGE_RANK_V2,U005498,Treatment,2026-05-29,2026-05-31,True
EXP_2026_HOMEPAGE_RANK_V2,U017797,Control,2026-07-02,2026-07-06,True
EXP_2026_HOMEPAGE_RANK_V2,U014570,Control,2026-04-25,2026-04-27,True
EXP_2026_HOMEPAGE_RANK_V2,U012892,Treatment,2026-06-25,2026-06-26,True
EXP_2026_HOMEPAGE_RANK_V2,U012243,Control,2026-04-21,2026-04-21,True
EXP_2026_HOMEPAGE_RANK_V2,U004642,Treatment,2026-04-21,2026-04-22,True
EXP_2026_HOMEPAGE_RANK_V2,U008450,Treatment,2026-06-11,2026-06-16,True
EXP_2026_HOMEPAGE_RANK_V2,U017187,Treatment,2026-06-14,2026-06-14,True
EXP_2026_HOMEPAGE_RANK_V2,U016134,Treatment,2026-06-17,2026-06-19,False
EXP_2026_HOMEPAGE_RANK_V2,U008563,Control,2026-06-06,2026-06-09,True
EXP_2026_HOMEPAGE_RANK_V2,U017175,Control,2026-05-25,2026-05-25,True
EXP_2026_HOMEPAGE_RANK_V2,U006637,Treatment,2026-06-09,2026-06-13,False
EXP_2026_HOMEPAGE_RANK_V2,U001696,Treatment,2026-07-09,2026-07-09,True
EXP_2026_HOMEPAGE_RANK_V2,U016517,Treatment,2026-06-07,2026-06-11,True
EXP_2026_HOMEPAGE_RANK_V2,U023606,Control,2026-05-12,2026-05-12,True
EXP_2026_HOMEPAGE_RANK_V2,U020020,Treatment,2026-04-27,2026-05-01,True
EXP_2026_HOMEPAGE_RANK_V2,U001729,Treatment,2026-07-01,2026-07-06,True
EXP_2026_HOMEPAGE_RANK_V2,U014121,Treatment,2026-05-24,2026-05-24,True
EXP_2026_HOMEPAGE_RANK_V2,U011806,Control,2026-06-23,2026-06-28,True
EXP_2026_HOMEPAGE_RANK_V2,U016475,Control,2026-05-11,2026-05-14,True
EXP_2026_HOMEPAGE_RANK_V2,U012305,Treatment,2026-06-20,2026-06-25,True
EXP_2026_HOMEPAGE_RANK_V2,U010856,Control,2026-06-24,2026-06-26,True
EXP_2026_HOMEPAGE_RANK_V2,U021775,Treatment,2026-06-03,2026-06-06,True
EXP_2026_HOMEPAGE_RANK_V2,U001210,Control,2026-06-23,2026-06-24,True
EXP_2026_HOMEPAGE_RANK_V2,U022668,Treatment,2026-06-26,2026-07-01,True
EXP_2026_HOMEPAGE_RANK_V2,U006271,Treatment,2026-06-19,2026-06-20,True
EXP_2026_HOMEPAGE_RANK_V2,U018200,Control,2026-05-23,2026-05-24,True
EXP_2026_HOMEPAGE_RANK_V2,U008345,Treatment,2026-06-23,2026-06-25,True
EXP_2026_HOMEPAGE_RANK_V2,U024656,Treatment,2026-06-05,2026-06-05,True
EXP_2026_HOMEPAGE_RANK_V2,U023717,Control,2026-04-24,2026-04-27,True
EXP_2026_HOMEPAGE_RANK_V2,U015906,Treatment,2026-05-09,2026-05-11,True
EXP_2026_HOMEPAGE_RANK_V2,U013113,Treatment,2026-07-09,2026-07-10,True
EXP_2026_HOMEPAGE_RANK_V2,U018516,Control,2026-06-12,2026-06-13,True
EXP_2026_HOMEPAGE_RANK_V2,U009528,Treatment,2026-05-05,2026-05-08,True
EXP_2026_HOMEPAGE_RANK_V2,U012621,Control,2026-04-25,2026-04-27,True
EXP_2026_HOMEPAGE_RANK_V2,U010520,Control,2026-06-20,2026-06-24,True
EXP_2026_HOMEPAGE_RANK_V2,U014423,Treatment,2026-06-25,2026-06-25,True
EXP_2026_HOMEPAGE_RANK_V2,U024333,Treatment,2026-06-10,2026-06-12,True
EXP_2026_HOMEPAGE_RANK_V2,U015754,Treatment,2026-04-25,2026-04-30,True
EXP_2026_HOMEPAGE_RANK_V2,U003135,Treatment,2026-06-22,2026-06-23,True
EXP_2026_HOMEPAGE_RANK_V2,U005894,Treatment,2026-07-02,2026-07-03,True
EXP_2026_HOMEPAGE_RANK_V2,U000220,Treatment,2026-05-13,2026-05-17,True
EXP_2026_HOMEPAGE_RANK_V2,U003354,Control,2026-05-19,2026-05-20,True
EXP_2026_HOMEPAGE_RANK_V2,U017060,Control,2026-07-06,2026-07-11,True
EXP_2026_HOMEPAGE_RANK_V2,U018554,Treatment,2026-06-13,2026-06-13,True
EXP_2026_HOMEPAGE_RANK_V2,U011109,Treatment,2026-04-22,2026-04-25,True
EXP_2026_HOMEPAGE_RANK_V2,U005731,Treatment,2026-07-02,2026-07-05,True
EXP_2026_HOMEPAGE_RANK_V2,U009246,Control,2026-05-10,2026-05-15,True
EXP_2026_HOMEPAGE_RANK_V2,U018021,Control,2026-06-22,2026-06-23,True
EXP_2026_HOMEPAGE_RANK_V2,U014725,Control,2026-05-25,2026-05-29,True
EXP_2026_HOMEPAGE_RANK_V2,U006489,Treatment,2026-07-08,2026-07-09,True
EXP_2026_HOMEPAGE_RANK_V2,U004570,Control,2026-06-10,2026-06-14,True
EXP_2026_HOMEPAGE_RANK_V2,U003265,Treatment,2026-06-01,2026-06-06,True
EXP_2026_HOMEPAGE_RANK_V2,U018034,Control,2026-05-04,2026-05-04,False
EXP_2026_HOMEPAGE_RANK_V2,U005830,Treatment,2026-06-25,2026-06-28,True
EXP_2026_HOMEPAGE_RANK_V2,U021383,Control,2026-06-15,2026-06-18,True
EXP_2026_HOMEPAGE_RANK_V2,U007920,Control,2026-05-25,2026-05-28,True
EXP_2026_HOMEPAGE_RANK_V2,U005078,Treatment,2026-06-17,2026-06-17,True
EXP_2026_HOMEPAGE_RANK_V2,U002371,Control,2026-07-10,2026-07-10,True
EXP_2026_HOMEPAGE_RANK_V2,U012130,Control,2026-06-28,2026-06-29,True
EXP_2026_HOMEPAGE_RANK_V2,U006211,Treatment,2026-06-12,2026-06-15,True
EXP_2026_HOMEPAGE_RANK_V2,U005057,Treatment,2026-06-04,2026-06-04,True
EXP_2026_HOMEPAGE_RANK_V2,U007391,Treatment,2026-05-03,2026-05-05,True
EXP_2026_HOMEPAGE_RANK_V2,U019125,Control,2026-07-01,2026-07-01,True
EXP_2026_HOMEPAGE_RANK_V2,U017545,Treatment,2026-04-20,2026-04-22,True
EXP_2026_HOMEPAGE_RANK_V2,U010489,Control,2026-05-23,2026-05-25,True
EXP_2026_HOMEPAGE_RANK_V2,U007267,Treatment,2026-06-21,2026-06-22,True
EXP_2026_HOMEPAGE_RANK_V2,U024916,Control,2026-07-04,2026-07-05,True
EXP_2026_HOMEPAGE_RANK_V2,U015903,Control,2026-06-10,2026-06-15,True
EXP_2026_HOMEPAGE_RANK_V2,U006427,Control,2026-06-20,2026-06-21,True
EXP_2026_HOMEPAGE_RANK_V2,U001911,Control,2026-06-10,2026-06-13,True
EXP_2026_HOMEPAGE_RANK_V2,U024842,Treatment,2026-04-22,2026-04-27,True
EXP_2026_HOMEPAGE_RANK_V2,U017159,Control,2026-07-04,2026-07-05,True
EXP_2026_HOMEPAGE_RANK_V2,U002913,Treatment,2026-06-09,2026-06-09,True
EXP_2026_HOMEPAGE_RANK_V2,U001330,Treatment,2026-06-01,2026-06-02,True
EXP_2026_HOMEPAGE_RANK_V2,U000444,Treatment,2026-07-03,2026-07-06,True
EXP_2026_HOMEPAGE_RANK_V2,U009855,Control,2026-06-09,2026-06-09,True
EXP_2026_HOMEPAGE_RANK_V2,U015428,Treatment,2026-05-01,2026-05-04,True
EXP_2026_HOMEPAGE_RANK_V2,U006640,Control,2026-05-12,2026-05-14,False
EXP_2026_HOMEPAGE_RANK_V2,U012975,Treatment,2026-07-07,2026-07-12,True
EXP_2026_HOMEPAGE_RANK_V2,U004629,Control,2026-05-08,2026-05-10,True
EXP_2026_HOMEPAGE_RANK_V2,U024662,Treatment,2026-06-03,2026-06-04,True
EXP_2026_HOMEPAGE_RANK_V2,U016926,Control,2026-05-01,2026-05-05,True
EXP_2026_HOMEPAGE_RANK_V2,U024221,Control,2026-06-24,2026-06-25,True
EXP_2026_HOMEPAGE_RANK_V2,U004224,Treatment,2026-05-27,2026-05-31,True
EXP_2026_HOMEPAGE_RANK_V2,U014691,Control,2026-06-22,2026-06-22,True
EXP_2026_HOMEPAGE_RANK_V2,U013588,Control,2026-05-18,2026-05-18,True
EXP_2026_HOMEPAGE_RANK_V2,U008872,Treatment,2026-05-23,2026-05-26,True
EXP_2026_HOMEPAGE_RANK_V2,U015845,Control,2026-05-04,2026-05-04,True
EXP_2026_HOMEPAGE_RANK_V2,U024343,Treatment,2026-04-22,2026-04-27,True
EXP_2026_HOMEPAGE_RANK_V2,U007190,Treatment,2026-05-01,2026-05-01,False
EXP_2026_HOMEPAGE_RANK_V2,U022302,Treatment,2026-06-07,2026-06-11,True
EXP_2026_HOMEPAGE_RANK_V2,U007600,Control,2026-05-31,2026-06-04,True
EXP_2026_HOMEPAGE_RANK_V2,U021037,Treatment,2026-05-27,2026-05-29,True
EXP_2026_HOMEPAGE_RANK_V2,U005475,Treatment,2026-05-23,2026-05-23,True
EXP_2026_HOMEPAGE_RANK_V2,U007767,Control,2026-07-06,2026-07-07,True
EXP_2026_HOMEPAGE_RANK_V2,U005636,Treatment,2026-05-04,2026-05-05,True
EXP_2026_HOMEPAGE_RANK_V2,U012555,Treatment,2026-04-28,2026-05-02,True
EXP_2026_HOMEPAGE_RANK_V2,U006408,Control,2026-06-11,2026-06-16,True
EXP_2026_HOMEPAGE_RANK_V2,U004485,Treatment,2026-04-24,2026-04-27,True
EXP_2026_HOMEPAGE_RANK_V2,U012872,Control,2026-05-16,2026-05-16,True
EXP_2026_HOMEPAGE_RANK_V2,U005792,Control,2026-05-06,2026-05-06,True
EXP_2026_HOMEPAGE_RANK_V2,U023417,Treatment,2026-05-09,2026-05-11,True
EXP_2026_HOMEPAGE_RANK_V2,U004468,Control,2026-05-04,2026-05-05,False
EXP_2026_HOMEPAGE_RANK_V2,U013915,Control,2026-05-09,2026-05-14,True
EXP_2026_HOMEPAGE_RANK_V2,U015653,Treatment,2026-05-02,2026-05-07,True
EXP_2026_HOMEPAGE_RANK_V2,U021486,Treatment,2026-05-01,2026-05-01,True
EXP_2026_HOMEPAGE_RANK_V2,U013975,Control,2026-04-19,2026-04-22,True
EXP_2026_HOMEPAGE_RANK_V2,U018225,Control,2026-06-15,2026-06-20,True
EXP_2026_HOMEPAGE_RANK_V2,U012902,Control,2026-05-09,2026-05-14,True
EXP_2026_HOMEPAGE_RANK_V2,U005746,Control,2026-06-30,2026-07-05,True
EXP_2026_HOMEPAGE_RANK_V2,U007506,Treatment,2026-06-01,2026-06-05,True
EXP_2026_HOMEPAGE_RANK_V2,U016676,Control,2026-05-29,2026-05-30,True
EXP_2026_HOMEPAGE_RANK_V2,U023557,Treatment,2026-06-17,2026-06-17,True
EXP_2026_HOMEPAGE_RANK_V2,U022248,Treatment,2026-05-22,2026-05-24,True
EXP_2026_HOMEPAGE_RANK_V2,U010261,Treatment,2026-07-08,2026-07-10,True
EXP_2026_HOMEPAGE_RANK_V2,U008305,Control,2026-05-30,2026-06-03,True
EXP_2026_HOMEPAGE_RANK_V2,U024250,Control,2026-06-10,2026-06-14,True
EXP_2026_HOMEPAGE_RANK_V2,U024375,Control,2026-05-28,2026-05-29,True
EXP_2026_HOMEPAGE_RANK_V2,U024104,Treatment,2026-06-29,2026-06-29,True
EXP_2026_HOMEPAGE_RANK_V2,U001168,Treatment,2026-07-03,2026-07-08,True
EXP_2026_HOMEPAGE_RANK_V2,U014513,Control,2026-04-26,2026-04-28,True
EXP_2026_HOMEPAGE_RANK_V2,U004257,Control,2026-04-26,2026-04-30,True
EXP_2026_HOMEPAGE_RANK_V2,U012002,Treatment,2026-05-22,2026-05-23,True
EXP_2026_HOMEPAGE_RANK_V2,U003036,Control,2026-05-17,2026-05-18,True
EXP_2026_HOMEPAGE_RANK_V2,U017565,Control,2026-07-04,2026-07-06,True
EXP_2026_HOMEPAGE_RANK_V2,U020106,Treatment,2026-05-09,2026-05-09,True
EXP_2026_HOMEPAGE_RANK_V2,U003109,Control,2026-05-28,2026-06-01,True
EXP_2026_HOMEPAGE_RANK_V2,U014758,Control,2026-05-29,2026-05-29,True
EXP_2026_HOMEPAGE_RANK_V2,U015678,Control,2026-05-23,2026-05-27,True
EXP_2026_HOMEPAGE_RANK_V2,U005294,Control,2026-05-18,2026-05-19,True
EXP_2026_HOMEPAGE_RANK_V2,U004534,Treatment,2026-05-25,2026-05-25,True
EXP_2026_HOMEPAGE_RANK_V2,U018614,Treatment,2026-07-08,2026-07-11,True
EXP_2026_HOMEPAGE_RANK_V2,U008591,Control,2026-05-11,2026-05-13,True
EXP_2026_HOMEPAGE_RANK_V2,U009137,Control,2026-04-26,2026-04-29,True
EXP_2026_HOMEPAGE_RANK_V2,U019680,Control,2026-05-16,2026-05-18,True
EXP_2026_HOMEPAGE_RANK_V2,U010676,Treatment,2026-06-23,2026-06-26,True
EXP_2026_HOMEPAGE_RANK_V2,U017519,Treatment,2026-05-07,2026-05-12,True
EXP_2026_HOMEPAGE_RANK_V2,U021189,Treatment,2026-04-27,2026-04-30,True
EXP_2026_HOMEPAGE_RANK_V2,U022263,Control,2026-06-30,2026-06-30,True
EXP_2026_HOMEPAGE_RANK_V2,U012093,Treatment,2026-06-18,2026-06-22,True
EXP_2026_HOMEPAGE_RANK_V2,U012611,Treatment,2026-05-01,2026-05-06,True
EXP_2026_HOMEPAGE_RANK_V2,U014944,Control,2026-06-22,2026-06-23,False
EXP_2026_HOMEPAGE_RANK_V2,U002273,Control,2026-06-17,2026-06-19,True
EXP_2026_HOMEPAGE_RANK_V2,U000840,Treatment,2026-05-03,2026-05-06,True
EXP_2026_HOMEPAGE_RANK_V2,U001738,Control,2026-05-11,2026-05-15,True
EXP_2026_HOMEPAGE_RANK_V2,U004613,Treatment,2026-04-30,2026-05-05,True
EXP_2026_HOMEPAGE_RANK_V2,U021377,Control,2026-06-10,2026-06-11,True
EXP_2026_HOMEPAGE_RANK_V2,U002060,Treatment,2026-05-03,2026-05-05,True
EXP_2026_HOMEPAGE_RANK_V2,U020196,Control,2026-06-04,2026-06-07,True
EXP_2026_HOMEPAGE_RANK_V2,U017839,Control,2026-05-18,2026-05-23,True
EXP_2026_HOMEPAGE_RANK_V2,U015623,Control,2026-06-22,2026-06-23,True
EXP_2026_HOMEPAGE_RANK_V2,U009766,Treatment,2026-06-09,2026-06-14,True
EXP_2026_HOMEPAGE_RANK_V2,U009550,Treatment,2026-07-02,2026-07-07,True
EXP_2026_HOMEPAGE_RANK_V2,U012620,Treatment,2026-06-20,2026-06-24,True
EXP_2026_HOMEPAGE_RANK_V2,U015070,Treatment,2026-07-10,2026-07-13,True
EXP_2026_HOMEPAGE_RANK_V2,U010528,Control,2026-07-06,2026-07-08,True
EXP_2026_HOMEPAGE_RANK_V2,U023484,Treatment,2026-05-28,2026-05-30,True
EXP_2026_HOMEPAGE_RANK_V2,U002088,Control,2026-05-27,2026-05-27,True
EXP_2026_HOMEPAGE_RANK_V2,U003609,Control,2026-04-18,2026-04-19,True
EXP_2026_HOMEPAGE_RANK_V2,U021144,Treatment,2026-06-01,2026-06-05,True
EXP_2026_HOMEPAGE_RANK_V2,U001892,Control,2026-05-27,2026-05-31,True
EXP_2026_HOMEPAGE_RANK_V2,U003176,Treatment,2026-06-06,2026-06-11,True
EXP_2026_HOMEPAGE_RANK_V2,U008619,Control,2026-05-06,2026-05-10,True
EXP_2026_HOMEPAGE_RANK_V2,U005902,Control,2026-07-07,2026-07-08,True
EXP_2026_HOMEPAGE_RANK_V2,U000964,Treatment,2026-06-21,2026-06-24,True
EXP_2026_HOMEPAGE_RANK_V2,U003994,Treatment,2026-06-12,2026-06-17,True
EXP_2026_HOMEPAGE_RANK_V2,U003724,Treatment,2026-05-04,2026-05-07,True
EXP_2026_HOMEPAGE_RANK_V2,U004086,Treatment,2026-05-22,2026-05-22,True
EXP_2026_HOMEPAGE_RANK_V2,U006237,Control,2026-07-05,2026-07-08,True
EXP_2026_HOMEPAGE_RANK_V2,U001255,Control,2026-07-05,2026-07-10,True
EXP_2026_HOMEPAGE_RANK_V2,U001406,Treatment,2026-04-25,2026-04-25,True
EXP_2026_HOMEPAGE_RANK_V2,U006273,Treatment,2026-06-06,2026-06-10,True
EXP_2026_HOMEPAGE_RANK_V2,U004544,Control,2026-05-14,2026-05-18,True
EXP_2026_HOMEPAGE_RANK_V2,U024145,Treatment,2026-06-02,2026-06-03,True
EXP_2026_HOMEPAGE_RANK_V2,U000252,Control,2026-07-03,2026-07-07,True
EXP_2026_HOMEPAGE_RANK_V2,U018154,Control,2026-06-04,2026-06-05,True
EXP_2026_HOMEPAGE_RANK_V2,U006564,Control,2026-05-30,2026-05-30,True
EXP_2026_HOMEPAGE_RANK_V2,U009375,Control,2026-04-29,2026-05-04,True
EXP_2026_HOMEPAGE_RANK_V2,U023827,Treatment,2026-04-18,2026-04-19,True
EXP_2026_HOMEPAGE_RANK_V2,U009573,Treatment,2026-06-10,2026-06-15,True
EXP_2026_HOMEPAGE_RANK_V2,U011609,Treatment,2026-05-31,2026-06-04,True
EXP_2026_HOMEPAGE_RANK_V2,U005076,Treatment,2026-05-26,2026-05-26,True
EXP_2026_HOMEPAGE_RANK_V2,U020000,Treatment,2026-05-28,2026-05-31,True
EXP_2026_HOMEPAGE_RANK_V2,U023892,Control,2026-05-19,2026-05-21,True
EXP_2026_HOMEPAGE_RANK_V2,U001020,Treatment,2026-05-16,2026-05-19,True
EXP_2026_HOMEPAGE_RANK_V2,U000291,Treatment,2026-06-14,2026-06-15,True
EXP_2026_HOMEPAGE_RANK_V2,U006132,Treatment,2026-07-09,2026-07-11,True
EXP_2026_HOMEPAGE_RANK_V2,U012294,Control,2026-04-29,2026-04-30,False
EXP_2026_HOMEPAGE_RANK_V2,U020171,Control,2026-06-06,2026-06-06,True
EXP_2026_HOMEPAGE_RANK_V2,U005910,Treatment,2026-05-25,2026-05-29,True
EXP_2026_HOMEPAGE_RANK_V2,U019430,Treatment,2026-05-17,2026-05-20,True
EXP_2026_HOMEPAGE_RANK_V2,U002204,Control,2026-06-05,2026-06-06,True
EXP_2026_HOMEPAGE_RANK_V2,U020233,Treatment,2026-05-13,2026-05-13,True
EXP_2026_HOMEPAGE_RANK_V2,U002427,Treatment,2026-06-21,2026-06-25,True
EXP_2026_HOMEPAGE_RANK_V2,U018601,Treatment,2026-05-27,2026-06-01,True
EXP_2026_HOMEPAGE_RANK_V2,U019367,Treatment,2026-06-21,2026-06-21,True
EXP_2026_HOMEPAGE_RANK_V2,U021027,Control,2026-05-20,2026-05-20,True
EXP_2026_HOMEPAGE_RANK_V2,U020105,Treatment,2026-05-22,2026-05-22,False
EXP_2026_HOMEPAGE_RANK_V2,U002916,Treatment,2026-04-20,2026-04-22,True
EXP_2026_HOMEPAGE_RANK_V2,U005700,Control,2026-04-19,2026-04-23,True
EXP_2026_HOMEPAGE_RANK_V2,U009090,Control,2026-06-13,2026-06-16,True
EXP_2026_HOMEPAGE_RANK_V2,U007879,Treatment,2026-06-28,2026-07-01,True
EXP_2026_HOMEPAGE_RANK_V2,U010235,Treatment,2026-04-19,2026-04-21,True
EXP_2026_HOMEPAGE_RANK_V2,U013923,Treatment,2026-06-21,2026-06-23,True
EXP_2026_HOMEPAGE_RANK_V2,U014844,Treatment,2026-06-19,2026-06-22,True
EXP_2026_HOMEPAGE_RANK_V2,U022768,Control,2026-06-13,2026-06-15,True
EXP_2026_HOMEPAGE_RANK_V2,U009198,Treatment,2026-04-28,2026-04-29,True
EXP_2026_HOMEPAGE_RANK_V2,U003768,Treatment,2026-04-21,2026-04-26,False
EXP_2026_HOMEPAGE_RANK_V2,U005701,Control,2026-06-29,2026-06-30,True
EXP_2026_HOMEPAGE_RANK_V2,U024348,Treatment,2026-04-22,2026-04-23,True
EXP_2026_HOMEPAGE_RANK_V2,U012484,Control,2026-05-28,2026-06-02,True
EXP_2026_HOMEPAGE_RANK_V2,U011504,Treatment,2026-07-01,2026-07-02,True
EXP_2026_HOMEPAGE_RANK_V2,U004024,Treatment,2026-07-05,2026-07-07,True
EXP_2026_HOMEPAGE_RANK_V2,U019068,Control,2026-04-25,2026-04-25,True
EXP_2026_HOMEPAGE_RANK_V2,U017659,Control,2026-05-30,2026-06-04,True
EXP_2026_HOMEPAGE_RANK_V2,U019356,Control,2026-06-19,2026-06-22,True
EXP_2026_HOMEPAGE_RANK_V2,U015451,Treatment,2026-06-24,2026-06-24,False
EXP_2026_HOMEPAGE_RANK_V2,U021319,Control,2026-05-08,2026-05-13,True
EXP_2026_HOMEPAGE_RANK_V2,U022879,Control,2026-07-09,2026-07-10,True
EXP_2026_HOMEPAGE_RANK_V2,U011336,Treatment,2026-06-03,2026-06-03,False
EXP_2026_HOMEPAGE_RANK_V2,U024800,Treatment,2026-07-09,2026-07-10,True
EXP_2026_HOMEPAGE_RANK_V2,U013485,Control,2026-04-20,2026-04-24,True
EXP_2026_HOMEPAGE_RANK_V2,U019262,Treatment,2026-06-07,2026-06-08,True
EXP_2026_HOMEPAGE_RANK_V2,U024061,Treatment,2026-06-03,2026-06-04,True
EXP_2026_HOMEPAGE_RANK_V2,U004695,Control,2026-07-04,2026-07-07,True
EXP_2026_HOMEPAGE_RANK_V2,U018655,Treatment,2026-06-20,2026-06-24,True
EXP_2026_HOMEPAGE_RANK_V2,U006915,Control,2026-05-29,2026-06-02,True
EXP_2026_HOMEPAGE_RANK_V2,U002101,Treatment,2026-05-26,2026-05-26,True
EXP_2026_HOMEPAGE_RANK_V2,U008151,Treatment,2026-06-30,2026-06-30,True
EXP_2026_HOMEPAGE_RANK_V2,U006184,Treatment,2026-05-28,2026-05-31,False
EXP_2026_HOMEPAGE_RANK_V2,U018496,Control,2026-05-14,2026-05-19,True
EXP_2026_HOMEPAGE_RANK_V2,U021039,Treatment,2026-05-02,2026-05-03,False
EXP_2026_HOMEPAGE_RANK_V2,U000745,Control,2026-05-25,2026-05-27,True
EXP_2026_HOMEPAGE_RANK_V2,U023090,Control,2026-05-31,2026-06-04,True
EXP_2026_HOMEPAGE_RANK_V2,U002136,Control,2026-07-01,2026-07-04,True
EXP_2026_HOMEPAGE_RANK_V2,U010392,Treatment,2026-06-22,2026-06-23,True
EXP_2026_HOMEPAGE_RANK_V2,U009947,Control,2026-04-26,2026-04-27,True
EXP_2026_HOMEPAGE_RANK_V2,U017550,Treatment,2026-05-16,2026-05-16,True
EXP_2026_HOMEPAGE_RANK_V2,U014030,Treatment,2026-05-20,2026-05-24,True
EXP_2026_HOMEPAGE_RANK_V2,U018643,Control,2026-05-25,2026-05-27,True
EXP_2026_HOMEPAGE_RANK_V2,U005208,Treatment,2026-06-23,2026-06-23,True
EXP_2026_HOMEPAGE_RANK_V2,U004400,Treatment,2026-05-07,2026-05-12,True
EXP_2026_HOMEPAGE_RANK_V2,U004000,Control,2026-05-03,2026-05-03,True
EXP_2026_HOMEPAGE_RANK_V2,U011014,Treatment,2026-06-12,2026-06-14,False
EXP_2026_HOMEPAGE_RANK_V2,U001437,Control,2026-05-23,2026-05-25,True
EXP_2026_HOMEPAGE_RANK_V2,U002771,Treatment,2026-05-29,2026-05-30,True
EXP_2026_HOMEPAGE_RANK_V2,U022424,Control,2026-05-04,2026-05-07,True
EXP_2026_HOMEPAGE_RANK_V2,U011887,Control,2026-05-08,2026-05-09,True
EXP_2026_HOMEPAGE_RANK_V2,U017794,Treatment,2026-05-22,2026-05-24,True
EXP_2026_HOMEPAGE_RANK_V2,U024805,Treatment,2026-06-27,2026-06-30,True
EXP_2026_HOMEPAGE_RANK_V2,U022859,Treatment,2026-07-08,2026-07-13,True
EXP_2026_HOMEPAGE_RANK_V2,U018618,Treatment,2026-05-28,2026-05-31,True
EXP_2026_HOMEPAGE_RANK_V2,U007137,Treatment,2026-05-13,2026-05-13,True
EXP_2026_HOMEPAGE_RANK_V2,U016989,Control,2026-04-24,2026-04-28,True
EXP_2026_HOMEPAGE_RANK_V2,U005938,Treatment,2026-07-09,2026-07-09,True
EXP_2026_HOMEPAGE_RANK_V2,U023067,Treatment,2026-05-31,2026-06-02,True
EXP_2026_HOMEPAGE_RANK_V2,U022225,Treatment,2026-04-19,2026-04-19,True
EXP_2026_HOMEPAGE_RANK_V2,U007953,Treatment,2026-05-03,2026-05-06,True
EXP_2026_HOMEPAGE_RANK_V2,U015398,Treatment,2026-05-03,2026-05-06,True
EXP_2026_HOMEPAGE_RANK_V2,U015578,Treatment,2026-06-27,2026-06-28,True
EXP_2026_HOMEPAGE_RANK_V2,U011161,Treatment,2026-06-10,2026-06-14,True
EXP_2026_HOMEPAGE_RANK_V2,U021419,Control,2026-05-29,2026-06-02,True
EXP_2026_HOMEPAGE_RANK_V2,U014724,Treatment,2026-05-22,2026-05-24,True
EXP_2026_HOMEPAGE_RANK_V2,U019441,Treatment,2026-06-02,2026-06-03,True
EXP_2026_HOMEPAGE_RANK_V2,U023139,Control,2026-05-10,2026-05-11,True
EXP_2026_HOMEPAGE_RANK_V2,U004779,Treatment,2026-04-30,2026-05-01,True
EXP_2026_HOMEPAGE_RANK_V2,U018665,Treatment,2026-06-10,2026-06-14,True
EXP_2026_HOMEPAGE_RANK_V2,U013007,Control,2026-05-02,2026-05-05,False
EXP_2026_HOMEPAGE_RANK_V2,U019734,Control,2026-05-28,2026-06-02,True
EXP_2026_HOMEPAGE_RANK_V2,U009207,Treatment,2026-07-04,2026-07-08,True
EXP_2026_HOMEPAGE_RANK_V2,U006805,Control,2026-04-20,2026-04-22,True
EXP_2026_HOMEPAGE_RANK_V2,U010444,Treatment,2026-05-23,2026-05-26,True
EXP_2026_HOMEPAGE_RANK_V2,U016460,Control,2026-06-24,2026-06-27,True
EXP_2026_HOMEPAGE_RANK_V2,U023722,Control,2026-06-28,2026-06-28,True
EXP_2026_HOMEPAGE_RANK_V2,U021287,Treatment,2026-06-18,2026-06-18,True
EXP_2026_HOMEPAGE_RANK_V2,U009298,Control,2026-05-02,2026-05-04,False
EXP_2026_HOMEPAGE_RANK_V2,U012786,Control,2026-05-19,2026-05-19,True
EXP_2026_HOMEPAGE_RANK_V2,U009273,Control,2026-06-27,2026-06-28,True
EXP_2026_HOMEPAGE_RANK_V2,U005213,Treatment,2026-05-22,2026-05-25,True
EXP_2026_HOMEPAGE_RANK_V2,U018937,Control,2026-05-16,2026-05-20,False
EXP_2026_HOMEPAGE_RANK_V2,U007807,Control,2026-05-06,2026-05-08,True
EXP_2026_HOMEPAGE_RANK_V2,U008804,Treatment,2026-06-19,2026-06-22,True
EXP_2026_HOMEPAGE_RANK_V2,U003682,Control,2026-07-05,2026-07-08,True
EXP_2026_HOMEPAGE_RANK_V2,U017436,Treatment,2026-05-15,2026-05-16,True
EXP_2026_HOMEPAGE_RANK_V2,U010314,Treatment,2026-06-22,2026-06-27,True
EXP_2026_HOMEPAGE_RANK_V2,U007125,Control,2026-06-27,2026-06-30,True
EXP_2026_HOMEPAGE_RANK_V2,U019499,Control,2026-05-11,2026-05-12,True
EXP_2026_HOMEPAGE_RANK_V2,U019366,Control,2026-06-22,2026-06-25,True
EXP_2026_HOMEPAGE_RANK_V2,U011557,Treatment,2026-05-19,2026-05-22,True
EXP_2026_HOMEPAGE_RANK_V2,U010818,Treatment,2026-05-04,2026-05-07,True
EXP_2026_HOMEPAGE_RANK_V2,U014019,Control,2026-04-29,2026-04-30,True
EXP_2026_HOMEPAGE_RANK_V2,U018850,Control,2026-07-10,2026-07-14,True
EXP_2026_HOMEPAGE_RANK_V2,U008306,Treatment,2026-04-24,2026-04-27,True
EXP_2026_HOMEPAGE_RANK_V2,U007291,Treatment,2026-05-02,2026-05-03,True
EXP_2026_HOMEPAGE_RANK_V2,U006952,Control,2026-05-09,2026-05-12,True
EXP_2026_HOMEPAGE_RANK_V2,U010257,Treatment,2026-05-25,2026-05-30,True
EXP_2026_HOMEPAGE_RANK_V2,U023021,Treatment,2026-05-13,2026-05-15,True
EXP_2026_HOMEPAGE_RANK_V2,U017744,Control,2026-05-26,2026-05-27,True
EXP_2026_HOMEPAGE_RANK_V2,U009670,Control,2026-06-28,2026-06-30,True
EXP_2026_HOMEPAGE_RANK_V2,U020817,Treatment,2026-05-08,2026-05-09,True
EXP_2026_HOMEPAGE_RANK_V2,U018733,Control,2026-06-30,2026-07-04,True
EXP_2026_HOMEPAGE_RANK_V2,U022655,Treatment,2026-04-27,2026-04-27,True
EXP_2026_HOMEPAGE_RANK_V2,U009594,Treatment,2026-05-15,2026-05-15,True
EXP_2026_HOMEPAGE_RANK_V2,U004241,Control,2026-05-03,2026-05-06,True
EXP_2026_HOMEPAGE_RANK_V2,U019006,Control,2026-07-11,2026-07-16,True
EXP_2026_HOMEPAGE_RANK_V2,U006474,Control,2026-05-09,2026-05-11,True
EXP_2026_HOMEPAGE_RANK_V2,U007280,Treatment,2026-06-17,2026-06-18,True
EXP_2026_HOMEPAGE_RANK_V2,U008681,Control,2026-04-26,2026-04-30,True
EXP_2026_HOMEPAGE_RANK_V2,U006061,Control,2026-06-18,2026-06-20,True
EXP_2026_HOMEPAGE_RANK_V2,U015613,Treatment,2026-06-03,2026-06-04,True
EXP_2026_HOMEPAGE_RANK_V2,U020656,Treatment,2026-05-06,2026-05-09,True
EXP_2026_HOMEPAGE_RANK_V2,U011233,Treatment,2026-05-11,2026-05-12,True
EXP_2026_HOMEPAGE_RANK_V2,U002265,Treatment,2026-06-19,2026-06-19,True
EXP_2026_HOMEPAGE_RANK_V2,U005232,Treatment,2026-04-29,2026-04-29,True
EXP_2026_HOMEPAGE_RANK_V2,U003429,Treatment,2026-06-22,2026-06-22,True
EXP_2026_HOMEPAGE_RANK_V2,U004769,Control,2026-05-28,2026-06-02,True
EXP_2026_HOMEPAGE_RANK_V2,U017168,Control,2026-06-29,2026-07-03,True
EXP_2026_HOMEPAGE_RANK_V2,U021550,Control,2026-07-01,2026-07-03,True
EXP_2026_HOMEPAGE_RANK_V2,U016760,Control,2026-05-14,2026-05-14,True
EXP_2026_HOMEPAGE_RANK_V2,U015812,Control,2026-05-16,2026-05-21,True
EXP_2026_HOMEPAGE_RANK_V2,U005805,Treatment,2026-05-03,2026-05-08,True
EXP_2026_HOMEPAGE_RANK_V2,U018794,Control,2026-06-26,2026-06-27,False
EXP_2026_HOMEPAGE_RANK_V2,U013192,Treatment,2026-05-27,2026-05-28,True
EXP_2026_HOMEPAGE_RANK_V2,U019765,Treatment,2026-05-31,2026-06-02,True
EXP_2026_HOMEPAGE_RANK_V2,U007175,Control,2026-05-08,2026-05-08,True
EXP_2026_HOMEPAGE_RANK_V2,U005749,Treatment,2026-05-22,2026-05-27,True
EXP_2026_HOMEPAGE_RANK_V2,U005141,Control,2026-05-18,2026-05-19,True
EXP_2026_HOMEPAGE_RANK_V2,U001192,Control,2026-06-22,2026-06-23,True
EXP_2026_HOMEPAGE_RANK_V2,U006477,Treatment,2026-05-07,2026-05-12,True
EXP_2026_HOMEPAGE_RANK_V2,U000178,Treatment,2026-05-01,2026-05-01,True
EXP_2026_HOMEPAGE_RANK_V2,U019324,Control,2026-06-06,2026-06-11,True
EXP_2026_HOMEPAGE_RANK_V2,U004419,Control,2026-06-20,2026-06-25,True
EXP_2026_HOMEPAGE_RANK_V2,U016624,Control,2026-06-04,2026-06-07,False
EXP_2026_HOMEPAGE_RANK_V2,U010800,Control,2026-05-17,2026-05-18,True
EXP_2026_HOMEPAGE_RANK_V2,U003612,Treatment,2026-05-25,2026-05-27,True
EXP_2026_HOMEPAGE_RANK_V2,U008919,Treatment,2026-05-26,2026-05-30,True
EXP_2026_HOMEPAGE_RANK_V2,U004326,Control,2026-06-18,2026-06-20,True
EXP_2026_HOMEPAGE_RANK_V2,U022831,Control,2026-06-24,2026-06-25,True
EXP_2026_HOMEPAGE_RANK_V2,U021185,Control,2026-07-04,2026-07-07,True
EXP_2026_HOMEPAGE_RANK_V2,U006785,Treatment,2026-06-03,2026-06-08,True
EXP_2026_HOMEPAGE_RANK_V2,U024432,Treatment,2026-06-04,2026-06-04,True
EXP_2026_HOMEPAGE_RANK_V2,U011259,Treatment,2026-05-14,2026-05-19,True
EXP_2026_HOMEPAGE_RANK_V2,U022028,Control,2026-04-22,2026-04-27,True
EXP_2026_HOMEPAGE_RANK_V2,U010238,Control,2026-05-26,2026-05-28,True
EXP_2026_HOMEPAGE_RANK_V2,U021537,Control,2026-05-19,2026-05-19,True
EXP_2026_HOMEPAGE_RANK_V2,U001287,Treatment,2026-06-01,2026-06-05,False
EXP_2026_HOMEPAGE_RANK_V2,U008880,Control,2026-06-05,2026-06-05,True
EXP_2026_HOMEPAGE_RANK_V2,U005472,Treatment,2026-07-11,2026-07-16,True
EXP_2026_HOMEPAGE_RANK_V2,U018699,Treatment,2026-05-25,2026-05-26,True
EXP_2026_HOMEPAGE_RANK_V2,U013533,Treatment,2026-05-24,2026-05-27,True
EXP_2026_HOMEPAGE_RANK_V2,U005102,Treatment,2026-05-31,2026-05-31,True
EXP_2026_HOMEPAGE_RANK_V2,U009476,Treatment,2026-05-24,2026-05-26,True
EXP_2026_HOMEPAGE_RANK_V2,U013118,Treatment,2026-05-15,2026-05-17,True
EXP_2026_HOMEPAGE_RANK_V2,U001075,Treatment,2026-04-22,2026-04-25,True
EXP_2026_HOMEPAGE_RANK_V2,U011736,Treatment,2026-05-11,2026-05-16,True
EXP_2026_HOMEPAGE_RANK_V2,U013693,Treatment,2026-05-16,2026-05-21,True
EXP_2026_HOMEPAGE_RANK_V2,U008337,Control,2026-05-13,2026-05-14,True
EXP_2026_HOMEPAGE_RANK_V2,U024386,Control,2026-07-07,2026-07-07,True
EXP_2026_HOMEPAGE_RANK_V2,U013012,Treatment,2026-05-11,2026-05-14,True
EXP_2026_HOMEPAGE_RANK_V2,U017329,Control,2026-04-19,2026-04-22,True
EXP_2026_HOMEPAGE_RANK_V2,U008473,Treatment,2026-05-17,2026-05-19,True
EXP_2026_HOMEPAGE_RANK_V2,U008138,Control,2026-05-29,2026-06-02,True
EXP_2026_HOMEPAGE_RANK_V2,U021538,Control,2026-04-24,2026-04-26,True
EXP_2026_HOMEPAGE_RANK_V2,U008491,Treatment,2026-07-09,2026-07-11,True
EXP_2026_HOMEPAGE_RANK_V2,U007601,Control,2026-04-18,2026-04-23,True
EXP_2026_HOMEPAGE_RANK_V2,U004715,Control,2026-05-21,2026-05-22,True
EXP_2026_HOMEPAGE_RANK_V2,U022877,Treatment,2026-06-08,2026-06-13,True
EXP_2026_HOMEPAGE_RANK_V2,U001095,Control,2026-05-07,2026-05-11,True
EXP_2026_HOMEPAGE_RANK_V2,U016232,Control,2026-05-12,2026-05-16,True
EXP_2026_HOMEPAGE_RANK_V2,U015429,Control,2026-06-07,2026-06-09,True
EXP_2026_HOMEPAGE_RANK_V2,U011254,Treatment,2026-06-12,2026-06-14,True
EXP_2026_HOMEPAGE_RANK_V2,U018058,Control,2026-06-08,2026-06-08,True
EXP_2026_HOMEPAGE_RANK_V2,U013326,Treatment,2026-07-06,2026-07-07,True
EXP_2026_HOMEPAGE_RANK_V2,U014861,Control,2026-06-18,2026-06-21,True
EXP_2026_HOMEPAGE_RANK_V2,U018880,Control,2026-06-04,2026-06-04,False
EXP_2026_HOMEPAGE_RANK_V2,U008235,Treatment,2026-05-26,2026-05-30,True
EXP_2026_HOMEPAGE_RANK_V2,U011289,Control,2026-06-19,2026-06-24,True
EXP_2026_HOMEPAGE_RANK_V2,U011701,Control,2026-06-11,2026-06-14,True
EXP_2026_HOMEPAGE_RANK_V2,U012901,Treatment,2026-04-24,2026-04-24,True
EXP_2026_HOMEPAGE_RANK_V2,U003770,Control,2026-05-18,2026-05-22,True
EXP_2026_HOMEPAGE_RANK_V2,U011363,Control,2026-05-12,2026-05-13,True
EXP_2026_HOMEPAGE_RANK_V2,U017391,Control,2026-05-31,2026-06-04,True
EXP_2026_HOMEPAGE_RANK_V2,U005784,Control,2026-04-27,2026-04-27,True
EXP_2026_HOMEPAGE_RANK_V2,U011497,Control,2026-05-08,2026-05-10,True
EXP_2026_HOMEPAGE_RANK_V2,U016863,Treatment,2026-07-01,2026-07-03,True
EXP_2026_HOMEPAGE_RANK_V2,U018974,Control,2026-05-26,2026-05-28,True
EXP_2026_HOMEPAGE_RANK_V2,U014650,Control,2026-05-31,2026-06-01,True
EXP_2026_HOMEPAGE_RANK_V2,U001510,Control,2026-06-28,2026-06-30,True
EXP_2026_HOMEPAGE_RANK_V2,U016307,Control,2026-05-16,2026-05-19,False
EXP_2026_HOMEPAGE_RANK_V2,U002947,Control,2026-06-29,2026-07-04,True
EXP_2026_HOMEPAGE_RANK_V2,U022181,Treatment,2026-06-29,2026-07-03,False
EXP_2026_HOMEPAGE_RANK_V2,U014431,Control,2026-06-26,2026-07-01,False
EXP_2026_HOMEPAGE_RANK_V2,U022551,Control,2026-05-24,2026-05-26,True
EXP_2026_HOMEPAGE_RANK_V2,U007408,Treatment,2026-05-13,2026-05-17,True
EXP_2026_HOMEPAGE_RANK_V2,U012312,Treatment,2026-05-30,2026-05-30,True
EXP_2026_HOMEPAGE_RANK_V2,U009138,Control,2026-06-23,2026-06-27,True
EXP_2026_HOMEPAGE_RANK_V2,U022926,Control,2026-05-13,2026-05-17,True
EXP_2026_HOMEPAGE_RANK_V2,U008586,Control,2026-07-10,2026-07-15,True
EXP_2026_HOMEPAGE_RANK_V2,U001431,Control,2026-05-10,2026-05-10,True
EXP_2026_HOMEPAGE_RANK_V2,U018103,Treatment,2026-04-24,2026-04-28,True
EXP_2026_HOMEPAGE_RANK_V2,U014050,Treatment,2026-05-14,2026-05-19,True
EXP_2026_HOMEPAGE_RANK_V2,U012170,Treatment,2026-06-23,2026-06-23,True
EXP_2026_HOMEPAGE_RANK_V2,U008257,Treatment,2026-04-24,2026-04-27,True
EXP_2026_HOMEPAGE_RANK_V2,U009366,Treatment,2026-06-07,2026-06-09,True
EXP_2026_HOMEPAGE_RANK_V2,U004591,Control,2026-05-31,2026-06-03,True
EXP_2026_HOMEPAGE_RANK_V2,U007276,Control,2026-05-02,2026-05-04,True
EXP_2026_HOMEPAGE_RANK_V2,U003740,Treatment,2026-05-03,2026-05-05,True
EXP_2026_HOMEPAGE_RANK_V2,U024928,Control,2026-07-05,2026-07-10,True
EXP_2026_HOMEPAGE_RANK_V2,U009429,Control,2026-04-20,2026-04-25,True
EXP_2026_HOMEPAGE_RANK_V2,U013808,Control,2026-04-19,2026-04-22,True
EXP_2026_HOMEPAGE_RANK_V2,U016922,Control,2026-06-10,2026-06-13,True
EXP_2026_HOMEPAGE_RANK_V2,U002774,Control,2026-05-03,2026-05-05,True
EXP_2026_HOMEPAGE_RANK_V2,U016685,Control,2026-04-27,2026-05-01,True
EXP_2026_HOMEPAGE_RANK_V2,U000887,Treatment,2026-06-25,2026-06-25,True
EXP_2026_HOMEPAGE_RANK_V2,U006379,Control,2026-07-08,2026-07-12,True
EXP_2026_HOMEPAGE_RANK_V2,U022057,Control,2026-05-04,2026-05-09,True
EXP_2026_HOMEPAGE_RANK_V2,U007163,Treatment,2026-06-07,2026-06-12,True
EXP_2026_HOMEPAGE_RANK_V2,U020555,Control,2026-05-02,2026-05-05,True
EXP_2026_HOMEPAGE_RANK_V2,U005365,Treatment,2026-06-06,2026-06-08,True
EXP_2026_HOMEPAGE_RANK_V2,U022843,Control,2026-05-30,2026-05-30,True
EXP_2026_HOMEPAGE_RANK_V2,U014843,Treatment,2026-06-07,2026-06-09,True
EXP_2026_HOMEPAGE_RANK_V2,U003326,Treatment,2026-05-30,2026-06-04,True
EXP_2026_HOMEPAGE_RANK_V2,U009171,Control,2026-05-02,2026-05-02,True
EXP_2026_HOMEPAGE_RANK_V2,U009007,Treatment,2026-05-22,2026-05-24,False
EXP_2026_HOMEPAGE_RANK_V2,U008131,Control,2026-06-16,2026-06-16,True
EXP_2026_HOMEPAGE_RANK_V2,U020352,Treatment,2026-07-10,2026-07-11,True
EXP_2026_HOMEPAGE_RANK_V2,U019296,Treatment,2026-04-18,2026-04-21,True
EXP_2026_HOMEPAGE_RANK_V2,U001973,Treatment,2026-05-21,2026-05-24,True
EXP_2026_HOMEPAGE_RANK_V2,U016131,Control,2026-06-13,2026-06-14,True
EXP_2026_HOMEPAGE_RANK_V2,U014322,Control,2026-05-03,2026-05-03,True
EXP_2026_HOMEPAGE_RANK_V2,U012812,Control,2026-05-01,2026-05-02,True
EXP_2026_HOMEPAGE_RANK_V2,U008357,Control,2026-06-06,2026-06-08,True
EXP_2026_HOMEPAGE_RANK_V2,U002522,Treatment,2026-05-07,2026-05-10,True
EXP_2026_HOMEPAGE_RANK_V2,U022459,Treatment,2026-07-04,2026-07-09,True
EXP_2026_HOMEPAGE_RANK_V2,U024981,Control,2026-05-12,2026-05-15,True
EXP_2026_HOMEPAGE_RANK_V2,U010695,Control,2026-04-30,2026-05-01,True
EXP_2026_HOMEPAGE_RANK_V2,U016671,Control,2026-05-23,2026-05-27,True
EXP_2026_HOMEPAGE_RANK_V2,U007810,Treatment,2026-04-24,2026-04-28,True
EXP_2026_HOMEPAGE_RANK_V2,U019555,Treatment,2026-04-29,2026-04-29,True
EXP_2026_HOMEPAGE_RANK_V2,U024400,Control,2026-05-27,2026-05-30,True
EXP_2026_HOMEPAGE_RANK_V2,U008008,Treatment,2026-05-03,2026-05-04,True
EXP_2026_HOMEPAGE_RANK_V2,U001416,Treatment,2026-06-22,2026-06-25,True
EXP_2026_HOMEPAGE_RANK_V2,U018082,Control,2026-06-20,2026-06-21,True
EXP_2026_HOMEPAGE_RANK_V2,U003461,Control,2026-05-22,2026-05-25,True
EXP_2026_HOMEPAGE_RANK_V2,U019743,Control,2026-04-22,2026-04-22,True
EXP_2026_HOMEPAGE_RANK_V2,U020582,Control,2026-05-22,2026-05-26,True
EXP_2026_HOMEPAGE_RANK_V2,U010106,Control,2026-05-19,2026-05-24,True
EXP_2026_HOMEPAGE_RANK_V2,U009569,Treatment,2026-04-29,2026-05-04,True
EXP_2026_HOMEPAGE_RANK_V2,U016939,Control,2026-05-21,2026-05-22,True
EXP_2026_HOMEPAGE_RANK_V2,U013570,Treatment,2026-06-22,2026-06-22,True
EXP_2026_HOMEPAGE_RANK_V2,U009129,Treatment,2026-05-21,2026-05-25,True
EXP_2026_HOMEPAGE_RANK_V2,U009850,Control,2026-05-07,2026-05-10,True
EXP_2026_HOMEPAGE_RANK_V2,U005193,Treatment,2026-06-21,2026-06-25,True
EXP_2026_HOMEPAGE_RANK_V2,U013612,Control,2026-04-18,2026-04-18,True
EXP_2026_HOMEPAGE_RANK_V2,U011373,Treatment,2026-06-25,2026-06-25,True
EXP_2026_HOMEPAGE_RANK_V2,U007208,Control,2026-06-22,2026-06-24,True
EXP_2026_HOMEPAGE_RANK_V2,U024199,Control,2026-07-08,2026-07-12,True
EXP_2026_HOMEPAGE_RANK_V2,U016520,Treatment,2026-05-28,2026-05-29,True
EXP_2026_HOMEPAGE_RANK_V2,U006486,Treatment,2026-05-25,2026-05-26,True
EXP_2026_HOMEPAGE_RANK_V2,U018706,Treatment,2026-07-10,2026-07-14,True
EXP_2026_HOMEPAGE_RANK_V2,U023470,Control,2026-05-26,2026-05-28,True
EXP_2026_HOMEPAGE_RANK_V2,U010996,Treatment,2026-05-16,2026-05-16,True
EXP_2026_HOMEPAGE_RANK_V2,U000392,Treatment,2026-06-09,2026-06-12,True
EXP_2026_HOMEPAGE_RANK_V2,U008495,Treatment,2026-07-03,2026-07-05,True
EXP_2026_HOMEPAGE_RANK_V2,U008387,Control,2026-06-26,2026-06-26,True
EXP_2026_HOMEPAGE_RANK_V2,U007894,Treatment,2026-05-26,2026-05-27,True
EXP_2026_HOMEPAGE_RANK_V2,U011232,Control,2026-07-01,2026-07-06,True
EXP_2026_HOMEPAGE_RANK_V2,U011443,Treatment,2026-06-15,2026-06-16,True
EXP_2026_HOMEPAGE_RANK_V2,U020090,Treatment,2026-05-11,2026-05-12,True
EXP_2026_HOMEPAGE_RANK_V2,U021238,Control,2026-05-26,2026-05-27,True
EXP_2026_HOMEPAGE_RANK_V2,U003551,Treatment,2026-06-07,2026-06-10,True
EXP_2026_HOMEPAGE_RANK_V2,U022141,Control,2026-06-09,2026-06-11,True
EXP_2026_HOMEPAGE_RANK_V2,U011490,Treatment,2026-06-09,2026-06-12,True
EXP_2026_HOMEPAGE_RANK_V2,U010408,Control,2026-06-15,2026-06-20,True
EXP_2026_HOMEPAGE_RANK_V2,U019075,Treatment,2026-05-24,2026-05-25,True
EXP_2026_HOMEPAGE_RANK_V2,U023313,Treatment,2026-06-22,2026-06-25,True
EXP_2026_HOMEPAGE_RANK_V2,U011603,Control,2026-05-01,2026-05-04,False
EXP_2026_HOMEPAGE_RANK_V2,U002227,Control,2026-05-30,2026-06-03,True
EXP_2026_HOMEPAGE_RANK_V2,U019353,Control,2026-07-08,2026-07-13,True
EXP_2026_HOMEPAGE_RANK_V2,U021750,Treatment,2026-07-07,2026-07-10,True
EXP_2026_HOMEPAGE_RANK_V2,U024406,Control,2026-07-06,2026-07-11,True
EXP_2026_HOMEPAGE_RANK_V2,U010863,Control,2026-07-05,2026-07-05,True
EXP_2026_HOMEPAGE_RANK_V2,U020468,Control,2026-07-01,2026-07-05,True
EXP_2026_HOMEPAGE_RANK_V2,U015572,Treatment,2026-07-07,2026-07-08,True
EXP_2026_HOMEPAGE_RANK_V2,U008997,Control,2026-06-11,2026-06-11,True
EXP_2026_HOMEPAGE_RANK_V2,U003499,Treatment,2026-05-12,2026-05-16,True
EXP_2026_HOMEPAGE_RANK_V2,U013300,Control,2026-06-27,2026-06-27,True
EXP_2026_HOMEPAGE_RANK_V2,U022398,Treatment,2026-05-03,2026-05-03,True
EXP_2026_HOMEPAGE_RANK_V2,U001243,Treatment,2026-05-03,2026-05-07,True
EXP_2026_HOMEPAGE_RANK_V2,U000980,Control,2026-05-21,2026-05-23,True
EXP_2026_HOMEPAGE_RANK_V2,U015388,Treatment,2026-06-22,2026-06-25,True
EXP_2026_HOMEPAGE_RANK_V2,U015139,Control,2026-07-11,2026-07-11,True
EXP_2026_HOMEPAGE_RANK_V2,U012180,Treatment,2026-05-03,2026-05-03,True
EXP_2026_HOMEPAGE_RANK_V2,U011718,Control,2026-06-15,2026-06-17,True
EXP_2026_HOMEPAGE_RANK_V2,U004251,Control,2026-05-20,2026-05-24,True
EXP_2026_HOMEPAGE_RANK_V2,U010956,Treatment,2026-05-13,2026-05-14,True
EXP_2026_HOMEPAGE_RANK_V2,U004227,Treatment,2026-06-24,2026-06-27,True
EXP_2026_HOMEPAGE_RANK_V2,U024280,Treatment,2026-06-18,2026-06-23,True
EXP_2026_HOMEPAGE_RANK_V2,U020079,Treatment,2026-05-31,2026-06-02,True
EXP_2026_HOMEPAGE_RANK_V2,U020293,Treatment,2026-05-07,2026-05-12,True
EXP_2026_HOMEPAGE_RANK_V2,U024337,Treatment,2026-06-09,2026-06-13,True
EXP_2026_HOMEPAGE_RANK_V2,U004777,Treatment,2026-05-23,2026-05-26,True
EXP_2026_HOMEPAGE_RANK_V2,U014760,Control,2026-05-11,2026-05-11,True
EXP_2026_HOMEPAGE_RANK_V2,U022389,Control,2026-05-30,2026-06-02,True
EXP_2026_HOMEPAGE_RANK_V2,U014887,Treatment,2026-05-03,2026-05-07,True
EXP_2026_HOMEPAGE_RANK_V2,U000763,Treatment,2026-05-01,2026-05-01,True
EXP_2026_HOMEPAGE_RANK_V2,U006054,Control,2026-05-02,2026-05-04,True
EXP_2026_HOMEPAGE_RANK_V2,U011396,Control,2026-04-24,2026-04-29,True
EXP_2026_HOMEPAGE_RANK_V2,U022015,Treatment,2026-07-08,2026-07-13,True
EXP_2026_HOMEPAGE_RANK_V2,U002617,Treatment,2026-05-31,2026-06-01,True
EXP_2026_HOMEPAGE_RANK_V2,U005317,Control,2026-04-25,2026-04-27,True
EXP_2026_HOMEPAGE_RANK_V2,U016214,Treatment,2026-06-12,2026-06-17,True
EXP_2026_HOMEPAGE_RANK_V2,U005923,Treatment,2026-07-01,2026-07-02,True
EXP_2026_HOMEPAGE_RANK_V2,U013746,Control,2026-05-03,2026-05-08,False
EXP_2026_HOMEPAGE_RANK_V2,U022150,Treatment,2026-05-17,2026-05-17,True
EXP_2026_HOMEPAGE_RANK_V2,U016693,Treatment,2026-04-30,2026-05-01,True
EXP_2026_HOMEPAGE_RANK_V2,U008875,Treatment,2026-05-12,2026-05-13,True
EXP_2026_HOMEPAGE_RANK_V2,U007915,Control,2026-05-16,2026-05-16,True
EXP_2026_HOMEPAGE_RANK_V2,U009941,Control,2026-07-08,2026-07-08,True
EXP_2026_HOMEPAGE_RANK_V2,U019063,Control,2026-05-27,2026-06-01,True
EXP_2026_HOMEPAGE_RANK_V2,U001792,Control,2026-04-19,2026-04-21,True
EXP_2026_HOMEPAGE_RANK_V2,U011566,Control,2026-07-11,2026-07-13,True
EXP_2026_HOMEPAGE_RANK_V2,U014277,Treatment,2026-07-08,2026-07-09,True
EXP_2026_HOMEPAGE_RANK_V2,U012407,Control,2026-07-10,2026-07-10,True
EXP_2026_HOMEPAGE_RANK_V2,U003053,Control,2026-06-18,2026-06-23,True
EXP_2026_HOMEPAGE_RANK_V2,U012610,Control,2026-05-04,2026-05-07,True
EXP_2026_HOMEPAGE_RANK_V2,U014804,Control,2026-07-02,2026-07-03,True
EXP_2026_HOMEPAGE_RANK_V2,U015936,Treatment,2026-07-03,2026-07-06,True
EXP_2026_HOMEPAGE_RANK_V2,U022617,Treatment,2026-06-17,2026-06-21,True
EXP_2026_HOMEPAGE_RANK_V2,U008460,Treatment,2026-07-11,2026-07-15,True
EXP_2026_HOMEPAGE_RANK_V2,U023096,Treatment,2026-06-05,2026-06-05,True
EXP_2026_HOMEPAGE_RANK_V2,U012183,Control,2026-06-12,2026-06-12,True
EXP_2026_HOMEPAGE_RANK_V2,U016636,Control,2026-05-15,2026-05-17,True
EXP_2026_HOMEPAGE_RANK_V2,U022217,Treatment,2026-05-14,2026-05-18,True
EXP_2026_HOMEPAGE_RANK_V2,U017272,Control,2026-04-20,2026-04-21,True
EXP_2026_HOMEPAGE_RANK_V2,U018418,Treatment,2026-05-15,2026-05-18,True
EXP_2026_HOMEPAGE_RANK_V2,U002085,Treatment,2026-05-31,2026-06-01,True
EXP_2026_HOMEPAGE_RANK_V2,U003611,Control,2026-06-24,2026-06-27,True
EXP_2026_HOMEPAGE_RANK_V2,U024171,Control,2026-07-03,2026-07-05,True
EXP_2026_HOMEPAGE_RANK_V2,U003701,Treatment,2026-06-01,2026-06-05,True
EXP_2026_HOMEPAGE_RANK_V2,U001669,Control,2026-05-01,2026-05-05,True
EXP_2026_HOMEPAGE_RANK_V2,U006798,Treatment,2026-06-07,2026-06-08,True
EXP_2026_HOMEPAGE_RANK_V2,U006906,Treatment,2026-06-18,2026-06-20,True
EXP_2026_HOMEPAGE_RANK_V2,U023397,Treatment,2026-06-29,2026-07-01,True
EXP_2026_HOMEPAGE_RANK_V2,U024739,Treatment,2026-06-07,2026-06-10,True
EXP_2026_HOMEPAGE_RANK_V2,U008533,Treatment,2026-04-21,2026-04-21,True
EXP_2026_HOMEPAGE_RANK_V2,U008319,Treatment,2026-04-21,2026-04-26,True
EXP_2026_HOMEPAGE_RANK_V2,U013908,Control,2026-05-19,2026-05-24,True
EXP_2026_HOMEPAGE_RANK_V2,U015298,Control,2026-07-08,2026-07-13,True
EXP_2026_HOMEPAGE_RANK_V2,U006921,Control,2026-06-12,2026-06-15,True
EXP_2026_HOMEPAGE_RANK_V2,U022342,Treatment,2026-05-30,2026-06-03,True
EXP_2026_HOMEPAGE_RANK_V2,U006188,Control,2026-07-11,2026-07-11,True
EXP_2026_HOMEPAGE_RANK_V2,U012390,Control,2026-04-29,2026-05-03,True
EXP_2026_HOMEPAGE_RANK_V2,U011033,Treatment,2026-05-03,2026-05-05,True
EXP_2026_HOMEPAGE_RANK_V2,U020844,Control,2026-06-02,2026-06-04,True
EXP_2026_HOMEPAGE_RANK_V2,U020641,Control,2026-05-22,2026-05-23,True
EXP_2026_HOMEPAGE_RANK_V2,U022215,Control,2026-05-09,2026-05-11,True
EXP_2026_HOMEPAGE_RANK_V2,U007238,Treatment,2026-06-07,2026-06-11,True
EXP_2026_HOMEPAGE_RANK_V2,U021685,Control,2026-06-11,2026-06-15,True
EXP_2026_HOMEPAGE_RANK_V2,U017991,Treatment,2026-07-07,2026-07-11,True
EXP_2026_HOMEPAGE_RANK_V2,U010245,Treatment,2026-06-13,2026-06-16,True
EXP_2026_HOMEPAGE_RANK_V2,U006616,Control,2026-06-01,2026-06-02,True
EXP_2026_HOMEPAGE_RANK_V2,U008686,Control,2026-04-29,2026-04-30,True
EXP_2026_HOMEPAGE_RANK_V2,U007178,Control,2026-06-23,2026-06-24,True
EXP_2026_HOMEPAGE_RANK_V2,U012504,Treatment,2026-07-11,2026-07-16,True
EXP_2026_HOMEPAGE_RANK_V2,U022676,Treatment,2026-06-26,2026-06-30,False
EXP_2026_HOMEPAGE_RANK_V2,U009001,Treatment,2026-06-30,2026-07-01,True
EXP_2026_HOMEPAGE_RANK_V2,U015481,Treatment,2026-05-03,2026-05-07,True
EXP_2026_HOMEPAGE_RANK_V2,U003364,Treatment,2026-04-22,2026-04-24,True
EXP_2026_HOMEPAGE_RANK_V2,U004636,Treatment,2026-05-23,2026-05-28,True
EXP_2026_HOMEPAGE_RANK_V2,U019892,Control,2026-06-13,2026-06-16,True
EXP_2026_HOMEPAGE_RANK_V2,U003906,Treatment,2026-07-02,2026-07-07,True
EXP_2026_HOMEPAGE_RANK_V2,U003428,Treatment,2026-06-09,2026-06-13,False
EXP_2026_HOMEPAGE_RANK_V2,U020296,Control,2026-06-24,2026-06-24,True
EXP_2026_HOMEPAGE_RANK_V2,U005335,Treatment,2026-06-05,2026-06-07,False
EXP_2026_HOMEPAGE_RANK_V2,U021791,Control,2026-06-18,2026-06-20,True
EXP_2026_HOMEPAGE_RANK_V2,U021374,Treatment,2026-06-04,2026-06-05,True
EXP_2026_HOMEPAGE_RANK_V2,U021275,Control,2026-04-19,2026-04-24,True
EXP_2026_HOMEPAGE_RANK_V2,U016845,Control,2026-06-24,2026-06-27,True
EXP_2026_HOMEPAGE_RANK_V2,U005348,Control,2026-07-03,2026-07-05,True
EXP_2026_HOMEPAGE_RANK_V2,U022779,Treatment,2026-04-28,2026-05-03,True
EXP_2026_HOMEPAGE_RANK_V2,U007758,Treatment,2026-04-19,2026-04-20,True
EXP_2026_HOMEPAGE_RANK_V2,U000153,Control,2026-06-07,2026-06-07,True
EXP_2026_HOMEPAGE_RANK_V2,U016401,Treatment,2026-07-02,2026-07-06,True
EXP_2026_HOMEPAGE_RANK_V2,U021013,Control,2026-06-27,2026-06-29,True
EXP_2026_HOMEPAGE_RANK_V2,U004302,Control,2026-04-23,2026-04-28,True
EXP_2026_HOMEPAGE_RANK_V2,U001750,Control,2026-05-12,2026-05-12,True
EXP_2026_HOMEPAGE_RANK_V2,U017581,Control,2026-04-28,2026-05-03,False
EXP_2026_HOMEPAGE_RANK_V2,U016416,Treatment,2026-04-25,2026-04-26,True
EXP_2026_HOMEPAGE_RANK_V2,U018023,Treatment,2026-06-27,2026-06-28,True
EXP_2026_HOMEPAGE_RANK_V2,U003034,Treatment,2026-04-26,2026-04-27,True
EXP_2026_HOMEPAGE_RANK_V2,U011042,Treatment,2026-05-20,2026-05-22,True
EXP_2026_HOMEPAGE_RANK_V2,U021978,Treatment,2026-06-26,2026-06-27,True
EXP_2026_HOMEPAGE_RANK_V2,U019351,Control,2026-05-12,2026-05-15,True
EXP_2026_HOMEPAGE_RANK_V2,U009112,Treatment,2026-06-29,2026-06-29,True
EXP_2026_HOMEPAGE_RANK_V2,U000987,Control,2026-05-03,2026-05-05,True
EXP_2026_HOMEPAGE_RANK_V2,U008205,Treatment,2026-06-04,2026-06-07,True
EXP_2026_HOMEPAGE_RANK_V2,U022518,Control,2026-06-06,2026-06-07,True
EXP_2026_HOMEPAGE_RANK_V2,U006152,Control,2026-05-11,2026-05-13,True
EXP_2026_HOMEPAGE_RANK_V2,U012423,Control,2026-06-09,2026-06-13,True
EXP_2026_HOMEPAGE_RANK_V2,U024389,Control,2026-06-25,2026-06-28,True
EXP_2026_HOMEPAGE_RANK_V2,U012260,Treatment,2026-06-13,2026-06-13,True
EXP_2026_HOMEPAGE_RANK_V2,U021482,Treatment,2026-06-09,2026-06-13,True
EXP_2026_HOMEPAGE_RANK_V2,U023832,Treatment,2026-06-05,2026-06-10,True
EXP_2026_HOMEPAGE_RANK_V2,U011707,Treatment,2026-05-18,2026-05-23,True
EXP_2026_HOMEPAGE_RANK_V2,U001501,Treatment,2026-07-09,2026-07-12,True
EXP_2026_HOMEPAGE_RANK_V2,U000164,Control,2026-06-20,2026-06-22,True
EXP_2026_HOMEPAGE_RANK_V2,U011921,Treatment,2026-04-22,2026-04-27,True
EXP_2026_HOMEPAGE_RANK_V2,U008081,Control,2026-06-17,2026-06-19,True
EXP_2026_HOMEPAGE_RANK_V2,U023158,Treatment,2026-04-27,2026-04-29,True
EXP_2026_HOMEPAGE_RANK_V2,U010644,Treatment,2026-05-16,2026-05-21,True
EXP_2026_HOMEPAGE_RANK_V2,U011847,Control,2026-06-25,2026-06-26,True
EXP_2026_HOMEPAGE_RANK_V2,U018271,Control,2026-06-26,2026-06-26,True
EXP_2026_HOMEPAGE_RANK_V2,U001618,Treatment,2026-05-06,2026-05-07,True
EXP_2026_HOMEPAGE_RANK_V2,U024075,Treatment,2026-06-24,2026-06-24,True
EXP_2026_HOMEPAGE_RANK_V2,U015920,Control,2026-06-23,2026-06-26,True
EXP_2026_HOMEPAGE_RANK_V2,U022853,Control,2026-05-16,2026-05-18,True
EXP_2026_HOMEPAGE_RANK_V2,U007066,Treatment,2026-06-23,2026-06-25,True
EXP_2026_HOMEPAGE_RANK_V2,U001480,Treatment,2026-05-06,2026-05-06,False
EXP_2026_HOMEPAGE_RANK_V2,U005708,Control,2026-07-06,2026-07-11,True
EXP_2026_HOMEPAGE_RANK_V2,U022937,Control,2026-05-30,2026-06-04,True
EXP_2026_HOMEPAGE_RANK_V2,U001169,Control,2026-06-05,2026-06-07,True
EXP_2026_HOMEPAGE_RANK_V2,U011407,Control,2026-04-28,2026-05-03,True
EXP_2026_HOMEPAGE_RANK_V2,U003841,Control,2026-04-28,2026-04-29,True
EXP_2026_HOMEPAGE_RANK_V2,U019101,Control,2026-05-16,2026-05-17,True
EXP_2026_HOMEPAGE_RANK_V2,U010972,Control,2026-05-24,2026-05-28,True
EXP_2026_HOMEPAGE_RANK_V2,U001071,Treatment,2026-06-11,2026-06-14,True
EXP_2026_HOMEPAGE_RANK_V2,U015423,Treatment,2026-05-16,2026-05-17,False
EXP_2026_HOMEPAGE_RANK_V2,U012930,Treatment,2026-07-11,2026-07-16,False
EXP_2026_HOMEPAGE_RANK_V2,U004934,Control,2026-07-10,2026-07-12,True
EXP_2026_HOMEPAGE_RANK_V2,U017779,Control,2026-06-02,2026-06-06,True
EXP_2026_HOMEPAGE_RANK_V2,U001967,Control,2026-07-09,2026-07-13,True
EXP_2026_HOMEPAGE_RANK_V2,U010769,Treatment,2026-05-17,2026-05-22,True
EXP_2026_HOMEPAGE_RANK_V2,U013076,Control,2026-06-10,2026-06-15,True
EXP_2026_HOMEPAGE_RANK_V2,U002973,Control,2026-07-02,2026-07-06,True
EXP_2026_HOMEPAGE_RANK_V2,U019793,Control,2026-07-02,2026-07-02,True
EXP_2026_HOMEPAGE_RANK_V2,U019947,Treatment,2026-05-28,2026-05-31,True
EXP_2026_HOMEPAGE_RANK_V2,U019409,Control,2026-06-11,2026-06-12,True
EXP_2026_HOMEPAGE_RANK_V2,U021659,Control,2026-05-08,2026-05-08,True
EXP_2026_HOMEPAGE_RANK_V2,U015625,Control,2026-04-26,2026-04-28,True
EXP_2026_HOMEPAGE_RANK_V2,U013172,Treatment,2026-05-08,2026-05-12,True
EXP_2026_HOMEPAGE_RANK_V2,U010334,Control,2026-07-07,2026-07-10,True
EXP_2026_HOMEPAGE_RANK_V2,U022863,Control,2026-07-01,2026-07-02,True
EXP_2026_HOMEPAGE_RANK_V2,U007240,Treatment,2026-05-16,2026-05-16,True
EXP_2026_HOMEPAGE_RANK_V2,U013917,Treatment,2026-05-15,2026-05-18,True
EXP_2026_HOMEPAGE_RANK_V2,U015529,Control,2026-04-27,2026-04-28,True
EXP_2026_HOMEPAGE_RANK_V2,U012843,Treatment,2026-05-22,2026-05-22,True
EXP_2026_HOMEPAGE_RANK_V2,U004783,Control,2026-05-09,2026-05-10,True
EXP_2026_HOMEPAGE_RANK_V2,U020744,Treatment,2026-07-08,2026-07-11,True
EXP_2026_HOMEPAGE_RANK_V2,U007663,Treatment,2026-06-15,2026-06-19,True
EXP_2026_HOMEPAGE_RANK_V2,U024998,Control,2026-07-08,2026-07-11,True
EXP_2026_HOMEPAGE_RANK_V2,U004554,Control,2026-05-31,2026-05-31,True
EXP_2026_HOMEPAGE_RANK_V2,U001578,Treatment,2026-06-19,2026-06-20,True
EXP_2026_HOMEPAGE_RANK_V2,U000232,Treatment,2026-06-15,2026-06-15,True
EXP_2026_HOMEPAGE_RANK_V2,U001887,Treatment,2026-06-21,2026-06-26,True
EXP_2026_HOMEPAGE_RANK_V2,U000179,Treatment,2026-06-25,2026-06-29,True
EXP_2026_HOMEPAGE_RANK_V2,U016905,Control,2026-04-28,2026-05-03,True
EXP_2026_HOMEPAGE_RANK_V2,U012602,Control,2026-04-26,2026-04-29,True
EXP_2026_HOMEPAGE_RANK_V2,U000476,Treatment,2026-04-28,2026-04-29,True
EXP_2026_HOMEPAGE_RANK_V2,U019030,Treatment,2026-06-11,2026-06-14,True
EXP_2026_HOMEPAGE_RANK_V2,U000507,Control,2026-05-16,2026-05-19,True
EXP_2026_HOMEPAGE_RANK_V2,U011204,Control,2026-05-20,2026-05-24,True
EXP_2026_HOMEPAGE_RANK_V2,U005456,Control,2026-06-12,2026-06-14,True
EXP_2026_HOMEPAGE_RANK_V2,U006386,Control,2026-05-21,2026-05-23,True
EXP_2026_HOMEPAGE_RANK_V2,U015290,Control,2026-04-22,2026-04-25,True
EXP_2026_HOMEPAGE_RANK_V2,U022588,Control,2026-04-28,2026-05-01,True
EXP_2026_HOMEPAGE_RANK_V2,U009749,Control,2026-05-06,2026-05-10,True
EXP_2026_HOMEPAGE_RANK_V2,U024139,Treatment,2026-04-22,2026-04-22,True
EXP_2026_HOMEPAGE_RANK_V2,U003763,Treatment,2026-06-27,2026-07-01,True
EXP_2026_HOMEPAGE_RANK_V2,U024178,Control,2026-06-04,2026-06-08,True
EXP_2026_HOMEPAGE_RANK_V2,U020117,Treatment,2026-06-03,2026-06-08,True
EXP_2026_HOMEPAGE_RANK_V2,U014314,Treatment,2026-04-24,2026-04-25,True
EXP_2026_HOMEPAGE_RANK_V2,U021755,Treatment,2026-04-27,2026-04-30,True
EXP_2026_HOMEPAGE_RANK_V2,U013048,Treatment,2026-06-25,2026-06-26,True
EXP_2026_HOMEPAGE_RANK_V2,U005257,Treatment,2026-05-12,2026-05-15,True
EXP_2026_HOMEPAGE_RANK_V2,U016733,Treatment,2026-06-24,2026-06-28,True
EXP_2026_HOMEPAGE_RANK_V2,U015738,Control,2026-06-18,2026-06-23,True
EXP_2026_HOMEPAGE_RANK_V2,U006919,Treatment,2026-05-21,2026-05-21,True
EXP_2026_HOMEPAGE_RANK_V2,U018197,Treatment,2026-06-09,2026-06-12,True
EXP_2026_HOMEPAGE_RANK_V2,U022726,Control,2026-05-02,2026-05-06,True
EXP_2026_HOMEPAGE_RANK_V2,U017616,Control,2026-06-02,2026-06-02,True
EXP_2026_HOMEPAGE_RANK_V2,U021970,Control,2026-05-29,2026-06-01,True
EXP_2026_HOMEPAGE_RANK_V2,U007933,Control,2026-07-09,2026-07-11,True
EXP_2026_HOMEPAGE_RANK_V2,U004667,Treatment,2026-05-29,2026-05-29,True
EXP_2026_HOMEPAGE_RANK_V2,U015301,Treatment,2026-05-19,2026-05-22,True
EXP_2026_HOMEPAGE_RANK_V2,U012289,Treatment,2026-07-10,2026-07-13,True
EXP_2026_HOMEPAGE_RANK_V2,U017511,Treatment,2026-06-30,2026-07-03,True
EXP_2026_HOMEPAGE_RANK_V2,U005484,Control,2026-04-21,2026-04-24,True
EXP_2026_HOMEPAGE_RANK_V2,U006857,Control,2026-05-17,2026-05-22,True
EXP_2026_HOMEPAGE_RANK_V2,U024315,Control,2026-05-01,2026-05-03,True
EXP_2026_HOMEPAGE_RANK_V2,U022623,Control,2026-05-25,2026-05-30,True
EXP_2026_HOMEPAGE_RANK_V2,U014763,Treatment,2026-07-03,2026-07-08,True
EXP_2026_HOMEPAGE_RANK_V2,U018066,Control,2026-05-10,2026-05-14,True
EXP_2026_HOMEPAGE_RANK_V2,U012776,Treatment,2026-06-15,2026-06-18,True
EXP_2026_HOMEPAGE_RANK_V2,U003980,Control,2026-05-10,2026-05-10,True
EXP_2026_HOMEPAGE_RANK_V2,U005277,Treatment,2026-06-20,2026-06-25,True
EXP_2026_HOMEPAGE_RANK_V2,U019558,Treatment,2026-05-03,2026-05-04,True
EXP_2026_HOMEPAGE_RANK_V2,U009407,Control,2026-04-22,2026-04-23,True
EXP_2026_HOMEPAGE_RANK_V2,U010087,Control,2026-05-20,2026-05-25,True
EXP_2026_HOMEPAGE_RANK_V2,U006727,Control,2026-06-05,2026-06-09,True
EXP_2026_HOMEPAGE_RANK_V2,U007914,Control,2026-05-09,2026-05-10,False
EXP_2026_HOMEPAGE_RANK_V2,U006460,Treatment,2026-06-14,2026-06-18,True
EXP_2026_HOMEPAGE_RANK_V2,U001471,Treatment,2026-06-08,2026-06-13,True
EXP_2026_HOMEPAGE_RANK_V2,U023281,Treatment,2026-04-23,2026-04-23,True
EXP_2026_HOMEPAGE_RANK_V2,U017179,Control,2026-04-27,2026-04-30,True
EXP_2026_HOMEPAGE_RANK_V2,U011229,Treatment,2026-07-04,2026-07-07,True
EXP_2026_HOMEPAGE_RANK_V2,U014461,Control,2026-05-17,2026-05-19,True
EXP_2026_HOMEPAGE_RANK_V2,U021966,Control,2026-06-20,2026-06-22,False
EXP_2026_HOMEPAGE_RANK_V2,U007005,Treatment,2026-06-02,2026-06-07,True
EXP_2026_HOMEPAGE_RANK_V2,U006026,Control,2026-06-29,2026-06-30,True
EXP_2026_HOMEPAGE_RANK_V2,U014345,Treatment,2026-04-30,2026-05-01,True
EXP_2026_HOMEPAGE_RANK_V2,U003038,Treatment,2026-04-28,2026-05-01,True
EXP_2026_HOMEPAGE_RANK_V2,U011538,Control,2026-07-04,2026-07-08,True
EXP_2026_HOMEPAGE_RANK_V2,U014739,Control,2026-06-19,2026-06-20,True
EXP_2026_HOMEPAGE_RANK_V2,U022412,Treatment,2026-05-06,2026-05-08,True
EXP_2026_HOMEPAGE_RANK_V2,U022631,Control,2026-07-03,2026-07-05,True
EXP_2026_HOMEPAGE_RANK_V2,U018485,Treatment,2026-04-26,2026-04-26,True
EXP_2026_HOMEPAGE_RANK_V2,U004739,Treatment,2026-05-23,2026-05-28,True
EXP_2026_HOMEPAGE_RANK_V2,U021153,Control,2026-05-10,2026-05-15,True
EXP_2026_HOMEPAGE_RANK_V2,U020634,Treatment,2026-05-20,2026-05-21,True
EXP_2026_HOMEPAGE_RANK_V2,U008674,Treatment,2026-06-06,2026-06-09,True
EXP_2026_HOMEPAGE_RANK_V2,U011755,Control,2026-04-19,2026-04-23,True
EXP_2026_HOMEPAGE_RANK_V2,U020488,Treatment,2026-07-04,2026-07-06,True
EXP_2026_HOMEPAGE_RANK_V2,U008423,Control,2026-05-12,2026-05-17,True
EXP_2026_HOMEPAGE_RANK_V2,U001879,Control,2026-07-10,2026-07-15,True
EXP_2026_HOMEPAGE_RANK_V2,U022007,Control,2026-06-01,2026-06-06,True
EXP_2026_HOMEPAGE_RANK_V2,U001140,Treatment,2026-05-07,2026-05-11,True
EXP_2026_HOMEPAGE_RANK_V2,U019477,Treatment,2026-05-23,2026-05-27,False
EXP_2026_HOMEPAGE_RANK_V2,U011883,Treatment,2026-05-15,2026-05-18,True
EXP_2026_HOMEPAGE_RANK_V2,U004256,Control,2026-07-06,2026-07-10,True
EXP_2026_HOMEPAGE_RANK_V2,U002277,Treatment,2026-05-20,2026-05-22,True
EXP_2026_HOMEPAGE_RANK_V2,U004247,Control,2026-04-19,2026-04-22,True
EXP_2026_HOMEPAGE_RANK_V2,U011569,Control,2026-06-16,2026-06-18,True
EXP_2026_HOMEPAGE_RANK_V2,U010504,Treatment,2026-06-26,2026-06-29,True
EXP_2026_HOMEPAGE_RANK_V2,U011257,Treatment,2026-07-07,2026-07-12,True
EXP_2026_HOMEPAGE_RANK_V2,U017023,Control,2026-07-03,2026-07-05,True
EXP_2026_HOMEPAGE_RANK_V2,U023550,Treatment,2026-06-30,2026-07-01,True
EXP_2026_HOMEPAGE_RANK_V2,U008128,Treatment,2026-07-05,2026-07-05,True
EXP_2026_HOMEPAGE_RANK_V2,U012408,Control,2026-06-18,2026-06-22,True
EXP_2026_HOMEPAGE_RANK_V2,U021936,Control,2026-05-14,2026-05-19,True
EXP_2026_HOMEPAGE_RANK_V2,U018208,Control,2026-06-23,2026-06-24,True
EXP_2026_HOMEPAGE_RANK_V2,U011086,Treatment,2026-06-27,2026-07-02,True
EXP_2026_HOMEPAGE_RANK_V2,U005837,Treatment,2026-04-30,2026-05-04,True
EXP_2026_HOMEPAGE_RANK_V2,U015434,Treatment,2026-06-03,2026-06-05,True
EXP_2026_HOMEPAGE_RANK_V2,U018702,Control,2026-05-14,2026-05-16,True
EXP_2026_HOMEPAGE_RANK_V2,U002075,Control,2026-05-18,2026-05-19,True
EXP_2026_HOMEPAGE_RANK_V2,U014397,Control,2026-04-23,2026-04-26,True
EXP_2026_HOMEPAGE_RANK_V2,U005136,Control,2026-05-09,2026-05-09,True
EXP_2026_HOMEPAGE_RANK_V2,U011699,Treatment,2026-05-25,2026-05-27,True
EXP_2026_HOMEPAGE_RANK_V2,U002323,Control,2026-05-16,2026-05-20,True
EXP_2026_HOMEPAGE_RANK_V2,U014179,Control,2026-04-30,2026-05-05,True
EXP_2026_HOMEPAGE_RANK_V2,U017798,Control,2026-06-05,2026-06-07,True
EXP_2026_HOMEPAGE_RANK_V2,U001993,Treatment,2026-05-31,2026-05-31,True
EXP_2026_HOMEPAGE_RANK_V2,U007614,Control,2026-07-01,2026-07-06,True
EXP_2026_HOMEPAGE_RANK_V2,U004494,Control,2026-05-29,2026-06-02,True
EXP_2026_HOMEPAGE_RANK_V2,U018630,Treatment,2026-06-23,2026-06-27,True
EXP_2026_HOMEPAGE_RANK_V2,U001388,Control,2026-07-07,2026-07-12,True
EXP_2026_HOMEPAGE_RANK_V2,U008791,Treatment,2026-05-06,2026-05-06,True
EXP_2026_HOMEPAGE_RANK_V2,U007342,Control,2026-06-23,2026-06-24,True
EXP_2026_HOMEPAGE_RANK_V2,U000124,Treatment,2026-05-21,2026-05-22,True
EXP_2026_HOMEPAGE_RANK_V2,U022079,Treatment,2026-05-04,2026-05-04,True
EXP_2026_HOMEPAGE_RANK_V2,U018015,Control,2026-05-07,2026-05-10,True
EXP_2026_HOMEPAGE_RANK_V2,U003542,Control,2026-06-03,2026-06-03,True
EXP_2026_HOMEPAGE_RANK_V2,U023225,Control,2026-04-19,2026-04-19,True
EXP_2026_HOMEPAGE_RANK_V2,U013835,Control,2026-07-03,2026-07-06,True
EXP_2026_HOMEPAGE_RANK_V2,U024779,Control,2026-06-01,2026-06-03,True
EXP_2026_HOMEPAGE_RANK_V2,U007239,Treatment,2026-06-10,2026-06-10,True
EXP_2026_HOMEPAGE_RANK_V2,U017500,Treatment,2026-05-20,2026-05-21,True
EXP_2026_HOMEPAGE_RANK_V2,U015966,Treatment,2026-07-08,2026-07-12,True
EXP_2026_HOMEPAGE_RANK_V2,U005489,Treatment,2026-05-05,2026-05-05,True
EXP_2026_HOMEPAGE_RANK_V2,U018887,Control,2026-07-09,2026-07-09,True
EXP_2026_HOMEPAGE_RANK_V2,U001850,Control,2026-06-19,2026-06-23,True
EXP_2026_HOMEPAGE_RANK_V2,U022112,Control,2026-06-07,2026-06-10,True
EXP_2026_HOMEPAGE_RANK_V2,U019960,Treatment,2026-07-08,2026-07-10,True
EXP_2026_HOMEPAGE_RANK_V2,U001452,Treatment,2026-05-29,2026-06-02,True
EXP_2026_HOMEPAGE_RANK_V2,U015689,Control,2026-05-04,2026-05-08,True
EXP_2026_HOMEPAGE_RANK_V2,U012993,Treatment,2026-06-19,2026-06-22,True
EXP_2026_HOMEPAGE_RANK_V2,U016302,Control,2026-05-18,2026-05-23,True
EXP_2026_HOMEPAGE_RANK_V2,U021261,Treatment,2026-06-02,2026-06-06,True
EXP_2026_HOMEPAGE_RANK_V2,U014614,Treatment,2026-06-15,2026-06-18,True
EXP_2026_HOMEPAGE_RANK_V2,U007367,Control,2026-05-28,2026-05-28,True
EXP_2026_HOMEPAGE_RANK_V2,U011649,Treatment,2026-07-04,2026-07-06,True
EXP_2026_HOMEPAGE_RANK_V2,U023356,Treatment,2026-06-04,2026-06-05,True
EXP_2026_HOMEPAGE_RANK_V2,U018641,Treatment,2026-06-06,2026-06-06,True
EXP_2026_HOMEPAGE_RANK_V2,U017337,Control,2026-05-13,2026-05-16,True
EXP_2026_HOMEPAGE_RANK_V2,U010506,Control,2026-05-11,2026-05-12,True
EXP_2026_HOMEPAGE_RANK_V2,U022470,Control,2026-06-13,2026-06-16,True
EXP_2026_HOMEPAGE_RANK_V2,U000913,Control,2026-07-02,2026-07-05,True
EXP_2026_HOMEPAGE_RANK_V2,U009527,Control,2026-06-10,2026-06-12,True
EXP_2026_HOMEPAGE_RANK_V2,U016024,Treatment,2026-06-19,2026-06-23,True
EXP_2026_HOMEPAGE_RANK_V2,U012616,Treatment,2026-06-02,2026-06-07,True
EXP_2026_HOMEPAGE_RANK_V2,U021636,Control,2026-05-08,2026-05-12,True
EXP_2026_HOMEPAGE_RANK_V2,U007834,Treatment,2026-05-19,2026-05-24,True
EXP_2026_HOMEPAGE_RANK_V2,U004596,Control,2026-06-22,2026-06-26,True
EXP_2026_HOMEPAGE_RANK_V2,U011359,Treatment,2026-04-18,2026-04-23,True
EXP_2026_HOMEPAGE_RANK_V2,U016079,Treatment,2026-07-08,2026-07-12,True
EXP_2026_HOMEPAGE_RANK_V2,U019795,Control,2026-04-30,2026-05-04,True
EXP_2026_HOMEPAGE_RANK_V2,U018952,Treatment,2026-07-09,2026-07-11,True
EXP_2026_HOMEPAGE_RANK_V2,U012830,Control,2026-06-06,2026-06-06,True
EXP_2026_HOMEPAGE_RANK_V2,U000774,Control,2026-06-03,2026-06-07,True
EXP_2026_HOMEPAGE_RANK_V2,U007154,Control,2026-05-31,2026-06-05,True
EXP_2026_HOMEPAGE_RANK_V2,U011274,Treatment,2026-05-24,2026-05-24,True
EXP_2026_HOMEPAGE_RANK_V2,U023782,Control,2026-06-18,2026-06-20,True
EXP_2026_HOMEPAGE_RANK_V2,U008755,Control,2026-06-27,2026-07-02,True
EXP_2026_HOMEPAGE_RANK_V2,U000576,Treatment,2026-06-13,2026-06-14,True
EXP_2026_HOMEPAGE_RANK_V2,U004336,Treatment,2026-05-06,2026-05-11,True
EXP_2026_HOMEPAGE_RANK_V2,U016953,Control,2026-06-11,2026-06-14,True
EXP_2026_HOMEPAGE_RANK_V2,U014720,Treatment,2026-05-12,2026-05-14,True
EXP_2026_HOMEPAGE_RANK_V2,U017897,Treatment,2026-06-24,2026-06-29,True
EXP_2026_HOMEPAGE_RANK_V2,U002981,Control,2026-05-21,2026-05-23,True
EXP_2026_HOMEPAGE_RANK_V2,U016982,Control,2026-05-14,2026-05-14,True
EXP_2026_HOMEPAGE_RANK_V2,U001426,Treatment,2026-05-06,2026-05-11,True
EXP_2026_HOMEPAGE_RANK_V2,U009571,Treatment,2026-05-25,2026-05-28,True
EXP_2026_HOMEPAGE_RANK_V2,U009665,Treatment,2026-06-18,2026-06-20,True
EXP_2026_HOMEPAGE_RANK_V2,U024379,Control,2026-05-25,2026-05-26,True
EXP_2026_HOMEPAGE_RANK_V2,U009736,Control,2026-04-25,2026-04-29,True
EXP_2026_HOMEPAGE_RANK_V2,U007321,Control,2026-07-09,2026-07-09,True
EXP_2026_HOMEPAGE_RANK_V2,U001983,Control,2026-04-18,2026-04-18,True
EXP_2026_HOMEPAGE_RANK_V2,U008643,Control,2026-05-07,2026-05-11,True
EXP_2026_HOMEPAGE_RANK_V2,U015873,Treatment,2026-05-25,2026-05-26,True
EXP_2026_HOMEPAGE_RANK_V2,U002746,Treatment,2026-05-04,2026-05-04,True
EXP_2026_HOMEPAGE_RANK_V2,U013941,Control,2026-04-28,2026-05-03,True
EXP_2026_HOMEPAGE_RANK_V2,U020613,Treatment,2026-05-25,2026-05-29,True
EXP_2026_HOMEPAGE_RANK_V2,U002414,Treatment,2026-04-30,2026-05-03,False
EXP_2026_HOMEPAGE_RANK_V2,U016135,Control,2026-04-28,2026-05-01,True
EXP_2026_HOMEPAGE_RANK_V2,U023798,Control,2026-05-29,2026-05-31,True
EXP_2026_HOMEPAGE_RANK_V2,U011958,Control,2026-05-16,2026-05-18,True
EXP_2026_HOMEPAGE_RANK_V2,U002197,Control,2026-05-30,2026-05-31,True
EXP_2026_HOMEPAGE_RANK_V2,U015424,Treatment,2026-06-05,2026-06-10,True
EXP_2026_HOMEPAGE_RANK_V2,U010331,Control,2026-05-08,2026-05-13,True
EXP_2026_HOMEPAGE_RANK_V2,U001938,Control,2026-04-21,2026-04-26,True
EXP_2026_HOMEPAGE_RANK_V2,U018839,Treatment,2026-04-23,2026-04-27,False
EXP_2026_HOMEPAGE_RANK_V2,U012154,Control,2026-06-21,2026-06-21,False
EXP_2026_HOMEPAGE_RANK_V2,U004622,Treatment,2026-05-13,2026-05-13,True
EXP_2026_HOMEPAGE_RANK_V2,U011861,Control,2026-06-14,2026-06-14,True
EXP_2026_HOMEPAGE_RANK_V2,U010130,Treatment,2026-05-20,2026-05-21,True
EXP_2026_HOMEPAGE_RANK_V2,U023295,Treatment,2026-06-25,2026-06-29,True
EXP_2026_HOMEPAGE_RANK_V2,U016402,Control,2026-04-23,2026-04-25,True
EXP_2026_HOMEPAGE_RANK_V2,U001567,Control,2026-04-19,2026-04-23,True
EXP_2026_HOMEPAGE_RANK_V2,U002217,Control,2026-05-03,2026-05-03,True
EXP_2026_HOMEPAGE_RANK_V2,U015270,Treatment,2026-06-19,2026-06-24,True
EXP_2026_HOMEPAGE_RANK_V2,U017118,Control,2026-06-05,2026-06-05,True
EXP_2026_HOMEPAGE_RANK_V2,U020308,Control,2026-06-22,2026-06-27,True
EXP_2026_HOMEPAGE_RANK_V2,U005518,Treatment,2026-06-27,2026-07-01,True
EXP_2026_HOMEPAGE_RANK_V2,U022955,Treatment,2026-06-24,2026-06-25,True
EXP_2026_HOMEPAGE_RANK_V2,U006776,Treatment,2026-07-09,2026-07-11,True
EXP_2026_HOMEPAGE_RANK_V2,U002274,Treatment,2026-06-27,2026-06-28,True
EXP_2026_HOMEPAGE_RANK_V2,U002461,Control,2026-04-30,2026-04-30,True
EXP_2026_HOMEPAGE_RANK_V2,U019828,Treatment,2026-05-01,2026-05-03,True
EXP_2026_HOMEPAGE_RANK_V2,U009937,Treatment,2026-06-14,2026-06-14,True
EXP_2026_HOMEPAGE_RANK_V2,U024781,Treatment,2026-06-06,2026-06-10,True
EXP_2026_HOMEPAGE_RANK_V2,U002391,Control,2026-05-19,2026-05-20,True
EXP_2026_HOMEPAGE_RANK_V2,U021877,Treatment,2026-04-26,2026-04-30,True
EXP_2026_HOMEPAGE_RANK_V2,U005715,Treatment,2026-05-17,2026-05-22,True
EXP_2026_HOMEPAGE_RANK_V2,U021716,Control,2026-04-24,2026-04-27,True
EXP_2026_HOMEPAGE_RANK_V2,U022446,Control,2026-05-24,2026-05-27,True
EXP_2026_HOMEPAGE_RANK_V2,U011235,Control,2026-06-21,2026-06-25,True
EXP_2026_HOMEPAGE_RANK_V2,U018957,Treatment,2026-06-25,2026-06-28,True
EXP_2026_HOMEPAGE_RANK_V2,U022753,Treatment,2026-04-22,2026-04-23,True
EXP_2026_HOMEPAGE_RANK_V2,U024304,Treatment,2026-05-28,2026-06-01,True
EXP_2026_HOMEPAGE_RANK_V2,U004811,Treatment,2026-04-25,2026-04-26,True
EXP_2026_HOMEPAGE_RANK_V2,U006304,Treatment,2026-04-30,2026-04-30,True
EXP_2026_HOMEPAGE_RANK_V2,U020242,Treatment,2026-07-05,2026-07-08,True
EXP_2026_HOMEPAGE_RANK_V2,U002629,Control,2026-04-28,2026-04-30,True
EXP_2026_HOMEPAGE_RANK_V2,U022683,Treatment,2026-07-05,2026-07-06,False
EXP_2026_HOMEPAGE_RANK_V2,U016425,Control,2026-07-06,2026-07-07,True
EXP_2026_HOMEPAGE_RANK_V2,U018913,Control,2026-05-26,2026-05-29,True
EXP_2026_HOMEPAGE_RANK_V2,U002387,Treatment,2026-06-15,2026-06-20,True
EXP_2026_HOMEPAGE_RANK_V2,U003723,Treatment,2026-06-23,2026-06-23,True
EXP_2026_HOMEPAGE_RANK_V2,U000977,Control,2026-07-11,2026-07-13,True
EXP_2026_HOMEPAGE_RANK_V2,U010539,Treatment,2026-05-14,2026-05-17,False
EXP_2026_HOMEPAGE_RANK_V2,U010167,Treatment,2026-05-20,2026-05-21,True
EXP_2026_HOMEPAGE_RANK_V2,U019251,Control,2026-05-26,2026-05-28,True
EXP_2026_HOMEPAGE_RANK_V2,U019177,Treatment,2026-04-25,2026-04-26,True
EXP_2026_HOMEPAGE_RANK_V2,U007481,Control,2026-04-22,2026-04-25,True
EXP_2026_HOMEPAGE_RANK_V2,U019776,Control,2026-06-07,2026-06-12,True
EXP_2026_HOMEPAGE_RANK_V2,U001932,Control,2026-04-20,2026-04-21,True
EXP_2026_HOMEPAGE_RANK_V2,U006584,Control,2026-06-03,2026-06-04,True
EXP_2026_HOMEPAGE_RANK_V2,U008893,Control,2026-06-12,2026-06-15,True
EXP_2026_HOMEPAGE_RANK_V2,U016357,Treatment,2026-06-21,2026-06-26,True
EXP_2026_HOMEPAGE_RANK_V2,U009876,Control,2026-05-17,2026-05-22,True
EXP_2026_HOMEPAGE_RANK_V2,U008375,Treatment,2026-06-09,2026-06-10,True
EXP_2026_HOMEPAGE_RANK_V2,U022196,Treatment,2026-06-10,2026-06-15,True
EXP_2026_HOMEPAGE_RANK_V2,U013870,Treatment,2026-06-19,2026-06-19,True
EXP_2026_HOMEPAGE_RANK_V2,U004048,Control,2026-07-02,2026-07-07,True
EXP_2026_HOMEPAGE_RANK_V2,U008354,Treatment,2026-07-01,2026-07-04,True
EXP_2026_HOMEPAGE_RANK_V2,U001969,Control,2026-06-21,2026-06-26,True
EXP_2026_HOMEPAGE_RANK_V2,U003887,Treatment,2026-06-11,2026-06-15,True
EXP_2026_HOMEPAGE_RANK_V2,U009605,Treatment,2026-06-28,2026-07-03,True
EXP_2026_HOMEPAGE_RANK_V2,U021943,Treatment,2026-05-19,2026-05-19,True
EXP_2026_HOMEPAGE_RANK_V2,U022941,Treatment,2026-05-26,2026-05-28,True
EXP_2026_HOMEPAGE_RANK_V2,U013822,Treatment,2026-06-03,2026-06-07,True
EXP_2026_HOMEPAGE_RANK_V2,U009879,Control,2026-05-19,2026-05-19,True
EXP_2026_HOMEPAGE_RANK_V2,U019031,Treatment,2026-05-08,2026-05-09,True
EXP_2026_HOMEPAGE_RANK_V2,U022487,Treatment,2026-04-30,2026-05-02,True
EXP_2026_HOMEPAGE_RANK_V2,U020569,Control,2026-06-17,2026-06-18,True
EXP_2026_HOMEPAGE_RANK_V2,U008688,Control,2026-04-29,2026-04-29,True
EXP_2026_HOMEPAGE_RANK_V2,U019448,Treatment,2026-07-07,2026-07-10,True
EXP_2026_HOMEPAGE_RANK_V2,U014728,Treatment,2026-04-20,2026-04-22,False
EXP_2026_HOMEPAGE_RANK_V2,U005388,Control,2026-07-09,2026-07-12,True
EXP_2026_HOMEPAGE_RANK_V2,U003584,Treatment,2026-05-26,2026-05-31,True
EXP_2026_HOMEPAGE_RANK_V2,U004903,Treatment,2026-06-06,2026-06-06,True
EXP_2026_HOMEPAGE_RANK_V2,U012559,Treatment,2026-04-26,2026-04-26,True
EXP_2026_HOMEPAGE_RANK_V2,U013391,Control,2026-04-18,2026-04-18,True
EXP_2026_HOMEPAGE_RANK_V2,U010950,Treatment,2026-05-17,2026-05-17,True
EXP_2026_HOMEPAGE_RANK_V2,U004853,Control,2026-06-05,2026-06-07,True
EXP_2026_HOMEPAGE_RANK_V2,U016913,Treatment,2026-05-01,2026-05-01,True
EXP_2026_HOMEPAGE_RANK_V2,U003813,Treatment,2026-04-22,2026-04-26,False
EXP_2026_HOMEPAGE_RANK_V2,U001724,Control,2026-06-26,2026-06-27,True
EXP_2026_HOMEPAGE_RANK_V2,U016575,Treatment,2026-06-17,2026-06-19,True
EXP_2026_HOMEPAGE_RANK_V2,U017246,Treatment,2026-07-09,2026-07-11,True
EXP_2026_HOMEPAGE_RANK_V2,U013669,Treatment,2026-05-11,2026-05-14,True
EXP_2026_HOMEPAGE_RANK_V2,U021592,Treatment,2026-06-18,2026-06-23,True
EXP_2026_HOMEPAGE_RANK_V2,U010715,Control,2026-05-27,2026-05-28,True
EXP_2026_HOMEPAGE_RANK_V2,U014288,Control,2026-05-19,2026-05-20,True
EXP_2026_HOMEPAGE_RANK_V2,U009417,Treatment,2026-05-19,2026-05-20,True
EXP_2026_HOMEPAGE_RANK_V2,U017311,Control,2026-06-18,2026-06-18,True
EXP_2026_HOMEPAGE_RANK_V2,U009419,Control,2026-06-18,2026-06-22,True
EXP_2026_HOMEPAGE_RANK_V2,U001674,Treatment,2026-05-10,2026-05-15,True
EXP_2026_HOMEPAGE_RANK_V2,U021658,Treatment,2026-05-13,2026-05-14,True
EXP_2026_HOMEPAGE_RANK_V2,U005764,Treatment,2026-05-15,2026-05-15,True
EXP_2026_HOMEPAGE_RANK_V2,U009934,Treatment,2026-05-26,2026-05-26,False
EXP_2026_HOMEPAGE_RANK_V2,U020225,Treatment,2026-06-14,2026-06-14,True
EXP_2026_HOMEPAGE_RANK_V2,U004780,Control,2026-06-25,2026-06-26,True
EXP_2026_HOMEPAGE_RANK_V2,U013890,Control,2026-05-05,2026-05-06,True
EXP_2026_HOMEPAGE_RANK_V2,U021155,Treatment,2026-05-21,2026-05-23,True
EXP_2026_HOMEPAGE_RANK_V2,U008413,Control,2026-05-29,2026-06-02,True
EXP_2026_HOMEPAGE_RANK_V2,U005211,Treatment,2026-05-21,2026-05-26,True
EXP_2026_HOMEPAGE_RANK_V2,U023012,Treatment,2026-06-04,2026-06-08,False
EXP_2026_HOMEPAGE_RANK_V2,U024488,Control,2026-05-24,2026-05-24,True
EXP_2026_HOMEPAGE_RANK_V2,U013505,Control,2026-05-22,2026-05-24,True
EXP_2026_HOMEPAGE_RANK_V2,U016549,Treatment,2026-05-31,2026-06-04,True
EXP_2026_HOMEPAGE_RANK_V2,U024074,Treatment,2026-05-18,2026-05-21,True
EXP_2026_HOMEPAGE_RANK_V2,U005646,Treatment,2026-06-18,2026-06-19,True
EXP_2026_HOMEPAGE_RANK_V2,U017412,Control,2026-04-19,2026-04-20,True
EXP_2026_HOMEPAGE_RANK_V2,U006335,Control,2026-06-17,2026-06-20,True
EXP_2026_HOMEPAGE_RANK_V2,U008158,Control,2026-06-11,2026-06-14,True
EXP_2026_HOMEPAGE_RANK_V2,U000786,Control,2026-06-10,2026-06-15,True
EXP_2026_HOMEPAGE_RANK_V2,U020330,Treatment,2026-06-18,2026-06-23,True
EXP_2026_HOMEPAGE_RANK_V2,U008182,Control,2026-05-10,2026-05-15,True
EXP_2026_HOMEPAGE_RANK_V2,U014228,Control,2026-06-16,2026-06-17,True
EXP_2026_HOMEPAGE_RANK_V2,U001488,Control,2026-07-09,2026-07-11,True
EXP_2026_HOMEPAGE_RANK_V2,U011220,Control,2026-06-10,2026-06-11,True
EXP_2026_HOMEPAGE_RANK_V2,U011527,Control,2026-05-03,2026-05-05,True
EXP_2026_HOMEPAGE_RANK_V2,U007211,Control,2026-07-03,2026-07-05,True
EXP_2026_HOMEPAGE_RANK_V2,U016957,Treatment,2026-05-26,2026-05-29,True
EXP_2026_HOMEPAGE_RANK_V2,U023381,Control,2026-04-30,2026-05-01,True
EXP_2026_HOMEPAGE_RANK_V2,U007324,Control,2026-05-30,2026-06-04,True
EXP_2026_HOMEPAGE_RANK_V2,U021555,Treatment,2026-05-28,2026-05-29,False
EXP_2026_HOMEPAGE_RANK_V2,U006920,Treatment,2026-04-22,2026-04-25,True
EXP_2026_HOMEPAGE_RANK_V2,U010286,Control,2026-05-27,2026-05-28,True
EXP_2026_HOMEPAGE_RANK_V2,U019482,Treatment,2026-05-22,2026-05-24,True
EXP_2026_HOMEPAGE_RANK_V2,U012362,Control,2026-05-29,2026-05-29,True
EXP_2026_HOMEPAGE_RANK_V2,U017598,Treatment,2026-07-07,2026-07-07,True
EXP_2026_HOMEPAGE_RANK_V2,U000219,Treatment,2026-05-09,2026-05-13,True
EXP_2026_HOMEPAGE_RANK_V2,U007720,Treatment,2026-05-22,2026-05-27,True
EXP_2026_HOMEPAGE_RANK_V2,U023765,Treatment,2026-05-06,2026-05-11,True
EXP_2026_HOMEPAGE_RANK_V2,U021140,Treatment,2026-06-02,2026-06-03,True
EXP_2026_HOMEPAGE_RANK_V2,U002396,Treatment,2026-06-29,2026-07-04,True
EXP_2026_HOMEPAGE_RANK_V2,U003099,Treatment,2026-05-30,2026-06-04,True
EXP_2026_HOMEPAGE_RANK_V2,U023443,Control,2026-05-16,2026-05-18,True
EXP_2026_HOMEPAGE_RANK_V2,U010914,Treatment,2026-07-08,2026-07-11,True
EXP_2026_HOMEPAGE_RANK_V2,U021231,Control,2026-06-23,2026-06-26,True
EXP_2026_HOMEPAGE_RANK_V2,U023172,Treatment,2026-04-19,2026-04-20,True
EXP_2026_HOMEPAGE_RANK_V2,U022194,Control,2026-06-23,2026-06-27,True
EXP_2026_HOMEPAGE_RANK_V2,U006176,Control,2026-06-26,2026-06-29,True
EXP_2026_HOMEPAGE_RANK_V2,U017951,Control,2026-04-27,2026-04-27,True
EXP_2026_HOMEPAGE_RANK_V2,U003417,Control,2026-07-11,2026-07-15,True
EXP_2026_HOMEPAGE_RANK_V2,U008157,Treatment,2026-04-24,2026-04-28,True
EXP_2026_HOMEPAGE_RANK_V2,U005775,Treatment,2026-04-23,2026-04-25,True
EXP_2026_HOMEPAGE_RANK_V2,U018199,Treatment,2026-06-28,2026-06-29,True
EXP_2026_HOMEPAGE_RANK_V2,U005324,Treatment,2026-05-18,2026-05-18,True
EXP_2026_HOMEPAGE_RANK_V2,U022314,Treatment,2026-05-19,2026-05-22,True
EXP_2026_HOMEPAGE_RANK_V2,U022192,Control,2026-05-13,2026-05-18,True
EXP_2026_HOMEPAGE_RANK_V2,U001220,Control,2026-06-22,2026-06-27,True
EXP_2026_HOMEPAGE_RANK_V2,U001318,Control,2026-05-31,2026-06-01,True
EXP_2026_HOMEPAGE_RANK_V2,U005413,Treatment,2026-04-24,2026-04-28,True
EXP_2026_HOMEPAGE_RANK_V2,U003735,Treatment,2026-05-31,2026-06-03,True
EXP_2026_HOMEPAGE_RANK_V2,U009434,Control,2026-05-09,2026-05-11,True
EXP_2026_HOMEPAGE_RANK_V2,U007046,Control,2026-05-14,2026-05-19,True
EXP_2026_HOMEPAGE_RANK_V2,U007071,Treatment,2026-07-08,2026-07-10,True
EXP_2026_HOMEPAGE_RANK_V2,U005859,Control,2026-06-20,2026-06-24,True
EXP_2026_HOMEPAGE_RANK_V2,U018214,Control,2026-07-02,2026-07-03,True
EXP_2026_HOMEPAGE_RANK_V2,U019046,Treatment,2026-04-21,2026-04-25,True
EXP_2026_HOMEPAGE_RANK_V2,U017888,Treatment,2026-05-24,2026-05-25,True
EXP_2026_HOMEPAGE_RANK_V2,U013759,Treatment,2026-06-22,2026-06-27,True
EXP_2026_HOMEPAGE_RANK_V2,U001430,Treatment,2026-05-09,2026-05-12,True
EXP_2026_HOMEPAGE_RANK_V2,U019535,Control,2026-04-23,2026-04-25,True
EXP_2026_HOMEPAGE_RANK_V2,U005463,Control,2026-05-09,2026-05-11,True
EXP_2026_HOMEPAGE_RANK_V2,U020645,Control,2026-04-30,2026-05-02,True
EXP_2026_HOMEPAGE_RANK_V2,U008022,Control,2026-06-25,2026-06-28,True
EXP_2026_HOMEPAGE_RANK_V2,U009906,Treatment,2026-05-16,2026-05-19,True
EXP_2026_HOMEPAGE_RANK_V2,U023663,Treatment,2026-04-18,2026-04-19,True
EXP_2026_HOMEPAGE_RANK_V2,U021073,Control,2026-04-23,2026-04-26,True
EXP_2026_HOMEPAGE_RANK_V2,U000963,Control,2026-06-27,2026-06-29,True
EXP_2026_HOMEPAGE_RANK_V2,U021353,Treatment,2026-05-25,2026-05-30,False
EXP_2026_HOMEPAGE_RANK_V2,U004467,Control,2026-06-21,2026-06-21,True
EXP_2026_HOMEPAGE_RANK_V2,U023609,Treatment,2026-05-04,2026-05-06,True
EXP_2026_HOMEPAGE_RANK_V2,U020748,Control,2026-05-09,2026-05-11,True
EXP_2026_HOMEPAGE_RANK_V2,U014304,Treatment,2026-05-01,2026-05-06,True
EXP_2026_HOMEPAGE_RANK_V2,U017872,Treatment,2026-07-04,2026-07-04,False
EXP_2026_HOMEPAGE_RANK_V2,U016447,Treatment,2026-06-18,2026-06-23,True
EXP_2026_HOMEPAGE_RANK_V2,U019596,Control,2026-06-27,2026-06-28,True
EXP_2026_HOMEPAGE_RANK_V2,U012701,Treatment,2026-05-03,2026-05-07,True
EXP_2026_HOMEPAGE_RANK_V2,U023807,Treatment,2026-05-08,2026-05-13,True
EXP_2026_HOMEPAGE_RANK_V2,U007379,Treatment,2026-06-30,2026-07-01,True
EXP_2026_HOMEPAGE_RANK_V2,U012433,Treatment,2026-07-04,2026-07-06,True
EXP_2026_HOMEPAGE_RANK_V2,U003572,Control,2026-06-24,2026-06-27,True
EXP_2026_HOMEPAGE_RANK_V2,U002564,Treatment,2026-06-20,2026-06-24,True
EXP_2026_HOMEPAGE_RANK_V2,U009799,Treatment,2026-04-30,2026-05-02,True
EXP_2026_HOMEPAGE_RANK_V2,U004461,Treatment,2026-05-05,2026-05-05,True
EXP_2026_HOMEPAGE_RANK_V2,U006909,Treatment,2026-05-31,2026-06-03,True
EXP_2026_HOMEPAGE_RANK_V2,U023093,Treatment,2026-06-05,2026-06-06,True
EXP_2026_HOMEPAGE_RANK_V2,U015510,Treatment,2026-04-25,2026-04-25,True
EXP_2026_HOMEPAGE_RANK_V2,U003574,Control,2026-06-25,2026-06-28,True
EXP_2026_HOMEPAGE_RANK_V2,U015733,Control,2026-05-12,2026-05-15,True
EXP_2026_HOMEPAGE_RANK_V2,U002602,Control,2026-06-14,2026-06-16,True
EXP_2026_HOMEPAGE_RANK_V2,U021715,Treatment,2026-06-27,2026-06-28,True
EXP_2026_HOMEPAGE_RANK_V2,U022305,Control,2026-07-08,2026-07-10,True
EXP_2026_HOMEPAGE_RANK_V2,U022579,Treatment,2026-05-26,2026-05-27,True
EXP_2026_HOMEPAGE_RANK_V2,U002883,Control,2026-04-27,2026-04-28,True
EXP_2026_HOMEPAGE_RANK_V2,U016782,Treatment,2026-06-07,2026-06-08,True
EXP_2026_HOMEPAGE_RANK_V2,U003373,Treatment,2026-04-23,2026-04-28,True
EXP_2026_HOMEPAGE_RANK_V2,U007969,Treatment,2026-05-30,2026-06-04,True
EXP_2026_HOMEPAGE_RANK_V2,U022608,Treatment,2026-05-23,2026-05-27,True
EXP_2026_HOMEPAGE_RANK_V2,U015144,Control,2026-05-03,2026-05-04,True
EXP_2026_HOMEPAGE_RANK_V2,U015376,Treatment,2026-06-13,2026-06-16,True
EXP_2026_HOMEPAGE_RANK_V2,U017393,Control,2026-06-15,2026-06-20,True
EXP_2026_HOMEPAGE_RANK_V2,U008621,Control,2026-05-02,2026-05-04,True
EXP_2026_HOMEPAGE_RANK_V2,U008260,Treatment,2026-06-19,2026-06-19,True
EXP_2026_HOMEPAGE_RANK_V2,U022367,Treatment,2026-05-10,2026-05-12,True
EXP_2026_HOMEPAGE_RANK_V2,U005356,Treatment,2026-04-28,2026-05-01,True
EXP_2026_HOMEPAGE_RANK_V2,U011194,Control,2026-06-30,2026-07-05,True
EXP_2026_HOMEPAGE_RANK_V2,U003616,Treatment,2026-05-23,2026-05-28,True
EXP_2026_HOMEPAGE_RANK_V2,U005836,Control,2026-05-31,2026-06-01,True
EXP_2026_HOMEPAGE_RANK_V2,U015886,Control,2026-05-27,2026-05-30,True
EXP_2026_HOMEPAGE_RANK_V2,U009995,Treatment,2026-05-08,2026-05-13,True
EXP_2026_HOMEPAGE_RANK_V2,U016480,Control,2026-05-27,2026-05-31,True
EXP_2026_HOMEPAGE_RANK_V2,U009676,Control,2026-04-18,2026-04-18,False
EXP_2026_HOMEPAGE_RANK_V2,U002803,Control,2026-06-09,2026-06-09,True
EXP_2026_HOMEPAGE_RANK_V2,U014951,Treatment,2026-04-28,2026-04-30,True
EXP_2026_HOMEPAGE_RANK_V2,U008728,Control,2026-05-11,2026-05-15,True
EXP_2026_HOMEPAGE_RANK_V2,U003124,Control,2026-05-05,2026-05-06,True
EXP_2026_HOMEPAGE_RANK_V2,U001953,Control,2026-06-28,2026-06-30,True
EXP_2026_HOMEPAGE_RANK_V2,U012450,Control,2026-07-04,2026-07-08,True
EXP_2026_HOMEPAGE_RANK_V2,U004941,Control,2026-07-10,2026-07-11,True
EXP_2026_HOMEPAGE_RANK_V2,U019318,Control,2026-04-24,2026-04-26,True
EXP_2026_HOMEPAGE_RANK_V2,U002980,Treatment,2026-05-10,2026-05-11,True
EXP_2026_HOMEPAGE_RANK_V2,U023553,Control,2026-04-28,2026-05-01,True
EXP_2026_HOMEPAGE_RANK_V2,U019953,Treatment,2026-04-30,2026-05-05,True
EXP_2026_HOMEPAGE_RANK_V2,U018619,Treatment,2026-07-04,2026-07-06,True
EXP_2026_HOMEPAGE_RANK_V2,U009542,Control,2026-06-25,2026-06-26,True
EXP_2026_HOMEPAGE_RANK_V2,U015101,Treatment,2026-05-23,2026-05-25,True
EXP_2026_HOMEPAGE_RANK_V2,U017345,Treatment,2026-06-10,2026-06-13,True
EXP_2026_HOMEPAGE_RANK_V2,U014445,Treatment,2026-04-30,2026-05-05,True
EXP_2026_HOMEPAGE_RANK_V2,U022493,Treatment,2026-07-06,2026-07-08,True
EXP_2026_HOMEPAGE_RANK_V2,U019212,Treatment,2026-06-06,2026-06-07,True
EXP_2026_HOMEPAGE_RANK_V2,U009301,Treatment,2026-04-20,2026-04-21,True
EXP_2026_HOMEPAGE_RANK_V2,U019275,Control,2026-07-04,2026-07-06,True
EXP_2026_HOMEPAGE_RANK_V2,U016068,Control,2026-04-29,2026-05-03,True
EXP_2026_HOMEPAGE_RANK_V2,U004384,Treatment,2026-07-11,2026-07-15,True
EXP_2026_HOMEPAGE_RANK_V2,U002626,Control,2026-05-13,2026-05-16,False
EXP_2026_HOMEPAGE_RANK_V2,U019176,Treatment,2026-04-21,2026-04-22,True
EXP_2026_HOMEPAGE_RANK_V2,U018826,Treatment,2026-06-17,2026-06-21,True
EXP_2026_HOMEPAGE_RANK_V2,U002096,Control,2026-06-07,2026-06-10,True
EXP_2026_HOMEPAGE_RANK_V2,U016618,Control,2026-07-05,2026-07-10,True
EXP_2026_HOMEPAGE_RANK_V2,U013786,Control,2026-07-04,2026-07-07,True
EXP_2026_HOMEPAGE_RANK_V2,U014022,Treatment,2026-05-08,2026-05-12,True
EXP_2026_HOMEPAGE_RANK_V2,U022283,Control,2026-06-26,2026-06-30,True
EXP_2026_HOMEPAGE_RANK_V2,U002030,Treatment,2026-05-29,2026-05-29,True
EXP_2026_HOMEPAGE_RANK_V2,U012823,Control,2026-06-26,2026-06-30,True
EXP_2026_HOMEPAGE_RANK_V2,U001779,Control,2026-05-23,2026-05-23,True
EXP_2026_HOMEPAGE_RANK_V2,U018090,Treatment,2026-04-28,2026-05-03,False
EXP_2026_HOMEPAGE_RANK_V2,U010001,Control,2026-06-16,2026-06-21,True
EXP_2026_HOMEPAGE_RANK_V2,U024694,Control,2026-05-11,2026-05-16,True
EXP_2026_HOMEPAGE_RANK_V2,U007884,Treatment,2026-06-06,2026-06-09,True
EXP_2026_HOMEPAGE_RANK_V2,U024819,Control,2026-04-19,2026-04-20,False
EXP_2026_HOMEPAGE_RANK_V2,U008501,Treatment,2026-05-10,2026-05-10,True
EXP_2026_HOMEPAGE_RANK_V2,U006261,Treatment,2026-05-03,2026-05-05,True
EXP_2026_HOMEPAGE_RANK_V2,U017782,Treatment,2026-06-29,2026-07-02,True
EXP_2026_HOMEPAGE_RANK_V2,U008705,Treatment,2026-04-29,2026-05-04,True
EXP_2026_HOMEPAGE_RANK_V2,U011721,Control,2026-06-16,2026-06-17,True
EXP_2026_HOMEPAGE_RANK_V2,U008651,Treatment,2026-05-08,2026-05-08,True
EXP_2026_HOMEPAGE_RANK_V2,U017695,Treatment,2026-04-22,2026-04-24,True
EXP_2026_HOMEPAGE_RANK_V2,U014981,Treatment,2026-05-20,2026-05-23,True
EXP_2026_HOMEPAGE_RANK_V2,U000864,Treatment,2026-06-30,2026-06-30,True
EXP_2026_HOMEPAGE_RANK_V2,U012392,Treatment,2026-06-27,2026-06-27,True
EXP_2026_HOMEPAGE_RANK_V2,U002372,Treatment,2026-04-25,2026-04-28,True
EXP_2026_HOMEPAGE_RANK_V2,U007422,Control,2026-06-10,2026-06-15,True
EXP_2026_HOMEPAGE_RANK_V2,U017714,Control,2026-06-12,2026-06-13,True
EXP_2026_HOMEPAGE_RANK_V2,U001615,Control,2026-05-13,2026-05-16,True
EXP_2026_HOMEPAGE_RANK_V2,U019858,Control,2026-05-27,2026-05-28,True
EXP_2026_HOMEPAGE_RANK_V2,U010153,Treatment,2026-05-22,2026-05-24,True
EXP_2026_HOMEPAGE_RANK_V2,U001337,Treatment,2026-06-18,2026-06-20,True
EXP_2026_HOMEPAGE_RANK_V2,U012983,Control,2026-07-02,2026-07-05,True
EXP_2026_HOMEPAGE_RANK_V2,U001769,Control,2026-05-24,2026-05-25,True
EXP_2026_HOMEPAGE_RANK_V2,U017186,Control,2026-04-22,2026-04-24,True
EXP_2026_HOMEPAGE_RANK_V2,U013364,Treatment,2026-05-20,2026-05-22,True
EXP_2026_HOMEPAGE_RANK_V2,U001296,Control,2026-07-04,2026-07-08,True
EXP_2026_HOMEPAGE_RANK_V2,U010635,Treatment,2026-06-27,2026-06-29,True
EXP_2026_HOMEPAGE_RANK_V2,U017255,Control,2026-06-09,2026-06-10,True
EXP_2026_HOMEPAGE_RANK_V2,U011511,Treatment,2026-06-16,2026-06-17,True
EXP_2026_HOMEPAGE_RANK_V2,U007069,Treatment,2026-04-24,2026-04-29,True
EXP_2026_HOMEPAGE_RANK_V2,U008741,Treatment,2026-05-02,2026-05-06,True
EXP_2026_HOMEPAGE_RANK_V2,U023160,Treatment,2026-06-17,2026-06-18,True
EXP_2026_HOMEPAGE_RANK_V2,U000614,Treatment,2026-06-27,2026-07-01,True
EXP_2026_HOMEPAGE_RANK_V2,U020460,Treatment,2026-05-12,2026-05-17,True
EXP_2026_HOMEPAGE_RANK_V2,U020300,Treatment,2026-07-04,2026-07-05,False
EXP_2026_HOMEPAGE_RANK_V2,U003092,Control,2026-07-11,2026-07-13,True
EXP_2026_HOMEPAGE_RANK_V2,U014836,Control,2026-06-13,2026-06-17,True
EXP_2026_HOMEPAGE_RANK_V2,U011802,Control,2026-06-13,2026-06-17,True
EXP_2026_HOMEPAGE_RANK_V2,U003729,Treatment,2026-05-10,2026-05-15,True
EXP_2026_HOMEPAGE_RANK_V2,U021634,Control,2026-05-24,2026-05-29,True
EXP_2026_HOMEPAGE_RANK_V2,U006116,Control,2026-06-29,2026-07-01,True
EXP_2026_HOMEPAGE_RANK_V2,U024634,Treatment,2026-07-03,2026-07-03,True
EXP_2026_HOMEPAGE_RANK_V2,U000813,Treatment,2026-05-03,2026-05-04,True
EXP_2026_HOMEPAGE_RANK_V2,U005000,Treatment,2026-06-20,2026-06-21,True
EXP_2026_HOMEPAGE_RANK_V2,U020771,Control,2026-05-05,2026-05-05,True
EXP_2026_HOMEPAGE_RANK_V2,U002241,Treatment,2026-06-10,2026-06-11,True
EXP_2026_HOMEPAGE_RANK_V2,U023375,Treatment,2026-06-15,2026-06-20,True
EXP_2026_HOMEPAGE_RANK_V2,U021816,Control,2026-06-07,2026-06-09,True
EXP_2026_HOMEPAGE_RANK_V2,U002185,Treatment,2026-06-09,2026-06-11,True
EXP_2026_HOMEPAGE_RANK_V2,U010547,Control,2026-05-26,2026-05-30,True
EXP_2026_HOMEPAGE_RANK_V2,U012476,Treatment,2026-04-30,2026-05-02,True
EXP_2026_HOMEPAGE_RANK_V2,U022081,Control,2026-06-10,2026-06-12,True
EXP_2026_HOMEPAGE_RANK_V2,U013336,Treatment,2026-06-12,2026-06-16,True
EXP_2026_HOMEPAGE_RANK_V2,U006817,Control,2026-06-28,2026-06-29,True
EXP_2026_HOMEPAGE_RANK_V2,U007808,Control,2026-05-16,2026-05-21,True
EXP_2026_HOMEPAGE_RANK_V2,U024437,Treatment,2026-05-04,2026-05-06,True
EXP_2026_HOMEPAGE_RANK_V2,U000801,Control,2026-05-23,2026-05-28,True
EXP_2026_HOMEPAGE_RANK_V2,U010040,Treatment,2026-06-30,2026-07-04,True
EXP_2026_HOMEPAGE_RANK_V2,U016204,Control,2026-05-08,2026-05-12,True
EXP_2026_HOMEPAGE_RANK_V2,U006773,Treatment,2026-07-08,2026-07-13,True
EXP_2026_HOMEPAGE_RANK_V2,U020607,Control,2026-04-23,2026-04-27,True
EXP_2026_HOMEPAGE_RANK_V2,U013239,Treatment,2026-06-26,2026-06-28,True
EXP_2026_HOMEPAGE_RANK_V2,U018445,Treatment,2026-06-14,2026-06-15,True
EXP_2026_HOMEPAGE_RANK_V2,U018192,Control,2026-04-21,2026-04-21,True
EXP_2026_HOMEPAGE_RANK_V2,U023084,Treatment,2026-07-06,2026-07-10,True
EXP_2026_HOMEPAGE_RANK_V2,U003372,Control,2026-06-05,2026-06-09,True
EXP_2026_HOMEPAGE_RANK_V2,U010735,Treatment,2026-06-17,2026-06-22,True
EXP_2026_HOMEPAGE_RANK_V2,U006839,Control,2026-07-01,2026-07-02,True
EXP_2026_HOMEPAGE_RANK_V2,U003674,Treatment,2026-04-29,2026-04-29,False
EXP_2026_HOMEPAGE_RANK_V2,U000500,Treatment,2026-05-06,2026-05-09,True
EXP_2026_HOMEPAGE_RANK_V2,U002212,Control,2026-05-22,2026-05-26,True
EXP_2026_HOMEPAGE_RANK_V2,U015085,Control,2026-05-02,2026-05-04,True
EXP_2026_HOMEPAGE_RANK_V2,U010924,Treatment,2026-06-23,2026-06-26,True
EXP_2026_HOMEPAGE_RANK_V2,U014554,Treatment,2026-07-04,2026-07-04,True
EXP_2026_HOMEPAGE_RANK_V2,U019235,Control,2026-05-20,2026-05-20,True
EXP_2026_HOMEPAGE_RANK_V2,U016888,Control,2026-06-15,2026-06-18,True
EXP_2026_HOMEPAGE_RANK_V2,U021370,Control,2026-04-20,2026-04-20,True
EXP_2026_HOMEPAGE_RANK_V2,U013823,Treatment,2026-07-10,2026-07-14,True
EXP_2026_HOMEPAGE_RANK_V2,U004773,Treatment,2026-05-10,2026-05-15,True
EXP_2026_HOMEPAGE_RANK_V2,U006003,Treatment,2026-07-07,2026-07-10,True
EXP_2026_HOMEPAGE_RANK_V2,U002888,Treatment,2026-07-04,2026-07-07,False
EXP_2026_HOMEPAGE_RANK_V2,U015195,Control,2026-05-14,2026-05-19,True
EXP_2026_HOMEPAGE_RANK_V2,U021121,Control,2026-06-13,2026-06-16,True
EXP_2026_HOMEPAGE_RANK_V2,U011563,Control,2026-06-23,2026-06-28,True
EXP_2026_HOMEPAGE_RANK_V2,U008247,Treatment,2026-05-15,2026-05-18,True
EXP_2026_HOMEPAGE_RANK_V2,U006923,Treatment,2026-04-18,2026-04-20,True
EXP_2026_HOMEPAGE_RANK_V2,U000320,Treatment,2026-05-15,2026-05-18,True
EXP_2026_HOMEPAGE_RANK_V2,U015844,Control,2026-05-16,2026-05-19,True
EXP_2026_HOMEPAGE_RANK_V2,U006303,Control,2026-06-30,2026-07-04,True
EXP_2026_HOMEPAGE_RANK_V2,U014308,Control,2026-06-13,2026-06-16,True
EXP_2026_HOMEPAGE_RANK_V2,U015806,Treatment,2026-05-16,2026-05-19,True
EXP_2026_HOMEPAGE_RANK_V2,U017446,Treatment,2026-06-23,2026-06-24,True
EXP_2026_HOMEPAGE_RANK_V2,U005100,Control,2026-04-24,2026-04-29,True
EXP_2026_HOMEPAGE_RANK_V2,U015946,Treatment,2026-06-29,2026-06-30,True
EXP_2026_HOMEPAGE_RANK_V2,U017064,Control,2026-07-06,2026-07-06,True
EXP_2026_HOMEPAGE_RANK_V2,U015831,Treatment,2026-06-03,2026-06-07,False
EXP_2026_HOMEPAGE_RANK_V2,U022709,Treatment,2026-05-10,2026-05-12,True
EXP_2026_HOMEPAGE_RANK_V2,U007840,Control,2026-06-16,2026-06-16,True
EXP_2026_HOMEPAGE_RANK_V2,U007649,Treatment,2026-07-08,2026-07-11,False
EXP_2026_HOMEPAGE_RANK_V2,U024094,Treatment,2026-05-04,2026-05-05,True
EXP_2026_HOMEPAGE_RANK_V2,U021000,Control,2026-04-21,2026-04-23,True
EXP_2026_HOMEPAGE_RANK_V2,U018360,Control,2026-06-17,2026-06-22,True
EXP_2026_HOMEPAGE_RANK_V2,U020866,Control,2026-06-17,2026-06-20,True
EXP_2026_HOMEPAGE_RANK_V2,U010051,Control,2026-04-27,2026-04-29,True
EXP_2026_HOMEPAGE_RANK_V2,U009713,Control,2026-05-10,2026-05-14,True
EXP_2026_HOMEPAGE_RANK_V2,U012321,Treatment,2026-04-29,2026-05-04,True
EXP_2026_HOMEPAGE_RANK_V2,U011342,Control,2026-05-06,2026-05-10,False
EXP_2026_HOMEPAGE_RANK_V2,U004034,Control,2026-05-30,2026-06-03,True
EXP_2026_HOMEPAGE_RANK_V2,U011378,Control,2026-05-27,2026-05-30,True
EXP_2026_HOMEPAGE_RANK_V2,U006269,Treatment,2026-06-20,2026-06-21,True
EXP_2026_HOMEPAGE_RANK_V2,U008666,Control,2026-04-26,2026-04-30,True
EXP_2026_HOMEPAGE_RANK_V2,U021891,Treatment,2026-05-25,2026-05-28,True
EXP_2026_HOMEPAGE_RANK_V2,U017585,Control,2026-04-30,2026-05-05,True
EXP_2026_HOMEPAGE_RANK_V2,U014215,Treatment,2026-05-02,2026-05-07,True
EXP_2026_HOMEPAGE_RANK_V2,U021375,Control,2026-06-24,2026-06-24,True
EXP_2026_HOMEPAGE_RANK_V2,U006882,Control,2026-05-19,2026-05-20,True
EXP_2026_HOMEPAGE_RANK_V2,U011374,Treatment,2026-06-09,2026-06-09,True
EXP_2026_HOMEPAGE_RANK_V2,U014414,Control,2026-05-19,2026-05-23,True
EXP_2026_HOMEPAGE_RANK_V2,U000469,Treatment,2026-05-27,2026-05-29,True
EXP_2026_HOMEPAGE_RANK_V2,U022238,Control,2026-05-25,2026-05-28,True
EXP_2026_HOMEPAGE_RANK_V2,U017113,Treatment,2026-05-28,2026-05-31,True
EXP_2026_HOMEPAGE_RANK_V2,U005663,Treatment,2026-04-26,2026-04-28,True
EXP_2026_HOMEPAGE_RANK_V2,U000239,Control,2026-06-12,2026-06-15,True
EXP_2026_HOMEPAGE_RANK_V2,U020898,Treatment,2026-05-06,2026-05-11,True
EXP_2026_HOMEPAGE_RANK_V2,U021684,Control,2026-06-11,2026-06-11,True
EXP_2026_HOMEPAGE_RANK_V2,U024515,Treatment,2026-07-10,2026-07-15,True
EXP_2026_HOMEPAGE_RANK_V2,U012189,Treatment,2026-05-17,2026-05-19,True
EXP_2026_HOMEPAGE_RANK_V2,U003293,Control,2026-07-01,2026-07-01,True
EXP_2026_HOMEPAGE_RANK_V2,U000928,Control,2026-07-11,2026-07-11,True
EXP_2026_HOMEPAGE_RANK_V2,U022368,Control,2026-07-01,2026-07-05,True
EXP_2026_HOMEPAGE_RANK_V2,U020208,Control,2026-05-18,2026-05-23,False
EXP_2026_HOMEPAGE_RANK_V2,U008698,Treatment,2026-05-24,2026-05-24,True
EXP_2026_HOMEPAGE_RANK_V2,U012057,Treatment,2026-06-03,2026-06-07,True
EXP_2026_HOMEPAGE_RANK_V2,U005972,Treatment,2026-06-20,2026-06-21,True
EXP_2026_HOMEPAGE_RANK_V2,U018220,Treatment,2026-05-05,2026-05-10,True
EXP_2026_HOMEPAGE_RANK_V2,U021114,Control,2026-06-20,2026-06-21,True
EXP_2026_HOMEPAGE_RANK_V2,U019473,Treatment,2026-05-14,2026-05-16,True
EXP_2026_HOMEPAGE_RANK_V2,U015161,Control,2026-04-30,2026-05-05,True
EXP_2026_HOMEPAGE_RANK_V2,U010131,Treatment,2026-06-01,2026-06-05,True
EXP_2026_HOMEPAGE_RANK_V2,U014630,Control,2026-05-29,2026-06-03,True
EXP_2026_HOMEPAGE_RANK_V2,U014808,Control,2026-05-08,2026-05-08,True
EXP_2026_HOMEPAGE_RANK_V2,U024484,Control,2026-05-25,2026-05-28,True
EXP_2026_HOMEPAGE_RANK_V2,U003123,Control,2026-04-29,2026-05-02,True
EXP_2026_HOMEPAGE_RANK_V2,U022558,Control,2026-04-24,2026-04-28,True
EXP_2026_HOMEPAGE_RANK_V2,U024152,Treatment,2026-06-26,2026-06-28,True
EXP_2026_HOMEPAGE_RANK_V2,U000242,Control,2026-06-22,2026-06-23,True
EXP_2026_HOMEPAGE_RANK_V2,U004488,Control,2026-06-29,2026-07-04,True
EXP_2026_HOMEPAGE_RANK_V2,U002259,Treatment,2026-05-03,2026-05-08,True
EXP_2026_HOMEPAGE_RANK_V2,U022346,Control,2026-06-05,2026-06-06,True
EXP_2026_HOMEPAGE_RANK_V2,U007277,Control,2026-06-30,2026-07-03,False
EXP_2026_HOMEPAGE_RANK_V2,U007359,Control,2026-05-09,2026-05-10,True
EXP_2026_HOMEPAGE_RANK_V2,U006904,Control,2026-05-04,2026-05-09,True
EXP_2026_HOMEPAGE_RANK_V2,U014436,Control,2026-05-21,2026-05-21,True
EXP_2026_HOMEPAGE_RANK_V2,U024689,Control,2026-06-27,2026-06-27,True
EXP_2026_HOMEPAGE_RANK_V2,U012477,Control,2026-05-23,2026-05-23,True
EXP_2026_HOMEPAGE_RANK_V2,U014100,Treatment,2026-04-21,2026-04-25,True
EXP_2026_HOMEPAGE_RANK_V2,U018376,Treatment,2026-06-28,2026-07-03,True
EXP_2026_HOMEPAGE_RANK_V2,U020383,Treatment,2026-05-27,2026-05-29,True
EXP_2026_HOMEPAGE_RANK_V2,U005246,Treatment,2026-04-18,2026-04-19,True
EXP_2026_HOMEPAGE_RANK_V2,U013900,Control,2026-05-31,2026-05-31,True
EXP_2026_HOMEPAGE_RANK_V2,U024684,Control,2026-04-23,2026-04-25,True
EXP_2026_HOMEPAGE_RANK_V2,U015797,Control,2026-07-04,2026-07-05,True
EXP_2026_HOMEPAGE_RANK_V2,U000289,Treatment,2026-04-18,2026-04-18,True
EXP_2026_HOMEPAGE_RANK_V2,U019417,Treatment,2026-06-18,2026-06-21,True
EXP_2026_HOMEPAGE_RANK_V2,U016985,Treatment,2026-07-08,2026-07-12,True
EXP_2026_HOMEPAGE_RANK_V2,U016349,Treatment,2026-06-05,2026-06-09,True
EXP_2026_HOMEPAGE_RANK_V2,U010338,Treatment,2026-06-07,2026-06-09,True
EXP_2026_HOMEPAGE_RANK_V2,U008615,Treatment,2026-05-18,2026-05-20,True
EXP_2026_HOMEPAGE_RANK_V2,U012934,Treatment,2026-06-25,2026-06-30,True
EXP_2026_HOMEPAGE_RANK_V2,U005712,Control,2026-06-18,2026-06-18,True
EXP_2026_HOMEPAGE_RANK_V2,U014714,Control,2026-05-22,2026-05-26,True
EXP_2026_HOMEPAGE_RANK_V2,U002143,Control,2026-04-19,2026-04-23,True
EXP_2026_HOMEPAGE_RANK_V2,U023817,Control,2026-05-31,2026-06-02,True
EXP_2026_HOMEPAGE_RANK_V2,U007608,Treatment,2026-06-02,2026-06-07,True
EXP_2026_HOMEPAGE_RANK_V2,U007384,Treatment,2026-05-27,2026-05-27,True
EXP_2026_HOMEPAGE_RANK_V2,U008846,Control,2026-06-23,2026-06-23,True
EXP_2026_HOMEPAGE_RANK_V2,U006016,Treatment,2026-05-12,2026-05-13,True
EXP_2026_HOMEPAGE_RANK_V2,U013769,Treatment,2026-06-06,2026-06-11,True
EXP_2026_HOMEPAGE_RANK_V2,U011376,Treatment,2026-05-03,2026-05-08,True
EXP_2026_HOMEPAGE_RANK_V2,U024784,Treatment,2026-06-25,2026-06-27,True
EXP_2026_HOMEPAGE_RANK_V2,U013513,Control,2026-06-01,2026-06-03,True
EXP_2026_HOMEPAGE_RANK_V2,U011391,Control,2026-05-12,2026-05-17,True
EXP_2026_HOMEPAGE_RANK_V2,U005364,Control,2026-06-23,2026-06-25,True
EXP_2026_HOMEPAGE_RANK_V2,U007040,Control,2026-05-22,2026-05-25,True
EXP_2026_HOMEPAGE_RANK_V2,U006737,Treatment,2026-06-30,2026-07-05,True
EXP_2026_HOMEPAGE_RANK_V2,U002422,Control,2026-05-12,2026-05-14,True
EXP_2026_HOMEPAGE_RANK_V2,U022492,Treatment,2026-06-01,2026-06-05,True
EXP_2026_HOMEPAGE_RANK_V2,U019599,Control,2026-06-04,2026-06-08,True
EXP_2026_HOMEPAGE_RANK_V2,U017271,Control,2026-05-24,2026-05-28,True
EXP_2026_HOMEPAGE_RANK_V2,U017473,Treatment,2026-07-09,2026-07-12,True
EXP_2026_HOMEPAGE_RANK_V2,U009531,Treatment,2026-06-06,2026-06-10,True
EXP_2026_HOMEPAGE_RANK_V2,U004549,Control,2026-05-05,2026-05-08,False
EXP_2026_HOMEPAGE_RANK_V2,U019218,Control,2026-04-19,2026-04-22,True
EXP_2026_HOMEPAGE_RANK_V2,U004315,Treatment,2026-04-24,2026-04-27,True
EXP_2026_HOMEPAGE_RANK_V2,U017941,Control,2026-06-19,2026-06-21,True
EXP_2026_HOMEPAGE_RANK_V2,U012245,Treatment,2026-06-09,2026-06-12,True
EXP_2026_HOMEPAGE_RANK_V2,U021437,Control,2026-06-28,2026-06-30,True
EXP_2026_HOMEPAGE_RANK_V2,U020440,Control,2026-05-27,2026-05-31,True
EXP_2026_HOMEPAGE_RANK_V2,U009861,Control,2026-05-20,2026-05-20,True
EXP_2026_HOMEPAGE_RANK_V2,U017144,Treatment,2026-05-20,2026-05-21,True
EXP_2026_HOMEPAGE_RANK_V2,U017344,Treatment,2026-04-27,2026-04-28,True
EXP_2026_HOMEPAGE_RANK_V2,U010158,Treatment,2026-05-06,2026-05-07,True
EXP_2026_HOMEPAGE_RANK_V2,U012804,Treatment,2026-04-18,2026-04-21,True
EXP_2026_HOMEPAGE_RANK_V2,U020611,Control,2026-04-20,2026-04-23,True
EXP_2026_HOMEPAGE_RANK_V2,U000028,Control,2026-05-30,2026-06-04,True
EXP_2026_HOMEPAGE_RANK_V2,U017525,Control,2026-05-11,2026-05-14,False
EXP_2026_HOMEPAGE_RANK_V2,U019961,Treatment,2026-05-16,2026-05-16,True
EXP_2026_HOMEPAGE_RANK_V2,U022667,Treatment,2026-04-29,2026-04-30,True
EXP_2026_HOMEPAGE_RANK_V2,U005562,Control,2026-05-17,2026-05-18,True
EXP_2026_HOMEPAGE_RANK_V2,U000343,Treatment,2026-06-20,2026-06-23,True
EXP_2026_HOMEPAGE_RANK_V2,U009684,Treatment,2026-05-26,2026-05-29,True
EXP_2026_HOMEPAGE_RANK_V2,U009259,Control,2026-04-22,2026-04-27,True
EXP_2026_HOMEPAGE_RANK_V2,U014883,Control,2026-06-15,2026-06-15,False
EXP_2026_HOMEPAGE_RANK_V2,U010776,Treatment,2026-05-31,2026-06-04,True
EXP_2026_HOMEPAGE_RANK_V2,U023699,Control,2026-04-24,2026-04-25,True
EXP_2026_HOMEPAGE_RANK_V2,U019783,Control,2026-06-14,2026-06-16,True
EXP_2026_HOMEPAGE_RANK_V2,U002249,Treatment,2026-06-19,2026-06-21,False
EXP_2026_HOMEPAGE_RANK_V2,U002506,Control,2026-05-16,2026-05-16,True
EXP_2026_HOMEPAGE_RANK_V2,U020575,Control,2026-07-06,2026-07-09,True
EXP_2026_HOMEPAGE_RANK_V2,U017542,Control,2026-04-28,2026-05-01,True
EXP_2026_HOMEPAGE_RANK_V2,U008397,Treatment,2026-05-07,2026-05-09,True
EXP_2026_HOMEPAGE_RANK_V2,U014548,Control,2026-05-27,2026-06-01,True
EXP_2026_HOMEPAGE_RANK_V2,U009595,Control,2026-06-14,2026-06-16,True
EXP_2026_HOMEPAGE_RANK_V2,U023671,Treatment,2026-05-08,2026-05-11,True
EXP_2026_HOMEPAGE_RANK_V2,U004977,Control,2026-07-11,2026-07-15,False
EXP_2026_HOMEPAGE_RANK_V2,U008567,Treatment,2026-05-31,2026-06-05,True
EXP_2026_HOMEPAGE_RANK_V2,U002884,Treatment,2026-05-07,2026-05-09,False
EXP_2026_HOMEPAGE_RANK_V2,U000524,Control,2026-05-31,2026-06-02,True
EXP_2026_HOMEPAGE_RANK_V2,U019641,Control,2026-04-18,2026-04-18,True
EXP_2026_HOMEPAGE_RANK_V2,U009499,Control,2026-05-30,2026-06-02,True
EXP_2026_HOMEPAGE_RANK_V2,U010249,Treatment,2026-05-14,2026-05-14,True
EXP_2026_HOMEPAGE_RANK_V2,U019112,Treatment,2026-05-13,2026-05-14,True
EXP_2026_HOMEPAGE_RANK_V2,U019393,Control,2026-06-10,2026-06-14,True
EXP_2026_HOMEPAGE_RANK_V2,U004923,Treatment,2026-05-06,2026-05-07,True
EXP_2026_HOMEPAGE_RANK_V2,U012201,Treatment,2026-04-30,2026-05-03,True
EXP_2026_HOMEPAGE_RANK_V2,U004924,Control,2026-06-20,2026-06-20,True
EXP_2026_HOMEPAGE_RANK_V2,U023202,Treatment,2026-05-08,2026-05-13,True
EXP_2026_HOMEPAGE_RANK_V2,U010192,Treatment,2026-04-27,2026-05-01,True
EXP_2026_HOMEPAGE_RANK_V2,U009678,Treatment,2026-07-08,2026-07-12,True
EXP_2026_HOMEPAGE_RANK_V2,U011240,Treatment,2026-06-14,2026-06-17,True
EXP_2026_HOMEPAGE_RANK_V2,U013242,Treatment,2026-05-13,2026-05-14,True
EXP_2026_HOMEPAGE_RANK_V2,U023603,Treatment,2026-04-24,2026-04-25,True
EXP_2026_HOMEPAGE_RANK_V2,U008448,Control,2026-07-08,2026-07-10,True
EXP_2026_HOMEPAGE_RANK_V2,U021917,Control,2026-05-03,2026-05-05,True
EXP_2026_HOMEPAGE_RANK_V2,U021878,Treatment,2026-04-27,2026-05-01,True
EXP_2026_HOMEPAGE_RANK_V2,U019978,Treatment,2026-07-06,2026-07-10,True
EXP_2026_HOMEPAGE_RANK_V2,U008361,Control,2026-06-17,2026-06-21,True
EXP_2026_HOMEPAGE_RANK_V2,U006230,Control,2026-06-23,2026-06-28,True
EXP_2026_HOMEPAGE_RANK_V2,U013668,Control,2026-05-13,2026-05-15,True
EXP_2026_HOMEPAGE_RANK_V2,U002937,Control,2026-07-06,2026-07-08,True
EXP_2026_HOMEPAGE_RANK_V2,U010745,Control,2026-07-08,2026-07-10,True
EXP_2026_HOMEPAGE_RANK_V2,U019821,Treatment,2026-04-26,2026-04-26,True
EXP_2026_HOMEPAGE_RANK_V2,U000805,Treatment,2026-04-22,2026-04-22,True
EXP_2026_HOMEPAGE_RANK_V2,U013865,Treatment,2026-06-23,2026-06-28,True
EXP_2026_HOMEPAGE_RANK_V2,U014851,Control,2026-06-25,2026-06-30,False
EXP_2026_HOMEPAGE_RANK_V2,U003163,Control,2026-07-10,2026-07-13,True
EXP_2026_HOMEPAGE_RANK_V2,U023917,Treatment,2026-05-21,2026-05-22,True
EXP_2026_HOMEPAGE_RANK_V2,U018955,Control,2026-07-10,2026-07-10,True
EXP_2026_HOMEPAGE_RANK_V2,U001118,Treatment,2026-04-30,2026-05-02,True
EXP_2026_HOMEPAGE_RANK_V2,U008587,Treatment,2026-05-19,2026-05-24,True
EXP_2026_HOMEPAGE_RANK_V2,U024373,Treatment,2026-04-29,2026-04-29,True
EXP_2026_HOMEPAGE_RANK_V2,U012439,Treatment,2026-07-04,2026-07-05,True
EXP_2026_HOMEPAGE_RANK_V2,U002909,Control,2026-05-14,2026-05-18,True
EXP_2026_HOMEPAGE_RANK_V2,U006538,Control,2026-06-05,2026-06-06,True
EXP_2026_HOMEPAGE_RANK_V2,U011028,Treatment,2026-06-16,2026-06-18,True
EXP_2026_HOMEPAGE_RANK_V2,U023127,Treatment,2026-05-23,2026-05-24,True
EXP_2026_HOMEPAGE_RANK_V2,U016132,Control,2026-05-30,2026-05-30,True
EXP_2026_HOMEPAGE_RANK_V2,U005424,Treatment,2026-04-23,2026-04-26,True
EXP_2026_HOMEPAGE_RANK_V2,U002596,Control,2026-07-06,2026-07-10,True
EXP_2026_HOMEPAGE_RANK_V2,U010393,Treatment,2026-04-30,2026-05-02,True
EXP_2026_HOMEPAGE_RANK_V2,U016313,Control,2026-04-28,2026-04-29,True
EXP_2026_HOMEPAGE_RANK_V2,U000112,Control,2026-04-23,2026-04-24,True
EXP_2026_HOMEPAGE_RANK_V2,U001126,Control,2026-05-09,2026-05-13,True
EXP_2026_HOMEPAGE_RANK_V2,U015122,Control,2026-06-18,2026-06-22,True
EXP_2026_HOMEPAGE_RANK_V2,U011503,Treatment,2026-04-29,2026-05-04,True
EXP_2026_HOMEPAGE_RANK_V2,U014103,Control,2026-07-02,2026-07-03,True
EXP_2026_HOMEPAGE_RANK_V2,U001637,Treatment,2026-07-03,2026-07-05,False
EXP_2026_HOMEPAGE_RANK_V2,U019155,Control,2026-05-23,2026-05-27,True
EXP_2026_HOMEPAGE_RANK_V2,U021208,Control,2026-06-21,2026-06-25,True
EXP_2026_HOMEPAGE_RANK_V2,U003854,Treatment,2026-05-30,2026-05-31,True
EXP_2026_HOMEPAGE_RANK_V2,U018407,Control,2026-04-21,2026-04-23,True
EXP_2026_HOMEPAGE_RANK_V2,U021941,Treatment,2026-06-23,2026-06-24,True
EXP_2026_HOMEPAGE_RANK_V2,U006903,Treatment,2026-04-21,2026-04-26,True
EXP_2026_HOMEPAGE_RANK_V2,U011198,Treatment,2026-05-22,2026-05-27,True
EXP_2026_HOMEPAGE_RANK_V2,U006846,Treatment,2026-05-09,2026-05-10,False
EXP_2026_HOMEPAGE_RANK_V2,U009885,Control,2026-05-23,2026-05-28,True
EXP_2026_HOMEPAGE_RANK_V2,U004047,Treatment,2026-06-12,2026-06-13,True
EXP_2026_HOMEPAGE_RANK_V2,U007279,Control,2026-06-10,2026-06-11,False
EXP_2026_HOMEPAGE_RANK_V2,U003719,Control,2026-06-30,2026-07-04,True
EXP_2026_HOMEPAGE_RANK_V2,U010424,Control,2026-05-04,2026-05-07,True
EXP_2026_HOMEPAGE_RANK_V2,U009742,Control,2026-06-29,2026-07-03,True
EXP_2026_HOMEPAGE_RANK_V2,U012561,Control,2026-06-09,2026-06-09,True
EXP_2026_HOMEPAGE_RANK_V2,U023192,Treatment,2026-05-09,2026-05-11,True
EXP_2026_HOMEPAGE_RANK_V2,U020925,Treatment,2026-04-20,2026-04-24,True
EXP_2026_HOMEPAGE_RANK_V2,U023319,Treatment,2026-05-05,2026-05-05,True
EXP_2026_HOMEPAGE_RANK_V2,U021209,Treatment,2026-06-03,2026-06-05,True
EXP_2026_HOMEPAGE_RANK_V2,U014514,Control,2026-07-08,2026-07-08,True
EXP_2026_HOMEPAGE_RANK_V2,U006493,Control,2026-05-31,2026-06-03,True
EXP_2026_HOMEPAGE_RANK_V2,U011315,Treatment,2026-06-13,2026-06-17,True
EXP_2026_HOMEPAGE_RANK_V2,U008369,Control,2026-06-09,2026-06-12,True
EXP_2026_HOMEPAGE_RANK_V2,U006038,Control,2026-07-04,2026-07-05,True
EXP_2026_HOMEPAGE_RANK_V2,U003640,Control,2026-05-20,2026-05-25,False
EXP_2026_HOMEPAGE_RANK_V2,U024177,Treatment,2026-06-01,2026-06-05,True
EXP_2026_HOMEPAGE_RANK_V2,U024226,Control,2026-05-20,2026-05-25,True
EXP_2026_HOMEPAGE_RANK_V2,U019078,Control,2026-05-14,2026-05-19,True
EXP_2026_HOMEPAGE_RANK_V2,U006444,Treatment,2026-04-23,2026-04-26,True
EXP_2026_HOMEPAGE_RANK_V2,U004498,Control,2026-06-01,2026-06-02,True
EXP_2026_HOMEPAGE_RANK_V2,U023905,Control,2026-05-16,2026-05-21,True
EXP_2026_HOMEPAGE_RANK_V2,U019613,Control,2026-04-30,2026-05-05,True
EXP_2026_HOMEPAGE_RANK_V2,U013060,Treatment,2026-04-21,2026-04-21,True
EXP_2026_HOMEPAGE_RANK_V2,U005928,Treatment,2026-05-10,2026-05-14,True
EXP_2026_HOMEPAGE_RANK_V2,U015515,Treatment,2026-05-30,2026-06-02,True
EXP_2026_HOMEPAGE_RANK_V2,U022670,Control,2026-07-09,2026-07-13,True
EXP_2026_HOMEPAGE_RANK_V2,U015359,Treatment,2026-04-25,2026-04-28,True
EXP_2026_HOMEPAGE_RANK_V2,U007350,Treatment,2026-05-20,2026-05-20,True
EXP_2026_HOMEPAGE_RANK_V2,U010318,Treatment,2026-05-22,2026-05-27,True
EXP_2026_HOMEPAGE_RANK_V2,U007114,Control,2026-06-19,2026-06-20,True
EXP_2026_HOMEPAGE_RANK_V2,U021409,Control,2026-04-30,2026-05-04,True
EXP_2026_HOMEPAGE_RANK_V2,U008042,Control,2026-06-15,2026-06-17,True
EXP_2026_HOMEPAGE_RANK_V2,U006878,Treatment,2026-05-28,2026-05-30,True
EXP_2026_HOMEPAGE_RANK_V2,U011071,Control,2026-05-04,2026-05-09,True
EXP_2026_HOMEPAGE_RANK_V2,U000782,Treatment,2026-05-25,2026-05-29,True
EXP_2026_HOMEPAGE_RANK_V2,U013913,Treatment,2026-04-22,2026-04-27,True
EXP_2026_HOMEPAGE_RANK_V2,U014364,Treatment,2026-05-14,2026-05-16,True
EXP_2026_HOMEPAGE_RANK_V2,U024321,Treatment,2026-05-06,2026-05-10,True
EXP_2026_HOMEPAGE_RANK_V2,U014434,Treatment,2026-07-10,2026-07-12,False
EXP_2026_HOMEPAGE_RANK_V2,U014589,Treatment,2026-05-07,2026-05-08,True
EXP_2026_HOMEPAGE_RANK_V2,U004088,Control,2026-05-06,2026-05-07,True
EXP_2026_HOMEPAGE_RANK_V2,U006286,Treatment,2026-06-10,2026-06-15,True
EXP_2026_HOMEPAGE_RANK_V2,U022032,Treatment,2026-05-10,2026-05-10,True
EXP_2026_HOMEPAGE_RANK_V2,U024790,Treatment,2026-05-09,2026-05-14,True
EXP_2026_HOMEPAGE_RANK_V2,U011595,Control,2026-06-05,2026-06-07,True
EXP_2026_HOMEPAGE_RANK_V2,U006293,Control,2026-04-18,2026-04-21,True
EXP_2026_HOMEPAGE_RANK_V2,U024314,Treatment,2026-05-03,2026-05-07,True
EXP_2026_HOMEPAGE_RANK_V2,U024311,Control,2026-06-22,2026-06-25,True
EXP_2026_HOMEPAGE_RANK_V2,U004188,Control,2026-05-07,2026-05-08,True
EXP_2026_HOMEPAGE_RANK_V2,U008381,Control,2026-05-27,2026-05-27,True
EXP_2026_HOMEPAGE_RANK_V2,U024190,Control,2026-04-29,2026-05-03,True
EXP_2026_HOMEPAGE_RANK_V2,U022004,Control,2026-05-24,2026-05-24,True
EXP_2026_HOMEPAGE_RANK_V2,U013734,Treatment,2026-05-13,2026-05-14,True
EXP_2026_HOMEPAGE_RANK_V2,U005909,Control,2026-05-21,2026-05-23,True
EXP_2026_HOMEPAGE_RANK_V2,U012957,Control,2026-07-02,2026-07-06,True
EXP_2026_HOMEPAGE_RANK_V2,U001003,Treatment,2026-06-08,2026-06-10,True
EXP_2026_HOMEPAGE_RANK_V2,U008340,Treatment,2026-06-08,2026-06-12,True
EXP_2026_HOMEPAGE_RANK_V2,U010889,Control,2026-06-28,2026-07-03,True
EXP_2026_HOMEPAGE_RANK_V2,U018743,Treatment,2026-06-24,2026-06-28,True
EXP_2026_HOMEPAGE_RANK_V2,U004434,Treatment,2026-04-18,2026-04-18,True
EXP_2026_HOMEPAGE_RANK_V2,U016276,Treatment,2026-05-16,2026-05-16,True
EXP_2026_HOMEPAGE_RANK_V2,U005782,Treatment,2026-04-19,2026-04-19,True
EXP_2026_HOMEPAGE_RANK_V2,U008116,Treatment,2026-06-21,2026-06-24,True
EXP_2026_HOMEPAGE_RANK_V2,U001223,Treatment,2026-06-08,2026-06-09,True
EXP_2026_HOMEPAGE_RANK_V2,U023636,Treatment,2026-04-19,2026-04-20,True
EXP_2026_HOMEPAGE_RANK_V2,U015349,Treatment,2026-07-09,2026-07-10,True
EXP_2026_HOMEPAGE_RANK_V2,U012642,Treatment,2026-06-16,2026-06-17,True
EXP_2026_HOMEPAGE_RANK_V2,U024034,Treatment,2026-05-31,2026-06-05,True
EXP_2026_HOMEPAGE_RANK_V2,U021673,Treatment,2026-05-26,2026-05-27,True
EXP_2026_HOMEPAGE_RANK_V2,U006405,Control,2026-04-27,2026-04-27,False
EXP_2026_HOMEPAGE_RANK_V2,U013954,Control,2026-05-13,2026-05-14,True
EXP_2026_HOMEPAGE_RANK_V2,U023133,Treatment,2026-06-16,2026-06-17,True
EXP_2026_HOMEPAGE_RANK_V2,U015880,Treatment,2026-05-26,2026-05-27,True
EXP_2026_HOMEPAGE_RANK_V2,U021566,Control,2026-05-13,2026-05-15,True
EXP_2026_HOMEPAGE_RANK_V2,U013321,Control,2026-05-04,2026-05-09,True
EXP_2026_HOMEPAGE_RANK_V2,U020259,Treatment,2026-05-23,2026-05-28,True
EXP_2026_HOMEPAGE_RANK_V2,U012996,Control,2026-06-02,2026-06-05,True
EXP_2026_HOMEPAGE_RANK_V2,U005355,Treatment,2026-04-27,2026-05-02,True
EXP_2026_HOMEPAGE_RANK_V2,U011207,Treatment,2026-05-15,2026-05-15,True
EXP_2026_HOMEPAGE_RANK_V2,U004082,Control,2026-05-10,2026-05-14,True
EXP_2026_HOMEPAGE_RANK_V2,U024653,Control,2026-06-12,2026-06-15,True
EXP_2026_HOMEPAGE_RANK_V2,U015297,Control,2026-06-05,2026-06-06,True
EXP_2026_HOMEPAGE_RANK_V2,U019823,Control,2026-04-21,2026-04-26,True
EXP_2026_HOMEPAGE_RANK_V2,U006517,Treatment,2026-06-01,2026-06-06,True
EXP_2026_HOMEPAGE_RANK_V2,U015247,Treatment,2026-05-31,2026-05-31,False
EXP_2026_HOMEPAGE_RANK_V2,U013306,Treatment,2026-04-28,2026-04-28,True
EXP_2026_HOMEPAGE_RANK_V2,U004065,Control,2026-06-23,2026-06-28,True
EXP_2026_HOMEPAGE_RANK_V2,U009922,Control,2026-06-27,2026-06-27,True
EXP_2026_HOMEPAGE_RANK_V2,U008320,Control,2026-06-05,2026-06-05,True
EXP_2026_HOMEPAGE_RANK_V2,U014716,Treatment,2026-04-21,2026-04-23,True
EXP_2026_HOMEPAGE_RANK_V2,U002768,Treatment,2026-06-08,2026-06-13,True
EXP_2026_HOMEPAGE_RANK_V2,U015309,Treatment,2026-05-31,2026-06-05,True
EXP_2026_HOMEPAGE_RANK_V2,U004660,Treatment,2026-07-07,2026-07-12,True
EXP_2026_HOMEPAGE_RANK_V2,U008070,Control,2026-05-17,2026-05-21,True
EXP_2026_HOMEPAGE_RANK_V2,U013863,Treatment,2026-07-05,2026-07-10,True
EXP_2026_HOMEPAGE_RANK_V2,U021570,Control,2026-07-10,2026-07-10,True
EXP_2026_HOMEPAGE_RANK_V2,U009490,Control,2026-05-31,2026-05-31,True
EXP_2026_HOMEPAGE_RANK_V2,U024754,Control,2026-06-18,2026-06-21,True
EXP_2026_HOMEPAGE_RANK_V2,U010388,Treatment,2026-06-24,2026-06-25,True
EXP_2026_HOMEPAGE_RANK_V2,U015110,Treatment,2026-06-13,2026-06-15,True
EXP_2026_HOMEPAGE_RANK_V2,U006466,Treatment,2026-05-28,2026-05-28,True
EXP_2026_HOMEPAGE_RANK_V2,U002019,Treatment,2026-06-30,2026-06-30,True
EXP_2026_HOMEPAGE_RANK_V2,U011323,Treatment,2026-06-02,2026-06-02,True
EXP_2026_HOMEPAGE_RANK_V2,U005643,Control,2026-06-27,2026-06-30,True
EXP_2026_HOMEPAGE_RANK_V2,U023786,Treatment,2026-06-11,2026-06-11,True
EXP_2026_HOMEPAGE_RANK_V2,U004209,Control,2026-06-20,2026-06-20,True
EXP_2026_HOMEPAGE_RANK_V2,U019848,Control,2026-06-14,2026-06-15,True
EXP_2026_HOMEPAGE_RANK_V2,U022521,Treatment,2026-06-19,2026-06-20,True
EXP_2026_HOMEPAGE_RANK_V2,U020673,Treatment,2026-05-19,2026-05-22,True
EXP_2026_HOMEPAGE_RANK_V2,U010720,Treatment,2026-06-15,2026-06-16,True
EXP_2026_HOMEPAGE_RANK_V2,U011935,Control,2026-04-27,2026-04-27,True
EXP_2026_HOMEPAGE_RANK_V2,U013097,Control,2026-06-25,2026-06-25,True
EXP_2026_HOMEPAGE_RANK_V2,U020557,Treatment,2026-06-08,2026-06-11,True
EXP_2026_HOMEPAGE_RANK_V2,U004852,Treatment,2026-06-11,2026-06-15,True
EXP_2026_HOMEPAGE_RANK_V2,U011982,Treatment,2026-05-11,2026-05-13,True
EXP_2026_HOMEPAGE_RANK_V2,U009616,Control,2026-05-30,2026-05-31,True
EXP_2026_HOMEPAGE_RANK_V2,U021661,Treatment,2026-05-11,2026-05-12,True
EXP_2026_HOMEPAGE_RANK_V2,U006823,Treatment,2026-04-23,2026-04-28,False
EXP_2026_HOMEPAGE_RANK_V2,U023447,Control,2026-06-03,2026-06-06,True
EXP_2026_HOMEPAGE_RANK_V2,U010599,Treatment,2026-06-10,2026-06-12,True
EXP_2026_HOMEPAGE_RANK_V2,U017333,Control,2026-04-30,2026-05-02,True
EXP_2026_HOMEPAGE_RANK_V2,U010897,Control,2026-06-23,2026-06-26,True
EXP_2026_HOMEPAGE_RANK_V2,U024860,Treatment,2026-04-30,2026-04-30,True
EXP_2026_HOMEPAGE_RANK_V2,U017384,Control,2026-05-08,2026-05-12,True
EXP_2026_HOMEPAGE_RANK_V2,U007789,Treatment,2026-06-11,2026-06-11,True
EXP_2026_HOMEPAGE_RANK_V2,U014787,Treatment,2026-05-24,2026-05-25,True
EXP_2026_HOMEPAGE_RANK_V2,U018328,Control,2026-04-22,2026-04-26,True
EXP_2026_HOMEPAGE_RANK_V2,U009486,Treatment,2026-06-28,2026-06-28,True
EXP_2026_HOMEPAGE_RANK_V2,U015559,Control,2026-05-02,2026-05-05,True
EXP_2026_HOMEPAGE_RANK_V2,U011613,Treatment,2026-04-28,2026-05-02,True
EXP_2026_HOMEPAGE_RANK_V2,U009956,Control,2026-04-28,2026-04-29,True
EXP_2026_HOMEPAGE_RANK_V2,U014874,Control,2026-05-25,2026-05-28,True
EXP_2026_HOMEPAGE_RANK_V2,U004933,Control,2026-06-24,2026-06-26,True
EXP_2026_HOMEPAGE_RANK_V2,U005920,Treatment,2026-04-24,2026-04-25,True
EXP_2026_HOMEPAGE_RANK_V2,U019475,Control,2026-07-05,2026-07-07,True
EXP_2026_HOMEPAGE_RANK_V2,U015879,Control,2026-04-20,2026-04-20,True
EXP_2026_HOMEPAGE_RANK_V2,U008921,Treatment,2026-07-11,2026-07-14,True
EXP_2026_HOMEPAGE_RANK_V2,U012698,Control,2026-06-02,2026-06-04,True
EXP_2026_HOMEPAGE_RANK_V2,U021736,Treatment,2026-06-26,2026-06-26,True
EXP_2026_HOMEPAGE_RANK_V2,U020127,Treatment,2026-06-06,2026-06-07,True
EXP_2026_HOMEPAGE_RANK_V2,U002551,Treatment,2026-06-28,2026-06-30,True
EXP_2026_HOMEPAGE_RANK_V2,U017190,Treatment,2026-04-22,2026-04-24,True
EXP_2026_HOMEPAGE_RANK_V2,U007733,Treatment,2026-07-09,2026-07-12,True
EXP_2026_HOMEPAGE_RANK_V2,U005862,Control,2026-05-26,2026-05-26,True
EXP_2026_HOMEPAGE_RANK_V2,U011695,Control,2026-06-13,2026-06-13,True
EXP_2026_HOMEPAGE_RANK_V2,U003565,Treatment,2026-06-10,2026-06-15,True
EXP_2026_HOMEPAGE_RANK_V2,U016942,Treatment,2026-06-17,2026-06-21,True
EXP_2026_HOMEPAGE_RANK_V2,U016884,Control,2026-06-02,2026-06-04,True
EXP_2026_HOMEPAGE_RANK_V2,U019708,Treatment,2026-06-12,2026-06-16,True
EXP_2026_HOMEPAGE_RANK_V2,U012529,Control,2026-06-24,2026-06-28,False
EXP_2026_HOMEPAGE_RANK_V2,U016776,Control,2026-06-23,2026-06-27,True
EXP_2026_HOMEPAGE_RANK_V2,U001490,Treatment,2026-06-21,2026-06-24,True
EXP_2026_HOMEPAGE_RANK_V2,U024593,Control,2026-06-21,2026-06-24,False
EXP_2026_HOMEPAGE_RANK_V2,U016870,Treatment,2026-05-02,2026-05-06,True
EXP_2026_HOMEPAGE_RANK_V2,U000075,Control,2026-06-20,2026-06-25,True
EXP_2026_HOMEPAGE_RANK_V2,U010371,Control,2026-06-23,2026-06-28,True
EXP_2026_HOMEPAGE_RANK_V2,U003409,Control,2026-07-01,2026-07-01,True
EXP_2026_HOMEPAGE_RANK_V2,U013163,Treatment,2026-07-02,2026-07-04,True
EXP_2026_HOMEPAGE_RANK_V2,U011579,Control,2026-06-24,2026-06-26,True
EXP_2026_HOMEPAGE_RANK_V2,U005441,Control,2026-04-24,2026-04-25,True
EXP_2026_HOMEPAGE_RANK_V2,U020946,Treatment,2026-07-01,2026-07-03,True
EXP_2026_HOMEPAGE_RANK_V2,U020274,Treatment,2026-04-30,2026-05-02,True
EXP_2026_HOMEPAGE_RANK_V2,U001829,Treatment,2026-06-25,2026-06-25,True
EXP_2026_HOMEPAGE_RANK_V2,U009732,Control,2026-05-20,2026-05-21,True
EXP_2026_HOMEPAGE_RANK_V2,U017306,Control,2026-05-05,2026-05-05,True
EXP_2026_HOMEPAGE_RANK_V2,U010272,Treatment,2026-06-15,2026-06-19,True
EXP_2026_HOMEPAGE_RANK_V2,U018531,Treatment,2026-05-27,2026-05-31,True
EXP_2026_HOMEPAGE_RANK_V2,U004651,Control,2026-04-20,2026-04-20,True
EXP_2026_HOMEPAGE_RANK_V2,U006401,Treatment,2026-06-09,2026-06-09,True
EXP_2026_HOMEPAGE_RANK_V2,U006886,Treatment,2026-05-09,2026-05-12,False
EXP_2026_HOMEPAGE_RANK_V2,U010387,Control,2026-05-28,2026-06-01,True
EXP_2026_HOMEPAGE_RANK_V2,U000126,Control,2026-05-27,2026-05-28,True
EXP_2026_HOMEPAGE_RANK_V2,U001529,Control,2026-06-04,2026-06-05,True
EXP_2026_HOMEPAGE_RANK_V2,U018408,Treatment,2026-05-15,2026-05-18,True
EXP_2026_HOMEPAGE_RANK_V2,U024426,Control,2026-05-24,2026-05-26,True
EXP_2026_HOMEPAGE_RANK_V2,U017749,Control,2026-06-06,2026-06-11,True
EXP_2026_HOMEPAGE_RANK_V2,U019756,Treatment,2026-04-20,2026-04-24,True
EXP_2026_HOMEPAGE_RANK_V2,U017806,Control,2026-04-22,2026-04-27,True
EXP_2026_HOMEPAGE_RANK_V2,U000227,Control,2026-04-29,2026-05-04,True
EXP_2026_HOMEPAGE_RANK_V2,U005892,Control,2026-04-23,2026-04-26,True
EXP_2026_HOMEPAGE_RANK_V2,U021278,Treatment,2026-05-28,2026-05-28,True
EXP_2026_HOMEPAGE_RANK_V2,U000958,Treatment,2026-05-22,2026-05-23,True
EXP_2026_HOMEPAGE_RANK_V2,U001336,Treatment,2026-04-30,2026-05-05,True
EXP_2026_HOMEPAGE_RANK_V2,U020217,Treatment,2026-05-09,2026-05-13,True
EXP_2026_HOMEPAGE_RANK_V2,U010509,Control,2026-05-23,2026-05-25,True
EXP_2026_HOMEPAGE_RANK_V2,U010268,Control,2026-05-09,2026-05-09,True
EXP_2026_HOMEPAGE_RANK_V2,U014853,Control,2026-06-20,2026-06-24,True
EXP_2026_HOMEPAGE_RANK_V2,U022244,Control,2026-06-09,2026-06-14,True
EXP_2026_HOMEPAGE_RANK_V2,U021048,Treatment,2026-06-08,2026-06-12,True
EXP_2026_HOMEPAGE_RANK_V2,U009924,Treatment,2026-05-05,2026-05-09,True
EXP_2026_HOMEPAGE_RANK_V2,U018908,Treatment,2026-06-18,2026-06-23,True
EXP_2026_HOMEPAGE_RANK_V2,U013619,Control,2026-06-19,2026-06-22,True
EXP_2026_HOMEPAGE_RANK_V2,U013258,Treatment,2026-04-23,2026-04-26,True
EXP_2026_HOMEPAGE_RANK_V2,U012907,Control,2026-06-12,2026-06-17,True
EXP_2026_HOMEPAGE_RANK_V2,U019268,Control,2026-04-27,2026-05-02,True
EXP_2026_HOMEPAGE_RANK_V2,U014967,Treatment,2026-06-14,2026-06-18,True
EXP_2026_HOMEPAGE_RANK_V2,U002959,Control,2026-04-30,2026-05-02,True
EXP_2026_HOMEPAGE_RANK_V2,U024764,Control,2026-04-24,2026-04-27,True
EXP_2026_HOMEPAGE_RANK_V2,U018427,Control,2026-06-07,2026-06-12,True
EXP_2026_HOMEPAGE_RANK_V2,U002505,Treatment,2026-06-18,2026-06-20,True
EXP_2026_HOMEPAGE_RANK_V2,U002316,Control,2026-05-07,2026-05-08,True
EXP_2026_HOMEPAGE_RANK_V2,U002345,Treatment,2026-07-08,2026-07-08,True
EXP_2026_HOMEPAGE_RANK_V2,U018230,Treatment,2026-05-21,2026-05-21,True
EXP_2026_HOMEPAGE_RANK_V2,U018216,Treatment,2026-05-18,2026-05-21,True
EXP_2026_HOMEPAGE_RANK_V2,U011578,Control,2026-06-22,2026-06-24,True
EXP_2026_HOMEPAGE_RANK_V2,U015094,Control,2026-05-06,2026-05-08,True
EXP_2026_HOMEPAGE_RANK_V2,U018359,Treatment,2026-05-31,2026-06-05,True
EXP_2026_HOMEPAGE_RANK_V2,U018049,Treatment,2026-04-28,2026-05-03,True
EXP_2026_HOMEPAGE_RANK_V2,U003331,Treatment,2026-06-04,2026-06-07,False
EXP_2026_HOMEPAGE_RANK_V2,U013178,Control,2026-06-21,2026-06-26,True
EXP_2026_HOMEPAGE_RANK_V2,U007860,Treatment,2026-07-08,2026-07-08,True
EXP_2026_HOMEPAGE_RANK_V2,U023140,Control,2026-05-20,2026-05-23,True
EXP_2026_HOMEPAGE_RANK_V2,U003710,Control,2026-05-07,2026-05-09,True
EXP_2026_HOMEPAGE_RANK_V2,U022620,Control,2026-05-31,2026-06-03,True
EXP_2026_HOMEPAGE_RANK_V2,U005588,Control,2026-06-07,2026-06-07,True
EXP_2026_HOMEPAGE_RANK_V2,U009070,Treatment,2026-05-12,2026-05-14,True
EXP_2026_HOMEPAGE_RANK_V2,U024598,Control,2026-05-06,2026-05-09,True
EXP_2026_HOMEPAGE_RANK_V2,U004396,Control,2026-06-27,2026-07-01,True
EXP_2026_HOMEPAGE_RANK_V2,U003966,Control,2026-07-10,2026-07-15,True
EXP_2026_HOMEPAGE_RANK_V2,U012513,Treatment,2026-05-18,2026-05-19,True
EXP_2026_HOMEPAGE_RANK_V2,U020338,Treatment,2026-05-30,2026-06-04,True
EXP_2026_HOMEPAGE_RANK_V2,U019794,Control,2026-04-20,2026-04-21,True
EXP_2026_HOMEPAGE_RANK_V2,U013947,Treatment,2026-05-07,2026-05-11,True
EXP_2026_HOMEPAGE_RANK_V2,U010702,Treatment,2026-04-30,2026-05-05,True
EXP_2026_HOMEPAGE_RANK_V2,U007449,Control,2026-06-08,2026-06-13,False
EXP_2026_HOMEPAGE_RANK_V2,U004990,Control,2026-06-12,2026-06-14,True
EXP_2026_HOMEPAGE_RANK_V2,U010340,Control,2026-05-19,2026-05-19,True
EXP_2026_HOMEPAGE_RANK_V2,U011284,Treatment,2026-07-02,2026-07-06,True
EXP_2026_HOMEPAGE_RANK_V2,U001419,Treatment,2026-05-03,2026-05-06,True
EXP_2026_HOMEPAGE_RANK_V2,U000748,Control,2026-06-28,2026-07-03,True
EXP_2026_HOMEPAGE_RANK_V2,U006784,Treatment,2026-06-09,2026-06-13,True
EXP_2026_HOMEPAGE_RANK_V2,U005165,Treatment,2026-06-24,2026-06-29,False
EXP_2026_HOMEPAGE_RANK_V2,U011992,Treatment,2026-06-09,2026-06-13,True
EXP_2026_HOMEPAGE_RANK_V2,U017463,Treatment,2026-04-18,2026-04-21,True
EXP_2026_HOMEPAGE_RANK_V2,U013737,Control,2026-06-18,2026-06-23,True
EXP_2026_HOMEPAGE_RANK_V2,U024532,Treatment,2026-05-21,2026-05-21,True
EXP_2026_HOMEPAGE_RANK_V2,U001949,Control,2026-05-30,2026-05-30,False
EXP_2026_HOMEPAGE_RANK_V2,U014607,Treatment,2026-05-10,2026-05-13,True
EXP_2026_HOMEPAGE_RANK_V2,U001570,Control,2026-04-25,2026-04-29,False
EXP_2026_HOMEPAGE_RANK_V2,U011986,Treatment,2026-07-06,2026-07-08,True
EXP_2026_HOMEPAGE_RANK_V2,U021711,Treatment,2026-06-26,2026-06-30,True
EXP_2026_HOMEPAGE_RANK_V2,U021657,Control,2026-06-13,2026-06-17,True
EXP_2026_HOMEPAGE_RANK_V2,U019058,Control,2026-07-04,2026-07-09,True
EXP_2026_HOMEPAGE_RANK_V2,U012455,Control,2026-05-14,2026-05-14,True
EXP_2026_HOMEPAGE_RANK_V2,U000470,Control,2026-04-30,2026-04-30,True
EXP_2026_HOMEPAGE_RANK_V2,U002431,Treatment,2026-05-20,2026-05-22,True
EXP_2026_HOMEPAGE_RANK_V2,U017199,Treatment,2026-05-29,2026-06-01,True
EXP_2026_HOMEPAGE_RANK_V2,U009229,Treatment,2026-06-23,2026-06-23,True
EXP_2026_HOMEPAGE_RANK_V2,U010416,Control,2026-07-04,2026-07-09,True
EXP_2026_HOMEPAGE_RANK_V2,U021825,Treatment,2026-04-19,2026-04-19,True
EXP_2026_HOMEPAGE_RANK_V2,U016758,Treatment,2026-05-03,2026-05-03,True
EXP_2026_HOMEPAGE_RANK_V2,U024682,Control,2026-05-17,2026-05-22,True
EXP_2026_HOMEPAGE_RANK_V2,U015596,Control,2026-05-31,2026-05-31,True
EXP_2026_HOMEPAGE_RANK_V2,U021245,Control,2026-06-09,2026-06-09,True
EXP_2026_HOMEPAGE_RANK_V2,U024146,Treatment,2026-07-08,2026-07-13,True
EXP_2026_HOMEPAGE_RANK_V2,U010484,Treatment,2026-06-05,2026-06-05,True
EXP_2026_HOMEPAGE_RANK_V2,U014831,Treatment,2026-06-19,2026-06-21,True
EXP_2026_HOMEPAGE_RANK_V2,U005880,Treatment,2026-05-11,2026-05-16,True
EXP_2026_HOMEPAGE_RANK_V2,U017596,Control,2026-06-26,2026-06-28,True
EXP_2026_HOMEPAGE_RANK_V2,U024713,Treatment,2026-07-06,2026-07-10,True
EXP_2026_HOMEPAGE_RANK_V2,U014966,Treatment,2026-07-11,2026-07-14,True
EXP_2026_HOMEPAGE_RANK_V2,U022300,Control,2026-05-17,2026-05-18,True
EXP_2026_HOMEPAGE_RANK_V2,U015179,Control,2026-04-29,2026-05-02,True
EXP_2026_HOMEPAGE_RANK_V2,U002073,Treatment,2026-07-07,2026-07-11,False
EXP_2026_HOMEPAGE_RANK_V2,U011655,Control,2026-06-20,2026-06-22,True
EXP_2026_HOMEPAGE_RANK_V2,U012848,Control,2026-05-05,2026-05-09,True
EXP_2026_HOMEPAGE_RANK_V2,U010814,Control,2026-04-19,2026-04-19,True
EXP_2026_HOMEPAGE_RANK_V2,U004056,Treatment,2026-05-21,2026-05-21,True
EXP_2026_HOMEPAGE_RANK_V2,U014180,Treatment,2026-05-23,2026-05-24,True
EXP_2026_HOMEPAGE_RANK_V2,U002540,Treatment,2026-06-26,2026-06-27,True
EXP_2026_HOMEPAGE_RANK_V2,U013791,Control,2026-05-13,2026-05-18,True
EXP_2026_HOMEPAGE_RANK_V2,U008696,Treatment,2026-06-30,2026-07-05,True
EXP_2026_HOMEPAGE_RANK_V2,U015545,Treatment,2026-06-30,2026-07-03,True
EXP_2026_HOMEPAGE_RANK_V2,U024038,Treatment,2026-06-06,2026-06-10,True
EXP_2026_HOMEPAGE_RANK_V2,U023223,Control,2026-06-25,2026-06-25,True
EXP_2026_HOMEPAGE_RANK_V2,U020145,Control,2026-06-20,2026-06-22,True
EXP_2026_HOMEPAGE_RANK_V2,U019350,Treatment,2026-06-13,2026-06-16,True
EXP_2026_HOMEPAGE_RANK_V2,U018190,Treatment,2026-05-17,2026-05-18,True
EXP_2026_HOMEPAGE_RANK_V2,U021541,Control,2026-05-22,2026-05-22,True
EXP_2026_HOMEPAGE_RANK_V2,U000383,Control,2026-05-07,2026-05-10,True
EXP_2026_HOMEPAGE_RANK_V2,U023688,Control,2026-04-27,2026-05-01,True
EXP_2026_HOMEPAGE_RANK_V2,U013175,Control,2026-04-19,2026-04-24,True
EXP_2026_HOMEPAGE_RANK_V2,U020547,Control,2026-07-11,2026-07-13,True
EXP_2026_HOMEPAGE_RANK_V2,U005261,Treatment,2026-07-08,2026-07-10,True
EXP_2026_HOMEPAGE_RANK_V2,U010295,Control,2026-06-05,2026-06-09,True
EXP_2026_HOMEPAGE_RANK_V2,U024126,Treatment,2026-05-30,2026-06-02,True
EXP_2026_HOMEPAGE_RANK_V2,U017198,Control,2026-07-10,2026-07-15,True
EXP_2026_HOMEPAGE_RANK_V2,U007906,Control,2026-04-27,2026-04-28,True
EXP_2026_HOMEPAGE_RANK_V2,U021263,Treatment,2026-04-25,2026-04-25,True
EXP_2026_HOMEPAGE_RANK_V2,U010122,Control,2026-05-29,2026-06-01,True
EXP_2026_HOMEPAGE_RANK_V2,U001797,Control,2026-06-20,2026-06-23,True
EXP_2026_HOMEPAGE_RANK_V2,U017484,Control,2026-04-22,2026-04-23,True
EXP_2026_HOMEPAGE_RANK_V2,U022716,Treatment,2026-07-09,2026-07-14,True
EXP_2026_HOMEPAGE_RANK_V2,U003519,Control,2026-07-05,2026-07-05,True
EXP_2026_HOMEPAGE_RANK_V2,U001739,Treatment,2026-06-21,2026-06-26,False
EXP_2026_HOMEPAGE_RANK_V2,U008744,Treatment,2026-06-07,2026-06-12,True
EXP_2026_HOMEPAGE_RANK_V2,U014701,Treatment,2026-06-20,2026-06-25,True
EXP_2026_HOMEPAGE_RANK_V2,U009295,Treatment,2026-05-30,2026-06-04,True
EXP_2026_HOMEPAGE_RANK_V2,U009195,Treatment,2026-05-22,2026-05-24,True
EXP_2026_HOMEPAGE_RANK_V2,U014790,Control,2026-07-08,2026-07-09,True
EXP_2026_HOMEPAGE_RANK_V2,U002990,Treatment,2026-06-02,2026-06-05,True
EXP_2026_HOMEPAGE_RANK_V2,U007716,Treatment,2026-07-09,2026-07-14,True
EXP_2026_HOMEPAGE_RANK_V2,U007943,Treatment,2026-06-03,2026-06-05,True
EXP_2026_HOMEPAGE_RANK_V2,U006629,Treatment,2026-07-03,2026-07-08,True
EXP_2026_HOMEPAGE_RANK_V2,U012692,Treatment,2026-05-23,2026-05-27,True
EXP_2026_HOMEPAGE_RANK_V2,U009254,Treatment,2026-05-03,2026-05-03,True
EXP_2026_HOMEPAGE_RANK_V2,U015028,Treatment,2026-05-05,2026-05-07,True
EXP_2026_HOMEPAGE_RANK_V2,U008766,Treatment,2026-07-08,2026-07-09,True
EXP_2026_HOMEPAGE_RANK_V2,U022851,Treatment,2026-07-06,2026-07-08,True
EXP_2026_HOMEPAGE_RANK_V2,U014822,Control,2026-05-19,2026-05-20,True
EXP_2026_HOMEPAGE_RANK_V2,U005550,Control,2026-05-20,2026-05-22,True
EXP_2026_HOMEPAGE_RANK_V2,U008778,Control,2026-05-07,2026-05-07,False
EXP_2026_HOMEPAGE_RANK_V2,U004019,Treatment,2026-07-09,2026-07-14,True
EXP_2026_HOMEPAGE_RANK_V2,U021283,Treatment,2026-06-21,2026-06-22,True
EXP_2026_HOMEPAGE_RANK_V2,U006597,Control,2026-04-27,2026-04-29,True
EXP_2026_HOMEPAGE_RANK_V2,U014686,Control,2026-06-13,2026-06-15,True
EXP_2026_HOMEPAGE_RANK_V2,U020802,Control,2026-07-08,2026-07-13,True
EXP_2026_HOMEPAGE_RANK_V2,U014994,Control,2026-06-11,2026-06-16,True
EXP_2026_HOMEPAGE_RANK_V2,U019746,Treatment,2026-07-01,2026-07-06,True
EXP_2026_HOMEPAGE_RANK_V2,U002942,Treatment,2026-04-28,2026-04-30,True
EXP_2026_HOMEPAGE_RANK_V2,U018261,Control,2026-06-28,2026-07-01,True
EXP_2026_HOMEPAGE_RANK_V2,U005629,Treatment,2026-05-05,2026-05-10,True
EXP_2026_HOMEPAGE_RANK_V2,U011085,Control,2026-04-21,2026-04-25,True
EXP_2026_HOMEPAGE_RANK_V2,U018652,Treatment,2026-06-23,2026-06-28,True
EXP_2026_HOMEPAGE_RANK_V2,U011608,Control,2026-05-27,2026-05-28,True
EXP_2026_HOMEPAGE_RANK_V2,U022953,Treatment,2026-06-02,2026-06-07,True
EXP_2026_HOMEPAGE_RANK_V2,U011891,Control,2026-06-10,2026-06-11,True
EXP_2026_HOMEPAGE_RANK_V2,U017608,Treatment,2026-07-09,2026-07-09,True
EXP_2026_HOMEPAGE_RANK_V2,U000940,Control,2026-06-06,2026-06-07,True
EXP_2026_HOMEPAGE_RANK_V2,U017443,Treatment,2026-07-04,2026-07-06,True
EXP_2026_HOMEPAGE_RANK_V2,U023462,Control,2026-07-10,2026-07-12,True
EXP_2026_HOMEPAGE_RANK_V2,U002656,Treatment,2026-04-21,2026-04-22,True
EXP_2026_HOMEPAGE_RANK_V2,U022455,Treatment,2026-06-10,2026-06-14,True
EXP_2026_HOMEPAGE_RANK_V2,U005331,Control,2026-06-26,2026-06-29,True
EXP_2026_HOMEPAGE_RANK_V2,U010200,Control,2026-05-14,2026-05-17,True
EXP_2026_HOMEPAGE_RANK_V2,U009960,Control,2026-04-25,2026-04-28,True
EXP_2026_HOMEPAGE_RANK_V2,U021605,Treatment,2026-04-22,2026-04-27,True
EXP_2026_HOMEPAGE_RANK_V2,U017293,Control,2026-05-21,2026-05-24,False
EXP_2026_HOMEPAGE_RANK_V2,U002894,Treatment,2026-06-20,2026-06-22,True
EXP_2026_HOMEPAGE_RANK_V2,U011423,Treatment,2026-06-21,2026-06-22,True
EXP_2026_HOMEPAGE_RANK_V2,U004399,Control,2026-06-22,2026-06-27,True
EXP_2026_HOMEPAGE_RANK_V2,U006712,Control,2026-06-17,2026-06-18,True
EXP_2026_HOMEPAGE_RANK_V2,U003171,Control,2026-05-18,2026-05-21,False
EXP_2026_HOMEPAGE_RANK_V2,U003144,Control,2026-06-17,2026-06-18,True
EXP_2026_HOMEPAGE_RANK_V2,U017273,Control,2026-07-06,2026-07-08,True
EXP_2026_HOMEPAGE_RANK_V2,U003946,Treatment,2026-05-13,2026-05-13,True
EXP_2026_HOMEPAGE_RANK_V2,U001873,Control,2026-05-22,2026-05-23,True
EXP_2026_HOMEPAGE_RANK_V2,U006417,Treatment,2026-04-27,2026-05-02,True
EXP_2026_HOMEPAGE_RANK_V2,U024349,Treatment,2026-05-26,2026-05-28,True
EXP_2026_HOMEPAGE_RANK_V2,U007405,Treatment,2026-06-27,2026-07-02,True
EXP_2026_HOMEPAGE_RANK_V2,U008669,Control,2026-06-12,2026-06-16,True
EXP_2026_HOMEPAGE_RANK_V2,U017842,Control,2026-04-21,2026-04-21,True
EXP_2026_HOMEPAGE_RANK_V2,U010538,Control,2026-06-17,2026-06-18,True
EXP_2026_HOMEPAGE_RANK_V2,U022183,Control,2026-05-20,2026-05-20,True
EXP_2026_HOMEPAGE_RANK_V2,U008026,Treatment,2026-06-30,2026-07-05,True
EXP_2026_HOMEPAGE_RANK_V2,U013696,Treatment,2026-05-01,2026-05-05,True
EXP_2026_HOMEPAGE_RANK_V2,U017957,Control,2026-06-28,2026-06-28,True
EXP_2026_HOMEPAGE_RANK_V2,U003243,Control,2026-05-06,2026-05-10,True
EXP_2026_HOMEPAGE_RANK_V2,U011354,Treatment,2026-05-28,2026-05-30,False
EXP_2026_HOMEPAGE_RANK_V2,U022984,Control,2026-05-11,2026-05-16,True
EXP_2026_HOMEPAGE_RANK_V2,U002072,Control,2026-04-24,2026-04-24,True
EXP_2026_HOMEPAGE_RANK_V2,U005048,Control,2026-05-07,2026-05-12,True
EXP_2026_HOMEPAGE_RANK_V2,U007687,Control,2026-04-30,2026-04-30,True
EXP_2026_HOMEPAGE_RANK_V2,U010612,Control,2026-05-14,2026-05-14,True
EXP_2026_HOMEPAGE_RANK_V2,U016931,Treatment,2026-04-21,2026-04-25,True
EXP_2026_HOMEPAGE_RANK_V2,U008373,Control,2026-06-09,2026-06-11,True
EXP_2026_HOMEPAGE_RANK_V2,U004734,Control,2026-06-13,2026-06-18,True
EXP_2026_HOMEPAGE_RANK_V2,U001059,Control,2026-05-16,2026-05-21,True
EXP_2026_HOMEPAGE_RANK_V2,U004706,Treatment,2026-05-03,2026-05-07,True
EXP_2026_HOMEPAGE_RANK_V2,U019154,Control,2026-06-12,2026-06-17,True
EXP_2026_HOMEPAGE_RANK_V2,U002411,Control,2026-06-25,2026-06-27,True
EXP_2026_HOMEPAGE_RANK_V2,U020348,Treatment,2026-05-26,2026-05-28,True
EXP_2026_HOMEPAGE_RANK_V2,U012689,Treatment,2026-04-29,2026-05-03,True
EXP_2026_HOMEPAGE_RANK_V2,U015618,Treatment,2026-05-19,2026-05-20,True
EXP_2026_HOMEPAGE_RANK_V2,U020781,Treatment,2026-06-30,2026-07-03,True
EXP_2026_HOMEPAGE_RANK_V2,U020173,Control,2026-06-04,2026-06-07,True
EXP_2026_HOMEPAGE_RANK_V2,U024530,Control,2026-06-30,2026-06-30,True
EXP_2026_HOMEPAGE_RANK_V2,U022072,Control,2026-04-19,2026-04-19,True
EXP_2026_HOMEPAGE_RANK_V2,U011495,Control,2026-05-20,2026-05-24,True
EXP_2026_HOMEPAGE_RANK_V2,U013919,Control,2026-05-09,2026-05-09,True
EXP_2026_HOMEPAGE_RANK_V2,U018943,Control,2026-06-07,2026-06-08,True
EXP_2026_HOMEPAGE_RANK_V2,U024521,Control,2026-05-29,2026-06-03,True
EXP_2026_HOMEPAGE_RANK_V2,U004475,Treatment,2026-05-20,2026-05-24,True
EXP_2026_HOMEPAGE_RANK_V2,U022611,Control,2026-05-21,2026-05-25,True
EXP_2026_HOMEPAGE_RANK_V2,U015088,Treatment,2026-04-27,2026-04-28,False
EXP_2026_HOMEPAGE_RANK_V2,U004200,Treatment,2026-04-18,2026-04-19,True
EXP_2026_HOMEPAGE_RANK_V2,U002901,Treatment,2026-05-13,2026-05-18,True
EXP_2026_HOMEPAGE_RANK_V2,U012985,Treatment,2026-06-27,2026-06-27,True
EXP_2026_HOMEPAGE_RANK_V2,U002801,Treatment,2026-06-10,2026-06-10,True
EXP_2026_HOMEPAGE_RANK_V2,U020213,Treatment,2026-05-14,2026-05-14,True
EXP_2026_HOMEPAGE_RANK_V2,U014377,Control,2026-06-26,2026-06-29,True
EXP_2026_HOMEPAGE_RANK_V2,U010409,Control,2026-06-15,2026-06-15,True
EXP_2026_HOMEPAGE_RANK_V2,U020306,Control,2026-06-10,2026-06-14,True
EXP_2026_HOMEPAGE_RANK_V2,U000128,Control,2026-05-29,2026-05-29,True
EXP_2026_HOMEPAGE_RANK_V2,U010065,Treatment,2026-04-22,2026-04-23,True
EXP_2026_HOMEPAGE_RANK_V2,U010802,Control,2026-04-28,2026-04-29,True
EXP_2026_HOMEPAGE_RANK_V2,U013793,Treatment,2026-06-02,2026-06-05,True
EXP_2026_HOMEPAGE_RANK_V2,U021367,Treatment,2026-06-30,2026-07-03,True
EXP_2026_HOMEPAGE_RANK_V2,U023970,Treatment,2026-04-18,2026-04-21,True
EXP_2026_HOMEPAGE_RANK_V2,U003776,Control,2026-06-11,2026-06-13,True
EXP_2026_HOMEPAGE_RANK_V2,U016017,Control,2026-04-28,2026-04-29,True
EXP_2026_HOMEPAGE_RANK_V2,U009750,Treatment,2026-05-09,2026-05-14,True
EXP_2026_HOMEPAGE_RANK_V2,U024095,Treatment,2026-04-23,2026-04-24,True
EXP_2026_HOMEPAGE_RANK_V2,U023912,Treatment,2026-05-18,2026-05-20,True
EXP_2026_HOMEPAGE_RANK_V2,U016431,Treatment,2026-04-21,2026-04-26,True
EXP_2026_HOMEPAGE_RANK_V2,U018572,Treatment,2026-06-16,2026-06-20,True
EXP_2026_HOMEPAGE_RANK_V2,U010592,Control,2026-07-05,2026-07-05,True
EXP_2026_HOMEPAGE_RANK_V2,U016718,Control,2026-05-03,2026-05-06,True
EXP_2026_HOMEPAGE_RANK_V2,U001821,Treatment,2026-05-19,2026-05-19,True
EXP_2026_HOMEPAGE_RANK_V2,U001038,Treatment,2026-06-18,2026-06-19,True
EXP_2026_HOMEPAGE_RANK_V2,U001775,Control,2026-07-08,2026-07-08,True
EXP_2026_HOMEPAGE_RANK_V2,U013998,Treatment,2026-04-28,2026-05-03,True
EXP_2026_HOMEPAGE_RANK_V2,U021721,Treatment,2026-06-13,2026-06-15,True
EXP_2026_HOMEPAGE_RANK_V2,U014696,Control,2026-06-17,2026-06-18,True
EXP_2026_HOMEPAGE_RANK_V2,U000792,Control,2026-05-31,2026-06-04,True
EXP_2026_HOMEPAGE_RANK_V2,U011998,Treatment,2026-05-17,2026-05-21,True
EXP_2026_HOMEPAGE_RANK_V2,U015511,Control,2026-07-08,2026-07-13,True
EXP_2026_HOMEPAGE_RANK_V2,U014331,Control,2026-05-01,2026-05-04,True
EXP_2026_HOMEPAGE_RANK_V2,U019770,Control,2026-04-18,2026-04-22,True
EXP_2026_HOMEPAGE_RANK_V2,U011791,Control,2026-04-23,2026-04-23,True
EXP_2026_HOMEPAGE_RANK_V2,U001796,Control,2026-06-10,2026-06-12,True
EXP_2026_HOMEPAGE_RANK_V2,U016212,Treatment,2026-07-09,2026-07-12,True
EXP_2026_HOMEPAGE_RANK_V2,U005458,Treatment,2026-05-07,2026-05-10,True
EXP_2026_HOMEPAGE_RANK_V2,U020498,Treatment,2026-06-01,2026-06-03,False
EXP_2026_HOMEPAGE_RANK_V2,U017820,Control,2026-05-30,2026-06-03,True
EXP_2026_HOMEPAGE_RANK_V2,U000272,Treatment,2026-04-27,2026-04-28,True
EXP_2026_HOMEPAGE_RANK_V2,U012833,Control,2026-05-22,2026-05-26,True
EXP_2026_HOMEPAGE_RANK_V2,U018640,Control,2026-07-08,2026-07-11,True
EXP_2026_HOMEPAGE_RANK_V2,U008453,Control,2026-05-04,2026-05-07,True
EXP_2026_HOMEPAGE_RANK_V2,U007497,Control,2026-05-20,2026-05-21,True
EXP_2026_HOMEPAGE_RANK_V2,U018985,Control,2026-05-18,2026-05-22,True
EXP_2026_HOMEPAGE_RANK_V2,U023481,Treatment,2026-06-02,2026-06-06,True
EXP_2026_HOMEPAGE_RANK_V2,U003488,Treatment,2026-05-15,2026-05-15,False
EXP_2026_HOMEPAGE_RANK_V2,U023791,Treatment,2026-06-03,2026-06-08,True
EXP_2026_HOMEPAGE_RANK_V2,U015168,Control,2026-05-01,2026-05-01,True
EXP_2026_HOMEPAGE_RANK_V2,U015646,Treatment,2026-07-07,2026-07-11,True
EXP_2026_HOMEPAGE_RANK_V2,U012832,Control,2026-06-19,2026-06-21,True
EXP_2026_HOMEPAGE_RANK_V2,U016614,Control,2026-07-09,2026-07-11,True
EXP_2026_HOMEPAGE_RANK_V2,U009642,Control,2026-05-13,2026-05-13,False
EXP_2026_HOMEPAGE_RANK_V2,U019309,Control,2026-06-03,2026-06-04,True
EXP_2026_HOMEPAGE_RANK_V2,U012010,Treatment,2026-05-22,2026-05-27,True
EXP_2026_HOMEPAGE_RANK_V2,U001860,Treatment,2026-05-02,2026-05-03,True
EXP_2026_HOMEPAGE_RANK_V2,U014042,Treatment,2026-05-24,2026-05-28,True
EXP_2026_HOMEPAGE_RANK_V2,U006896,Treatment,2026-04-30,2026-05-04,True
EXP_2026_HOMEPAGE_RANK_V2,U022452,Treatment,2026-05-15,2026-05-18,True
EXP_2026_HOMEPAGE_RANK_V2,U019875,Treatment,2026-06-10,2026-06-10,False
EXP_2026_HOMEPAGE_RANK_V2,U002081,Treatment,2026-06-13,2026-06-14,True
EXP_2026_HOMEPAGE_RANK_V2,U017804,Treatment,2026-07-10,2026-07-11,True
EXP_2026_HOMEPAGE_RANK_V2,U018590,Control,2026-06-28,2026-06-28,True
EXP_2026_HOMEPAGE_RANK_V2,U014582,Treatment,2026-05-17,2026-05-22,True
EXP_2026_HOMEPAGE_RANK_V2,U000595,Treatment,2026-06-12,2026-06-15,True
EXP_2026_HOMEPAGE_RANK_V2,U007095,Treatment,2026-06-12,2026-06-12,True
EXP_2026_HOMEPAGE_RANK_V2,U018343,Treatment,2026-04-27,2026-05-02,True
EXP_2026_HOMEPAGE_RANK_V2,U019257,Treatment,2026-05-01,2026-05-01,True
EXP_2026_HOMEPAGE_RANK_V2,U003984,Treatment,2026-06-04,2026-06-06,True
EXP_2026_HOMEPAGE_RANK_V2,U010553,Control,2026-04-27,2026-04-28,True
EXP_2026_HOMEPAGE_RANK_V2,U005992,Treatment,2026-07-10,2026-07-14,True
EXP_2026_HOMEPAGE_RANK_V2,U010647,Control,2026-05-08,2026-05-11,True
EXP_2026_HOMEPAGE_RANK_V2,U009669,Control,2026-06-23,2026-06-28,True
EXP_2026_HOMEPAGE_RANK_V2,U003673,Control,2026-07-03,2026-07-07,True
EXP_2026_HOMEPAGE_RANK_V2,U004931,Treatment,2026-06-05,2026-06-08,True
EXP_2026_HOMEPAGE_RANK_V2,U023865,Control,2026-07-01,2026-07-01,True
EXP_2026_HOMEPAGE_RANK_V2,U009829,Treatment,2026-06-30,2026-07-04,True
EXP_2026_HOMEPAGE_RANK_V2,U009545,Control,2026-06-21,2026-06-26,True
EXP_2026_HOMEPAGE_RANK_V2,U005150,Treatment,2026-07-04,2026-07-05,True
EXP_2026_HOMEPAGE_RANK_V2,U018651,Control,2026-06-27,2026-07-01,True
EXP_2026_HOMEPAGE_RANK_V2,U008174,Control,2026-06-28,2026-07-03,True
EXP_2026_HOMEPAGE_RANK_V2,U009125,Treatment,2026-05-04,2026-05-08,True
EXP_2026_HOMEPAGE_RANK_V2,U017426,Control,2026-06-16,2026-06-17,True
EXP_2026_HOMEPAGE_RANK_V2,U009619,Control,2026-06-23,2026-06-24,True
EXP_2026_HOMEPAGE_RANK_V2,U023866,Treatment,2026-05-16,2026-05-21,True
EXP_2026_HOMEPAGE_RANK_V2,U004899,Control,2026-04-26,2026-04-28,True
EXP_2026_HOMEPAGE_RANK_V2,U012578,Control,2026-04-30,2026-05-05,True
EXP_2026_HOMEPAGE_RANK_V2,U014644,Treatment,2026-04-20,2026-04-21,True
EXP_2026_HOMEPAGE_RANK_V2,U022583,Control,2026-06-01,2026-06-06,False
EXP_2026_HOMEPAGE_RANK_V2,U010017,Treatment,2026-05-13,2026-05-17,True
EXP_2026_HOMEPAGE_RANK_V2,U010308,Control,2026-05-09,2026-05-10,True
EXP_2026_HOMEPAGE_RANK_V2,U007574,Treatment,2026-05-31,2026-06-03,True
EXP_2026_HOMEPAGE_RANK_V2,U003561,Treatment,2026-04-30,2026-05-05,True
EXP_2026_HOMEPAGE_RANK_V2,U001305,Control,2026-07-05,2026-07-10,True
EXP_2026_HOMEPAGE_RANK_V2,U005138,Treatment,2026-05-01,2026-05-04,True
EXP_2026_HOMEPAGE_RANK_V2,U000953,Treatment,2026-04-29,2026-05-03,True
EXP_2026_HOMEPAGE_RANK_V2,U010697,Treatment,2026-07-01,2026-07-03,True
EXP_2026_HOMEPAGE_RANK_V2,U018540,Treatment,2026-05-31,2026-06-01,True
EXP_2026_HOMEPAGE_RANK_V2,U016808,Treatment,2026-07-05,2026-07-07,True
EXP_2026_HOMEPAGE_RANK_V2,U007157,Control,2026-05-09,2026-05-10,True
EXP_2026_HOMEPAGE_RANK_V2,U022986,Control,2026-07-04,2026-07-07,True
EXP_2026_HOMEPAGE_RANK_V2,U015884,Control,2026-07-09,2026-07-11,True
EXP_2026_HOMEPAGE_RANK_V2,U018362,Control,2026-05-01,2026-05-06,True
EXP_2026_HOMEPAGE_RANK_V2,U022584,Control,2026-04-24,2026-04-25,True
EXP_2026_HOMEPAGE_RANK_V2,U004698,Control,2026-04-28,2026-04-28,True
EXP_2026_HOMEPAGE_RANK_V2,U019469,Control,2026-07-03,2026-07-07,True
EXP_2026_HOMEPAGE_RANK_V2,U015612,Treatment,2026-06-04,2026-06-09,True
EXP_2026_HOMEPAGE_RANK_V2,U009085,Treatment,2026-04-20,2026-04-23,True
EXP_2026_HOMEPAGE_RANK_V2,U018285,Control,2026-05-15,2026-05-15,True
EXP_2026_HOMEPAGE_RANK_V2,U016418,Treatment,2026-06-30,2026-07-03,True
EXP_2026_HOMEPAGE_RANK_V2,U017033,Control,2026-06-05,2026-06-09,True
EXP_2026_HOMEPAGE_RANK_V2,U018597,Control,2026-05-27,2026-05-27,True
EXP_2026_HOMEPAGE_RANK_V2,U019022,Control,2026-04-28,2026-05-03,True
EXP_2026_HOMEPAGE_RANK_V2,U020688,Treatment,2026-07-01,2026-07-02,True
EXP_2026_HOMEPAGE_RANK_V2,U000438,Treatment,2026-06-06,2026-06-11,True
EXP_2026_HOMEPAGE_RANK_V2,U012808,Treatment,2026-06-02,2026-06-04,True
EXP_2026_HOMEPAGE_RANK_V2,U005997,Treatment,2026-06-05,2026-06-06,True
EXP_2026_HOMEPAGE_RANK_V2,U004641,Treatment,2026-06-23,2026-06-25,True
EXP_2026_HOMEPAGE_RANK_V2,U004979,Control,2026-06-14,2026-06-19,True
EXP_2026_HOMEPAGE_RANK_V2,U014105,Treatment,2026-05-17,2026-05-21,True
EXP_2026_HOMEPAGE_RANK_V2,U024259,Control,2026-06-22,2026-06-26,True
EXP_2026_HOMEPAGE_RANK_V2,U017594,Control,2026-05-28,2026-05-29,True
EXP_2026_HOMEPAGE_RANK_V2,U008624,Control,2026-07-06,2026-07-10,True
EXP_2026_HOMEPAGE_RANK_V2,U006507,Control,2026-05-31,2026-05-31,True
EXP_2026_HOMEPAGE_RANK_V2,U020642,Treatment,2026-04-21,2026-04-26,True
EXP_2026_HOMEPAGE_RANK_V2,U020834,Control,2026-06-14,2026-06-15,True
EXP_2026_HOMEPAGE_RANK_V2,U020775,Control,2026-06-01,2026-06-01,False
EXP_2026_HOMEPAGE_RANK_V2,U019940,Treatment,2026-06-09,2026-06-11,True
EXP_2026_HOMEPAGE_RANK_V2,U012821,Treatment,2026-06-15,2026-06-15,True
EXP_2026_HOMEPAGE_RANK_V2,U016412,Control,2026-05-22,2026-05-26,True
EXP_2026_HOMEPAGE_RANK_V2,U020390,Control,2026-04-29,2026-04-30,True
EXP_2026_HOMEPAGE_RANK_V2,U019556,Control,2026-05-22,2026-05-27,True
EXP_2026_HOMEPAGE_RANK_V2,U004541,Treatment,2026-06-24,2026-06-27,True
EXP_2026_HOMEPAGE_RANK_V2,U010550,Control,2026-07-08,2026-07-10,True
EXP_2026_HOMEPAGE_RANK_V2,U012813,Treatment,2026-06-24,2026-06-28,True
EXP_2026_HOMEPAGE_RANK_V2,U009990,Treatment,2026-06-13,2026-06-14,True
EXP_2026_HOMEPAGE_RANK_V2,U007812,Treatment,2026-06-19,2026-06-21,True
EXP_2026_HOMEPAGE_RANK_V2,U009028,Control,2026-05-05,2026-05-05,True
EXP_2026_HOMEPAGE_RANK_V2,U021295,Control,2026-05-07,2026-05-09,True
EXP_2026_HOMEPAGE_RANK_V2,U002765,Treatment,2026-05-11,2026-05-16,True
EXP_2026_HOMEPAGE_RANK_V2,U010490,Control,2026-04-22,2026-04-23,True
EXP_2026_HOMEPAGE_RANK_V2,U018646,Control,2026-06-15,2026-06-15,True
EXP_2026_HOMEPAGE_RANK_V2,U021492,Treatment,2026-07-07,2026-07-12,True
EXP_2026_HOMEPAGE_RANK_V2,U023454,Control,2026-07-11,2026-07-16,True
EXP_2026_HOMEPAGE_RANK_V2,U014688,Treatment,2026-05-07,2026-05-07,True
EXP_2026_HOMEPAGE_RANK_V2,U014659,Treatment,2026-06-23,2026-06-25,True
EXP_2026_HOMEPAGE_RANK_V2,U016680,Treatment,2026-05-31,2026-06-05,True
EXP_2026_HOMEPAGE_RANK_V2,U024538,Control,2026-06-08,2026-06-13,True
EXP_2026_HOMEPAGE_RANK_V2,U001954,Control,2026-07-03,2026-07-04,True
EXP_2026_HOMEPAGE_RANK_V2,U021921,Treatment,2026-06-09,2026-06-10,True
EXP_2026_HOMEPAGE_RANK_V2,U022748,Treatment,2026-04-29,2026-05-01,True
EXP_2026_HOMEPAGE_RANK_V2,U009608,Control,2026-07-09,2026-07-11,True
EXP_2026_HOMEPAGE_RANK_V2,U005812,Treatment,2026-06-03,2026-06-05,True
EXP_2026_HOMEPAGE_RANK_V2,U014025,Control,2026-04-23,2026-04-26,True
EXP_2026_HOMEPAGE_RANK_V2,U002086,Treatment,2026-05-13,2026-05-14,True
EXP_2026_HOMEPAGE_RANK_V2,U011768,Control,2026-05-22,2026-05-27,True
EXP_2026_HOMEPAGE_RANK_V2,U024513,Control,2026-04-25,2026-04-28,True
EXP_2026_HOMEPAGE_RANK_V2,U023155,Control,2026-06-08,2026-06-09,True
EXP_2026_HOMEPAGE_RANK_V2,U000541,Treatment,2026-04-22,2026-04-26,True
EXP_2026_HOMEPAGE_RANK_V2,U004789,Treatment,2026-06-13,2026-06-16,True
EXP_2026_HOMEPAGE_RANK_V2,U017661,Treatment,2026-05-14,2026-05-14,True
EXP_2026_HOMEPAGE_RANK_V2,U012919,Control,2026-05-21,2026-05-24,True
EXP_2026_HOMEPAGE_RANK_V2,U009425,Control,2026-04-23,2026-04-23,True
EXP_2026_HOMEPAGE_RANK_V2,U003665,Control,2026-06-12,2026-06-14,True
EXP_2026_HOMEPAGE_RANK_V2,U010215,Treatment,2026-05-03,2026-05-06,True
EXP_2026_HOMEPAGE_RANK_V2,U016141,Control,2026-05-15,2026-05-17,True
EXP_2026_HOMEPAGE_RANK_V2,U021029,Treatment,2026-04-24,2026-04-29,True
EXP_2026_HOMEPAGE_RANK_V2,U018291,Treatment,2026-04-29,2026-05-04,True
EXP_2026_HOMEPAGE_RANK_V2,U013005,Treatment,2026-06-26,2026-06-30,True
EXP_2026_HOMEPAGE_RANK_V2,U006166,Treatment,2026-04-27,2026-05-01,True
EXP_2026_HOMEPAGE_RANK_V2,U000209,Treatment,2026-04-23,2026-04-24,True
EXP_2026_HOMEPAGE_RANK_V2,U011800,Treatment,2026-05-14,2026-05-15,True
EXP_2026_HOMEPAGE_RANK_V2,U000331,Treatment,2026-06-17,2026-06-20,True
EXP_2026_HOMEPAGE_RANK_V2,U019016,Control,2026-05-15,2026-05-20,False
EXP_2026_HOMEPAGE_RANK_V2,U007791,Treatment,2026-07-09,2026-07-09,True
EXP_2026_HOMEPAGE_RANK_V2,U015095,Treatment,2026-06-25,2026-06-28,True
EXP_2026_HOMEPAGE_RANK_V2,U022773,Treatment,2026-07-04,2026-07-05,True
EXP_2026_HOMEPAGE_RANK_V2,U018799,Treatment,2026-05-21,2026-05-24,True
EXP_2026_HOMEPAGE_RANK_V2,U012248,Treatment,2026-04-24,2026-04-27,True
EXP_2026_HOMEPAGE_RANK_V2,U006510,Control,2026-06-14,2026-06-14,True
EXP_2026_HOMEPAGE_RANK_V2,U018075,Treatment,2026-05-06,2026-05-07,True
EXP_2026_HOMEPAGE_RANK_V2,U010036,Control,2026-06-23,2026-06-27,True
EXP_2026_HOMEPAGE_RANK_V2,U020332,Control,2026-06-27,2026-06-29,True
EXP_2026_HOMEPAGE_RANK_V2,U018786,Treatment,2026-06-22,2026-06-27,True
EXP_2026_HOMEPAGE_RANK_V2,U016367,Treatment,2026-05-01,2026-05-03,True
EXP_2026_HOMEPAGE_RANK_V2,U023714,Control,2026-05-12,2026-05-17,True
EXP_2026_HOMEPAGE_RANK_V2,U008992,Treatment,2026-06-30,2026-06-30,False
EXP_2026_HOMEPAGE_RANK_V2,U020325,Treatment,2026-07-07,2026-07-10,True
EXP_2026_HOMEPAGE_RANK_V2,U016034,Control,2026-05-16,2026-05-16,True
EXP_2026_HOMEPAGE_RANK_V2,U020955,Treatment,2026-05-06,2026-05-10,True
EXP_2026_HOMEPAGE_RANK_V2,U001913,Control,2026-06-17,2026-06-20,True
EXP_2026_HOMEPAGE_RANK_V2,U023132,Control,2026-06-21,2026-06-25,True
EXP_2026_HOMEPAGE_RANK_V2,U010868,Control,2026-06-16,2026-06-17,True
EXP_2026_HOMEPAGE_RANK_V2,U015152,Control,2026-06-17,2026-06-20,True
EXP_2026_HOMEPAGE_RANK_V2,U005602,Control,2026-05-22,2026-05-23,True
EXP_2026_HOMEPAGE_RANK_V2,U013255,Treatment,2026-05-18,2026-05-23,True
EXP_2026_HOMEPAGE_RANK_V2,U024387,Treatment,2026-05-06,2026-05-09,True
EXP_2026_HOMEPAGE_RANK_V2,U023731,Treatment,2026-07-02,2026-07-05,True
EXP_2026_HOMEPAGE_RANK_V2,U012502,Control,2026-06-29,2026-06-30,False
EXP_2026_HOMEPAGE_RANK_V2,U019530,Treatment,2026-05-27,2026-05-30,True
EXP_2026_HOMEPAGE_RANK_V2,U020014,Treatment,2026-05-11,2026-05-13,True
EXP_2026_HOMEPAGE_RANK_V2,U015700,Treatment,2026-04-28,2026-05-03,True
EXP_2026_HOMEPAGE_RANK_V2,U014842,Control,2026-06-18,2026-06-19,True
EXP_2026_HOMEPAGE_RANK_V2,U022867,Control,2026-04-23,2026-04-26,True
EXP_2026_HOMEPAGE_RANK_V2,U008310,Control,2026-05-13,2026-05-18,True
EXP_2026_HOMEPAGE_RANK_V2,U012871,Control,2026-05-02,2026-05-07,True
EXP_2026_HOMEPAGE_RANK_V2,U019111,Treatment,2026-07-04,2026-07-06,True
EXP_2026_HOMEPAGE_RANK_V2,U009180,Control,2026-05-28,2026-05-31,True
EXP_2026_HOMEPAGE_RANK_V2,U006559,Control,2026-06-01,2026-06-06,True
EXP_2026_HOMEPAGE_RANK_V2,U019500,Control,2026-07-04,2026-07-06,True
EXP_2026_HOMEPAGE_RANK_V2,U009339,Control,2026-05-19,2026-05-21,True
EXP_2026_HOMEPAGE_RANK_V2,U008759,Control,2026-04-28,2026-04-29,True
EXP_2026_HOMEPAGE_RANK_V2,U022618,Control,2026-06-02,2026-06-07,True
EXP_2026_HOMEPAGE_RANK_V2,U014838,Treatment,2026-05-26,2026-05-29,True
EXP_2026_HOMEPAGE_RANK_V2,U005523,Control,2026-07-10,2026-07-15,True
EXP_2026_HOMEPAGE_RANK_V2,U005360,Treatment,2026-04-26,2026-05-01,False
EXP_2026_HOMEPAGE_RANK_V2,U010052,Treatment,2026-07-11,2026-07-14,True
EXP_2026_HOMEPAGE_RANK_V2,U022235,Treatment,2026-07-06,2026-07-08,True
EXP_2026_HOMEPAGE_RANK_V2,U002871,Control,2026-04-20,2026-04-25,True
EXP_2026_HOMEPAGE_RANK_V2,U024976,Treatment,2026-05-29,2026-05-31,True
EXP_2026_HOMEPAGE_RANK_V2,U004388,Treatment,2026-04-20,2026-04-24,True
EXP_2026_HOMEPAGE_RANK_V2,U007911,Control,2026-06-23,2026-06-23,False
EXP_2026_HOMEPAGE_RANK_V2,U016293,Control,2026-05-18,2026-05-22,True
EXP_2026_HOMEPAGE_RANK_V2,U022133,Treatment,2026-05-28,2026-06-02,True
EXP_2026_HOMEPAGE_RANK_V2,U006458,Treatment,2026-05-13,2026-05-16,True
EXP_2026_HOMEPAGE_RANK_V2,U006509,Treatment,2026-05-25,2026-05-29,True
EXP_2026_HOMEPAGE_RANK_V2,U016122,Treatment,2026-05-14,2026-05-18,True
EXP_2026_HOMEPAGE_RANK_V2,U018710,Control,2026-05-02,2026-05-05,True
EXP_2026_HOMEPAGE_RANK_V2,U011238,Control,2026-06-02,2026-06-07,True
EXP_2026_HOMEPAGE_RANK_V2,U003620,Treatment,2026-04-18,2026-04-21,True
EXP_2026_HOMEPAGE_RANK_V2,U011298,Treatment,2026-06-23,2026-06-24,True
EXP_2026_HOMEPAGE_RANK_V2,U023723,Treatment,2026-07-10,2026-07-13,True
EXP_2026_HOMEPAGE_RANK_V2,U024156,Treatment,2026-05-30,2026-06-02,True
EXP_2026_HOMEPAGE_RANK_V2,U016555,Control,2026-06-25,2026-06-25,True
EXP_2026_HOMEPAGE_RANK_V2,U006162,Treatment,2026-05-15,2026-05-17,True
EXP_2026_HOMEPAGE_RANK_V2,U020496,Treatment,2026-06-28,2026-07-01,True
EXP_2026_HOMEPAGE_RANK_V2,U021340,Treatment,2026-05-18,2026-05-22,True
EXP_2026_HOMEPAGE_RANK_V2,U013817,Control,2026-05-19,2026-05-22,True
EXP_2026_HOMEPAGE_RANK_V2,U015770,Control,2026-05-27,2026-05-29,True
EXP_2026_HOMEPAGE_RANK_V2,U000082,Control,2026-05-20,2026-05-21,True
EXP_2026_HOMEPAGE_RANK_V2,U008481,Treatment,2026-05-03,2026-05-05,True
EXP_2026_HOMEPAGE_RANK_V2,U012556,Control,2026-05-16,2026-05-21,True
EXP_2026_HOMEPAGE_RANK_V2,U014080,Control,2026-05-14,2026-05-18,True
EXP_2026_HOMEPAGE_RANK_V2,U016267,Treatment,2026-05-28,2026-05-29,True
EXP_2026_HOMEPAGE_RANK_V2,U024575,Treatment,2026-07-02,2026-07-06,True
EXP_2026_HOMEPAGE_RANK_V2,U000735,Control,2026-05-05,2026-05-06,True
EXP_2026_HOMEPAGE_RANK_V2,U024811,Treatment,2026-06-11,2026-06-12,True
EXP_2026_HOMEPAGE_RANK_V2,U003543,Treatment,2026-05-21,2026-05-22,True
EXP_2026_HOMEPAGE_RANK_V2,U002653,Treatment,2026-05-04,2026-05-04,True
EXP_2026_HOMEPAGE_RANK_V2,U001479,Control,2026-07-05,2026-07-07,True
EXP_2026_HOMEPAGE_RANK_V2,U001872,Control,2026-06-14,2026-06-14,True
EXP_2026_HOMEPAGE_RANK_V2,U004254,Control,2026-05-07,2026-05-11,True
EXP_2026_HOMEPAGE_RANK_V2,U010981,Treatment,2026-06-30,2026-06-30,True
EXP_2026_HOMEPAGE_RANK_V2,U002379,Treatment,2026-06-16,2026-06-18,True
EXP_2026_HOMEPAGE_RANK_V2,U013657,Treatment,2026-06-17,2026-06-17,True
EXP_2026_HOMEPAGE_RANK_V2,U006996,Control,2026-06-27,2026-06-30,True
EXP_2026_HOMEPAGE_RANK_V2,U011639,Treatment,2026-04-22,2026-04-24,True
EXP_2026_HOMEPAGE_RANK_V2,U024054,Control,2026-06-15,2026-06-19,True
EXP_2026_HOMEPAGE_RANK_V2,U002663,Treatment,2026-05-20,2026-05-25,True
EXP_2026_HOMEPAGE_RANK_V2,U020779,Control,2026-06-29,2026-06-30,True
EXP_2026_HOMEPAGE_RANK_V2,U015366,Treatment,2026-05-16,2026-05-16,True
EXP_2026_HOMEPAGE_RANK_V2,U019185,Treatment,2026-07-02,2026-07-05,True
EXP_2026_HOMEPAGE_RANK_V2,U000658,Control,2026-06-29,2026-07-03,True
EXP_2026_HOMEPAGE_RANK_V2,U002767,Treatment,2026-05-28,2026-06-02,True
EXP_2026_HOMEPAGE_RANK_V2,U007416,Control,2026-04-28,2026-05-02,True
EXP_2026_HOMEPAGE_RANK_V2,U009936,Treatment,2026-04-23,2026-04-27,True
EXP_2026_HOMEPAGE_RANK_V2,U018175,Treatment,2026-05-09,2026-05-10,True
EXP_2026_HOMEPAGE_RANK_V2,U009262,Treatment,2026-06-06,2026-06-08,True
EXP_2026_HOMEPAGE_RANK_V2,U004150,Treatment,2026-06-07,2026-06-09,True
EXP_2026_HOMEPAGE_RANK_V2,U012357,Treatment,2026-04-30,2026-05-04,True
EXP_2026_HOMEPAGE_RANK_V2,U010505,Control,2026-05-28,2026-06-02,True
EXP_2026_HOMEPAGE_RANK_V2,U004111,Treatment,2026-07-03,2026-07-08,True
EXP_2026_HOMEPAGE_RANK_V2,U001722,Control,2026-06-27,2026-06-30,True
EXP_2026_HOMEPAGE_RANK_V2,U021640,Control,2026-04-29,2026-05-04,True
EXP_2026_HOMEPAGE_RANK_V2,U019015,Control,2026-05-13,2026-05-17,True
EXP_2026_HOMEPAGE_RANK_V2,U008203,Control,2026-05-20,2026-05-21,True
EXP_2026_HOMEPAGE_RANK_V2,U024881,Treatment,2026-06-27,2026-06-28,True
EXP_2026_HOMEPAGE_RANK_V2,U015258,Control,2026-04-25,2026-04-27,True
EXP_2026_HOMEPAGE_RANK_V2,U021893,Treatment,2026-04-19,2026-04-20,True
EXP_2026_HOMEPAGE_RANK_V2,U011124,Treatment,2026-06-19,2026-06-20,True
EXP_2026_HOMEPAGE_RANK_V2,U007590,Treatment,2026-06-24,2026-06-24,True
EXP_2026_HOMEPAGE_RANK_V2,U000481,Treatment,2026-06-01,2026-06-01,True
EXP_2026_HOMEPAGE_RANK_V2,U023910,Treatment,2026-06-15,2026-06-15,True
EXP_2026_HOMEPAGE_RANK_V2,U014563,Control,2026-05-23,2026-05-28,True
EXP_2026_HOMEPAGE_RANK_V2,U007830,Treatment,2026-06-09,2026-06-13,True
EXP_2026_HOMEPAGE_RANK_V2,U007079,Control,2026-05-01,2026-05-01,True
EXP_2026_HOMEPAGE_RANK_V2,U010945,Treatment,2026-05-01,2026-05-05,False
EXP_2026_HOMEPAGE_RANK_V2,U020623,Control,2026-05-22,2026-05-25,True
EXP_2026_HOMEPAGE_RANK_V2,U023597,Treatment,2026-06-07,2026-06-08,True
EXP_2026_HOMEPAGE_RANK_V2,U011544,Treatment,2026-05-14,2026-05-16,True
EXP_2026_HOMEPAGE_RANK_V2,U009172,Control,2026-06-11,2026-06-12,True
EXP_2026_HOMEPAGE_RANK_V2,U024877,Control,2026-05-30,2026-05-30,True
EXP_2026_HOMEPAGE_RANK_V2,U020033,Treatment,2026-06-20,2026-06-25,True
EXP_2026_HOMEPAGE_RANK_V2,U006653,Treatment,2026-05-18,2026-05-18,True
EXP_2026_HOMEPAGE_RANK_V2,U007136,Treatment,2026-05-20,2026-05-25,True
EXP_2026_HOMEPAGE_RANK_V2,U019506,Control,2026-05-03,2026-05-05,True
EXP_2026_HOMEPAGE_RANK_V2,U015126,Treatment,2026-04-28,2026-04-29,True
EXP_2026_HOMEPAGE_RANK_V2,U021035,Control,2026-04-29,2026-05-02,True
EXP_2026_HOMEPAGE_RANK_V2,U020192,Treatment,2026-06-05,2026-06-05,True
EXP_2026_HOMEPAGE_RANK_V2,U005128,Control,2026-07-04,2026-07-06,True
EXP_2026_HOMEPAGE_RANK_V2,U019777,Control,2026-06-04,2026-06-09,True
EXP_2026_HOMEPAGE_RANK_V2,U020155,Control,2026-07-05,2026-07-09,True
EXP_2026_HOMEPAGE_RANK_V2,U014250,Control,2026-06-21,2026-06-21,True
EXP_2026_HOMEPAGE_RANK_V2,U000285,Treatment,2026-06-08,2026-06-13,True
EXP_2026_HOMEPAGE_RANK_V2,U010090,Control,2026-04-22,2026-04-24,True
EXP_2026_HOMEPAGE_RANK_V2,U015453,Treatment,2026-05-28,2026-05-30,True
EXP_2026_HOMEPAGE_RANK_V2,U001060,Treatment,2026-04-27,2026-05-02,True
EXP_2026_HOMEPAGE_RANK_V2,U005722,Treatment,2026-04-22,2026-04-27,True
EXP_2026_HOMEPAGE_RANK_V2,U020559,Treatment,2026-06-23,2026-06-27,True
EXP_2026_HOMEPAGE_RANK_V2,U021025,Control,2026-06-17,2026-06-22,True
EXP_2026_HOMEPAGE_RANK_V2,U008671,Control,2026-05-31,2026-06-03,True
EXP_2026_HOMEPAGE_RANK_V2,U004454,Treatment,2026-07-05,2026-07-07,True
EXP_2026_HOMEPAGE_RANK_V2,U001335,Control,2026-06-30,2026-07-05,True
EXP_2026_HOMEPAGE_RANK_V2,U004210,Treatment,2026-06-21,2026-06-26,True
EXP_2026_HOMEPAGE_RANK_V2,U023753,Control,2026-05-24,2026-05-25,True
EXP_2026_HOMEPAGE_RANK_V2,U023014,Treatment,2026-04-30,2026-05-04,True
EXP_2026_HOMEPAGE_RANK_V2,U000848,Treatment,2026-06-10,2026-06-15,False
EXP_2026_HOMEPAGE_RANK_V2,U006881,Treatment,2026-04-19,2026-04-23,True
EXP_2026_HOMEPAGE_RANK_V2,U009547,Control,2026-05-28,2026-05-31,True
EXP_2026_HOMEPAGE_RANK_V2,U024456,Treatment,2026-07-08,2026-07-11,True
EXP_2026_HOMEPAGE_RANK_V2,U020618,Treatment,2026-05-01,2026-05-02,False
EXP_2026_HOMEPAGE_RANK_V2,U015312,Control,2026-06-20,2026-06-23,True
EXP_2026_HOMEPAGE_RANK_V2,U012223,Treatment,2026-04-27,2026-05-01,True
EXP_2026_HOMEPAGE_RANK_V2,U012396,Control,2026-05-18,2026-05-19,True
EXP_2026_HOMEPAGE_RANK_V2,U004397,Treatment,2026-05-15,2026-05-15,True
EXP_2026_HOMEPAGE_RANK_V2,U003502,Treatment,2026-06-04,2026-06-09,True
EXP_2026_HOMEPAGE_RANK_V2,U024457,Treatment,2026-06-16,2026-06-16,True
EXP_2026_HOMEPAGE_RANK_V2,U000515,Control,2026-05-02,2026-05-07,True
EXP_2026_HOMEPAGE_RANK_V2,U023840,Control,2026-05-11,2026-05-14,True
EXP_2026_HOMEPAGE_RANK_V2,U022161,Control,2026-05-31,2026-06-03,True
EXP_2026_HOMEPAGE_RANK_V2,U018915,Treatment,2026-06-22,2026-06-22,True
EXP_2026_HOMEPAGE_RANK_V2,U016088,Control,2026-06-18,2026-06-19,True
EXP_2026_HOMEPAGE_RANK_V2,U011098,Control,2026-06-15,2026-06-19,True
EXP_2026_HOMEPAGE_RANK_V2,U010902,Treatment,2026-06-27,2026-06-28,True
EXP_2026_HOMEPAGE_RANK_V2,U015500,Treatment,2026-06-18,2026-06-20,True
EXP_2026_HOMEPAGE_RANK_V2,U000316,Treatment,2026-05-21,2026-05-23,True
EXP_2026_HOMEPAGE_RANK_V2,U015206,Control,2026-05-10,2026-05-10,True
EXP_2026_HOMEPAGE_RANK_V2,U015740,Treatment,2026-07-03,2026-07-08,True
EXP_2026_HOMEPAGE_RANK_V2,U003824,Control,2026-06-16,2026-06-19,True
EXP_2026_HOMEPAGE_RANK_V2,U019725,Control,2026-05-05,2026-05-08,True
EXP_2026_HOMEPAGE_RANK_V2,U015926,Treatment,2026-04-27,2026-04-30,True
EXP_2026_HOMEPAGE_RANK_V2,U024972,Treatment,2026-06-13,2026-06-14,True
EXP_2026_HOMEPAGE_RANK_V2,U008303,Control,2026-06-11,2026-06-14,True
EXP_2026_HOMEPAGE_RANK_V2,U008427,Control,2026-06-04,2026-06-09,True
EXP_2026_HOMEPAGE_RANK_V2,U012234,Control,2026-07-05,2026-07-07,True
EXP_2026_HOMEPAGE_RANK_V2,U021681,Control,2026-05-24,2026-05-24,True
EXP_2026_HOMEPAGE_RANK_V2,U018269,Control,2026-04-25,2026-04-25,True
EXP_2026_HOMEPAGE_RANK_V2,U010301,Control,2026-07-08,2026-07-11,True
EXP_2026_HOMEPAGE_RANK_V2,U004110,Treatment,2026-05-01,2026-05-03,False
EXP_2026_HOMEPAGE_RANK_V2,U024675,Control,2026-06-19,2026-06-22,True
EXP_2026_HOMEPAGE_RANK_V2,U018052,Control,2026-04-24,2026-04-29,True
EXP_2026_HOMEPAGE_RANK_V2,U009884,Control,2026-06-18,2026-06-18,True
EXP_2026_HOMEPAGE_RANK_V2,U005832,Control,2026-04-27,2026-04-28,True
EXP_2026_HOMEPAGE_RANK_V2,U016770,Treatment,2026-05-08,2026-05-09,True
EXP_2026_HOMEPAGE_RANK_V2,U002264,Control,2026-06-29,2026-07-03,True
EXP_2026_HOMEPAGE_RANK_V2,U003093,Control,2026-04-24,2026-04-24,True
EXP_2026_HOMEPAGE_RANK_V2,U019813,Control,2026-06-30,2026-07-04,True
EXP_2026_HOMEPAGE_RANK_V2,U010310,Control,2026-06-12,2026-06-17,True
EXP_2026_HOMEPAGE_RANK_V2,U005896,Control,2026-06-29,2026-06-29,True
EXP_2026_HOMEPAGE_RANK_V2,U009348,Control,2026-04-22,2026-04-23,True
EXP_2026_HOMEPAGE_RANK_V2,U023211,Treatment,2026-06-22,2026-06-23,False
EXP_2026_HOMEPAGE_RANK_V2,U013362,Treatment,2026-06-09,2026-06-10,True
EXP_2026_HOMEPAGE_RANK_V2,U011645,Treatment,2026-06-04,2026-06-07,True
EXP_2026_HOMEPAGE_RANK_V2,U014176,Control,2026-05-12,2026-05-15,True
EXP_2026_HOMEPAGE_RANK_V2,U009196,Control,2026-06-01,2026-06-05,True
EXP_2026_HOMEPAGE_RANK_V2,U017976,Treatment,2026-05-26,2026-05-31,True
EXP_2026_HOMEPAGE_RANK_V2,U013382,Treatment,2026-05-26,2026-05-30,True
EXP_2026_HOMEPAGE_RANK_V2,U009392,Treatment,2026-05-22,2026-05-22,True
EXP_2026_HOMEPAGE_RANK_V2,U024125,Treatment,2026-05-22,2026-05-25,True
EXP_2026_HOMEPAGE_RANK_V2,U015039,Control,2026-06-23,2026-06-25,True
EXP_2026_HOMEPAGE_RANK_V2,U024135,Treatment,2026-06-03,2026-06-06,True
EXP_2026_HOMEPAGE_RANK_V2,U005791,Control,2026-05-09,2026-05-14,True
EXP_2026_HOMEPAGE_RANK_V2,U014817,Treatment,2026-06-27,2026-07-01,True
EXP_2026_HOMEPAGE_RANK_V2,U007315,Treatment,2026-07-05,2026-07-05,True
EXP_2026_HOMEPAGE_RANK_V2,U015608,Control,2026-06-05,2026-06-06,True
EXP_2026_HOMEPAGE_RANK_V2,U010362,Treatment,2026-05-08,2026-05-10,True
EXP_2026_HOMEPAGE_RANK_V2,U000356,Treatment,2026-04-20,2026-04-25,True
EXP_2026_HOMEPAGE_RANK_V2,U003071,Control,2026-06-25,2026-06-27,False
EXP_2026_HOMEPAGE_RANK_V2,U017940,Control,2026-05-23,2026-05-24,True
EXP_2026_HOMEPAGE_RANK_V2,U006173,Treatment,2026-04-19,2026-04-22,True
EXP_2026_HOMEPAGE_RANK_V2,U019034,Control,2026-06-05,2026-06-10,True
EXP_2026_HOMEPAGE_RANK_V2,U006469,Control,2026-05-08,2026-05-08,True
EXP_2026_HOMEPAGE_RANK_V2,U022962,Control,2026-05-03,2026-05-05,True
EXP_2026_HOMEPAGE_RANK_V2,U012864,Control,2026-05-28,2026-06-01,True
EXP_2026_HOMEPAGE_RANK_V2,U004178,Treatment,2026-05-03,2026-05-07,True
EXP_2026_HOMEPAGE_RANK_V2,U002341,Treatment,2026-05-04,2026-05-05,False
EXP_2026_HOMEPAGE_RANK_V2,U022077,Treatment,2026-06-25,2026-06-27,True
EXP_2026_HOMEPAGE_RANK_V2,U012728,Treatment,2026-06-06,2026-06-09,True
EXP_2026_HOMEPAGE_RANK_V2,U021730,Control,2026-06-16,2026-06-18,True
EXP_2026_HOMEPAGE_RANK_V2,U004026,Treatment,2026-04-26,2026-04-29,True
EXP_2026_HOMEPAGE_RANK_V2,U016454,Treatment,2026-07-03,2026-07-06,True
EXP_2026_HOMEPAGE_RANK_V2,U010287,Treatment,2026-05-03,2026-05-06,False
EXP_2026_HOMEPAGE_RANK_V2,U019547,Treatment,2026-05-08,2026-05-09,True
EXP_2026_HOMEPAGE_RANK_V2,U013281,Control,2026-06-22,2026-06-23,False
EXP_2026_HOMEPAGE_RANK_V2,U004428,Control,2026-06-13,2026-06-16,True
EXP_2026_HOMEPAGE_RANK_V2,U005423,Control,2026-05-21,2026-05-23,True
EXP_2026_HOMEPAGE_RANK_V2,U013604,Control,2026-06-14,2026-06-14,True
EXP_2026_HOMEPAGE_RANK_V2,U020246,Control,2026-06-30,2026-07-03,True
EXP_2026_HOMEPAGE_RANK_V2,U015488,Treatment,2026-06-03,2026-06-05,True
EXP_2026_HOMEPAGE_RANK_V2,U013579,Control,2026-05-31,2026-06-03,True
EXP_2026_HOMEPAGE_RANK_V2,U009065,Treatment,2026-07-07,2026-07-12,True
EXP_2026_HOMEPAGE_RANK_V2,U004408,Treatment,2026-06-15,2026-06-20,True
EXP_2026_HOMEPAGE_RANK_V2,U017444,Treatment,2026-06-03,2026-06-04,True
EXP_2026_HOMEPAGE_RANK_V2,U014074,Treatment,2026-07-05,2026-07-10,True
EXP_2026_HOMEPAGE_RANK_V2,U018553,Treatment,2026-06-02,2026-06-07,True
EXP_2026_HOMEPAGE_RANK_V2,U004152,Treatment,2026-06-29,2026-07-04,True
EXP_2026_HOMEPAGE_RANK_V2,U013764,Treatment,2026-06-13,2026-06-14,True
EXP_2026_HOMEPAGE_RANK_V2,U019163,Control,2026-04-26,2026-04-29,True
EXP_2026_HOMEPAGE_RANK_V2,U001560,Control,2026-04-18,2026-04-23,True
EXP_2026_HOMEPAGE_RANK_V2,U000834,Treatment,2026-05-10,2026-05-15,True
EXP_2026_HOMEPAGE_RANK_V2,U013319,Control,2026-07-06,2026-07-08,True
EXP_2026_HOMEPAGE_RANK_V2,U008436,Treatment,2026-05-21,2026-05-25,True
EXP_2026_HOMEPAGE_RANK_V2,U024264,Treatment,2026-05-12,2026-05-15,True
EXP_2026_HOMEPAGE_RANK_V2,U019376,Control,2026-05-02,2026-05-04,True
EXP_2026_HOMEPAGE_RANK_V2,U022532,Control,2026-07-01,2026-07-03,True
EXP_2026_HOMEPAGE_RANK_V2,U007912,Treatment,2026-07-05,2026-07-09,True
EXP_2026_HOMEPAGE_RANK_V2,U005557,Treatment,2026-06-11,2026-06-14,True
EXP_2026_HOMEPAGE_RANK_V2,U019431,Control,2026-04-30,2026-05-04,True
EXP_2026_HOMEPAGE_RANK_V2,U011425,Treatment,2026-06-18,2026-06-19,True
EXP_2026_HOMEPAGE_RANK_V2,U001805,Treatment,2026-06-27,2026-06-30,True
EXP_2026_HOMEPAGE_RANK_V2,U022029,Control,2026-05-26,2026-05-29,True
EXP_2026_HOMEPAGE_RANK_V2,U024503,Control,2026-04-22,2026-04-23,True
EXP_2026_HOMEPAGE_RANK_V2,U001478,Treatment,2026-06-06,2026-06-10,True
EXP_2026_HOMEPAGE_RANK_V2,U022041,Treatment,2026-05-25,2026-05-26,True
EXP_2026_HOMEPAGE_RANK_V2,U024396,Control,2026-06-22,2026-06-24,True
EXP_2026_HOMEPAGE_RANK_V2,U004239,Treatment,2026-07-07,2026-07-09,True
EXP_2026_HOMEPAGE_RANK_V2,U017877,Control,2026-07-02,2026-07-04,True
EXP_2026_HOMEPAGE_RANK_V2,U011957,Treatment,2026-06-15,2026-06-19,True
EXP_2026_HOMEPAGE_RANK_V2,U018674,Control,2026-05-28,2026-05-31,True
EXP_2026_HOMEPAGE_RANK_V2,U023556,Control,2026-05-14,2026-05-17,True
EXP_2026_HOMEPAGE_RANK_V2,U007256,Treatment,2026-04-24,2026-04-27,True
EXP_2026_HOMEPAGE_RANK_V2,U008302,Control,2026-06-26,2026-06-29,True
EXP_2026_HOMEPAGE_RANK_V2,U006072,Control,2026-05-15,2026-05-19,True
EXP_2026_HOMEPAGE_RANK_V2,U020766,Treatment,2026-07-06,2026-07-08,True
EXP_2026_HOMEPAGE_RANK_V2,U005882,Treatment,2026-06-24,2026-06-24,True
EXP_2026_HOMEPAGE_RANK_V2,U007243,Treatment,2026-05-22,2026-05-23,True
EXP_2026_HOMEPAGE_RANK_V2,U002717,Treatment,2026-05-03,2026-05-06,True
EXP_2026_HOMEPAGE_RANK_V2,U007086,Control,2026-04-22,2026-04-23,True
EXP_2026_HOMEPAGE_RANK_V2,U001828,Treatment,2026-07-10,2026-07-15,False
EXP_2026_HOMEPAGE_RANK_V2,U023196,Treatment,2026-06-10,2026-06-13,True
EXP_2026_HOMEPAGE_RANK_V2,U005633,Treatment,2026-05-31,2026-06-01,True
EXP_2026_HOMEPAGE_RANK_V2,U014769,Control,2026-05-31,2026-06-04,True
EXP_2026_HOMEPAGE_RANK_V2,U007106,Control,2026-04-24,2026-04-24,True
EXP_2026_HOMEPAGE_RANK_V2,U015548,Treatment,2026-05-10,2026-05-12,True
EXP_2026_HOMEPAGE_RANK_V2,U010303,Treatment,2026-04-29,2026-05-04,True
EXP_2026_HOMEPAGE_RANK_V2,U006085,Control,2026-06-13,2026-06-13,True
EXP_2026_HOMEPAGE_RANK_V2,U015227,Control,2026-04-27,2026-05-02,True
EXP_2026_HOMEPAGE_RANK_V2,U008225,Treatment,2026-06-18,2026-06-20,True
EXP_2026_HOMEPAGE_RANK_V2,U008105,Control,2026-06-24,2026-06-26,True
EXP_2026_HOMEPAGE_RANK_V2,U013756,Treatment,2026-07-09,2026-07-13,True
EXP_2026_HOMEPAGE_RANK_V2,U017181,Control,2026-06-30,2026-07-01,True
EXP_2026_HOMEPAGE_RANK_V2,U018838,Control,2026-06-17,2026-06-19,True
EXP_2026_HOMEPAGE_RANK_V2,U017407,Control,2026-05-11,2026-05-11,True
EXP_2026_HOMEPAGE_RANK_V2,U009215,Control,2026-06-21,2026-06-22,True
EXP_2026_HOMEPAGE_RANK_V2,U002477,Treatment,2026-06-01,2026-06-06,True
EXP_2026_HOMEPAGE_RANK_V2,U000810,Control,2026-06-26,2026-06-27,True
EXP_2026_HOMEPAGE_RANK_V2,U015374,Treatment,2026-05-16,2026-05-19,True
EXP_2026_HOMEPAGE_RANK_V2,U002225,Control,2026-04-25,2026-04-26,True
EXP_2026_HOMEPAGE_RANK_V2,U008256,Treatment,2026-04-27,2026-04-27,True
EXP_2026_HOMEPAGE_RANK_V2,U003406,Treatment,2026-06-04,2026-06-06,True
EXP_2026_HOMEPAGE_RANK_V2,U002817,Control,2026-05-12,2026-05-14,True
EXP_2026_HOMEPAGE_RANK_V2,U008001,Control,2026-05-17,2026-05-18,True
EXP_2026_HOMEPAGE_RANK_V2,U021511,Treatment,2026-06-05,2026-06-10,True
EXP_2026_HOMEPAGE_RANK_V2,U011253,Control,2026-06-02,2026-06-05,True
EXP_2026_HOMEPAGE_RANK_V2,U014472,Treatment,2026-06-26,2026-06-29,True
EXP_2026_HOMEPAGE_RANK_V2,U021038,Control,2026-05-26,2026-05-30,True
EXP_2026_HOMEPAGE_RANK_V2,U005466,Treatment,2026-05-07,2026-05-12,True
EXP_2026_HOMEPAGE_RANK_V2,U022419,Treatment,2026-05-18,2026-05-22,True
EXP_2026_HOMEPAGE_RANK_V2,U023134,Treatment,2026-05-30,2026-05-31,True
EXP_2026_HOMEPAGE_RANK_V2,U019171,Control,2026-04-24,2026-04-29,True
EXP_2026_HOMEPAGE_RANK_V2,U018416,Control,2026-07-11,2026-07-14,True
EXP_2026_HOMEPAGE_RANK_V2,U007135,Control,2026-06-17,2026-06-17,True
EXP_2026_HOMEPAGE_RANK_V2,U003398,Treatment,2026-04-19,2026-04-24,True
EXP_2026_HOMEPAGE_RANK_V2,U000697,Control,2026-05-14,2026-05-16,True
EXP_2026_HOMEPAGE_RANK_V2,U009910,Treatment,2026-06-22,2026-06-23,True
EXP_2026_HOMEPAGE_RANK_V2,U015823,Treatment,2026-07-11,2026-07-13,True
EXP_2026_HOMEPAGE_RANK_V2,U001009,Treatment,2026-05-01,2026-05-06,True
EXP_2026_HOMEPAGE_RANK_V2,U010446,Treatment,2026-05-23,2026-05-23,True
EXP_2026_HOMEPAGE_RANK_V2,U015621,Control,2026-06-17,2026-06-17,True
EXP_2026_HOMEPAGE_RANK_V2,U016439,Control,2026-06-16,2026-06-21,True
EXP_2026_HOMEPAGE_RANK_V2,U009987,Treatment,2026-05-07,2026-05-07,False
EXP_2026_HOMEPAGE_RANK_V2,U005979,Control,2026-05-30,2026-05-30,True
EXP_2026_HOMEPAGE_RANK_V2,U007455,Treatment,2026-06-07,2026-06-10,True
EXP_2026_HOMEPAGE_RANK_V2,U014439,Treatment,2026-05-18,2026-05-21,True
EXP_2026_HOMEPAGE_RANK_V2,U006251,Treatment,2026-06-20,2026-06-20,True
EXP_2026_HOMEPAGE_RANK_V2,U006499,Control,2026-05-29,2026-06-01,True
EXP_2026_HOMEPAGE_RANK_V2,U002764,Treatment,2026-06-14,2026-06-18,True
EXP_2026_HOMEPAGE_RANK_V2,U019001,Treatment,2026-05-23,2026-05-24,True
EXP_2026_HOMEPAGE_RANK_V2,U015774,Control,2026-05-16,2026-05-16,True
EXP_2026_HOMEPAGE_RANK_V2,U004057,Control,2026-04-26,2026-05-01,True
EXP_2026_HOMEPAGE_RANK_V2,U016245,Control,2026-06-25,2026-06-30,True
EXP_2026_HOMEPAGE_RANK_V2,U010476,Treatment,2026-07-03,2026-07-07,True
EXP_2026_HOMEPAGE_RANK_V2,U000114,Control,2026-05-05,2026-05-09,True
EXP_2026_HOMEPAGE_RANK_V2,U023903,Control,2026-07-01,2026-07-06,True
EXP_2026_HOMEPAGE_RANK_V2,U009928,Control,2026-06-06,2026-06-10,True
EXP_2026_HOMEPAGE_RANK_V2,U014879,Control,2026-04-30,2026-04-30,True
EXP_2026_HOMEPAGE_RANK_V2,U022641,Control,2026-05-14,2026-05-17,True
EXP_2026_HOMEPAGE_RANK_V2,U017635,Control,2026-06-13,2026-06-18,True
EXP_2026_HOMEPAGE_RANK_V2,U022062,Treatment,2026-06-27,2026-06-28,True
EXP_2026_HOMEPAGE_RANK_V2,U017527,Control,2026-06-22,2026-06-27,True
EXP_2026_HOMEPAGE_RANK_V2,U024380,Control,2026-06-06,2026-06-08,True
EXP_2026_HOMEPAGE_RANK_V2,U017546,Control,2026-04-29,2026-04-30,True
EXP_2026_HOMEPAGE_RANK_V2,U019484,Treatment,2026-04-23,2026-04-25,True
EXP_2026_HOMEPAGE_RANK_V2,U014385,Control,2026-06-05,2026-06-08,True
EXP_2026_HOMEPAGE_RANK_V2,U017639,Treatment,2026-06-05,2026-06-09,True
EXP_2026_HOMEPAGE_RANK_V2,U013296,Treatment,2026-06-12,2026-06-13,True
EXP_2026_HOMEPAGE_RANK_V2,U016736,Treatment,2026-07-03,2026-07-07,True
EXP_2026_HOMEPAGE_RANK_V2,U008627,Control,2026-06-07,2026-06-10,True
EXP_2026_HOMEPAGE_RANK_V2,U003238,Treatment,2026-04-29,2026-05-04,True
EXP_2026_HOMEPAGE_RANK_V2,U001385,Control,2026-04-19,2026-04-23,False
EXP_2026_HOMEPAGE_RANK_V2,U022200,Control,2026-07-06,2026-07-08,True
EXP_2026_HOMEPAGE_RANK_V2,U003948,Control,2026-06-03,2026-06-03,True
EXP_2026_HOMEPAGE_RANK_V2,U013563,Control,2026-07-04,2026-07-08,True
EXP_2026_HOMEPAGE_RANK_V2,U003134,Treatment,2026-06-11,2026-06-15,True
EXP_2026_HOMEPAGE_RANK_V2,U009322,Treatment,2026-07-08,2026-07-10,True
EXP_2026_HOMEPAGE_RANK_V2,U018008,Control,2026-07-11,2026-07-11,True
EXP_2026_HOMEPAGE_RANK_V2,U016410,Treatment,2026-06-04,2026-06-07,True
EXP_2026_HOMEPAGE_RANK_V2,U016347,Treatment,2026-04-29,2026-04-30,True
EXP_2026_HOMEPAGE_RANK_V2,U021386,Control,2026-05-11,2026-05-12,True
EXP_2026_HOMEPAGE_RANK_V2,U017524,Treatment,2026-05-09,2026-05-09,True
EXP_2026_HOMEPAGE_RANK_V2,U000501,Treatment,2026-07-08,2026-07-09,True
EXP_2026_HOMEPAGE_RANK_V2,U011450,Treatment,2026-06-21,2026-06-22,True
EXP_2026_HOMEPAGE_RANK_V2,U013507,Control,2026-06-29,2026-06-29,False
EXP_2026_HOMEPAGE_RANK_V2,U006377,Treatment,2026-06-16,2026-06-20,True
EXP_2026_HOMEPAGE_RANK_V2,U016754,Treatment,2026-04-29,2026-05-03,True
EXP_2026_HOMEPAGE_RANK_V2,U003282,Control,2026-04-19,2026-04-19,True
EXP_2026_HOMEPAGE_RANK_V2,U000080,Control,2026-04-25,2026-04-26,True
EXP_2026_HOMEPAGE_RANK_V2,U019287,Control,2026-06-07,2026-06-09,True
EXP_2026_HOMEPAGE_RANK_V2,U008577,Control,2026-05-13,2026-05-13,True
EXP_2026_HOMEPAGE_RANK_V2,U019316,Control,2026-05-06,2026-05-08,True
EXP_2026_HOMEPAGE_RANK_V2,U017086,Control,2026-06-27,2026-06-28,True
EXP_2026_HOMEPAGE_RANK_V2,U006951,Control,2026-06-17,2026-06-20,True
EXP_2026_HOMEPAGE_RANK_V2,U016650,Control,2026-04-30,2026-05-02,True
EXP_2026_HOMEPAGE_RANK_V2,U001687,Treatment,2026-07-04,2026-07-06,True
EXP_2026_HOMEPAGE_RANK_V2,U012004,Control,2026-04-24,2026-04-24,True
EXP_2026_HOMEPAGE_RANK_V2,U000139,Control,2026-05-06,2026-05-08,True
EXP_2026_HOMEPAGE_RANK_V2,U017309,Treatment,2026-07-10,2026-07-13,True
EXP_2026_HOMEPAGE_RANK_V2,U022118,Control,2026-06-01,2026-06-05,True
EXP_2026_HOMEPAGE_RANK_V2,U012064,Treatment,2026-07-04,2026-07-04,True
EXP_2026_HOMEPAGE_RANK_V2,U014312,Treatment,2026-04-29,2026-05-04,True
EXP_2026_HOMEPAGE_RANK_V2,U003615,Control,2026-05-21,2026-05-21,True
EXP_2026_HOMEPAGE_RANK_V2,U014449,Control,2026-07-02,2026-07-02,True
EXP_2026_HOMEPAGE_RANK_V2,U000399,Treatment,2026-06-13,2026-06-13,True
EXP_2026_HOMEPAGE_RANK_V2,U001371,Treatment,2026-05-21,2026-05-25,True
EXP_2026_HOMEPAGE_RANK_V2,U022587,Control,2026-06-12,2026-06-15,True
EXP_2026_HOMEPAGE_RANK_V2,U007984,Treatment,2026-05-17,2026-05-18,True
EXP_2026_HOMEPAGE_RANK_V2,U010855,Control,2026-07-04,2026-07-04,True
EXP_2026_HOMEPAGE_RANK_V2,U011606,Control,2026-06-23,2026-06-28,True
EXP_2026_HOMEPAGE_RANK_V2,U010561,Control,2026-06-04,2026-06-07,True
EXP_2026_HOMEPAGE_RANK_V2,U008449,Control,2026-06-28,2026-07-03,True
EXP_2026_HOMEPAGE_RANK_V2,U014004,Control,2026-05-15,2026-05-15,True
EXP_2026_HOMEPAGE_RANK_V2,U023496,Control,2026-04-24,2026-04-29,True
EXP_2026_HOMEPAGE_RANK_V2,U018549,Control,2026-05-31,2026-06-05,True
EXP_2026_HOMEPAGE_RANK_V2,U006488,Control,2026-07-06,2026-07-07,True
EXP_2026_HOMEPAGE_RANK_V2,U003738,Control,2026-06-15,2026-06-15,True
EXP_2026_HOMEPAGE_RANK_V2,U004493,Control,2026-06-25,2026-06-25,True
EXP_2026_HOMEPAGE_RANK_V2,U000916,Treatment,2026-05-12,2026-05-16,True
EXP_2026_HOMEPAGE_RANK_V2,U013577,Control,2026-07-07,2026-07-07,True
EXP_2026_HOMEPAGE_RANK_V2,U010741,Treatment,2026-05-30,2026-06-03,True
EXP_2026_HOMEPAGE_RANK_V2,U009258,Treatment,2026-07-08,2026-07-13,True
EXP_2026_HOMEPAGE_RANK_V2,U000206,Control,2026-06-16,2026-06-16,True
EXP_2026_HOMEPAGE_RANK_V2,U022540,Treatment,2026-04-23,2026-04-25,True
EXP_2026_HOMEPAGE_RANK_V2,U007404,Treatment,2026-06-23,2026-06-23,True
EXP_2026_HOMEPAGE_RANK_V2,U024252,Control,2026-05-06,2026-05-07,True
EXP_2026_HOMEPAGE_RANK_V2,U010298,Treatment,2026-06-07,2026-06-12,True
EXP_2026_HOMEPAGE_RANK_V2,U017452,Control,2026-05-25,2026-05-25,True
EXP_2026_HOMEPAGE_RANK_V2,U000807,Control,2026-05-25,2026-05-28,True
EXP_2026_HOMEPAGE_RANK_V2,U009204,Control,2026-05-22,2026-05-27,True
EXP_2026_HOMEPAGE_RANK_V2,U020671,Treatment,2026-05-10,2026-05-10,False
EXP_2026_HOMEPAGE_RANK_V2,U024274,Treatment,2026-05-18,2026-05-19,True
EXP_2026_HOMEPAGE_RANK_V2,U006520,Treatment,2026-07-03,2026-07-05,False
EXP_2026_HOMEPAGE_RANK_V2,U008861,Control,2026-05-16,2026-05-21,True
EXP_2026_HOMEPAGE_RANK_V2,U001837,Control,2026-05-26,2026-05-26,True
EXP_2026_HOMEPAGE_RANK_V2,U008377,Control,2026-05-25,2026-05-27,True
EXP_2026_HOMEPAGE_RANK_V2,U014707,Treatment,2026-06-25,2026-06-26,True
EXP_2026_HOMEPAGE_RANK_V2,U012150,Control,2026-04-30,2026-05-04,True
EXP_2026_HOMEPAGE_RANK_V2,U002969,Treatment,2026-05-17,2026-05-22,True
EXP_2026_HOMEPAGE_RANK_V2,U001701,Control,2026-06-15,2026-06-16,True
EXP_2026_HOMEPAGE_RANK_V2,U018658,Treatment,2026-05-29,2026-05-31,True
EXP_2026_HOMEPAGE_RANK_V2,U010165,Treatment,2026-04-23,2026-04-27,True
EXP_2026_HOMEPAGE_RANK_V2,U018134,Treatment,2026-06-06,2026-06-07,True
EXP_2026_HOMEPAGE_RANK_V2,U005453,Control,2026-05-10,2026-05-15,False
EXP_2026_HOMEPAGE_RANK_V2,U005493,Treatment,2026-05-03,2026-05-04,True
EXP_2026_HOMEPAGE_RANK_V2,U016537,Treatment,2026-06-28,2026-07-03,True
EXP_2026_HOMEPAGE_RANK_V2,U005418,Treatment,2026-05-10,2026-05-14,True
EXP_2026_HOMEPAGE_RANK_V2,U010655,Treatment,2026-07-08,2026-07-09,True
EXP_2026_HOMEPAGE_RANK_V2,U007437,Treatment,2026-06-05,2026-06-07,True
EXP_2026_HOMEPAGE_RANK_V2,U000344,Control,2026-05-17,2026-05-17,True
EXP_2026_HOMEPAGE_RANK_V2,U006348,Control,2026-06-25,2026-06-27,True
EXP_2026_HOMEPAGE_RANK_V2,U004420,Treatment,2026-06-28,2026-07-01,True
EXP_2026_HOMEPAGE_RANK_V2,U003324,Control,2026-07-06,2026-07-09,True
EXP_2026_HOMEPAGE_RANK_V2,U000333,Control,2026-06-30,2026-07-04,True
EXP_2026_HOMEPAGE_RANK_V2,U015521,Treatment,2026-05-14,2026-05-14,True
EXP_2026_HOMEPAGE_RANK_V2,U013674,Control,2026-05-02,2026-05-06,True
EXP_2026_HOMEPAGE_RANK_V2,U021725,Control,2026-05-02,2026-05-03,True
EXP_2026_HOMEPAGE_RANK_V2,U001464,Control,2026-06-10,2026-06-12,True
EXP_2026_HOMEPAGE_RANK_V2,U016095,Control,2026-04-28,2026-04-29,True
EXP_2026_HOMEPAGE_RANK_V2,U001404,Control,2026-07-08,2026-07-13,True
EXP_2026_HOMEPAGE_RANK_V2,U023071,Treatment,2026-05-21,2026-05-24,True
EXP_2026_HOMEPAGE_RANK_V2,U001217,Treatment,2026-05-25,2026-05-25,True
EXP_2026_HOMEPAGE_RANK_V2,U014164,Treatment,2026-05-06,2026-05-11,True
EXP_2026_HOMEPAGE_RANK_V2,U009804,Treatment,2026-07-08,2026-07-09,True
EXP_2026_HOMEPAGE_RANK_V2,U001153,Control,2026-04-25,2026-04-30,True
EXP_2026_HOMEPAGE_RANK_V2,U000464,Treatment,2026-05-19,2026-05-22,True
EXP_2026_HOMEPAGE_RANK_V2,U015602,Treatment,2026-05-04,2026-05-06,True
EXP_2026_HOMEPAGE_RANK_V2,U020716,Control,2026-04-27,2026-05-02,False
EXP_2026_HOMEPAGE_RANK_V2,U019731,Control,2026-07-08,2026-07-10,True
EXP_2026_HOMEPAGE_RANK_V2,U018973,Treatment,2026-07-05,2026-07-10,True
EXP_2026_HOMEPAGE_RANK_V2,U018340,Treatment,2026-05-13,2026-05-17,True
EXP_2026_HOMEPAGE_RANK_V2,U003182,Control,2026-04-19,2026-04-23,True
EXP_2026_HOMEPAGE_RANK_V2,U016432,Control,2026-07-01,2026-07-01,True
EXP_2026_HOMEPAGE_RANK_V2,U003528,Treatment,2026-06-30,2026-07-04,True
EXP_2026_HOMEPAGE_RANK_V2,U005250,Treatment,2026-05-30,2026-06-02,True
EXP_2026_HOMEPAGE_RANK_V2,U001534,Treatment,2026-05-01,2026-05-06,True
EXP_2026_HOMEPAGE_RANK_V2,U015535,Control,2026-07-03,2026-07-06,True
EXP_2026_HOMEPAGE_RANK_V2,U005339,Treatment,2026-05-01,2026-05-02,True
EXP_2026_HOMEPAGE_RANK_V2,U005955,Control,2026-04-30,2026-04-30,True
EXP_2026_HOMEPAGE_RANK_V2,U008079,Control,2026-07-06,2026-07-08,True
EXP_2026_HOMEPAGE_RANK_V2,U015540,Treatment,2026-06-23,2026-06-28,True
EXP_2026_HOMEPAGE_RANK_V2,U015558,Control,2026-06-24,2026-06-24,True
EXP_2026_HOMEPAGE_RANK_V2,U011456,Control,2026-06-24,2026-06-28,True
EXP_2026_HOMEPAGE_RANK_V2,U020629,Control,2026-06-01,2026-06-06,True
EXP_2026_HOMEPAGE_RANK_V2,U002110,Treatment,2026-06-22,2026-06-24,True
EXP_2026_HOMEPAGE_RANK_V2,U008572,Treatment,2026-06-12,2026-06-17,True
EXP_2026_HOMEPAGE_RANK_V2,U004553,Treatment,2026-04-24,2026-04-27,True
EXP_2026_HOMEPAGE_RANK_V2,U021066,Control,2026-05-31,2026-06-02,True
EXP_2026_HOMEPAGE_RANK_V2,U010704,Control,2026-05-10,2026-05-12,True
EXP_2026_HOMEPAGE_RANK_V2,U022775,Control,2026-05-21,2026-05-26,True
EXP_2026_HOMEPAGE_RANK_V2,U012764,Treatment,2026-07-11,2026-07-12,True
EXP_2026_HOMEPAGE_RANK_V2,U005659,Control,2026-04-25,2026-04-29,True
EXP_2026_HOMEPAGE_RANK_V2,U018494,Treatment,2026-05-09,2026-05-13,True
EXP_2026_HOMEPAGE_RANK_V2,U018547,Treatment,2026-06-08,2026-06-10,True
EXP_2026_HOMEPAGE_RANK_V2,U011041,Treatment,2026-04-18,2026-04-22,False
EXP_2026_HOMEPAGE_RANK_V2,U017741,Control,2026-04-22,2026-04-25,True
EXP_2026_HOMEPAGE_RANK_V2,U013906,Control,2026-06-29,2026-07-04,True
EXP_2026_HOMEPAGE_RANK_V2,U015015,Control,2026-06-07,2026-06-07,True
EXP_2026_HOMEPAGE_RANK_V2,U003251,Control,2026-05-16,2026-05-18,True
EXP_2026_HOMEPAGE_RANK_V2,U010683,Treatment,2026-06-16,2026-06-19,True
EXP_2026_HOMEPAGE_RANK_V2,U012474,Control,2026-04-30,2026-05-03,True
EXP_2026_HOMEPAGE_RANK_V2,U022422,Treatment,2026-05-28,2026-05-29,True
EXP_2026_HOMEPAGE_RANK_V2,U002975,Treatment,2026-05-12,2026-05-13,True
EXP_2026_HOMEPAGE_RANK_V2,U023934,Treatment,2026-05-27,2026-05-28,True
EXP_2026_HOMEPAGE_RANK_V2,U016997,Treatment,2026-06-02,2026-06-06,True
EXP_2026_HOMEPAGE_RANK_V2,U019380,Treatment,2026-06-07,2026-06-11,True
EXP_2026_HOMEPAGE_RANK_V2,U011062,Treatment,2026-06-11,2026-06-12,True
EXP_2026_HOMEPAGE_RANK_V2,U022301,Treatment,2026-05-31,2026-06-04,True
EXP_2026_HOMEPAGE_RANK_V2,U010533,Treatment,2026-07-11,2026-07-16,True
EXP_2026_HOMEPAGE_RANK_V2,U020750,Treatment,2026-06-13,2026-06-15,True
EXP_2026_HOMEPAGE_RANK_V2,U011285,Control,2026-06-16,2026-06-20,False
EXP_2026_HOMEPAGE_RANK_V2,U016871,Control,2026-06-16,2026-06-18,True
EXP_2026_HOMEPAGE_RANK_V2,U020939,Treatment,2026-05-22,2026-05-27,True
EXP_2026_HOMEPAGE_RANK_V2,U007105,Control,2026-06-28,2026-07-01,True
EXP_2026_HOMEPAGE_RANK_V2,U022970,Treatment,2026-07-10,2026-07-15,True
EXP_2026_HOMEPAGE_RANK_V2,U000234,Control,2026-06-30,2026-07-01,True
EXP_2026_HOMEPAGE_RANK_V2,U024864,Control,2026-04-29,2026-05-03,True
EXP_2026_HOMEPAGE_RANK_V2,U008486,Treatment,2026-05-17,2026-05-17,True
EXP_2026_HOMEPAGE_RANK_V2,U004956,Control,2026-06-26,2026-06-28,True
EXP_2026_HOMEPAGE_RANK_V2,U019937,Control,2026-04-25,2026-04-29,True
EXP_2026_HOMEPAGE_RANK_V2,U015910,Control,2026-05-10,2026-05-13,True
EXP_2026_HOMEPAGE_RANK_V2,U013231,Treatment,2026-04-18,2026-04-23,True
EXP_2026_HOMEPAGE_RANK_V2,U021030,Treatment,2026-06-07,2026-06-11,True
EXP_2026_HOMEPAGE_RANK_V2,U022033,Control,2026-06-01,2026-06-01,True
EXP_2026_HOMEPAGE_RANK_V2,U019241,Control,2026-05-21,2026-05-22,True
EXP_2026_HOMEPAGE_RANK_V2,U010095,Control,2026-07-04,2026-07-04,True
EXP_2026_HOMEPAGE_RANK_V2,U017075,Treatment,2026-06-10,2026-06-12,True
EXP_2026_HOMEPAGE_RANK_V2,U017130,Treatment,2026-04-21,2026-04-21,True
EXP_2026_HOMEPAGE_RANK_V2,U019364,Treatment,2026-05-03,2026-05-07,True
EXP_2026_HOMEPAGE_RANK_V2,U005488,Treatment,2026-04-30,2026-05-01,True
EXP_2026_HOMEPAGE_RANK_V2,U003023,Treatment,2026-05-01,2026-05-05,True
EXP_2026_HOMEPAGE_RANK_V2,U005848,Treatment,2026-06-08,2026-06-10,True
EXP_2026_HOMEPAGE_RANK_V2,U020305,Control,2026-05-29,2026-05-31,True
EXP_2026_HOMEPAGE_RANK_V2,U016568,Control,2026-06-14,2026-06-16,True
EXP_2026_HOMEPAGE_RANK_V2,U015341,Treatment,2026-05-18,2026-05-20,True
EXP_2026_HOMEPAGE_RANK_V2,U005395,Control,2026-05-10,2026-05-14,True
EXP_2026_HOMEPAGE_RANK_V2,U006319,Treatment,2026-05-12,2026-05-12,True
EXP_2026_HOMEPAGE_RANK_V2,U007778,Control,2026-06-29,2026-06-29,True
EXP_2026_HOMEPAGE_RANK_V2,U010994,Treatment,2026-06-19,2026-06-19,False
EXP_2026_HOMEPAGE_RANK_V2,U021143,Control,2026-05-08,2026-05-13,False
EXP_2026_HOMEPAGE_RANK_V2,U012069,Control,2026-05-04,2026-05-08,True
EXP_2026_HOMEPAGE_RANK_V2,U020917,Control,2026-07-10,2026-07-11,True
EXP_2026_HOMEPAGE_RANK_V2,U009268,Control,2026-04-19,2026-04-19,True
EXP_2026_HOMEPAGE_RANK_V2,U002144,Treatment,2026-06-16,2026-06-20,True
EXP_2026_HOMEPAGE_RANK_V2,U011795,Control,2026-07-04,2026-07-04,True
EXP_2026_HOMEPAGE_RANK_V2,U011242,Treatment,2026-05-11,2026-05-13,True
EXP_2026_HOMEPAGE_RANK_V2,U005949,Treatment,2026-05-23,2026-05-23,True
EXP_2026_HOMEPAGE_RANK_V2,U021067,Treatment,2026-04-29,2026-05-01,True
EXP_2026_HOMEPAGE_RANK_V2,U005390,Treatment,2026-05-11,2026-05-11,True
EXP_2026_HOMEPAGE_RANK_V2,U010248,Treatment,2026-04-19,2026-04-24,True
EXP_2026_HOMEPAGE_RANK_V2,U012797,Control,2026-06-23,2026-06-26,True
EXP_2026_HOMEPAGE_RANK_V2,U006606,Treatment,2026-06-11,2026-06-12,True
EXP_2026_HOMEPAGE_RANK_V2,U023678,Treatment,2026-06-08,2026-06-10,True
EXP_2026_HOMEPAGE_RANK_V2,U018201,Treatment,2026-06-09,2026-06-14,True
EXP_2026_HOMEPAGE_RANK_V2,U014318,Treatment,2026-05-06,2026-05-08,True
EXP_2026_HOMEPAGE_RANK_V2,U019603,Control,2026-06-03,2026-06-07,True
EXP_2026_HOMEPAGE_RANK_V2,U007198,Control,2026-05-08,2026-05-09,True
EXP_2026_HOMEPAGE_RANK_V2,U008653,Control,2026-06-14,2026-06-15,True
EXP_2026_HOMEPAGE_RANK_V2,U019564,Control,2026-06-28,2026-07-03,True
EXP_2026_HOMEPAGE_RANK_V2,U005323,Treatment,2026-05-13,2026-05-17,True
EXP_2026_HOMEPAGE_RANK_V2,U009412,Control,2026-04-22,2026-04-22,True
EXP_2026_HOMEPAGE_RANK_V2,U016797,Control,2026-06-05,2026-06-05,True
EXP_2026_HOMEPAGE_RANK_V2,U021190,Treatment,2026-05-27,2026-05-29,True
EXP_2026_HOMEPAGE_RANK_V2,U011405,Treatment,2026-06-30,2026-07-01,True
EXP_2026_HOMEPAGE_RANK_V2,U000005,Treatment,2026-06-26,2026-06-28,True
EXP_2026_HOMEPAGE_RANK_V2,U024216,Treatment,2026-06-02,2026-06-06,True
EXP_2026_HOMEPAGE_RANK_V2,U006501,Treatment,2026-06-11,2026-06-16,True
EXP_2026_HOMEPAGE_RANK_V2,U001244,Treatment,2026-05-16,2026-05-17,True
EXP_2026_HOMEPAGE_RANK_V2,U000996,Treatment,2026-06-06,2026-06-06,True
EXP_2026_HOMEPAGE_RANK_V2,U014012,Control,2026-06-10,2026-06-10,True
EXP_2026_HOMEPAGE_RANK_V2,U011679,Control,2026-04-27,2026-04-29,True
EXP_2026_HOMEPAGE_RANK_V2,U005296,Treatment,2026-04-23,2026-04-25,True
EXP_2026_HOMEPAGE_RANK_V2,U002167,Control,2026-06-03,2026-06-06,False
EXP_2026_HOMEPAGE_RANK_V2,U023715,Treatment,2026-06-21,2026-06-22,True
EXP_2026_HOMEPAGE_RANK_V2,U024914,Treatment,2026-06-01,2026-06-02,True
EXP_2026_HOMEPAGE_RANK_V2,U018447,Treatment,2026-05-15,2026-05-17,True
EXP_2026_HOMEPAGE_RANK_V2,U003339,Control,2026-06-27,2026-06-28,True
EXP_2026_HOMEPAGE_RANK_V2,U022836,Control,2026-04-27,2026-04-28,True
EXP_2026_HOMEPAGE_RANK_V2,U007861,Control,2026-05-05,2026-05-10,True
EXP_2026_HOMEPAGE_RANK_V2,U024395,Treatment,2026-06-07,2026-06-10,True
EXP_2026_HOMEPAGE_RANK_V2,U020997,Control,2026-06-18,2026-06-23,True
EXP_2026_HOMEPAGE_RANK_V2,U014942,Control,2026-04-23,2026-04-23,True
EXP_2026_HOMEPAGE_RANK_V2,U011931,Treatment,2026-05-07,2026-05-08,True
EXP_2026_HOMEPAGE_RANK_V2,U018093,Control,2026-05-23,2026-05-24,True
EXP_2026_HOMEPAGE_RANK_V2,U022928,Treatment,2026-05-25,2026-05-30,False
EXP_2026_HOMEPAGE_RANK_V2,U008768,Treatment,2026-06-14,2026-06-14,True
EXP_2026_HOMEPAGE_RANK_V2,U020663,Control,2026-05-08,2026-05-13,True
EXP_2026_HOMEPAGE_RANK_V2,U009011,Control,2026-05-26,2026-05-28,True
EXP_2026_HOMEPAGE_RANK_V2,U020474,Control,2026-06-26,2026-06-27,True
EXP_2026_HOMEPAGE_RANK_V2,U008729,Treatment,2026-06-04,2026-06-04,True
EXP_2026_HOMEPAGE_RANK_V2,U002054,Control,2026-06-07,2026-06-08,True
EXP_2026_HOMEPAGE_RANK_V2,U015996,Treatment,2026-06-03,2026-06-04,True
EXP_2026_HOMEPAGE_RANK_V2,U014133,Treatment,2026-06-10,2026-06-10,True
EXP_2026_HOMEPAGE_RANK_V2,U001713,Treatment,2026-06-20,2026-06-24,True
EXP_2026_HOMEPAGE_RANK_V2,U019491,Treatment,2026-04-25,2026-04-30,True
EXP_2026_HOMEPAGE_RANK_V2,U006443,Treatment,2026-06-07,2026-06-09,True
EXP_2026_HOMEPAGE_RANK_V2,U018128,Treatment,2026-06-11,2026-06-13,True
EXP_2026_HOMEPAGE_RANK_V2,U019471,Control,2026-06-25,2026-06-27,True
EXP_2026_HOMEPAGE_RANK_V2,U013523,Control,2026-04-23,2026-04-28,False
EXP_2026_HOMEPAGE_RANK_V2,U005787,Control,2026-04-23,2026-04-28,True
EXP_2026_HOMEPAGE_RANK_V2,U014955,Control,2026-07-02,2026-07-02,True
EXP_2026_HOMEPAGE_RANK_V2,U016320,Control,2026-06-29,2026-06-30,True
EXP_2026_HOMEPAGE_RANK_V2,U015292,Control,2026-06-02,2026-06-04,True
EXP_2026_HOMEPAGE_RANK_V2,U009780,Treatment,2026-06-11,2026-06-11,False
EXP_2026_HOMEPAGE_RANK_V2,U010691,Control,2026-05-06,2026-05-08,True
EXP_2026_HOMEPAGE_RANK_V2,U019958,Treatment,2026-06-30,2026-07-04,False
EXP_2026_HOMEPAGE_RANK_V2,U022754,Treatment,2026-05-11,2026-05-13,True
EXP_2026_HOMEPAGE_RANK_V2,U012011,Treatment,2026-05-10,2026-05-13,True
EXP_2026_HOMEPAGE_RANK_V2,U017778,Treatment,2026-06-20,2026-06-21,True
EXP_2026_HOMEPAGE_RANK_V2,U018185,Control,2026-04-29,2026-05-04,True
EXP_2026_HOMEPAGE_RANK_V2,U016772,Treatment,2026-07-05,2026-07-10,True
EXP_2026_HOMEPAGE_RANK_V2,U009367,Control,2026-06-03,2026-06-05,True
EXP_2026_HOMEPAGE_RANK_V2,U023816,Control,2026-05-05,2026-05-10,True
EXP_2026_HOMEPAGE_RANK_V2,U008352,Control,2026-06-09,2026-06-13,True
EXP_2026_HOMEPAGE_RANK_V2,U017502,Treatment,2026-05-28,2026-05-31,True
EXP_2026_HOMEPAGE_RANK_V2,U007360,Treatment,2026-07-10,2026-07-10,True
EXP_2026_HOMEPAGE_RANK_V2,U023344,Treatment,2026-06-23,2026-06-27,True
EXP_2026_HOMEPAGE_RANK_V2,U016482,Treatment,2026-05-10,2026-05-14,True
EXP_2026_HOMEPAGE_RANK_V2,U004201,Control,2026-06-27,2026-06-29,True
EXP_2026_HOMEPAGE_RANK_V2,U004042,Control,2026-06-27,2026-06-30,True
EXP_2026_HOMEPAGE_RANK_V2,U011415,Control,2026-06-12,2026-06-12,True
EXP_2026_HOMEPAGE_RANK_V2,U024816,Treatment,2026-06-04,2026-06-08,True
EXP_2026_HOMEPAGE_RANK_V2,U002985,Control,2026-06-28,2026-07-02,True
EXP_2026_HOMEPAGE_RANK_V2,U004324,Control,2026-06-26,2026-07-01,True
EXP_2026_HOMEPAGE_RANK_V2,U001579,Control,2026-06-03,2026-06-07,True
EXP_2026_HOMEPAGE_RANK_V2,U018684,Treatment,2026-06-02,2026-06-03,True
EXP_2026_HOMEPAGE_RANK_V2,U020142,Control,2026-06-28,2026-06-30,True
EXP_2026_HOMEPAGE_RANK_V2,U013444,Treatment,2026-04-25,2026-04-28,True
EXP_2026_HOMEPAGE_RANK_V2,U010609,Treatment,2026-05-25,2026-05-30,True
EXP_2026_HOMEPAGE_RANK_V2,U023890,Control,2026-06-15,2026-06-19,True
EXP_2026_HOMEPAGE_RANK_V2,U010483,Control,2026-05-24,2026-05-28,True
EXP_2026_HOMEPAGE_RANK_V2,U002039,Treatment,2026-05-25,2026-05-30,True
EXP_2026_HOMEPAGE_RANK_V2,U004896,Control,2026-06-04,2026-06-08,True
EXP_2026_HOMEPAGE_RANK_V2,U013185,Control,2026-06-10,2026-06-13,True
EXP_2026_HOMEPAGE_RANK_V2,U007450,Treatment,2026-05-06,2026-05-10,True
EXP_2026_HOMEPAGE_RANK_V2,U002404,Treatment,2026-05-21,2026-05-25,True
EXP_2026_HOMEPAGE_RANK_V2,U014855,Treatment,2026-05-11,2026-05-14,True
EXP_2026_HOMEPAGE_RANK_V2,U021999,Treatment,2026-05-10,2026-05-13,True
EXP_2026_HOMEPAGE_RANK_V2,U008512,Control,2026-05-31,2026-06-03,True
EXP_2026_HOMEPAGE_RANK_V2,U019619,Treatment,2026-05-13,2026-05-17,True
EXP_2026_HOMEPAGE_RANK_V2,U016283,Control,2026-06-18,2026-06-18,True
EXP_2026_HOMEPAGE_RANK_V2,U024497,Treatment,2026-06-02,2026-06-04,True
EXP_2026_HOMEPAGE_RANK_V2,U019901,Control,2026-05-30,2026-06-01,False
EXP_2026_HOMEPAGE_RANK_V2,U022871,Control,2026-05-12,2026-05-17,True
EXP_2026_HOMEPAGE_RANK_V2,U002925,Control,2026-06-30,2026-07-05,False
EXP_2026_HOMEPAGE_RANK_V2,U009701,Treatment,2026-05-30,2026-06-02,True
EXP_2026_HOMEPAGE_RANK_V2,U017001,Control,2026-05-06,2026-05-11,True
EXP_2026_HOMEPAGE_RANK_V2,U008932,Treatment,2026-07-08,2026-07-08,True
EXP_2026_HOMEPAGE_RANK_V2,U018332,Control,2026-05-14,2026-05-14,True
EXP_2026_HOMEPAGE_RANK_V2,U000493,Treatment,2026-05-08,2026-05-13,True
EXP_2026_HOMEPAGE_RANK_V2,U019028,Control,2026-07-04,2026-07-09,True
EXP_2026_HOMEPAGE_RANK_V2,U004354,Treatment,2026-05-25,2026-05-29,True
EXP_2026_HOMEPAGE_RANK_V2,U002658,Treatment,2026-04-21,2026-04-25,True
EXP_2026_HOMEPAGE_RANK_V2,U023098,Treatment,2026-06-16,2026-06-19,True
EXP_2026_HOMEPAGE_RANK_V2,U011046,Treatment,2026-07-04,2026-07-05,True
EXP_2026_HOMEPAGE_RANK_V2,U017904,Treatment,2026-04-22,2026-04-27,True
EXP_2026_HOMEPAGE_RANK_V2,U011330,Treatment,2026-06-27,2026-06-29,True
EXP_2026_HOMEPAGE_RANK_V2,U002631,Treatment,2026-05-01,2026-05-01,True
EXP_2026_HOMEPAGE_RANK_V2,U001809,Treatment,2026-04-18,2026-04-23,True
EXP_2026_HOMEPAGE_RANK_V2,U003967,Control,2026-06-05,2026-06-07,True
EXP_2026_HOMEPAGE_RANK_V2,U001106,Treatment,2026-05-26,2026-05-26,True
EXP_2026_HOMEPAGE_RANK_V2,U024430,Control,2026-05-07,2026-05-07,True
EXP_2026_HOMEPAGE_RANK_V2,U007453,Treatment,2026-04-19,2026-04-21,True
EXP_2026_HOMEPAGE_RANK_V2,U007390,Treatment,2026-05-10,2026-05-10,True
EXP_2026_HOMEPAGE_RANK_V2,U018060,Treatment,2026-06-29,2026-06-29,True
EXP_2026_HOMEPAGE_RANK_V2,U024184,Control,2026-06-03,2026-06-08,True
EXP_2026_HOMEPAGE_RANK_V2,U019903,Treatment,2026-06-15,2026-06-15,True
EXP_2026_HOMEPAGE_RANK_V2,U022887,Control,2026-05-29,2026-06-03,False
EXP_2026_HOMEPAGE_RANK_V2,U018476,Control,2026-05-19,2026-05-22,True
EXP_2026_HOMEPAGE_RANK_V2,U011165,Control,2026-06-26,2026-06-26,True
EXP_2026_HOMEPAGE_RANK_V2,U006633,Treatment,2026-05-15,2026-05-18,False
EXP_2026_HOMEPAGE_RANK_V2,U012445,Control,2026-05-06,2026-05-11,True
EXP_2026_HOMEPAGE_RANK_V2,U003876,Treatment,2026-06-23,2026-06-26,True
EXP_2026_HOMEPAGE_RANK_V2,U012518,Treatment,2026-05-10,2026-05-11,True
EXP_2026_HOMEPAGE_RANK_V2,U018533,Treatment,2026-05-18,2026-05-23,True
EXP_2026_HOMEPAGE_RANK_V2,U019908,Treatment,2026-04-28,2026-05-03,True
EXP_2026_HOMEPAGE_RANK_V2,U013637,Control,2026-05-26,2026-05-27,True
EXP_2026_HOMEPAGE_RANK_V2,U011311,Treatment,2026-07-03,2026-07-03,True
EXP_2026_HOMEPAGE_RANK_V2,U006647,Treatment,2026-04-24,2026-04-26,True
EXP_2026_HOMEPAGE_RANK_V2,U010072,Treatment,2026-05-06,2026-05-06,True
EXP_2026_HOMEPAGE_RANK_V2,U024844,Treatment,2026-05-31,2026-06-01,True
EXP_2026_HOMEPAGE_RANK_V2,U001685,Control,2026-05-22,2026-05-24,True
EXP_2026_HOMEPAGE_RANK_V2,U007008,Treatment,2026-06-27,2026-06-30,False
EXP_2026_HOMEPAGE_RANK_V2,U001072,Control,2026-04-25,2026-04-30,True
EXP_2026_HOMEPAGE_RANK_V2,U021818,Control,2026-07-04,2026-07-05,True
EXP_2026_HOMEPAGE_RANK_V2,U012575,Control,2026-06-04,2026-06-06,True
EXP_2026_HOMEPAGE_RANK_V2,U006722,Control,2026-06-21,2026-06-26,True
EXP_2026_HOMEPAGE_RANK_V2,U002859,Treatment,2026-04-29,2026-05-04,True
EXP_2026_HOMEPAGE_RANK_V2,U008695,Control,2026-05-31,2026-06-01,True
EXP_2026_HOMEPAGE_RANK_V2,U003219,Control,2026-06-17,2026-06-20,True
EXP_2026_HOMEPAGE_RANK_V2,U014099,Treatment,2026-04-28,2026-04-29,True
EXP_2026_HOMEPAGE_RANK_V2,U021394,Treatment,2026-05-02,2026-05-02,True
EXP_2026_HOMEPAGE_RANK_V2,U015604,Control,2026-07-11,2026-07-16,True
EXP_2026_HOMEPAGE_RANK_V2,U012576,Treatment,2026-06-25,2026-06-30,True
EXP_2026_HOMEPAGE_RANK_V2,U024783,Treatment,2026-06-22,2026-06-24,True
EXP_2026_HOMEPAGE_RANK_V2,U019566,Treatment,2026-05-28,2026-05-29,True
EXP_2026_HOMEPAGE_RANK_V2,U018003,Treatment,2026-04-30,2026-05-01,True
EXP_2026_HOMEPAGE_RANK_V2,U017038,Treatment,2026-06-06,2026-06-07,True
EXP_2026_HOMEPAGE_RANK_V2,U006011,Control,2026-06-11,2026-06-12,True
EXP_2026_HOMEPAGE_RANK_V2,U002206,Treatment,2026-07-06,2026-07-08,True
EXP_2026_HOMEPAGE_RANK_V2,U006527,Treatment,2026-04-21,2026-04-23,True
EXP_2026_HOMEPAGE_RANK_V2,U001566,Treatment,2026-06-19,2026-06-19,True
EXP_2026_HOMEPAGE_RANK_V2,U018592,Control,2026-06-13,2026-06-15,True
EXP_2026_HOMEPAGE_RANK_V2,U017862,Treatment,2026-07-03,2026-07-03,True
EXP_2026_HOMEPAGE_RANK_V2,U015475,Treatment,2026-07-05,2026-07-05,True
EXP_2026_HOMEPAGE_RANK_V2,U012140,Control,2026-05-21,2026-05-21,True
EXP_2026_HOMEPAGE_RANK_V2,U024140,Control,2026-05-06,2026-05-08,True
EXP_2026_HOMEPAGE_RANK_V2,U006877,Treatment,2026-06-12,2026-06-17,True
EXP_2026_HOMEPAGE_RANK_V2,U009099,Treatment,2026-07-06,2026-07-09,True
EXP_2026_HOMEPAGE_RANK_V2,U001474,Treatment,2026-04-26,2026-04-26,True
EXP_2026_HOMEPAGE_RANK_V2,U014845,Control,2026-05-01,2026-05-01,True
EXP_2026_HOMEPAGE_RANK_V2,U006426,Control,2026-06-29,2026-07-04,True
EXP_2026_HOMEPAGE_RANK_V2,U009743,Treatment,2026-06-28,2026-06-28,True
EXP_2026_HOMEPAGE_RANK_V2,U010302,Treatment,2026-05-30,2026-06-02,True
EXP_2026_HOMEPAGE_RANK_V2,U001840,Treatment,2026-06-29,2026-07-01,True
EXP_2026_HOMEPAGE_RANK_V2,U023829,Control,2026-06-10,2026-06-11,True
EXP_2026_HOMEPAGE_RANK_V2,U003185,Treatment,2026-05-05,2026-05-07,True
EXP_2026_HOMEPAGE_RANK_V2,U010939,Treatment,2026-04-19,2026-04-22,True
EXP_2026_HOMEPAGE_RANK_V2,U006114,Treatment,2026-04-20,2026-04-25,True
EXP_2026_HOMEPAGE_RANK_V2,U013205,Treatment,2026-07-07,2026-07-09,True
EXP_2026_HOMEPAGE_RANK_V2,U002941,Control,2026-05-03,2026-05-03,True
EXP_2026_HOMEPAGE_RANK_V2,U000334,Control,2026-06-21,2026-06-21,True
EXP_2026_HOMEPAGE_RANK_V2,U021447,Control,2026-05-13,2026-05-16,True
EXP_2026_HOMEPAGE_RANK_V2,U022634,Treatment,2026-06-11,2026-06-14,True
EXP_2026_HOMEPAGE_RANK_V2,U016096,Treatment,2026-06-28,2026-06-28,True
EXP_2026_HOMEPAGE_RANK_V2,U013403,Treatment,2026-07-09,2026-07-11,True
EXP_2026_HOMEPAGE_RANK_V2,U011694,Treatment,2026-05-25,2026-05-25,True
EXP_2026_HOMEPAGE_RANK_V2,U024626,Control,2026-06-07,2026-06-12,True
EXP_2026_HOMEPAGE_RANK_V2,U014355,Treatment,2026-05-18,2026-05-18,True
EXP_2026_HOMEPAGE_RANK_V2,U019974,Treatment,2026-04-18,2026-04-20,True
EXP_2026_HOMEPAGE_RANK_V2,U008737,Control,2026-05-03,2026-05-08,True
EXP_2026_HOMEPAGE_RANK_V2,U013553,Treatment,2026-07-10,2026-07-10,True
EXP_2026_HOMEPAGE_RANK_V2,U000281,Treatment,2026-04-22,2026-04-22,True
EXP_2026_HOMEPAGE_RANK_V2,U004300,Control,2026-05-14,2026-05-17,True
EXP_2026_HOMEPAGE_RANK_V2,U000133,Control,2026-05-12,2026-05-17,True
EXP_2026_HOMEPAGE_RANK_V2,U020657,Control,2026-06-10,2026-06-14,True
EXP_2026_HOMEPAGE_RANK_V2,U016468,Control,2026-04-23,2026-04-24,True
EXP_2026_HOMEPAGE_RANK_V2,U010600,Control,2026-04-24,2026-04-25,True
EXP_2026_HOMEPAGE_RANK_V2,U007799,Control,2026-04-25,2026-04-27,True
EXP_2026_HOMEPAGE_RANK_V2,U024492,Control,2026-06-21,2026-06-21,True
EXP_2026_HOMEPAGE_RANK_V2,U012328,Treatment,2026-07-08,2026-07-13,True
EXP_2026_HOMEPAGE_RANK_V2,U017930,Control,2026-05-11,2026-05-11,True
EXP_2026_HOMEPAGE_RANK_V2,U020691,Control,2026-04-29,2026-05-03,True
EXP_2026_HOMEPAGE_RANK_V2,U012965,Treatment,2026-04-18,2026-04-21,True
EXP_2026_HOMEPAGE_RANK_V2,U003847,Control,2026-06-23,2026-06-24,True
EXP_2026_HOMEPAGE_RANK_V2,U011212,Treatment,2026-07-05,2026-07-08,True
EXP_2026_HOMEPAGE_RANK_V2,U009826,Control,2026-07-11,2026-07-16,True
EXP_2026_HOMEPAGE_RANK_V2,U002863,Treatment,2026-05-07,2026-05-07,True
EXP_2026_HOMEPAGE_RANK_V2,U001605,Treatment,2026-07-08,2026-07-12,True
EXP_2026_HOMEPAGE_RANK_V2,U021997,Control,2026-06-20,2026-06-22,True
EXP_2026_HOMEPAGE_RANK_V2,U004699,Treatment,2026-06-26,2026-06-26,True
EXP_2026_HOMEPAGE_RANK_V2,U001070,Control,2026-06-30,2026-07-05,True
EXP_2026_HOMEPAGE_RANK_V2,U009272,Control,2026-07-05,2026-07-10,True
EXP_2026_HOMEPAGE_RANK_V2,U007694,Control,2026-06-14,2026-06-19,True
EXP_2026_HOMEPAGE_RANK_V2,U000948,Treatment,2026-07-06,2026-07-08,True
EXP_2026_HOMEPAGE_RANK_V2,U012792,Control,2026-04-18,2026-04-20,True
EXP_2026_HOMEPAGE_RANK_V2,U000161,Control,2026-06-22,2026-06-27,True
EXP_2026_HOMEPAGE_RANK_V2,U014113,Control,2026-06-12,2026-06-16,True
EXP_2026_HOMEPAGE_RANK_V2,U024234,Treatment,2026-05-01,2026-05-03,True
EXP_2026_HOMEPAGE_RANK_V2,U007204,Treatment,2026-07-03,2026-07-05,True
EXP_2026_HOMEPAGE_RANK_V2,U005134,Treatment,2026-07-02,2026-07-04,True
EXP_2026_HOMEPAGE_RANK_V2,U020930,Control,2026-06-02,2026-06-07,True
EXP_2026_HOMEPAGE_RANK_V2,U005158,Control,2026-07-05,2026-07-07,True
EXP_2026_HOMEPAGE_RANK_V2,U024627,Control,2026-04-25,2026-04-28,True
EXP_2026_HOMEPAGE_RANK_V2,U009394,Control,2026-05-19,2026-05-24,True
EXP_2026_HOMEPAGE_RANK_V2,U007077,Treatment,2026-04-18,2026-04-18,True
EXP_2026_HOMEPAGE_RANK_V2,U012961,Control,2026-05-21,2026-05-22,True
EXP_2026_HOMEPAGE_RANK_V2,U023388,Control,2026-06-08,2026-06-11,True
EXP_2026_HOMEPAGE_RANK_V2,U000035,Treatment,2026-06-28,2026-06-28,True
EXP_2026_HOMEPAGE_RANK_V2,U003484,Treatment,2026-06-02,2026-06-07,True
EXP_2026_HOMEPAGE_RANK_V2,U007999,Control,2026-06-25,2026-06-25,True
EXP_2026_HOMEPAGE_RANK_V2,U007575,Control,2026-06-09,2026-06-12,True
EXP_2026_HOMEPAGE_RANK_V2,U007400,Control,2026-05-14,2026-05-19,True
EXP_2026_HOMEPAGE_RANK_V2,U000408,Treatment,2026-05-29,2026-06-02,True
EXP_2026_HOMEPAGE_RANK_V2,U020256,Treatment,2026-06-02,2026-06-07,True
EXP_2026_HOMEPAGE_RANK_V2,U007680,Treatment,2026-05-20,2026-05-21,True
EXP_2026_HOMEPAGE_RANK_V2,U010060,Treatment,2026-05-01,2026-05-02,True
EXP_2026_HOMEPAGE_RANK_V2,U001667,Treatment,2026-07-08,2026-07-08,True
EXP_2026_HOMEPAGE_RANK_V2,U015335,Treatment,2026-05-09,2026-05-13,True
EXP_2026_HOMEPAGE_RANK_V2,U000597,Treatment,2026-05-08,2026-05-13,True
EXP_2026_HOMEPAGE_RANK_V2,U000679,Treatment,2026-07-09,2026-07-14,True
EXP_2026_HOMEPAGE_RANK_V2,U010299,Treatment,2026-05-08,2026-05-08,True
EXP_2026_HOMEPAGE_RANK_V2,U005907,Treatment,2026-06-02,2026-06-03,True
EXP_2026_HOMEPAGE_RANK_V2,U020553,Control,2026-05-26,2026-05-27,True
EXP_2026_HOMEPAGE_RANK_V2,U019301,Treatment,2026-07-02,2026-07-02,True
EXP_2026_HOMEPAGE_RANK_V2,U004912,Treatment,2026-06-22,2026-06-26,True
EXP_2026_HOMEPAGE_RANK_V2,U022169,Treatment,2026-06-15,2026-06-20,True
EXP_2026_HOMEPAGE_RANK_V2,U014875,Control,2026-07-04,2026-07-06,True
EXP_2026_HOMEPAGE_RANK_V2,U018519,Control,2026-06-02,2026-06-02,True
EXP_2026_HOMEPAGE_RANK_V2,U011180,Control,2026-05-29,2026-05-30,True
EXP_2026_HOMEPAGE_RANK_V2,U019585,Treatment,2026-05-06,2026-05-10,True
EXP_2026_HOMEPAGE_RANK_V2,U015603,Treatment,2026-05-28,2026-05-30,True
EXP_2026_HOMEPAGE_RANK_V2,U021732,Treatment,2026-06-14,2026-06-17,True
EXP_2026_HOMEPAGE_RANK_V2,U024105,Control,2026-06-07,2026-06-10,True
EXP_2026_HOMEPAGE_RANK_V2,U017431,Control,2026-04-25,2026-04-30,True
EXP_2026_HOMEPAGE_RANK_V2,U006066,Treatment,2026-07-05,2026-07-09,True
EXP_2026_HOMEPAGE_RANK_V2,U013132,Control,2026-06-22,2026-06-22,False
EXP_2026_HOMEPAGE_RANK_V2,U006249,Treatment,2026-05-23,2026-05-23,True
EXP_2026_HOMEPAGE_RANK_V2,U004530,Control,2026-06-27,2026-07-01,True
EXP_2026_HOMEPAGE_RANK_V2,U012147,Control,2026-06-28,2026-06-30,True
EXP_2026_HOMEPAGE_RANK_V2,U024632,Treatment,2026-04-26,2026-05-01,True
EXP_2026_HOMEPAGE_RANK_V2,U020523,Treatment,2026-06-04,2026-06-04,True
EXP_2026_HOMEPAGE_RANK_V2,U018741,Treatment,2026-07-07,2026-07-10,True
EXP_2026_HOMEPAGE_RANK_V2,U018845,Treatment,2026-04-22,2026-04-24,True
EXP_2026_HOMEPAGE_RANK_V2,U006394,Control,2026-05-24,2026-05-29,True
EXP_2026_HOMEPAGE_RANK_V2,U011537,Control,2026-04-23,2026-04-25,True
EXP_2026_HOMEPAGE_RANK_V2,U001519,Treatment,2026-05-24,2026-05-25,True
EXP_2026_HOMEPAGE_RANK_V2,U008077,Control,2026-05-26,2026-05-26,True
EXP_2026_HOMEPAGE_RANK_V2,U017438,Treatment,2026-07-10,2026-07-14,True
EXP_2026_HOMEPAGE_RANK_V2,U011833,Control,2026-05-31,2026-06-01,True
EXP_2026_HOMEPAGE_RANK_V2,U020470,Control,2026-05-21,2026-05-22,True
EXP_2026_HOMEPAGE_RANK_V2,U010739,Treatment,2026-05-14,2026-05-19,True
EXP_2026_HOMEPAGE_RANK_V2,U018091,Control,2026-06-27,2026-06-30,True
EXP_2026_HOMEPAGE_RANK_V2,U004994,Treatment,2026-05-01,2026-05-03,True
EXP_2026_HOMEPAGE_RANK_V2,U011192,Control,2026-06-01,2026-06-03,True
EXP_2026_HOMEPAGE_RANK_V2,U019474,Treatment,2026-07-06,2026-07-10,True
EXP_2026_HOMEPAGE_RANK_V2,U022385,Control,2026-06-05,2026-06-06,True
EXP_2026_HOMEPAGE_RANK_V2,U005122,Treatment,2026-06-14,2026-06-19,True
EXP_2026_HOMEPAGE_RANK_V2,U007062,Treatment,2026-05-05,2026-05-05,True
EXP_2026_HOMEPAGE_RANK_V2,U018347,Control,2026-06-15,2026-06-15,True
EXP_2026_HOMEPAGE_RANK_V2,U004410,Control,2026-05-25,2026-05-30,True
EXP_2026_HOMEPAGE_RANK_V2,U013481,Treatment,2026-05-28,2026-05-28,True
EXP_2026_HOMEPAGE_RANK_V2,U024580,Control,2026-07-06,2026-07-08,True
EXP_2026_HOMEPAGE_RANK_V2,U009453,Control,2026-06-20,2026-06-25,True
EXP_2026_HOMEPAGE_RANK_V2,U024567,Control,2026-05-08,2026-05-13,True
EXP_2026_HOMEPAGE_RANK_V2,U006825,Treatment,2026-04-22,2026-04-27,True
EXP_2026_HOMEPAGE_RANK_V2,U002055,Treatment,2026-05-30,2026-06-03,True
EXP_2026_HOMEPAGE_RANK_V2,U008350,Treatment,2026-04-30,2026-05-05,True
EXP_2026_HOMEPAGE_RANK_V2,U016544,Treatment,2026-05-12,2026-05-17,True
EXP_2026_HOMEPAGE_RANK_V2,U007250,Treatment,2026-05-31,2026-06-01,True
EXP_2026_HOMEPAGE_RANK_V2,U021118,Treatment,2026-07-09,2026-07-09,True
EXP_2026_HOMEPAGE_RANK_V2,U017240,Control,2026-05-28,2026-05-30,True
EXP_2026_HOMEPAGE_RANK_V2,U024736,Treatment,2026-05-09,2026-05-10,True
EXP_2026_HOMEPAGE_RANK_V2,U019346,Control,2026-04-20,2026-04-24,True
EXP_2026_HOMEPAGE_RANK_V2,U001489,Treatment,2026-07-07,2026-07-10,True
EXP_2026_HOMEPAGE_RANK_V2,U015758,Treatment,2026-06-08,2026-06-11,True
EXP_2026_HOMEPAGE_RANK_V2,U010267,Treatment,2026-07-11,2026-07-14,True
EXP_2026_HOMEPAGE_RANK_V2,U010975,Treatment,2026-06-16,2026-06-18,True
EXP_2026_HOMEPAGE_RANK_V2,U013684,Control,2026-06-26,2026-06-26,True
EXP_2026_HOMEPAGE_RANK_V2,U015681,Treatment,2026-05-11,2026-05-16,True
EXP_2026_HOMEPAGE_RANK_V2,U019704,Control,2026-05-01,2026-05-03,True
EXP_2026_HOMEPAGE_RANK_V2,U014374,Control,2026-05-05,2026-05-06,True
EXP_2026_HOMEPAGE_RANK_V2,U016833,Treatment,2026-04-29,2026-05-02,True
EXP_2026_HOMEPAGE_RANK_V2,U020755,Treatment,2026-07-10,2026-07-12,True
EXP_2026_HOMEPAGE_RANK_V2,U004605,Treatment,2026-06-25,2026-06-27,True
EXP_2026_HOMEPAGE_RANK_V2,U011074,Treatment,2026-06-08,2026-06-12,True
EXP_2026_HOMEPAGE_RANK_V2,U002048,Treatment,2026-06-15,2026-06-16,True
EXP_2026_HOMEPAGE_RANK_V2,U005511,Treatment,2026-07-01,2026-07-03,True
EXP_2026_HOMEPAGE_RANK_V2,U019866,Control,2026-05-06,2026-05-09,False
EXP_2026_HOMEPAGE_RANK_V2,U018841,Control,2026-06-07,2026-06-11,True
EXP_2026_HOMEPAGE_RANK_V2,U012753,Treatment,2026-05-16,2026-05-20,True
EXP_2026_HOMEPAGE_RANK_V2,U013626,Control,2026-06-03,2026-06-03,True
EXP_2026_HOMEPAGE_RANK_V2,U013586,Treatment,2026-06-11,2026-06-15,True
EXP_2026_HOMEPAGE_RANK_V2,U004751,Control,2026-05-06,2026-05-07,True
EXP_2026_HOMEPAGE_RANK_V2,U017413,Treatment,2026-07-01,2026-07-06,True
EXP_2026_HOMEPAGE_RANK_V2,U012787,Treatment,2026-05-20,2026-05-23,True
EXP_2026_HOMEPAGE_RANK_V2,U022703,Control,2026-07-06,2026-07-09,True
EXP_2026_HOMEPAGE_RANK_V2,U023498,Treatment,2026-06-08,2026-06-09,True
EXP_2026_HOMEPAGE_RANK_V2,U006771,Control,2026-05-17,2026-05-19,True
EXP_2026_HOMEPAGE_RANK_V2,U000560,Treatment,2026-05-16,2026-05-17,True
EXP_2026_HOMEPAGE_RANK_V2,U023173,Treatment,2026-04-29,2026-05-01,True
EXP_2026_HOMEPAGE_RANK_V2,U003783,Treatment,2026-05-27,2026-05-30,True
EXP_2026_HOMEPAGE_RANK_V2,U011719,Treatment,2026-06-04,2026-06-09,False
EXP_2026_HOMEPAGE_RANK_V2,U011831,Control,2026-06-11,2026-06-13,True
EXP_2026_HOMEPAGE_RANK_V2,U015007,Treatment,2026-06-25,2026-06-29,True
EXP_2026_HOMEPAGE_RANK_V2,U006391,Treatment,2026-04-19,2026-04-24,True
EXP_2026_HOMEPAGE_RANK_V2,U012717,Treatment,2026-04-24,2026-04-24,True
EXP_2026_HOMEPAGE_RANK_V2,U019687,Control,2026-07-07,2026-07-08,True
EXP_2026_HOMEPAGE_RANK_V2,U012972,Control,2026-06-19,2026-06-24,True
EXP_2026_HOMEPAGE_RANK_V2,U000645,Treatment,2026-04-27,2026-04-27,True
EXP_2026_HOMEPAGE_RANK_V2,U009440,Treatment,2026-04-20,2026-04-21,True
EXP_2026_HOMEPAGE_RANK_V2,U006603,Control,2026-05-07,2026-05-08,True
EXP_2026_HOMEPAGE_RANK_V2,U005019,Control,2026-05-29,2026-05-29,True
EXP_2026_HOMEPAGE_RANK_V2,U002760,Treatment,2026-07-03,2026-07-03,True
EXP_2026_HOMEPAGE_RANK_V2,U005885,Treatment,2026-05-19,2026-05-22,True
EXP_2026_HOMEPAGE_RANK_V2,U013914,Control,2026-07-08,2026-07-09,True
EXP_2026_HOMEPAGE_RANK_V2,U004457,Treatment,2026-06-02,2026-06-04,False
EXP_2026_HOMEPAGE_RANK_V2,U002730,Treatment,2026-04-19,2026-04-21,True
EXP_2026_HOMEPAGE_RANK_V2,U020993,Control,2026-05-08,2026-05-09,True
EXP_2026_HOMEPAGE_RANK_V2,U015182,Treatment,2026-06-17,2026-06-21,True
EXP_2026_HOMEPAGE_RANK_V2,U021256,Control,2026-06-05,2026-06-09,True
EXP_2026_HOMEPAGE_RANK_V2,U019612,Treatment,2026-05-06,2026-05-10,True
EXP_2026_HOMEPAGE_RANK_V2,U020686,Treatment,2026-06-12,2026-06-17,True
EXP_2026_HOMEPAGE_RANK_V2,U016616,Treatment,2026-06-22,2026-06-23,False
EXP_2026_HOMEPAGE_RANK_V2,U005591,Treatment,2026-07-01,2026-07-01,True
EXP_2026_HOMEPAGE_RANK_V2,U004770,Control,2026-06-02,2026-06-02,True
EXP_2026_HOMEPAGE_RANK_V2,U007627,Treatment,2026-05-23,2026-05-23,True
EXP_2026_HOMEPAGE_RANK_V2,U011882,Treatment,2026-05-14,2026-05-16,False
EXP_2026_HOMEPAGE_RANK_V2,U000918,Treatment,2026-05-08,2026-05-10,True
EXP_2026_HOMEPAGE_RANK_V2,U021589,Treatment,2026-05-05,2026-05-08,True
EXP_2026_HOMEPAGE_RANK_V2,U009810,Treatment,2026-05-16,2026-05-17,True
EXP_2026_HOMEPAGE_RANK_V2,U017770,Control,2026-06-14,2026-06-15,True
EXP_2026_HOMEPAGE_RANK_V2,U004638,Control,2026-06-27,2026-06-28,True
EXP_2026_HOMEPAGE_RANK_V2,U001928,Treatment,2026-05-17,2026-05-21,True
EXP_2026_HOMEPAGE_RANK_V2,U017378,Treatment,2026-05-28,2026-05-29,True
EXP_2026_HOMEPAGE_RANK_V2,U015550,Control,2026-05-25,2026-05-30,True
EXP_2026_HOMEPAGE_RANK_V2,U018981,Treatment,2026-06-30,2026-07-03,True
EXP_2026_HOMEPAGE_RANK_V2,U014816,Treatment,2026-05-16,2026-05-16,True
EXP_2026_HOMEPAGE_RANK_V2,U022846,Treatment,2026-05-29,2026-06-03,False
EXP_2026_HOMEPAGE_RANK_V2,U022852,Treatment,2026-07-10,2026-07-13,True
EXP_2026_HOMEPAGE_RANK_V2,U018820,Control,2026-04-23,2026-04-25,True
EXP_2026_HOMEPAGE_RANK_V2,U002252,Treatment,2026-07-03,2026-07-03,True
EXP_2026_HOMEPAGE_RANK_V2,U009479,Treatment,2026-05-21,2026-05-22,True
EXP_2026_HOMEPAGE_RANK_V2,U017081,Treatment,2026-06-15,2026-06-16,True
EXP_2026_HOMEPAGE_RANK_V2,U016768,Control,2026-07-03,2026-07-05,True
EXP_2026_HOMEPAGE_RANK_V2,U019320,Control,2026-07-11,2026-07-14,True
EXP_2026_HOMEPAGE_RANK_V2,U012175,Control,2026-05-03,2026-05-06,True
EXP_2026_HOMEPAGE_RANK_V2,U009957,Control,2026-04-26,2026-05-01,True
EXP_2026_HOMEPAGE_RANK_V2,U005922,Control,2026-05-31,2026-06-04,True
EXP_2026_HOMEPAGE_RANK_V2,U011518,Treatment,2026-04-28,2026-04-29,True
EXP_2026_HOMEPAGE_RANK_V2,U015201,Control,2026-05-05,2026-05-05,True
EXP_2026_HOMEPAGE_RANK_V2,U012758,Control,2026-06-09,2026-06-11,True
EXP_2026_HOMEPAGE_RANK_V2,U007523,Control,2026-06-15,2026-06-16,True
EXP_2026_HOMEPAGE_RANK_V2,U005565,Treatment,2026-06-06,2026-06-10,True
EXP_2026_HOMEPAGE_RANK_V2,U021246,Treatment,2026-05-08,2026-05-12,True
EXP_2026_HOMEPAGE_RANK_V2,U003739,Control,2026-07-04,2026-07-09,True
EXP_2026_HOMEPAGE_RANK_V2,U000294,Treatment,2026-05-11,2026-05-14,True
EXP_2026_HOMEPAGE_RANK_V2,U021193,Control,2026-06-07,2026-06-07,True
EXP_2026_HOMEPAGE_RANK_V2,U003884,Treatment,2026-07-10,2026-07-11,True
EXP_2026_HOMEPAGE_RANK_V2,U015705,Treatment,2026-05-31,2026-06-02,True
EXP_2026_HOMEPAGE_RANK_V2,U013787,Treatment,2026-05-12,2026-05-13,True
EXP_2026_HOMEPAGE_RANK_V2,U007152,Treatment,2026-05-02,2026-05-04,True
EXP_2026_HOMEPAGE_RANK_V2,U022725,Control,2026-06-10,2026-06-15,True
EXP_2026_HOMEPAGE_RANK_V2,U003472,Control,2026-05-16,2026-05-21,True
EXP_2026_HOMEPAGE_RANK_V2,U011840,Control,2026-06-17,2026-06-21,True
EXP_2026_HOMEPAGE_RANK_V2,U013970,Treatment,2026-05-21,2026-05-25,True
EXP_2026_HOMEPAGE_RANK_V2,U005795,Control,2026-05-26,2026-05-26,True
EXP_2026_HOMEPAGE_RANK_V2,U008039,Control,2026-05-16,2026-05-20,True
EXP_2026_HOMEPAGE_RANK_V2,U019104,Control,2026-06-20,2026-06-25,True
EXP_2026_HOMEPAGE_RANK_V2,U003875,Treatment,2026-06-15,2026-06-15,True
EXP_2026_HOMEPAGE_RANK_V2,U013365,Control,2026-05-27,2026-05-29,True
EXP_2026_HOMEPAGE_RANK_V2,U005980,Treatment,2026-06-15,2026-06-19,True
EXP_2026_HOMEPAGE_RANK_V2,U001037,Treatment,2026-04-22,2026-04-22,True
EXP_2026_HOMEPAGE_RANK_V2,U005198,Control,2026-05-01,2026-05-06,True
EXP_2026_HOMEPAGE_RANK_V2,U021398,Treatment,2026-05-23,2026-05-27,True
EXP_2026_HOMEPAGE_RANK_V2,U018975,Treatment,2026-05-28,2026-05-28,True
EXP_2026_HOMEPAGE_RANK_V2,U024153,Treatment,2026-05-22,2026-05-22,False
EXP_2026_HOMEPAGE_RANK_V2,U014433,Treatment,2026-04-26,2026-04-28,False
EXP_2026_HOMEPAGE_RANK_V2,U019341,Control,2026-06-02,2026-06-07,True
EXP_2026_HOMEPAGE_RANK_V2,U002005,Treatment,2026-06-08,2026-06-13,True
EXP_2026_HOMEPAGE_RANK_V2,U000789,Control,2026-04-28,2026-04-30,True
EXP_2026_HOMEPAGE_RANK_V2,U024338,Treatment,2026-06-07,2026-06-11,True
EXP_2026_HOMEPAGE_RANK_V2,U015346,Treatment,2026-05-15,2026-05-16,True
EXP_2026_HOMEPAGE_RANK_V2,U008398,Treatment,2026-06-02,2026-06-04,True
EXP_2026_HOMEPAGE_RANK_V2,U000127,Control,2026-06-07,2026-06-08,True
EXP_2026_HOMEPAGE_RANK_V2,U011798,Treatment,2026-06-08,2026-06-09,True
EXP_2026_HOMEPAGE_RANK_V2,U014850,Treatment,2026-05-08,2026-05-12,True
EXP_2026_HOMEPAGE_RANK_V2,U006972,Treatment,2026-06-16,2026-06-19,True
EXP_2026_HOMEPAGE_RANK_V2,U019572,Control,2026-06-05,2026-06-10,True
EXP_2026_HOMEPAGE_RANK_V2,U000680,Control,2026-05-14,2026-05-15,True
EXP_2026_HOMEPAGE_RANK_V2,U009847,Control,2026-07-11,2026-07-11,True
EXP_2026_HOMEPAGE_RANK_V2,U023886,Control,2026-05-18,2026-05-22,True
EXP_2026_HOMEPAGE_RANK_V2,U012109,Control,2026-04-26,2026-04-27,True
EXP_2026_HOMEPAGE_RANK_V2,U024858,Control,2026-07-03,2026-07-05,False
EXP_2026_HOMEPAGE_RANK_V2,U023758,Control,2026-06-01,2026-06-02,True
EXP_2026_HOMEPAGE_RANK_V2,U023938,Control,2026-04-19,2026-04-21,True
EXP_2026_HOMEPAGE_RANK_V2,U003351,Control,2026-07-03,2026-07-08,True
EXP_2026_HOMEPAGE_RANK_V2,U003704,Treatment,2026-07-03,2026-07-04,True
EXP_2026_HOMEPAGE_RANK_V2,U014687,Treatment,2026-06-05,2026-06-09,True
EXP_2026_HOMEPAGE_RANK_V2,U007775,Treatment,2026-06-07,2026-06-07,True
EXP_2026_HOMEPAGE_RANK_V2,U017251,Control,2026-04-22,2026-04-26,True
EXP_2026_HOMEPAGE_RANK_V2,U012295,Control,2026-06-21,2026-06-22,True
EXP_2026_HOMEPAGE_RANK_V2,U009399,Treatment,2026-07-07,2026-07-12,True
EXP_2026_HOMEPAGE_RANK_V2,U015533,Treatment,2026-06-09,2026-06-09,True
EXP_2026_HOMEPAGE_RANK_V2,U012889,Control,2026-04-18,2026-04-19,True
EXP_2026_HOMEPAGE_RANK_V2,U004763,Control,2026-05-10,2026-05-11,True
EXP_2026_HOMEPAGE_RANK_V2,U003892,Treatment,2026-05-16,2026-05-19,True
EXP_2026_HOMEPAGE_RANK_V2,U018338,Treatment,2026-05-04,2026-05-09,True
EXP_2026_HOMEPAGE_RANK_V2,U007202,Treatment,2026-04-20,2026-04-25,True
EXP_2026_HOMEPAGE_RANK_V2,U003340,Treatment,2026-06-07,2026-06-11,False
EXP_2026_HOMEPAGE_RANK_V2,U015626,Control,2026-05-03,2026-05-05,True
EXP_2026_HOMEPAGE_RANK_V2,U008068,Control,2026-06-08,2026-06-10,True
EXP_2026_HOMEPAGE_RANK_V2,U005218,Treatment,2026-04-20,2026-04-25,True
EXP_2026_HOMEPAGE_RANK_V2,U010499,Treatment,2026-06-01,2026-06-01,True
EXP_2026_HOMEPAGE_RANK_V2,U008644,Control,2026-05-08,2026-05-10,True
EXP_2026_HOMEPAGE_RANK_V2,U012157,Control,2026-04-26,2026-05-01,True
EXP_2026_HOMEPAGE_RANK_V2,U013921,Treatment,2026-05-06,2026-05-08,True
EXP_2026_HOMEPAGE_RANK_V2,U022708,Control,2026-05-01,2026-05-03,True
EXP_2026_HOMEPAGE_RANK_V2,U001861,Treatment,2026-06-26,2026-06-26,True
EXP_2026_HOMEPAGE_RANK_V2,U014654,Treatment,2026-06-23,2026-06-27,True
EXP_2026_HOMEPAGE_RANK_V2,U015323,Control,2026-07-03,2026-07-07,True
EXP_2026_HOMEPAGE_RANK_V2,U000646,Treatment,2026-06-20,2026-06-22,True
EXP_2026_HOMEPAGE_RANK_V2,U024873,Control,2026-06-06,2026-06-06,True
EXP_2026_HOMEPAGE_RANK_V2,U012304,Treatment,2026-06-09,2026-06-11,True
EXP_2026_HOMEPAGE_RANK_V2,U004797,Control,2026-04-27,2026-04-30,True
EXP_2026_HOMEPAGE_RANK_V2,U008929,Control,2026-07-01,2026-07-05,True
EXP_2026_HOMEPAGE_RANK_V2,U017729,Treatment,2026-06-21,2026-06-23,True
EXP_2026_HOMEPAGE_RANK_V2,U004848,Control,2026-05-31,2026-06-01,True
EXP_2026_HOMEPAGE_RANK_V2,U017440,Control,2026-04-28,2026-05-03,False
EXP_2026_HOMEPAGE_RANK_V2,U004184,Treatment,2026-06-14,2026-06-18,True
EXP_2026_HOMEPAGE_RANK_V2,U002452,Treatment,2026-06-01,2026-06-02,False
EXP_2026_HOMEPAGE_RANK_V2,U015037,Control,2026-06-09,2026-06-09,True
EXP_2026_HOMEPAGE_RANK_V2,U002376,Treatment,2026-06-14,2026-06-15,True
EXP_2026_HOMEPAGE_RANK_V2,U000235,Treatment,2026-05-30,2026-05-31,True
EXP_2026_HOMEPAGE_RANK_V2,U015961,Control,2026-05-09,2026-05-13,True
EXP_2026_HOMEPAGE_RANK_V2,U011432,Treatment,2026-06-15,2026-06-18,True
EXP_2026_HOMEPAGE_RANK_V2,U024948,Control,2026-05-16,2026-05-19,True
EXP_2026_HOMEPAGE_RANK_V2,U019524,Treatment,2026-05-06,2026-05-06,True
EXP_2026_HOMEPAGE_RANK_V2,U023040,Treatment,2026-05-08,2026-05-11,False
EXP_2026_HOMEPAGE_RANK_V2,U023507,Treatment,2026-04-22,2026-04-23,True
EXP_2026_HOMEPAGE_RANK_V2,U017193,Control,2026-05-18,2026-05-22,True
EXP_2026_HOMEPAGE_RANK_V2,U017305,Control,2026-06-27,2026-06-28,True
EXP_2026_HOMEPAGE_RANK_V2,U009042,Control,2026-06-26,2026-06-29,True
EXP_2026_HOMEPAGE_RANK_V2,U015003,Control,2026-06-12,2026-06-14,True
EXP_2026_HOMEPAGE_RANK_V2,U018825,Treatment,2026-06-06,2026-06-06,True
EXP_2026_HOMEPAGE_RANK_V2,U013940,Control,2026-06-04,2026-06-07,True
EXP_2026_HOMEPAGE_RANK_V2,U020122,Control,2026-06-14,2026-06-16,True
EXP_2026_HOMEPAGE_RANK_V2,U012228,Treatment,2026-06-29,2026-07-01,True
EXP_2026_HOMEPAGE_RANK_V2,U009206,Control,2026-06-20,2026-06-24,True
EXP_2026_HOMEPAGE_RANK_V2,U024601,Control,2026-07-08,2026-07-09,True
EXP_2026_HOMEPAGE_RANK_V2,U001661,Control,2026-06-20,2026-06-20,True
EXP_2026_HOMEPAGE_RANK_V2,U015593,Treatment,2026-05-12,2026-05-14,True
EXP_2026_HOMEPAGE_RANK_V2,U019829,Treatment,2026-06-15,2026-06-19,True
EXP_2026_HOMEPAGE_RANK_V2,U003439,Treatment,2026-06-13,2026-06-17,True
EXP_2026_HOMEPAGE_RANK_V2,U018363,Treatment,2026-07-07,2026-07-10,True
EXP_2026_HOMEPAGE_RANK_V2,U010386,Control,2026-06-24,2026-06-28,False
EXP_2026_HOMEPAGE_RANK_V2,U011787,Treatment,2026-07-04,2026-07-05,True
EXP_2026_HOMEPAGE_RANK_V2,U015818,Treatment,2026-07-04,2026-07-07,True
EXP_2026_HOMEPAGE_RANK_V2,U018202,Control,2026-05-09,2026-05-13,True
EXP_2026_HOMEPAGE_RANK_V2,U005796,Control,2026-05-11,2026-05-15,True
EXP_2026_HOMEPAGE_RANK_V2,U004158,Treatment,2026-06-14,2026-06-14,True
EXP_2026_HOMEPAGE_RANK_V2,U006086,Control,2026-05-11,2026-05-15,True
EXP_2026_HOMEPAGE_RANK_V2,U002430,Control,2026-07-01,2026-07-03,True
EXP_2026_HOMEPAGE_RANK_V2,U023576,Treatment,2026-05-06,2026-05-09,True
EXP_2026_HOMEPAGE_RANK_V2,U012668,Control,2026-07-07,2026-07-11,True
EXP_2026_HOMEPAGE_RANK_V2,U015384,Control,2026-04-23,2026-04-23,True
EXP_2026_HOMEPAGE_RANK_V2,U021378,Control,2026-05-19,2026-05-24,True
EXP_2026_HOMEPAGE_RANK_V2,U008273,Treatment,2026-05-29,2026-06-01,True
EXP_2026_HOMEPAGE_RANK_V2,U022525,Control,2026-06-03,2026-06-03,True
EXP_2026_HOMEPAGE_RANK_V2,U006864,Control,2026-05-02,2026-05-06,True
EXP_2026_HOMEPAGE_RANK_V2,U009217,Treatment,2026-05-20,2026-05-21,True
EXP_2026_HOMEPAGE_RANK_V2,U009256,Treatment,2026-07-10,2026-07-14,True
EXP_2026_HOMEPAGE_RANK_V2,U006068,Control,2026-04-28,2026-04-29,True
EXP_2026_HOMEPAGE_RANK_V2,U011758,Treatment,2026-06-01,2026-06-05,True
EXP_2026_HOMEPAGE_RANK_V2,U011588,Treatment,2026-05-28,2026-06-02,True
EXP_2026_HOMEPAGE_RANK_V2,U019352,Control,2026-07-06,2026-07-10,True
EXP_2026_HOMEPAGE_RANK_V2,U013111,Control,2026-05-16,2026-05-19,True
EXP_2026_HOMEPAGE_RANK_V2,U016392,Control,2026-06-25,2026-06-30,True
EXP_2026_HOMEPAGE_RANK_V2,U018664,Treatment,2026-06-04,2026-06-09,True
EXP_2026_HOMEPAGE_RANK_V2,U006359,Control,2026-06-07,2026-06-07,True
EXP_2026_HOMEPAGE_RANK_V2,U005632,Control,2026-07-07,2026-07-08,True
EXP_2026_HOMEPAGE_RANK_V2,U000484,Treatment,2026-06-27,2026-06-28,True
EXP_2026_HOMEPAGE_RANK_V2,U019406,Treatment,2026-06-18,2026-06-21,True
EXP_2026_HOMEPAGE_RANK_V2,U007376,Treatment,2026-06-23,2026-06-27,True
EXP_2026_HOMEPAGE_RANK_V2,U022804,Control,2026-06-03,2026-06-08,True
EXP_2026_HOMEPAGE_RANK_V2,U019213,Control,2026-06-07,2026-06-09,True
EXP_2026_HOMEPAGE_RANK_V2,U009500,Treatment,2026-05-23,2026-05-28,True
EXP_2026_HOMEPAGE_RANK_V2,U023805,Treatment,2026-04-27,2026-04-29,True
EXP_2026_HOMEPAGE_RANK_V2,U015212,Control,2026-07-02,2026-07-05,True
EXP_2026_HOMEPAGE_RANK_V2,U013891,Control,2026-04-26,2026-04-28,True
EXP_2026_HOMEPAGE_RANK_V2,U005600,Treatment,2026-06-10,2026-06-15,True
EXP_2026_HOMEPAGE_RANK_V2,U013275,Treatment,2026-05-12,2026-05-15,True
EXP_2026_HOMEPAGE_RANK_V2,U001940,Treatment,2026-05-10,2026-05-14,True
EXP_2026_HOMEPAGE_RANK_V2,U019132,Control,2026-05-30,2026-05-30,True
EXP_2026_HOMEPAGE_RANK_V2,U010344,Control,2026-04-25,2026-04-29,True
EXP_2026_HOMEPAGE_RANK_V2,U019857,Control,2026-06-09,2026-06-14,True
EXP_2026_HOMEPAGE_RANK_V2,U011100,Treatment,2026-06-15,2026-06-20,True
EXP_2026_HOMEPAGE_RANK_V2,U019915,Control,2026-06-18,2026-06-21,True
EXP_2026_HOMEPAGE_RANK_V2,U024668,Control,2026-07-10,2026-07-10,True
EXP_2026_HOMEPAGE_RANK_V2,U021650,Control,2026-06-28,2026-07-01,True
EXP_2026_HOMEPAGE_RANK_V2,U009940,Control,2026-05-09,2026-05-10,True
EXP_2026_HOMEPAGE_RANK_V2,U015748,Control,2026-06-08,2026-06-10,True
EXP_2026_HOMEPAGE_RANK_V2,U012122,Control,2026-05-30,2026-06-03,True
EXP_2026_HOMEPAGE_RANK_V2,U014235,Control,2026-06-06,2026-06-08,True
EXP_2026_HOMEPAGE_RANK_V2,U019258,Control,2026-06-21,2026-06-26,True
EXP_2026_HOMEPAGE_RANK_V2,U000756,Control,2026-05-12,2026-05-13,True
EXP_2026_HOMEPAGE_RANK_V2,U023739,Treatment,2026-04-23,2026-04-26,True
EXP_2026_HOMEPAGE_RANK_V2,U024088,Treatment,2026-06-06,2026-06-07,True
EXP_2026_HOMEPAGE_RANK_V2,U013335,Treatment,2026-06-21,2026-06-22,True
EXP_2026_HOMEPAGE_RANK_V2,U007865,Treatment,2026-05-05,2026-05-05,True
EXP_2026_HOMEPAGE_RANK_V2,U010706,Treatment,2026-06-03,2026-06-04,True
EXP_2026_HOMEPAGE_RANK_V2,U018406,Treatment,2026-05-02,2026-05-03,True
EXP_2026_HOMEPAGE_RANK_V2,U000200,Control,2026-04-21,2026-04-24,True
EXP_2026_HOMEPAGE_RANK_V2,U003807,Control,2026-07-11,2026-07-13,True
EXP_2026_HOMEPAGE_RANK_V2,U019291,Control,2026-04-28,2026-05-03,True
EXP_2026_HOMEPAGE_RANK_V2,U008592,Treatment,2026-07-10,2026-07-13,True
EXP_2026_HOMEPAGE_RANK_V2,U023564,Treatment,2026-05-25,2026-05-29,True
EXP_2026_HOMEPAGE_RANK_V2,U005420,Treatment,2026-07-05,2026-07-07,True
EXP_2026_HOMEPAGE_RANK_V2,U005464,Treatment,2026-06-19,2026-06-20,True
EXP_2026_HOMEPAGE_RANK_V2,U020854,Treatment,2026-06-05,2026-06-05,True
EXP_2026_HOMEPAGE_RANK_V2,U007323,Treatment,2026-06-19,2026-06-20,True
EXP_2026_HOMEPAGE_RANK_V2,U012254,Control,2026-07-03,2026-07-06,True
EXP_2026_HOMEPAGE_RANK_V2,U009089,Treatment,2026-06-11,2026-06-14,True
EXP_2026_HOMEPAGE_RANK_V2,U007982,Control,2026-06-01,2026-06-06,True
EXP_2026_HOMEPAGE_RANK_V2,U003264,Treatment,2026-07-04,2026-07-08,True
EXP_2026_HOMEPAGE_RANK_V2,U021455,Control,2026-04-29,2026-05-02,True
EXP_2026_HOMEPAGE_RANK_V2,U007209,Control,2026-07-03,2026-07-03,True
EXP_2026_HOMEPAGE_RANK_V2,U005415,Control,2026-05-15,2026-05-17,True
EXP_2026_HOMEPAGE_RANK_V2,U023855,Control,2026-05-27,2026-06-01,True
EXP_2026_HOMEPAGE_RANK_V2,U002838,Control,2026-05-24,2026-05-28,True
EXP_2026_HOMEPAGE_RANK_V2,U012847,Control,2026-06-11,2026-06-13,True
EXP_2026_HOMEPAGE_RANK_V2,U013611,Treatment,2026-06-29,2026-07-04,True
EXP_2026_HOMEPAGE_RANK_V2,U005978,Treatment,2026-05-08,2026-05-09,True
EXP_2026_HOMEPAGE_RANK_V2,U000083,Treatment,2026-07-06,2026-07-06,True
EXP_2026_HOMEPAGE_RANK_V2,U007811,Control,2026-07-03,2026-07-07,True
EXP_2026_HOMEPAGE_RANK_V2,U023327,Treatment,2026-04-25,2026-04-25,True
EXP_2026_HOMEPAGE_RANK_V2,U012236,Treatment,2026-06-11,2026-06-14,True
EXP_2026_HOMEPAGE_RANK_V2,U022380,Treatment,2026-06-29,2026-07-01,True
EXP_2026_HOMEPAGE_RANK_V2,U003703,Treatment,2026-06-28,2026-07-01,True
EXP_2026_HOMEPAGE_RANK_V2,U009526,Control,2026-07-02,2026-07-04,True
EXP_2026_HOMEPAGE_RANK_V2,U014398,Control,2026-06-29,2026-07-04,True
EXP_2026_HOMEPAGE_RANK_V2,U023296,Treatment,2026-06-06,2026-06-06,True
EXP_2026_HOMEPAGE_RANK_V2,U017599,Control,2026-06-30,2026-07-01,True
EXP_2026_HOMEPAGE_RANK_V2,U006470,Treatment,2026-06-29,2026-07-03,True
EXP_2026_HOMEPAGE_RANK_V2,U006751,Treatment,2026-06-06,2026-06-09,True
EXP_2026_HOMEPAGE_RANK_V2,U008785,Control,2026-06-07,2026-06-08,True
EXP_2026_HOMEPAGE_RANK_V2,U004126,Control,2026-04-19,2026-04-21,True
EXP_2026_HOMEPAGE_RANK_V2,U000995,Control,2026-06-03,2026-06-06,True
EXP_2026_HOMEPAGE_RANK_V2,U017700,Treatment,2026-05-18,2026-05-23,True
EXP_2026_HOMEPAGE_RANK_V2,U006546,Treatment,2026-05-05,2026-05-06,True
EXP_2026_HOMEPAGE_RANK_V2,U010682,Treatment,2026-05-30,2026-06-03,True
EXP_2026_HOMEPAGE_RANK_V2,U008288,Control,2026-05-04,2026-05-07,True
EXP_2026_HOMEPAGE_RANK_V2,U009047,Control,2026-05-06,2026-05-06,True
EXP_2026_HOMEPAGE_RANK_V2,U019193,Treatment,2026-06-21,2026-06-25,True
EXP_2026_HOMEPAGE_RANK_V2,U023431,Treatment,2026-05-02,2026-05-04,True
EXP_2026_HOMEPAGE_RANK_V2,U014660,Treatment,2026-05-27,2026-05-27,True
EXP_2026_HOMEPAGE_RANK_V2,U010282,Treatment,2026-05-22,2026-05-25,True
EXP_2026_HOMEPAGE_RANK_V2,U014346,Control,2026-06-16,2026-06-16,True
EXP_2026_HOMEPAGE_RANK_V2,U015336,Control,2026-04-26,2026-04-26,True
EXP_2026_HOMEPAGE_RANK_V2,U018785,Treatment,2026-07-11,2026-07-16,True
EXP_2026_HOMEPAGE_RANK_V2,U011796,Control,2026-07-09,2026-07-13,True
EXP_2026_HOMEPAGE_RANK_V2,U019387,Control,2026-05-24,2026-05-27,True
EXP_2026_HOMEPAGE_RANK_V2,U001584,Treatment,2026-04-30,2026-05-01,True
EXP_2026_HOMEPAGE_RANK_V2,U001101,Control,2026-05-22,2026-05-25,True
EXP_2026_HOMEPAGE_RANK_V2,U011399,Treatment,2026-06-25,2026-06-28,True
EXP_2026_HOMEPAGE_RANK_V2,U008967,Control,2026-05-08,2026-05-12,True
EXP_2026_HOMEPAGE_RANK_V2,U019209,Control,2026-06-17,2026-06-20,True
EXP_2026_HOMEPAGE_RANK_V2,U002012,Control,2026-06-08,2026-06-12,True
EXP_2026_HOMEPAGE_RANK_V2,U019158,Control,2026-06-21,2026-06-25,True
EXP_2026_HOMEPAGE_RANK_V2,U006037,Control,2026-05-27,2026-05-27,True
EXP_2026_HOMEPAGE_RANK_V2,U007717,Treatment,2026-06-16,2026-06-17,True
EXP_2026_HOMEPAGE_RANK_V2,U010652,Treatment,2026-04-19,2026-04-23,True
EXP_2026_HOMEPAGE_RANK_V2,U019289,Treatment,2026-06-19,2026-06-21,True
EXP_2026_HOMEPAGE_RANK_V2,U020818,Treatment,2026-05-30,2026-06-01,True
EXP_2026_HOMEPAGE_RANK_V2,U004531,Control,2026-07-05,2026-07-10,True
EXP_2026_HOMEPAGE_RANK_V2,U013470,Control,2026-05-02,2026-05-03,True
EXP_2026_HOMEPAGE_RANK_V2,U013317,Control,2026-04-27,2026-04-30,True
EXP_2026_HOMEPAGE_RANK_V2,U002275,Treatment,2026-06-28,2026-06-30,True
EXP_2026_HOMEPAGE_RANK_V2,U006193,Treatment,2026-04-24,2026-04-26,True
EXP_2026_HOMEPAGE_RANK_V2,U002026,Control,2026-05-29,2026-05-30,True
EXP_2026_HOMEPAGE_RANK_V2,U018085,Treatment,2026-06-27,2026-06-30,True
EXP_2026_HOMEPAGE_RANK_V2,U011520,Treatment,2026-05-07,2026-05-07,True
EXP_2026_HOMEPAGE_RANK_V2,U013020,Control,2026-04-23,2026-04-26,True
EXP_2026_HOMEPAGE_RANK_V2,U019098,Control,2026-05-23,2026-05-23,True
EXP_2026_HOMEPAGE_RANK_V2,U007553,Treatment,2026-06-26,2026-06-26,True
EXP_2026_HOMEPAGE_RANK_V2,U005087,Treatment,2026-07-06,2026-07-07,True
EXP_2026_HOMEPAGE_RANK_V2,U012846,Treatment,2026-05-02,2026-05-04,False
EXP_2026_HOMEPAGE_RANK_V2,U018180,Treatment,2026-07-07,2026-07-07,True
EXP_2026_HOMEPAGE_RANK_V2,U000911,Control,2026-05-30,2026-06-01,True
EXP_2026_HOMEPAGE_RANK_V2,U010952,Control,2026-05-25,2026-05-28,True
EXP_2026_HOMEPAGE_RANK_V2,U010865,Control,2026-05-20,2026-05-20,True
EXP_2026_HOMEPAGE_RANK_V2,U013785,Treatment,2026-04-29,2026-05-02,True
EXP_2026_HOMEPAGE_RANK_V2,U005402,Treatment,2026-05-10,2026-05-12,True
EXP_2026_HOMEPAGE_RANK_V2,U018000,Control,2026-05-07,2026-05-09,True
EXP_2026_HOMEPAGE_RANK_V2,U018543,Control,2026-05-22,2026-05-27,True
EXP_2026_HOMEPAGE_RANK_V2,U009558,Treatment,2026-05-01,2026-05-04,True
EXP_2026_HOMEPAGE_RANK_V2,U020727,Control,2026-05-22,2026-05-25,True
EXP_2026_HOMEPAGE_RANK_V2,U003393,Control,2026-05-27,2026-05-29,True
EXP_2026_HOMEPAGE_RANK_V2,U016783,Treatment,2026-05-27,2026-06-01,True
EXP_2026_HOMEPAGE_RANK_V2,U017136,Treatment,2026-06-19,2026-06-19,True
EXP_2026_HOMEPAGE_RANK_V2,U012725,Control,2026-06-03,2026-06-07,True
EXP_2026_HOMEPAGE_RANK_V2,U005606,Treatment,2026-06-20,2026-06-21,True
EXP_2026_HOMEPAGE_RANK_V2,U018744,Control,2026-05-22,2026-05-25,True
EXP_2026_HOMEPAGE_RANK_V2,U016252,Treatment,2026-05-17,2026-05-19,True
EXP_2026_HOMEPAGE_RANK_V2,U000300,Treatment,2026-05-06,2026-05-08,True
EXP_2026_HOMEPAGE_RANK_V2,U008025,Control,2026-06-28,2026-07-03,True
EXP_2026_HOMEPAGE_RANK_V2,U015449,Control,2026-05-30,2026-06-02,True
EXP_2026_HOMEPAGE_RANK_V2,U022012,Control,2026-06-24,2026-06-29,False
EXP_2026_HOMEPAGE_RANK_V2,U015250,Control,2026-05-30,2026-06-01,True
EXP_2026_HOMEPAGE_RANK_V2,U005945,Control,2026-06-28,2026-07-01,True
EXP_2026_HOMEPAGE_RANK_V2,U017504,Treatment,2026-04-28,2026-04-28,True
EXP_2026_HOMEPAGE_RANK_V2,U018585,Control,2026-05-15,2026-05-19,True
EXP_2026_HOMEPAGE_RANK_V2,U008326,Control,2026-05-25,2026-05-28,True
EXP_2026_HOMEPAGE_RANK_V2,U013778,Control,2026-04-30,2026-04-30,True
EXP_2026_HOMEPAGE_RANK_V2,U021785,Control,2026-04-27,2026-04-28,True
EXP_2026_HOMEPAGE_RANK_V2,U010563,Control,2026-06-03,2026-06-03,True
EXP_2026_HOMEPAGE_RANK_V2,U003697,Control,2026-05-02,2026-05-06,True
EXP_2026_HOMEPAGE_RANK_V2,U021585,Control,2026-04-29,2026-05-04,True
EXP_2026_HOMEPAGE_RANK_V2,U009552,Treatment,2026-05-09,2026-05-13,True
EXP_2026_HOMEPAGE_RANK_V2,U016570,Treatment,2026-07-06,2026-07-06,True
EXP_2026_HOMEPAGE_RANK_V2,U014224,Control,2026-07-08,2026-07-12,True
EXP_2026_HOMEPAGE_RANK_V2,U021536,Control,2026-07-03,2026-07-04,True
EXP_2026_HOMEPAGE_RANK_V2,U009161,Control,2026-04-25,2026-04-27,True
EXP_2026_HOMEPAGE_RANK_V2,U000202,Control,2026-07-02,2026-07-05,False
EXP_2026_HOMEPAGE_RANK_V2,U002209,Treatment,2026-04-20,2026-04-23,True
EXP_2026_HOMEPAGE_RANK_V2,U008765,Treatment,2026-05-19,2026-05-24,True
EXP_2026_HOMEPAGE_RANK_V2,U004325,Treatment,2026-05-05,2026-05-10,False
EXP_2026_HOMEPAGE_RANK_V2,U014978,Treatment,2026-05-30,2026-05-31,True
EXP_2026_HOMEPAGE_RANK_V2,U017716,Control,2026-06-04,2026-06-06,True
EXP_2026_HOMEPAGE_RANK_V2,U021040,Control,2026-07-07,2026-07-12,True
EXP_2026_HOMEPAGE_RANK_V2,U005857,Treatment,2026-05-16,2026-05-21,True
EXP_2026_HOMEPAGE_RANK_V2,U014191,Control,2026-04-25,2026-04-30,True
EXP_2026_HOMEPAGE_RANK_V2,U018025,Treatment,2026-06-29,2026-06-30,False
EXP_2026_HOMEPAGE_RANK_V2,U000016,Treatment,2026-05-16,2026-05-20,True
EXP_2026_HOMEPAGE_RANK_V2,U014722,Treatment,2026-06-05,2026-06-08,True
EXP_2026_HOMEPAGE_RANK_V2,U017478,Control,2026-05-22,2026-05-25,True
EXP_2026_HOMEPAGE_RANK_V2,U005579,Treatment,2026-06-24,2026-06-26,True
EXP_2026_HOMEPAGE_RANK_V2,U012217,Control,2026-06-07,2026-06-12,True
EXP_2026_HOMEPAGE_RANK_V2,U006243,Control,2026-06-09,2026-06-09,True
EXP_2026_HOMEPAGE_RANK_V2,U003982,Control,2026-06-01,2026-06-06,True
EXP_2026_HOMEPAGE_RANK_V2,U006481,Treatment,2026-07-11,2026-07-12,True
EXP_2026_HOMEPAGE_RANK_V2,U009881,Treatment,2026-05-01,2026-05-03,True
EXP_2026_HOMEPAGE_RANK_V2,U009728,Control,2026-06-23,2026-06-25,True
EXP_2026_HOMEPAGE_RANK_V2,U005264,Control,2026-06-01,2026-06-01,True
EXP_2026_HOMEPAGE_RANK_V2,U016988,Control,2026-05-07,2026-05-09,True
EXP_2026_HOMEPAGE_RANK_V2,U005185,Control,2026-04-25,2026-04-25,True
EXP_2026_HOMEPAGE_RANK_V2,U023352,Control,2026-05-13,2026-05-13,True
EXP_2026_HOMEPAGE_RANK_V2,U006292,Control,2026-05-31,2026-06-03,True
EXP_2026_HOMEPAGE_RANK_V2,U015725,Treatment,2026-07-09,2026-07-09,True
EXP_2026_HOMEPAGE_RANK_V2,U005509,Control,2026-06-10,2026-06-11,True
EXP_2026_HOMEPAGE_RANK_V2,U013541,Control,2026-07-06,2026-07-09,True
EXP_2026_HOMEPAGE_RANK_V2,U008762,Control,2026-04-20,2026-04-24,True
EXP_2026_HOMEPAGE_RANK_V2,U008418,Treatment,2026-05-21,2026-05-23,True
EXP_2026_HOMEPAGE_RANK_V2,U011906,Control,2026-07-07,2026-07-07,True
EXP_2026_HOMEPAGE_RANK_V2,U018055,Treatment,2026-07-04,2026-07-06,True
EXP_2026_HOMEPAGE_RANK_V2,U004075,Control,2026-06-30,2026-06-30,True
EXP_2026_HOMEPAGE_RANK_V2,U004691,Control,2026-04-27,2026-04-29,True
EXP_2026_HOMEPAGE_RANK_V2,U023249,Control,2026-07-05,2026-07-10,True
EXP_2026_HOMEPAGE_RANK_V2,U015999,Treatment,2026-05-28,2026-06-02,True
EXP_2026_HOMEPAGE_RANK_V2,U009472,Control,2026-05-13,2026-05-15,True
EXP_2026_HOMEPAGE_RANK_V2,U018520,Control,2026-06-24,2026-06-25,True
EXP_2026_HOMEPAGE_RANK_V2,U008210,Control,2026-06-16,2026-06-20,True
EXP_2026_HOMEPAGE_RANK_V2,U011545,Control,2026-06-08,2026-06-13,False
EXP_2026_HOMEPAGE_RANK_V2,U000092,Control,2026-05-31,2026-05-31,True
EXP_2026_HOMEPAGE_RANK_V2,U022819,Control,2026-06-24,2026-06-29,True
EXP_2026_HOMEPAGE_RANK_V2,U004145,Control,2026-07-07,2026-07-09,True
EXP_2026_HOMEPAGE_RANK_V2,U012410,Treatment,2026-04-25,2026-04-29,False
EXP_2026_HOMEPAGE_RANK_V2,U024290,Control,2026-04-27,2026-04-30,False
EXP_2026_HOMEPAGE_RANK_V2,U011110,Treatment,2026-06-20,2026-06-21,True
EXP_2026_HOMEPAGE_RANK_V2,U024674,Control,2026-06-25,2026-06-25,True
EXP_2026_HOMEPAGE_RANK_V2,U017481,Control,2026-06-08,2026-06-08,True
EXP_2026_HOMEPAGE_RANK_V2,U007537,Control,2026-05-31,2026-06-04,True
EXP_2026_HOMEPAGE_RANK_V2,U014538,Treatment,2026-05-30,2026-05-31,True
EXP_2026_HOMEPAGE_RANK_V2,U004778,Control,2026-07-11,2026-07-11,True
EXP_2026_HOMEPAGE_RANK_V2,U021124,Control,2026-04-26,2026-04-27,True
EXP_2026_HOMEPAGE_RANK_V2,U004711,Treatment,2026-04-25,2026-04-29,True
EXP_2026_HOMEPAGE_RANK_V2,U020630,Treatment,2026-05-31,2026-06-03,True
EXP_2026_HOMEPAGE_RANK_V2,U023983,Treatment,2026-06-06,2026-06-11,True
EXP_2026_HOMEPAGE_RANK_V2,U011087,Control,2026-05-20,2026-05-24,True
EXP_2026_HOMEPAGE_RANK_V2,U019151,Control,2026-05-17,2026-05-21,True
EXP_2026_HOMEPAGE_RANK_V2,U012350,Treatment,2026-06-21,2026-06-25,True
EXP_2026_HOMEPAGE_RANK_V2,U017164,Treatment,2026-05-17,2026-05-20,True
EXP_2026_HOMEPAGE_RANK_V2,U003459,Treatment,2026-06-22,2026-06-22,True
EXP_2026_HOMEPAGE_RANK_V2,U001554,Control,2026-05-19,2026-05-19,True
EXP_2026_HOMEPAGE_RANK_V2,U011386,Treatment,2026-05-03,2026-05-04,True
EXP_2026_HOMEPAGE_RANK_V2,U023833,Treatment,2026-04-25,2026-04-29,True
EXP_2026_HOMEPAGE_RANK_V2,U011262,Control,2026-07-09,2026-07-09,True
EXP_2026_HOMEPAGE_RANK_V2,U005785,Treatment,2026-06-10,2026-06-13,True
EXP_2026_HOMEPAGE_RANK_V2,U014155,Control,2026-05-05,2026-05-09,True
EXP_2026_HOMEPAGE_RANK_V2,U014508,Control,2026-05-15,2026-05-16,True
EXP_2026_HOMEPAGE_RANK_V2,U019067,Treatment,2026-06-02,2026-06-05,True
EXP_2026_HOMEPAGE_RANK_V2,U020937,Treatment,2026-05-30,2026-05-30,True
EXP_2026_HOMEPAGE_RANK_V2,U000074,Treatment,2026-06-15,2026-06-17,False
EXP_2026_HOMEPAGE_RANK_V2,U018232,Control,2026-06-09,2026-06-11,True
EXP_2026_HOMEPAGE_RANK_V2,U015821,Treatment,2026-05-16,2026-05-17,True
EXP_2026_HOMEPAGE_RANK_V2,U014785,Control,2026-06-12,2026-06-12,True
EXP_2026_HOMEPAGE_RANK_V2,U012650,Treatment,2026-04-25,2026-04-25,True
EXP_2026_HOMEPAGE_RANK_V2,U000110,Control,2026-07-10,2026-07-10,True
EXP_2026_HOMEPAGE_RANK_V2,U011689,Treatment,2026-05-05,2026-05-09,True
EXP_2026_HOMEPAGE_RANK_V2,U012885,Control,2026-06-27,2026-06-27,True
EXP_2026_HOMEPAGE_RANK_V2,U001261,Treatment,2026-07-02,2026-07-03,True
EXP_2026_HOMEPAGE_RANK_V2,U019825,Control,2026-05-06,2026-05-08,True
EXP_2026_HOMEPAGE_RANK_V2,U004373,Control,2026-06-20,2026-06-20,True
EXP_2026_HOMEPAGE_RANK_V2,U012908,Control,2026-06-22,2026-06-24,True
EXP_2026_HOMEPAGE_RANK_V2,U001712,Control,2026-06-01,2026-06-06,True
EXP_2026_HOMEPAGE_RANK_V2,U022671,Treatment,2026-04-19,2026-04-19,True
EXP_2026_HOMEPAGE_RANK_V2,U019609,Control,2026-06-27,2026-07-02,True
EXP_2026_HOMEPAGE_RANK_V2,U020429,Control,2026-05-05,2026-05-10,False
EXP_2026_HOMEPAGE_RANK_V2,U024132,Control,2026-05-24,2026-05-24,True
EXP_2026_HOMEPAGE_RANK_V2,U008618,Treatment,2026-07-07,2026-07-09,True
EXP_2026_HOMEPAGE_RANK_V2,U019719,Treatment,2026-07-11,2026-07-14,True
EXP_2026_HOMEPAGE_RANK_V2,U005436,Treatment,2026-06-08,2026-06-10,True
EXP_2026_HOMEPAGE_RANK_V2,U024260,Treatment,2026-04-28,2026-05-02,True
EXP_2026_HOMEPAGE_RANK_V2,U018118,Treatment,2026-06-20,2026-06-24,True
EXP_2026_HOMEPAGE_RANK_V2,U021762,Control,2026-05-26,2026-05-28,True
EXP_2026_HOMEPAGE_RANK_V2,U003826,Treatment,2026-06-23,2026-06-24,True
EXP_2026_HOMEPAGE_RANK_V2,U002283,Treatment,2026-06-02,2026-06-03,True
EXP_2026_HOMEPAGE_RANK_V2,U000617,Treatment,2026-04-28,2026-04-30,True
EXP_2026_HOMEPAGE_RANK_V2,U000231,Control,2026-05-26,2026-05-30,True
EXP_2026_HOMEPAGE_RANK_V2,U009696,Control,2026-07-01,2026-07-01,True
EXP_2026_HOMEPAGE_RANK_V2,U021341,Treatment,2026-06-15,2026-06-19,True
EXP_2026_HOMEPAGE_RANK_V2,U006868,Treatment,2026-06-07,2026-06-08,False
EXP_2026_HOMEPAGE_RANK_V2,U024761,Control,2026-04-24,2026-04-27,True
EXP_2026_HOMEPAGE_RANK_V2,U024455,Treatment,2026-05-20,2026-05-22,True
EXP_2026_HOMEPAGE_RANK_V2,U016741,Control,2026-04-30,2026-05-01,True
EXP_2026_HOMEPAGE_RANK_V2,U023755,Treatment,2026-05-29,2026-05-31,True
EXP_2026_HOMEPAGE_RANK_V2,U024616,Control,2026-06-14,2026-06-15,True
EXP_2026_HOMEPAGE_RANK_V2,U024605,Control,2026-06-03,2026-06-03,True
EXP_2026_HOMEPAGE_RANK_V2,U007495,Control,2026-06-04,2026-06-07,True
EXP_2026_HOMEPAGE_RANK_V2,U022046,Treatment,2026-06-13,2026-06-16,True
EXP_2026_HOMEPAGE_RANK_V2,U023479,Control,2026-05-18,2026-05-22,True
EXP_2026_HOMEPAGE_RANK_V2,U020518,Control,2026-06-07,2026-06-09,True
EXP_2026_HOMEPAGE_RANK_V2,U015306,Control,2026-04-21,2026-04-23,True
EXP_2026_HOMEPAGE_RANK_V2,U020535,Control,2026-06-18,2026-06-21,True
EXP_2026_HOMEPAGE_RANK_V2,U021789,Treatment,2026-05-18,2026-05-18,True
EXP_2026_HOMEPAGE_RANK_V2,U008682,Control,2026-05-23,2026-05-28,True
EXP_2026_HOMEPAGE_RANK_V2,U021079,Control,2026-04-24,2026-04-25,True
EXP_2026_HOMEPAGE_RANK_V2,U000432,Control,2026-04-25,2026-04-27,False
EXP_2026_HOMEPAGE_RANK_V2,U018809,Control,2026-05-30,2026-05-30,True
EXP_2026_HOMEPAGE_RANK_V2,U011789,Treatment,2026-05-27,2026-06-01,True
EXP_2026_HOMEPAGE_RANK_V2,U008416,Treatment,2026-05-21,2026-05-23,True
EXP_2026_HOMEPAGE_RANK_V2,U013311,Treatment,2026-04-23,2026-04-26,True
EXP_2026_HOMEPAGE_RANK_V2,U017132,Treatment,2026-05-11,2026-05-14,True
EXP_2026_HOMEPAGE_RANK_V2,U011012,Treatment,2026-06-04,2026-06-09,True
EXP_2026_HOMEPAGE_RANK_V2,U019816,Treatment,2026-06-03,2026-06-05,True
EXP_2026_HOMEPAGE_RANK_V2,U012802,Treatment,2026-06-06,2026-06-07,True
EXP_2026_HOMEPAGE_RANK_V2,U000825,Treatment,2026-05-27,2026-05-27,True
EXP_2026_HOMEPAGE_RANK_V2,U007370,Treatment,2026-06-03,2026-06-06,True
EXP_2026_HOMEPAGE_RANK_V2,U016011,Control,2026-05-04,2026-05-09,True
EXP_2026_HOMEPAGE_RANK_V2,U019649,Treatment,2026-05-23,2026-05-23,True
EXP_2026_HOMEPAGE_RANK_V2,U010053,Control,2026-06-08,2026-06-08,True
EXP_2026_HOMEPAGE_RANK_V2,U020867,Treatment,2026-06-16,2026-06-17,True
EXP_2026_HOMEPAGE_RANK_V2,U000962,Treatment,2026-06-21,2026-06-25,True
EXP_2026_HOMEPAGE_RANK_V2,U012669,Control,2026-05-15,2026-05-20,True
EXP_2026_HOMEPAGE_RANK_V2,U020567,Treatment,2026-06-02,2026-06-04,True
EXP_2026_HOMEPAGE_RANK_V2,U010634,Treatment,2026-07-08,2026-07-13,True
EXP_2026_HOMEPAGE_RANK_V2,U003149,Control,2026-05-28,2026-05-31,False
EXP_2026_HOMEPAGE_RANK_V2,U020135,Control,2026-07-08,2026-07-12,True
EXP_2026_HOMEPAGE_RANK_V2,U010949,Control,2026-05-14,2026-05-19,True
EXP_2026_HOMEPAGE_RANK_V2,U014131,Control,2026-06-14,2026-06-15,False
EXP_2026_HOMEPAGE_RANK_V2,U023616,Treatment,2026-06-16,2026-06-19,True
EXP_2026_HOMEPAGE_RANK_V2,U010700,Control,2026-05-29,2026-06-03,False
EXP_2026_HOMEPAGE_RANK_V2,U005154,Treatment,2026-05-12,2026-05-17,True
EXP_2026_HOMEPAGE_RANK_V2,U019005,Treatment,2026-05-21,2026-05-22,True
EXP_2026_HOMEPAGE_RANK_V2,U006645,Control,2026-06-05,2026-06-05,True
EXP_2026_HOMEPAGE_RANK_V2,U006318,Treatment,2026-06-13,2026-06-15,True
EXP_2026_HOMEPAGE_RANK_V2,U014081,Treatment,2026-06-06,2026-06-10,True
EXP_2026_HOMEPAGE_RANK_V2,U000784,Control,2026-05-25,2026-05-30,True
EXP_2026_HOMEPAGE_RANK_V2,U009234,Control,2026-05-04,2026-05-05,False
EXP_2026_HOMEPAGE_RANK_V2,U016476,Control,2026-07-08,2026-07-13,True
EXP_2026_HOMEPAGE_RANK_V2,U011525,Control,2026-05-17,2026-05-21,True
EXP_2026_HOMEPAGE_RANK_V2,U003335,Treatment,2026-05-05,2026-05-10,True
EXP_2026_HOMEPAGE_RANK_V2,U005647,Treatment,2026-06-03,2026-06-04,True
EXP_2026_HOMEPAGE_RANK_V2,U023245,Control,2026-05-13,2026-05-13,True
EXP_2026_HOMEPAGE_RANK_V2,U017347,Treatment,2026-07-09,2026-07-09,True
EXP_2026_HOMEPAGE_RANK_V2,U002449,Treatment,2026-05-29,2026-06-01,True
EXP_2026_HOMEPAGE_RANK_V2,U009155,Treatment,2026-07-11,2026-07-15,True
EXP_2026_HOMEPAGE_RANK_V2,U007320,Treatment,2026-06-21,2026-06-25,True
EXP_2026_HOMEPAGE_RANK_V2,U018963,Treatment,2026-05-17,2026-05-18,True
EXP_2026_HOMEPAGE_RANK_V2,U012696,Treatment,2026-04-18,2026-04-19,True
EXP_2026_HOMEPAGE_RANK_V2,U012982,Treatment,2026-07-08,2026-07-08,True
EXP_2026_HOMEPAGE_RANK_V2,U001752,Treatment,2026-05-12,2026-05-15,True
EXP_2026_HOMEPAGE_RANK_V2,U017233,Treatment,2026-05-07,2026-05-12,True
EXP_2026_HOMEPAGE_RANK_V2,U021391,Treatment,2026-07-04,2026-07-04,True
EXP_2026_HOMEPAGE_RANK_V2,U007019,Treatment,2026-06-23,2026-06-26,True
EXP_2026_HOMEPAGE_RANK_V2,U004712,Control,2026-06-24,2026-06-27,True
EXP_2026_HOMEPAGE_RANK_V2,U020499,Control,2026-04-25,2026-04-26,True
EXP_2026_HOMEPAGE_RANK_V2,U022214,Treatment,2026-04-25,2026-04-28,True
EXP_2026_HOMEPAGE_RANK_V2,U012117,Control,2026-04-23,2026-04-25,True
EXP_2026_HOMEPAGE_RANK_V2,U020236,Treatment,2026-05-16,2026-05-19,True
EXP_2026_HOMEPAGE_RANK_V2,U006775,Treatment,2026-05-30,2026-06-02,True
EXP_2026_HOMEPAGE_RANK_V2,U016972,Treatment,2026-05-21,2026-05-21,False
EXP_2026_HOMEPAGE_RANK_V2,U009741,Treatment,2026-05-13,2026-05-17,True
EXP_2026_HOMEPAGE_RANK_V2,U010263,Control,2026-05-30,2026-05-31,True
EXP_2026_HOMEPAGE_RANK_V2,U011134,Treatment,2026-06-28,2026-07-03,True
EXP_2026_HOMEPAGE_RANK_V2,U008810,Treatment,2026-06-26,2026-06-27,True
EXP_2026_HOMEPAGE_RANK_V2,U024870,Treatment,2026-06-21,2026-06-23,True
EXP_2026_HOMEPAGE_RANK_V2,U008142,Control,2026-06-10,2026-06-14,True
EXP_2026_HOMEPAGE_RANK_V2,U024120,Control,2026-05-25,2026-05-25,True
EXP_2026_HOMEPAGE_RANK_V2,U004937,Treatment,2026-05-15,2026-05-16,True
EXP_2026_HOMEPAGE_RANK_V2,U016242,Treatment,2026-07-10,2026-07-14,True
EXP_2026_HOMEPAGE_RANK_V2,U009110,Treatment,2026-04-28,2026-05-01,True
EXP_2026_HOMEPAGE_RANK_V2,U017455,Treatment,2026-06-06,2026-06-11,True
EXP_2026_HOMEPAGE_RANK_V2,U011616,Control,2026-04-27,2026-04-30,True
EXP_2026_HOMEPAGE_RANK_V2,U016021,Control,2026-05-09,2026-05-14,True
EXP_2026_HOMEPAGE_RANK_V2,U011447,Treatment,2026-06-09,2026-06-12,True
EXP_2026_HOMEPAGE_RANK_V2,U006932,Treatment,2026-04-20,2026-04-23,True
EXP_2026_HOMEPAGE_RANK_V2,U015478,Treatment,2026-05-26,2026-05-30,True
EXP_2026_HOMEPAGE_RANK_V2,U018490,Treatment,2026-05-19,2026-05-19,True
EXP_2026_HOMEPAGE_RANK_V2,U012280,Control,2026-04-22,2026-04-23,True
EXP_2026_HOMEPAGE_RANK_V2,U022306,Treatment,2026-06-22,2026-06-24,True
EXP_2026_HOMEPAGE_RANK_V2,U006147,Treatment,2026-04-26,2026-04-28,True
EXP_2026_HOMEPAGE_RANK_V2,U006414,Treatment,2026-07-06,2026-07-09,True
EXP_2026_HOMEPAGE_RANK_V2,U003864,Control,2026-05-12,2026-05-16,True
EXP_2026_HOMEPAGE_RANK_V2,U013526,Treatment,2026-06-26,2026-06-26,False
EXP_2026_HOMEPAGE_RANK_V2,U017196,Treatment,2026-07-11,2026-07-16,True
EXP_2026_HOMEPAGE_RANK_V2,U005373,Control,2026-05-19,2026-05-22,True
EXP_2026_HOMEPAGE_RANK_V2,U011732,Control,2026-04-22,2026-04-27,True
EXP_2026_HOMEPAGE_RANK_V2,U015628,Control,2026-05-20,2026-05-22,True
EXP_2026_HOMEPAGE_RANK_V2,U000910,Control,2026-05-31,2026-06-05,True
EXP_2026_HOMEPAGE_RANK_V2,U003352,Control,2026-05-20,2026-05-24,False
EXP_2026_HOMEPAGE_RANK_V2,U000727,Control,2026-06-01,2026-06-04,True
EXP_2026_HOMEPAGE_RANK_V2,U004522,Control,2026-06-06,2026-06-11,True
EXP_2026_HOMEPAGE_RANK_V2,U021008,Treatment,2026-06-25,2026-06-26,False
EXP_2026_HOMEPAGE_RANK_V2,U022461,Control,2026-06-17,2026-06-17,True
EXP_2026_HOMEPAGE_RANK_V2,U024254,Control,2026-06-11,2026-06-15,True
EXP_2026_HOMEPAGE_RANK_V2,U020266,Control,2026-07-07,2026-07-12,True
EXP_2026_HOMEPAGE_RANK_V2,U010374,Control,2026-06-12,2026-06-15,True
EXP_2026_HOMEPAGE_RANK_V2,U005818,Control,2026-06-17,2026-06-22,True
EXP_2026_HOMEPAGE_RANK_V2,U020655,Control,2026-06-24,2026-06-27,True
EXP_2026_HOMEPAGE_RANK_V2,U023485,Control,2026-06-03,2026-06-03,True
EXP_2026_HOMEPAGE_RANK_V2,U018815,Treatment,2026-06-30,2026-07-02,True
EXP_2026_HOMEPAGE_RANK_V2,U003341,Treatment,2026-04-29,2026-05-02,True
EXP_2026_HOMEPAGE_RANK_V2,U018221,Control,2026-07-08,2026-07-11,True
EXP_2026_HOMEPAGE_RANK_V2,U017338,Control,2026-05-17,2026-05-18,True
EXP_2026_HOMEPAGE_RANK_V2,U018097,Control,2026-06-07,2026-06-10,True
EXP_2026_HOMEPAGE_RANK_V2,U013199,Control,2026-04-29,2026-05-04,True
EXP_2026_HOMEPAGE_RANK_V2,U004862,Control,2026-05-13,2026-05-17,True
EXP_2026_HOMEPAGE_RANK_V2,U022594,Control,2026-05-13,2026-05-13,False
EXP_2026_HOMEPAGE_RANK_V2,U023251,Control,2026-06-02,2026-06-02,True
EXP_2026_HOMEPAGE_RANK_V2,U011969,Treatment,2026-07-04,2026-07-07,True
EXP_2026_HOMEPAGE_RANK_V2,U016786,Treatment,2026-05-27,2026-06-01,False
EXP_2026_HOMEPAGE_RANK_V2,U015830,Treatment,2026-06-09,2026-06-10,True
EXP_2026_HOMEPAGE_RANK_V2,U019910,Control,2026-06-30,2026-07-02,False
EXP_2026_HOMEPAGE_RANK_V2,U007424,Treatment,2026-05-19,2026-05-23,True
EXP_2026_HOMEPAGE_RANK_V2,U015911,Control,2026-06-30,2026-07-01,True
EXP_2026_HOMEPAGE_RANK_V2,U011981,Control,2026-07-05,2026-07-09,True
EXP_2026_HOMEPAGE_RANK_V2,U023924,Treatment,2026-05-27,2026-05-29,True
EXP_2026_HOMEPAGE_RANK_V2,U023333,Control,2026-05-09,2026-05-14,True
EXP_2026_HOMEPAGE_RANK_V2,U023092,Control,2026-06-06,2026-06-10,True
EXP_2026_HOMEPAGE_RANK_V2,U021010,Control,2026-04-21,2026-04-22,True
EXP_2026_HOMEPAGE_RANK_V2,U002100,Control,2026-04-18,2026-04-21,True
EXP_2026_HOMEPAGE_RANK_V2,U009083,Treatment,2026-06-21,2026-06-23,True
EXP_2026_HOMEPAGE_RANK_V2,U005890,Control,2026-04-26,2026-04-30,True
EXP_2026_HOMEPAGE_RANK_V2,U002154,Treatment,2026-05-02,2026-05-06,True
EXP_2026_HOMEPAGE_RANK_V2,U023193,Control,2026-06-01,2026-06-01,True
EXP_2026_HOMEPAGE_RANK_V2,U001467,Control,2026-06-11,2026-06-12,True
EXP_2026_HOMEPAGE_RANK_V2,U004902,Treatment,2026-05-25,2026-05-30,True
EXP_2026_HOMEPAGE_RANK_V2,U022516,Control,2026-06-17,2026-06-22,True
EXP_2026_HOMEPAGE_RANK_V2,U010330,Control,2026-06-21,2026-06-21,True
EXP_2026_HOMEPAGE_RANK_V2,U023456,Treatment,2026-04-23,2026-04-23,True
EXP_2026_HOMEPAGE_RANK_V2,U017785,Treatment,2026-06-24,2026-06-29,True
EXP_2026_HOMEPAGE_RANK_V2,U000486,Treatment,2026-06-17,2026-06-18,True
EXP_2026_HOMEPAGE_RANK_V2,U009071,Treatment,2026-06-21,2026-06-24,True
EXP_2026_HOMEPAGE_RANK_V2,U020901,Control,2026-06-24,2026-06-29,True
EXP_2026_HOMEPAGE_RANK_V2,U000635,Treatment,2026-05-23,2026-05-26,True
EXP_2026_HOMEPAGE_RANK_V2,U002610,Control,2026-07-05,2026-07-10,True
EXP_2026_HOMEPAGE_RANK_V2,U017133,Treatment,2026-04-25,2026-04-25,True
EXP_2026_HOMEPAGE_RANK_V2,U022938,Control,2026-06-08,2026-06-09,True
EXP_2026_HOMEPAGE_RANK_V2,U020083,Treatment,2026-07-02,2026-07-03,True
EXP_2026_HOMEPAGE_RANK_V2,U018236,Control,2026-04-18,2026-04-21,True
EXP_2026_HOMEPAGE_RANK_V2,U006623,Control,2026-07-11,2026-07-14,True
EXP_2026_HOMEPAGE_RANK_V2,U006337,Treatment,2026-05-12,2026-05-13,True
EXP_2026_HOMEPAGE_RANK_V2,U019728,Control,2026-07-01,2026-07-05,True
EXP_2026_HOMEPAGE_RANK_V2,U022270,Treatment,2026-05-27,2026-05-27,True
EXP_2026_HOMEPAGE_RANK_V2,U000084,Treatment,2026-06-01,2026-06-02,True
EXP_2026_HOMEPAGE_RANK_V2,U022430,Control,2026-04-28,2026-04-29,True
EXP_2026_HOMEPAGE_RANK_V2,U022679,Treatment,2026-05-29,2026-05-29,True
EXP_2026_HOMEPAGE_RANK_V2,U003832,Control,2026-06-17,2026-06-18,True
EXP_2026_HOMEPAGE_RANK_V2,U024147,Treatment,2026-06-09,2026-06-13,True
EXP_2026_HOMEPAGE_RANK_V2,U019467,Treatment,2026-05-06,2026-05-10,True
EXP_2026_HOMEPAGE_RANK_V2,U024514,Control,2026-05-10,2026-05-13,True
EXP_2026_HOMEPAGE_RANK_V2,U022647,Control,2026-06-13,2026-06-18,True
EXP_2026_HOMEPAGE_RANK_V2,U000538,Control,2026-06-08,2026-06-13,True
EXP_2026_HOMEPAGE_RANK_V2,U003591,Control,2026-07-07,2026-07-07,True
EXP_2026_HOMEPAGE_RANK_V2,U008332,Treatment,2026-06-22,2026-06-26,True
EXP_2026_HOMEPAGE_RANK_V2,U004603,Treatment,2026-05-09,2026-05-14,True
EXP_2026_HOMEPAGE_RANK_V2,U018548,Treatment,2026-05-14,2026-05-15,True
EXP_2026_HOMEPAGE_RANK_V2,U014437,Control,2026-05-12,2026-05-17,True
EXP_2026_HOMEPAGE_RANK_V2,U005333,Control,2026-05-11,2026-05-13,True
EXP_2026_HOMEPAGE_RANK_V2,U006563,Treatment,2026-05-19,2026-05-21,True
EXP_2026_HOMEPAGE_RANK_V2,U001311,Control,2026-05-01,2026-05-06,True
EXP_2026_HOMEPAGE_RANK_V2,U007715,Treatment,2026-06-29,2026-06-30,True
EXP_2026_HOMEPAGE_RANK_V2,U016430,Control,2026-05-22,2026-05-27,True
EXP_2026_HOMEPAGE_RANK_V2,U011592,Control,2026-06-10,2026-06-12,True
EXP_2026_HOMEPAGE_RANK_V2,U016642,Control,2026-04-19,2026-04-20,True
EXP_2026_HOMEPAGE_RANK_V2,U020913,Treatment,2026-05-13,2026-05-16,True
EXP_2026_HOMEPAGE_RANK_V2,U022439,Control,2026-05-15,2026-05-15,True
EXP_2026_HOMEPAGE_RANK_V2,U010460,Control,2026-07-03,2026-07-08,True
EXP_2026_HOMEPAGE_RANK_V2,U012891,Control,2026-07-07,2026-07-10,False
EXP_2026_HOMEPAGE_RANK_V2,U010943,Treatment,2026-04-28,2026-04-29,True
EXP_2026_HOMEPAGE_RANK_V2,U004521,Control,2026-07-06,2026-07-11,True
EXP_2026_HOMEPAGE_RANK_V2,U000565,Control,2026-05-29,2026-05-31,True
EXP_2026_HOMEPAGE_RANK_V2,U009329,Treatment,2026-06-06,2026-06-10,True
EXP_2026_HOMEPAGE_RANK_V2,U001108,Treatment,2026-07-02,2026-07-04,True
EXP_2026_HOMEPAGE_RANK_V2,U023329,Treatment,2026-05-20,2026-05-24,True
EXP_2026_HOMEPAGE_RANK_V2,U016651,Control,2026-06-30,2026-07-01,True
EXP_2026_HOMEPAGE_RANK_V2,U007493,Treatment,2026-06-02,2026-06-05,True
EXP_2026_HOMEPAGE_RANK_V2,U003568,Control,2026-04-25,2026-04-27,True
EXP_2026_HOMEPAGE_RANK_V2,U021564,Control,2026-06-16,2026-06-18,True
EXP_2026_HOMEPAGE_RANK_V2,U007566,Control,2026-04-23,2026-04-26,False
EXP_2026_HOMEPAGE_RANK_V2,U006463,Treatment,2026-05-10,2026-05-11,False
EXP_2026_HOMEPAGE_RANK_V2,U020023,Treatment,2026-05-21,2026-05-23,True
EXP_2026_HOMEPAGE_RANK_V2,U010565,Control,2026-04-18,2026-04-20,False
EXP_2026_HOMEPAGE_RANK_V2,U000407,Control,2026-06-06,2026-06-06,True
EXP_2026_HOMEPAGE_RANK_V2,U019240,Treatment,2026-05-15,2026-05-17,True
EXP_2026_HOMEPAGE_RANK_V2,U014912,Treatment,2026-05-16,2026-05-20,True
EXP_2026_HOMEPAGE_RANK_V2,U011301,Control,2026-07-07,2026-07-08,True
EXP_2026_HOMEPAGE_RANK_V2,U020532,Control,2026-06-11,2026-06-11,True
EXP_2026_HOMEPAGE_RANK_V2,U007607,Treatment,2026-05-11,2026-05-14,True
EXP_2026_HOMEPAGE_RANK_V2,U004483,Treatment,2026-04-30,2026-05-01,True
EXP_2026_HOMEPAGE_RANK_V2,U018656,Treatment,2026-05-22,2026-05-23,True
EXP_2026_HOMEPAGE_RANK_V2,U015171,Control,2026-06-10,2026-06-14,True
EXP_2026_HOMEPAGE_RANK_V2,U024207,Control,2026-06-10,2026-06-11,True
EXP_2026_HOMEPAGE_RANK_V2,U022341,Treatment,2026-04-29,2026-05-02,True
EXP_2026_HOMEPAGE_RANK_V2,U002856,Treatment,2026-06-12,2026-06-12,True
EXP_2026_HOMEPAGE_RANK_V2,U005352,Control,2026-07-11,2026-07-13,True
EXP_2026_HOMEPAGE_RANK_V2,U007754,Control,2026-06-16,2026-06-16,False
EXP_2026_HOMEPAGE_RANK_V2,U002287,Control,2026-05-29,2026-06-03,True
EXP_2026_HOMEPAGE_RANK_V2,U003638,Treatment,2026-06-08,2026-06-12,True
EXP_2026_HOMEPAGE_RANK_V2,U020401,Treatment,2026-07-03,2026-07-05,True
EXP_2026_HOMEPAGE_RANK_V2,U017056,Control,2026-04-30,2026-05-04,True
EXP_2026_HOMEPAGE_RANK_V2,U002435,Treatment,2026-06-09,2026-06-11,True
EXP_2026_HOMEPAGE_RANK_V2,U004159,Treatment,2026-05-01,2026-05-04,True
EXP_2026_HOMEPAGE_RANK_V2,U021317,Treatment,2026-04-23,2026-04-28,True
EXP_2026_HOMEPAGE_RANK_V2,U006718,Treatment,2026-05-17,2026-05-21,True
EXP_2026_HOMEPAGE_RANK_V2,U018687,Control,2026-07-08,2026-07-09,True
EXP_2026_HOMEPAGE_RANK_V2,U020954,Control,2026-06-19,2026-06-21,True
EXP_2026_HOMEPAGE_RANK_V2,U021826,Control,2026-05-28,2026-05-30,True
EXP_2026_HOMEPAGE_RANK_V2,U019713,Treatment,2026-06-20,2026-06-20,True
EXP_2026_HOMEPAGE_RANK_V2,U007968,Control,2026-05-05,2026-05-09,True
EXP_2026_HOMEPAGE_RANK_V2,U000254,Treatment,2026-06-09,2026-06-11,True
EXP_2026_HOMEPAGE_RANK_V2,U018171,Control,2026-05-30,2026-05-31,True
EXP_2026_HOMEPAGE_RANK_V2,U021954,Treatment,2026-06-23,2026-06-26,True
EXP_2026_HOMEPAGE_RANK_V2,U004579,Control,2026-04-22,2026-04-23,True
EXP_2026_HOMEPAGE_RANK_V2,U003716,Treatment,2026-06-26,2026-06-27,False
EXP_2026_HOMEPAGE_RANK_V2,U012837,Control,2026-07-08,2026-07-09,True
EXP_2026_HOMEPAGE_RANK_V2,U009345,Treatment,2026-06-26,2026-06-26,True
EXP_2026_HOMEPAGE_RANK_V2,U009062,Control,2026-04-23,2026-04-24,True
EXP_2026_HOMEPAGE_RANK_V2,U001599,Treatment,2026-05-06,2026-05-11,True
EXP_2026_HOMEPAGE_RANK_V2,U010923,Control,2026-05-28,2026-06-01,True
EXP_2026_HOMEPAGE_RANK_V2,U010805,Control,2026-06-05,2026-06-08,True
EXP_2026_HOMEPAGE_RANK_V2,U015563,Treatment,2026-06-13,2026-06-15,True
EXP_2026_HOMEPAGE_RANK_V2,U023642,Control,2026-07-05,2026-07-08,True
EXP_2026_HOMEPAGE_RANK_V2,U016943,Control,2026-05-19,2026-05-21,False
EXP_2026_HOMEPAGE_RANK_V2,U001199,Treatment,2026-05-24,2026-05-25,True
EXP_2026_HOMEPAGE_RANK_V2,U023964,Control,2026-05-05,2026-05-08,True
EXP_2026_HOMEPAGE_RANK_V2,U017116,Control,2026-04-28,2026-05-02,True
EXP_2026_HOMEPAGE_RANK_V2,U020021,Treatment,2026-07-01,2026-07-03,True
EXP_2026_HOMEPAGE_RANK_V2,U000031,Control,2026-06-24,2026-06-28,True
EXP_2026_HOMEPAGE_RANK_V2,U004795,Treatment,2026-05-31,2026-06-01,True
EXP_2026_HOMEPAGE_RANK_V2,U004943,Control,2026-05-18,2026-05-20,True
EXP_2026_HOMEPAGE_RANK_V2,U016300,Treatment,2026-04-20,2026-04-21,True
EXP_2026_HOMEPAGE_RANK_V2,U019130,Treatment,2026-06-01,2026-06-02,True
EXP_2026_HOMEPAGE_RANK_V2,U024908,Treatment,2026-06-08,2026-06-10,True
EXP_2026_HOMEPAGE_RANK_V2,U019991,Control,2026-04-22,2026-04-24,True
EXP_2026_HOMEPAGE_RANK_V2,U001331,Treatment,2026-06-20,2026-06-25,True
EXP_2026_HOMEPAGE_RANK_V2,U003052,Control,2026-06-24,2026-06-25,True
EXP_2026_HOMEPAGE_RANK_V2,U023174,Control,2026-05-15,2026-05-17,True
EXP_2026_HOMEPAGE_RANK_V2,U024272,Control,2026-06-23,2026-06-28,True
EXP_2026_HOMEPAGE_RANK_V2,U023466,Control,2026-06-16,2026-06-20,True
EXP_2026_HOMEPAGE_RANK_V2,U011501,Treatment,2026-06-12,2026-06-13,True
EXP_2026_HOMEPAGE_RANK_V2,U011708,Treatment,2026-06-10,2026-06-15,True
EXP_2026_HOMEPAGE_RANK_V2,U014713,Control,2026-06-05,2026-06-05,True
EXP_2026_HOMEPAGE_RANK_V2,U000089,Treatment,2026-06-17,2026-06-22,True
EXP_2026_HOMEPAGE_RANK_V2,U017580,Treatment,2026-04-19,2026-04-19,True
EXP_2026_HOMEPAGE_RANK_V2,U015513,Control,2026-04-18,2026-04-20,True
EXP_2026_HOMEPAGE_RANK_V2,U007643,Control,2026-06-07,2026-06-08,True
EXP_2026_HOMEPAGE_RANK_V2,U001366,Control,2026-05-02,2026-05-04,True
EXP_2026_HOMEPAGE_RANK_V2,U023169,Control,2026-06-23,2026-06-24,True
EXP_2026_HOMEPAGE_RANK_V2,U003002,Control,2026-05-17,2026-05-20,True
EXP_2026_HOMEPAGE_RANK_V2,U005230,Treatment,2026-05-16,2026-05-21,True
EXP_2026_HOMEPAGE_RANK_V2,U005691,Control,2026-06-18,2026-06-23,True
EXP_2026_HOMEPAGE_RANK_V2,U020848,Treatment,2026-05-24,2026-05-25,True
EXP_2026_HOMEPAGE_RANK_V2,U024170,Treatment,2026-05-26,2026-05-27,True
EXP_2026_HOMEPAGE_RANK_V2,U012430,Treatment,2026-05-02,2026-05-04,True
EXP_2026_HOMEPAGE_RANK_V2,U019847,Treatment,2026-06-23,2026-06-27,True
EXP_2026_HOMEPAGE_RANK_V2,U001760,Treatment,2026-05-24,2026-05-28,True
EXP_2026_HOMEPAGE_RANK_V2,U023896,Control,2026-05-25,2026-05-26,True
EXP_2026_HOMEPAGE_RANK_V2,U015120,Control,2026-04-24,2026-04-29,True
EXP_2026_HOMEPAGE_RANK_V2,U015172,Control,2026-06-22,2026-06-25,True
EXP_2026_HOMEPAGE_RANK_V2,U023035,Treatment,2026-06-04,2026-06-04,True
EXP_2026_HOMEPAGE_RANK_V2,U007628,Treatment,2026-04-23,2026-04-25,True
EXP_2026_HOMEPAGE_RANK_V2,U021255,Control,2026-06-13,2026-06-15,True
EXP_2026_HOMEPAGE_RANK_V2,U019384,Treatment,2026-05-01,2026-05-05,True
EXP_2026_HOMEPAGE_RANK_V2,U022218,Treatment,2026-06-30,2026-07-01,True
EXP_2026_HOMEPAGE_RANK_V2,U012386,Treatment,2026-04-26,2026-04-30,True
EXP_2026_HOMEPAGE_RANK_V2,U005139,Treatment,2026-05-14,2026-05-15,True
EXP_2026_HOMEPAGE_RANK_V2,U017638,Control,2026-05-25,2026-05-29,True
EXP_2026_HOMEPAGE_RANK_V2,U009177,Control,2026-06-30,2026-07-04,True
EXP_2026_HOMEPAGE_RANK_V2,U022111,Control,2026-07-04,2026-07-09,True
EXP_2026_HOMEPAGE_RANK_V2,U018296,Treatment,2026-06-24,2026-06-28,True
EXP_2026_HOMEPAGE_RANK_V2,U014566,Treatment,2026-04-19,2026-04-24,True
EXP_2026_HOMEPAGE_RANK_V2,U014425,Treatment,2026-05-02,2026-05-05,True
EXP_2026_HOMEPAGE_RANK_V2,U006719,Treatment,2026-05-29,2026-06-02,True
EXP_2026_HOMEPAGE_RANK_V2,U002342,Control,2026-07-03,2026-07-05,True
EXP_2026_HOMEPAGE_RANK_V2,U017857,Treatment,2026-05-20,2026-05-20,True
EXP_2026_HOMEPAGE_RANK_V2,U003855,Control,2026-05-02,2026-05-07,True
EXP_2026_HOMEPAGE_RANK_V2,U012242,Control,2026-05-28,2026-05-31,True
EXP_2026_HOMEPAGE_RANK_V2,U018027,Treatment,2026-07-06,2026-07-07,True
EXP_2026_HOMEPAGE_RANK_V2,U019621,Treatment,2026-06-25,2026-06-28,True
EXP_2026_HOMEPAGE_RANK_V2,U019997,Treatment,2026-04-25,2026-04-28,True
EXP_2026_HOMEPAGE_RANK_V2,U013436,Control,2026-04-26,2026-05-01,True
EXP_2026_HOMEPAGE_RANK_V2,U011829,Control,2026-04-29,2026-05-01,True
EXP_2026_HOMEPAGE_RANK_V2,U010230,Control,2026-07-11,2026-07-16,False
EXP_2026_HOMEPAGE_RANK_V2,U004961,Treatment,2026-04-25,2026-04-30,True
EXP_2026_HOMEPAGE_RANK_V2,U014645,Control,2026-07-07,2026-07-11,True
EXP_2026_HOMEPAGE_RANK_V2,U000829,Control,2026-05-24,2026-05-29,True
EXP_2026_HOMEPAGE_RANK_V2,U020388,Treatment,2026-06-27,2026-07-01,True
EXP_2026_HOMEPAGE_RANK_V2,U006636,Treatment,2026-05-21,2026-05-22,True
EXP_2026_HOMEPAGE_RANK_V2,U014741,Control,2026-06-12,2026-06-14,False
EXP_2026_HOMEPAGE_RANK_V2,U024660,Treatment,2026-06-19,2026-06-24,True
EXP_2026_HOMEPAGE_RANK_V2,U012127,Treatment,2026-07-02,2026-07-06,True
EXP_2026_HOMEPAGE_RANK_V2,U019224,Treatment,2026-06-24,2026-06-25,True
EXP_2026_HOMEPAGE_RANK_V2,U014419,Treatment,2026-04-29,2026-05-01,True
EXP_2026_HOMEPAGE_RANK_V2,U000183,Treatment,2026-04-20,2026-04-21,True
EXP_2026_HOMEPAGE_RANK_V2,U004202,Treatment,2026-05-03,2026-05-05,True
EXP_2026_HOMEPAGE_RANK_V2,U003476,Control,2026-04-24,2026-04-24,True
EXP_2026_HOMEPAGE_RANK_V2,U019863,Control,2026-04-26,2026-05-01,True
EXP_2026_HOMEPAGE_RANK_V2,U003494,Treatment,2026-05-31,2026-06-04,True
EXP_2026_HOMEPAGE_RANK_V2,U016597,Control,2026-07-05,2026-07-05,True
EXP_2026_HOMEPAGE_RANK_V2,U015242,Control,2026-05-22,2026-05-26,True
EXP_2026_HOMEPAGE_RANK_V2,U005994,Control,2026-06-26,2026-06-27,True
EXP_2026_HOMEPAGE_RANK_V2,U000971,Treatment,2026-06-14,2026-06-16,True
EXP_2026_HOMEPAGE_RANK_V2,U012346,Control,2026-06-26,2026-06-27,True
EXP_2026_HOMEPAGE_RANK_V2,U006164,Control,2026-05-03,2026-05-03,True
EXP_2026_HOMEPAGE_RANK_V2,U011101,Control,2026-05-05,2026-05-09,True
EXP_2026_HOMEPAGE_RANK_V2,U008790,Control,2026-05-11,2026-05-15,True
EXP_2026_HOMEPAGE_RANK_V2,U010898,Control,2026-05-15,2026-05-19,True
EXP_2026_HOMEPAGE_RANK_V2,U022119,Treatment,2026-06-09,2026-06-13,True
EXP_2026_HOMEPAGE_RANK_V2,U016077,Treatment,2026-05-08,2026-05-09,True
EXP_2026_HOMEPAGE_RANK_V2,U001530,Treatment,2026-05-05,2026-05-09,True
EXP_2026_HOMEPAGE_RANK_V2,U016567,Control,2026-07-02,2026-07-04,True
EXP_2026_HOMEPAGE_RANK_V2,U012595,Treatment,2026-06-17,2026-06-18,True
EXP_2026_HOMEPAGE_RANK_V2,U015633,Treatment,2026-05-29,2026-05-30,True
EXP_2026_HOMEPAGE_RANK_V2,U024328,Treatment,2026-05-02,2026-05-06,True
EXP_2026_HOMEPAGE_RANK_V2,U007742,Control,2026-04-28,2026-04-30,True
EXP_2026_HOMEPAGE_RANK_V2,U000058,Treatment,2026-07-02,2026-07-02,True
EXP_2026_HOMEPAGE_RANK_V2,U016266,Treatment,2026-06-05,2026-06-05,True
EXP_2026_HOMEPAGE_RANK_V2,U020289,Control,2026-05-27,2026-05-31,True
EXP_2026_HOMEPAGE_RANK_V2,U007669,Control,2026-07-05,2026-07-09,True
EXP_2026_HOMEPAGE_RANK_V2,U006023,Treatment,2026-06-05,2026-06-09,True
EXP_2026_HOMEPAGE_RANK_V2,U014084,Treatment,2026-05-11,2026-05-16,False
EXP_2026_HOMEPAGE_RANK_V2,U024047,Control,2026-06-25,2026-06-25,True
EXP_2026_HOMEPAGE_RANK_V2,U016038,Control,2026-06-14,2026-06-17,True
EXP_2026_HOMEPAGE_RANK_V2,U006189,Control,2026-05-12,2026-05-14,True
EXP_2026_HOMEPAGE_RANK_V2,U003226,Control,2026-06-13,2026-06-13,True
EXP_2026_HOMEPAGE_RANK_V2,U019374,Treatment,2026-05-16,2026-05-17,True
EXP_2026_HOMEPAGE_RANK_V2,U015403,Treatment,2026-06-15,2026-06-17,True
EXP_2026_HOMEPAGE_RANK_V2,U003527,Control,2026-05-25,2026-05-26,True
EXP_2026_HOMEPAGE_RANK_V2,U018048,Treatment,2026-05-19,2026-05-23,True
EXP_2026_HOMEPAGE_RANK_V2,U014958,Treatment,2026-05-23,2026-05-26,True
EXP_2026_HOMEPAGE_RANK_V2,U012287,Control,2026-05-14,2026-05-14,True
EXP_2026_HOMEPAGE_RANK_V2,U018871,Treatment,2026-05-07,2026-05-09,True
EXP_2026_HOMEPAGE_RANK_V2,U017110,Control,2026-06-08,2026-06-10,True
EXP_2026_HOMEPAGE_RANK_V2,U001726,Treatment,2026-05-12,2026-05-16,True
EXP_2026_HOMEPAGE_RANK_V2,U016789,Control,2026-06-21,2026-06-26,True
EXP_2026_HOMEPAGE_RANK_V2,U007847,Control,2026-06-08,2026-06-08,True
EXP_2026_HOMEPAGE_RANK_V2,U005956,Control,2026-05-13,2026-05-18,True
EXP_2026_HOMEPAGE_RANK_V2,U008813,Treatment,2026-05-21,2026-05-21,True
EXP_2026_HOMEPAGE_RANK_V2,U005675,Treatment,2026-04-18,2026-04-18,True
EXP_2026_HOMEPAGE_RANK_V2,U015662,Control,2026-07-02,2026-07-02,False
EXP_2026_HOMEPAGE_RANK_V2,U009393,Treatment,2026-06-21,2026-06-26,True
EXP_2026_HOMEPAGE_RANK_V2,U024547,Control,2026-06-30,2026-07-05,True
EXP_2026_HOMEPAGE_RANK_V2,U018442,Treatment,2026-04-22,2026-04-25,True
EXP_2026_HOMEPAGE_RANK_V2,U018239,Treatment,2026-06-22,2026-06-26,True
EXP_2026_HOMEPAGE_RANK_V2,U010639,Control,2026-06-13,2026-06-15,True
EXP_2026_HOMEPAGE_RANK_V2,U001104,Control,2026-06-02,2026-06-03,True
EXP_2026_HOMEPAGE_RANK_V2,U018349,Control,2026-06-11,2026-06-14,True
EXP_2026_HOMEPAGE_RANK_V2,U017589,Control,2026-05-16,2026-05-20,True
EXP_2026_HOMEPAGE_RANK_V2,U006957,Treatment,2026-06-27,2026-07-01,True
EXP_2026_HOMEPAGE_RANK_V2,U020813,Treatment,2026-06-19,2026-06-20,True
EXP_2026_HOMEPAGE_RANK_V2,U020434,Treatment,2026-05-30,2026-06-01,True
EXP_2026_HOMEPAGE_RANK_V2,U021425,Control,2026-06-18,2026-06-19,True
EXP_2026_HOMEPAGE_RANK_V2,U004765,Control,2026-05-25,2026-05-27,True
EXP_2026_HOMEPAGE_RANK_V2,U018909,Control,2026-06-29,2026-07-04,True
EXP_2026_HOMEPAGE_RANK_V2,U006968,Treatment,2026-04-23,2026-04-27,False
EXP_2026_HOMEPAGE_RANK_V2,U003399,Treatment,2026-04-25,2026-04-26,True
EXP_2026_HOMEPAGE_RANK_V2,U007903,Control,2026-05-07,2026-05-12,True
EXP_2026_HOMEPAGE_RANK_V2,U000483,Treatment,2026-07-03,2026-07-05,True
EXP_2026_HOMEPAGE_RANK_V2,U008265,Control,2026-07-10,2026-07-13,True
EXP_2026_HOMEPAGE_RANK_V2,U015498,Treatment,2026-06-29,2026-07-02,True
EXP_2026_HOMEPAGE_RANK_V2,U008631,Control,2026-06-10,2026-06-15,True
EXP_2026_HOMEPAGE_RANK_V2,U011716,Treatment,2026-06-09,2026-06-13,True
EXP_2026_HOMEPAGE_RANK_V2,U021496,Treatment,2026-04-23,2026-04-24,False
EXP_2026_HOMEPAGE_RANK_V2,U012897,Control,2026-04-20,2026-04-23,True
EXP_2026_HOMEPAGE_RANK_V2,U023725,Control,2026-05-17,2026-05-17,True
EXP_2026_HOMEPAGE_RANK_V2,U000970,Control,2026-04-27,2026-04-30,False
EXP_2026_HOMEPAGE_RANK_V2,U005004,Control,2026-05-09,2026-05-12,True
EXP_2026_HOMEPAGE_RANK_V2,U012156,Treatment,2026-07-11,2026-07-12,True
EXP_2026_HOMEPAGE_RANK_V2,U007063,Treatment,2026-06-22,2026-06-27,True
EXP_2026_HOMEPAGE_RANK_V2,U016296,Treatment,2026-05-23,2026-05-25,True
EXP_2026_HOMEPAGE_RANK_V2,U021009,Treatment,2026-06-09,2026-06-10,True
EXP_2026_HOMEPAGE_RANK_V2,U024596,Treatment,2026-05-18,2026-05-20,True
EXP_2026_HOMEPAGE_RANK_V2,U014234,Treatment,2026-05-17,2026-05-17,True
EXP_2026_HOMEPAGE_RANK_V2,U017178,Control,2026-05-04,2026-05-08,True
EXP_2026_HOMEPAGE_RANK_V2,U023415,Treatment,2026-06-10,2026-06-15,True
EXP_2026_HOMEPAGE_RANK_V2,U008229,Treatment,2026-05-01,2026-05-01,True
EXP_2026_HOMEPAGE_RANK_V2,U016172,Control,2026-06-10,2026-06-11,True
EXP_2026_HOMEPAGE_RANK_V2,U012213,Treatment,2026-05-30,2026-05-30,True
EXP_2026_HOMEPAGE_RANK_V2,U009454,Treatment,2026-05-14,2026-05-19,True
EXP_2026_HOMEPAGE_RANK_V2,U014056,Treatment,2026-05-06,2026-05-08,True
EXP_2026_HOMEPAGE_RANK_V2,U002437,Treatment,2026-05-09,2026-05-10,True
EXP_2026_HOMEPAGE_RANK_V2,U023883,Treatment,2026-06-06,2026-06-10,True
EXP_2026_HOMEPAGE_RANK_V2,U004542,Treatment,2026-07-11,2026-07-15,True
EXP_2026_HOMEPAGE_RANK_V2,U017194,Control,2026-05-20,2026-05-20,True
EXP_2026_HOMEPAGE_RANK_V2,U013518,Treatment,2026-06-19,2026-06-21,True
EXP_2026_HOMEPAGE_RANK_V2,U017826,Treatment,2026-05-17,2026-05-22,True
EXP_2026_HOMEPAGE_RANK_V2,U017003,Treatment,2026-06-12,2026-06-15,True
EXP_2026_HOMEPAGE_RANK_V2,U011662,Control,2026-05-22,2026-05-22,True
EXP_2026_HOMEPAGE_RANK_V2,U024803,Treatment,2026-06-16,2026-06-20,False
EXP_2026_HOMEPAGE_RANK_V2,U024808,Treatment,2026-05-21,2026-05-25,True
EXP_2026_HOMEPAGE_RANK_V2,U017675,Treatment,2026-05-02,2026-05-07,True
EXP_2026_HOMEPAGE_RANK_V2,U008359,Treatment,2026-06-13,2026-06-15,True
EXP_2026_HOMEPAGE_RANK_V2,U020239,Treatment,2026-05-24,2026-05-28,True
EXP_2026_HOMEPAGE_RANK_V2,U019395,Control,2026-06-07,2026-06-10,True
EXP_2026_HOMEPAGE_RANK_V2,U008316,Control,2026-06-04,2026-06-06,True
EXP_2026_HOMEPAGE_RANK_V2,U005285,Treatment,2026-05-30,2026-06-04,True
EXP_2026_HOMEPAGE_RANK_V2,U006692,Treatment,2026-05-09,2026-05-14,True
EXP_2026_HOMEPAGE_RANK_V2,U008383,Control,2026-05-28,2026-05-31,True
EXP_2026_HOMEPAGE_RANK_V2,U012643,Treatment,2026-06-16,2026-06-19,True
EXP_2026_HOMEPAGE_RANK_V2,U008080,Control,2026-05-01,2026-05-02,True
EXP_2026_HOMEPAGE_RANK_V2,U007229,Control,2026-06-13,2026-06-14,True
EXP_2026_HOMEPAGE_RANK_V2,U011459,Control,2026-05-01,2026-05-01,True
EXP_2026_HOMEPAGE_RANK_V2,U010264,Treatment,2026-05-26,2026-05-30,True
EXP_2026_HOMEPAGE_RANK_V2,U024814,Treatment,2026-04-23,2026-04-26,False
EXP_2026_HOMEPAGE_RANK_V2,U002744,Control,2026-05-23,2026-05-25,True
EXP_2026_HOMEPAGE_RANK_V2,U008049,Treatment,2026-05-20,2026-05-24,False
EXP_2026_HOMEPAGE_RANK_V2,U023583,Control,2026-05-08,2026-05-13,True
EXP_2026_HOMEPAGE_RANK_V2,U017034,Treatment,2026-07-07,2026-07-07,True
EXP_2026_HOMEPAGE_RANK_V2,U003562,Treatment,2026-05-19,2026-05-21,True
EXP_2026_HOMEPAGE_RANK_V2,U018707,Control,2026-05-07,2026-05-12,True
EXP_2026_HOMEPAGE_RANK_V2,U011843,Treatment,2026-06-11,2026-06-15,True
EXP_2026_HOMEPAGE_RANK_V2,U017051,Control,2026-06-10,2026-06-11,True
EXP_2026_HOMEPAGE_RANK_V2,U011734,Control,2026-07-11,2026-07-14,True
EXP_2026_HOMEPAGE_RANK_V2,U020481,Treatment,2026-06-11,2026-06-16,True
EXP_2026_HOMEPAGE_RANK_V2,U018622,Control,2026-06-07,2026-06-07,True
EXP_2026_HOMEPAGE_RANK_V2,U012073,Control,2026-04-28,2026-05-02,True
EXP_2026_HOMEPAGE_RANK_V2,U001216,Control,2026-06-10,2026-06-15,True
EXP_2026_HOMEPAGE_RANK_V2,U011692,Treatment,2026-05-17,2026-05-21,True
EXP_2026_HOMEPAGE_RANK_V2,U022561,Control,2026-05-04,2026-05-05,True
EXP_2026_HOMEPAGE_RANK_V2,U015641,Control,2026-05-04,2026-05-08,True
EXP_2026_HOMEPAGE_RANK_V2,U000692,Control,2026-07-11,2026-07-12,True
EXP_2026_HOMEPAGE_RANK_V2,U015170,Treatment,2026-04-27,2026-04-30,False
EXP_2026_HOMEPAGE_RANK_V2,U016183,Control,2026-05-08,2026-05-10,True
EXP_2026_HOMEPAGE_RANK_V2,U003232,Control,2026-05-04,2026-05-05,True
EXP_2026_HOMEPAGE_RANK_V2,U013980,Control,2026-06-30,2026-07-04,True
EXP_2026_HOMEPAGE_RANK_V2,U008868,Treatment,2026-06-25,2026-06-27,True
EXP_2026_HOMEPAGE_RANK_V2,U023433,Treatment,2026-05-28,2026-06-01,True
EXP_2026_HOMEPAGE_RANK_V2,U015801,Control,2026-04-18,2026-04-20,True
EXP_2026_HOMEPAGE_RANK_V2,U019996,Control,2026-07-05,2026-07-08,True
EXP_2026_HOMEPAGE_RANK_V2,U021780,Control,2026-06-28,2026-07-01,True
EXP_2026_HOMEPAGE_RANK_V2,U004389,Treatment,2026-05-03,2026-05-06,True
EXP_2026_HOMEPAGE_RANK_V2,U021565,Treatment,2026-05-14,2026-05-14,True
EXP_2026_HOMEPAGE_RANK_V2,U014299,Control,2026-05-01,2026-05-02,True
EXP_2026_HOMEPAGE_RANK_V2,U023766,Treatment,2026-06-04,2026-06-05,True
EXP_2026_HOMEPAGE_RANK_V2,U000561,Control,2026-06-27,2026-07-02,True
EXP_2026_HOMEPAGE_RANK_V2,U007024,Control,2026-07-09,2026-07-13,True
EXP_2026_HOMEPAGE_RANK_V2,U014778,Treatment,2026-05-24,2026-05-26,True
EXP_2026_HOMEPAGE_RANK_V2,U016165,Control,2026-05-15,2026-05-19,True
EXP_2026_HOMEPAGE_RANK_V2,U003741,Control,2026-05-26,2026-05-30,True
EXP_2026_HOMEPAGE_RANK_V2,U003321,Control,2026-07-04,2026-07-07,True
EXP_2026_HOMEPAGE_RANK_V2,U013661,Control,2026-05-19,2026-05-21,True
EXP_2026_HOMEPAGE_RANK_V2,U021235,Control,2026-05-18,2026-05-18,True
EXP_2026_HOMEPAGE_RANK_V2,U014153,Treatment,2026-07-07,2026-07-11,False
EXP_2026_HOMEPAGE_RANK_V2,U010859,Control,2026-05-02,2026-05-06,True
EXP_2026_HOMEPAGE_RANK_V2,U012300,Treatment,2026-05-08,2026-05-09,True
EXP_2026_HOMEPAGE_RANK_V2,U022417,Treatment,2026-04-30,2026-04-30,True
EXP_2026_HOMEPAGE_RANK_V2,U019223,Control,2026-06-13,2026-06-17,True
EXP_2026_HOMEPAGE_RANK_V2,U015232,Treatment,2026-06-19,2026-06-24,True
EXP_2026_HOMEPAGE_RANK_V2,U023364,Treatment,2026-06-19,2026-06-23,True
EXP_2026_HOMEPAGE_RANK_V2,U004861,Treatment,2026-05-09,2026-05-12,True
EXP_2026_HOMEPAGE_RANK_V2,U014403,Control,2026-06-03,2026-06-07,True
EXP_2026_HOMEPAGE_RANK_V2,U015735,Control,2026-05-04,2026-05-04,True
EXP_2026_HOMEPAGE_RANK_V2,U005268,Treatment,2026-06-29,2026-07-04,True
EXP_2026_HOMEPAGE_RANK_V2,U023854,Treatment,2026-06-12,2026-06-17,True
EXP_2026_HOMEPAGE_RANK_V2,U002826,Control,2026-05-10,2026-05-11,True
EXP_2026_HOMEPAGE_RANK_V2,U004426,Control,2026-06-24,2026-06-27,True
EXP_2026_HOMEPAGE_RANK_V2,U004255,Treatment,2026-04-21,2026-04-26,True
EXP_2026_HOMEPAGE_RANK_V2,U017004,Control,2026-04-30,2026-05-04,True
EXP_2026_HOMEPAGE_RANK_V2,U006969,Control,2026-06-01,2026-06-04,True
EXP_2026_HOMEPAGE_RANK_V2,U007509,Treatment,2026-05-16,2026-05-18,False
EXP_2026_HOMEPAGE_RANK_V2,U015117,Treatment,2026-06-07,2026-06-08,True
EXP_2026_HOMEPAGE_RANK_V2,U013406,Control,2026-05-14,2026-05-16,True
EXP_2026_HOMEPAGE_RANK_V2,U002611,Control,2026-06-14,2026-06-17,False
EXP_2026_HOMEPAGE_RANK_V2,U000811,Treatment,2026-06-11,2026-06-11,True
EXP_2026_HOMEPAGE_RANK_V2,U002198,Treatment,2026-05-16,2026-05-17,True
EXP_2026_HOMEPAGE_RANK_V2,U005638,Treatment,2026-07-07,2026-07-08,True
EXP_2026_HOMEPAGE_RANK_V2,U019303,Treatment,2026-06-01,2026-06-01,True
EXP_2026_HOMEPAGE_RANK_V2,U011335,Treatment,2026-04-23,2026-04-24,True
EXP_2026_HOMEPAGE_RANK_V2,U011774,Treatment,2026-06-28,2026-07-02,True
EXP_2026_HOMEPAGE_RANK_V2,U005762,Treatment,2026-04-24,2026-04-27,True
EXP_2026_HOMEPAGE_RANK_V2,U004501,Treatment,2026-06-02,2026-06-06,True
EXP_2026_HOMEPAGE_RANK_V2,U013029,Control,2026-06-02,2026-06-03,True
EXP_2026_HOMEPAGE_RANK_V2,U004309,Treatment,2026-06-15,2026-06-18,True
EXP_2026_HOMEPAGE_RANK_V2,U003290,Control,2026-07-03,2026-07-08,True
EXP_2026_HOMEPAGE_RANK_V2,U006733,Treatment,2026-05-27,2026-05-27,True
EXP_2026_HOMEPAGE_RANK_V2,U004809,Control,2026-06-17,2026-06-18,True
EXP_2026_HOMEPAGE_RANK_V2,U002926,Control,2026-04-22,2026-04-27,True
EXP_2026_HOMEPAGE_RANK_V2,U006614,Control,2026-05-01,2026-05-05,True
EXP_2026_HOMEPAGE_RANK_V2,U015092,Treatment,2026-06-29,2026-06-30,True
EXP_2026_HOMEPAGE_RANK_V2,U017712,Control,2026-06-03,2026-06-04,True
EXP_2026_HOMEPAGE_RANK_V2,U002910,Treatment,2026-06-14,2026-06-17,True
EXP_2026_HOMEPAGE_RANK_V2,U020343,Treatment,2026-05-21,2026-05-25,True
EXP_2026_HOMEPAGE_RANK_V2,U004940,Treatment,2026-06-05,2026-06-06,True
EXP_2026_HOMEPAGE_RANK_V2,U013411,Treatment,2026-06-20,2026-06-20,True
EXP_2026_HOMEPAGE_RANK_V2,U021324,Treatment,2026-05-09,2026-05-14,True
EXP_2026_HOMEPAGE_RANK_V2,U004298,Control,2026-06-22,2026-06-24,True
EXP_2026_HOMEPAGE_RANK_V2,U003678,Control,2026-06-08,2026-06-09,True
EXP_2026_HOMEPAGE_RANK_V2,U005278,Treatment,2026-04-18,2026-04-21,True
EXP_2026_HOMEPAGE_RANK_V2,U019920,Treatment,2026-07-01,2026-07-05,True
EXP_2026_HOMEPAGE_RANK_V2,U000808,Treatment,2026-07-10,2026-07-11,True
EXP_2026_HOMEPAGE_RANK_V2,U014516,Control,2026-07-06,2026-07-11,True
EXP_2026_HOMEPAGE_RANK_V2,U002137,Control,2026-06-01,2026-06-03,True
EXP_2026_HOMEPAGE_RANK_V2,U023079,Control,2026-06-08,2026-06-09,True
EXP_2026_HOMEPAGE_RANK_V2,U009162,Treatment,2026-06-25,2026-06-25,True
EXP_2026_HOMEPAGE_RANK_V2,U006301,Treatment,2026-06-18,2026-06-22,True
EXP_2026_HOMEPAGE_RANK_V2,U017409,Treatment,2026-05-10,2026-05-13,True
EXP_2026_HOMEPAGE_RANK_V2,U002043,Treatment,2026-07-08,2026-07-10,False
EXP_2026_HOMEPAGE_RANK_V2,U013157,Control,2026-04-18,2026-04-19,True
EXP_2026_HOMEPAGE_RANK_V2,U020977,Treatment,2026-06-11,2026-06-12,True
EXP_2026_HOMEPAGE_RANK_V2,U000925,Treatment,2026-04-29,2026-05-04,True
EXP_2026_HOMEPAGE_RANK_V2,U009021,Control,2026-07-05,2026-07-10,True
EXP_2026_HOMEPAGE_RANK_V2,U002251,Treatment,2026-05-12,2026-05-16,True
EXP_2026_HOMEPAGE_RANK_V2,U009252,Treatment,2026-06-22,2026-06-26,True
EXP_2026_HOMEPAGE_RANK_V2,U012633,Treatment,2026-05-27,2026-05-31,True
EXP_2026_HOMEPAGE_RANK_V2,U001616,Treatment,2026-07-01,2026-07-01,True
EXP_2026_HOMEPAGE_RANK_V2,U002445,Treatment,2026-04-20,2026-04-23,True
EXP_2026_HOMEPAGE_RANK_V2,U018911,Treatment,2026-04-24,2026-04-29,True
EXP_2026_HOMEPAGE_RANK_V2,U001212,Control,2026-06-03,2026-06-03,True
EXP_2026_HOMEPAGE_RANK_V2,U004671,Control,2026-05-01,2026-05-05,True
EXP_2026_HOMEPAGE_RANK_V2,U014185,Control,2026-05-04,2026-05-09,True
EXP_2026_HOMEPAGE_RANK_V2,U023966,Treatment,2026-06-21,2026-06-23,True
EXP_2026_HOMEPAGE_RANK_V2,U020011,Control,2026-06-08,2026-06-12,True
EXP_2026_HOMEPAGE_RANK_V2,U012980,Control,2026-07-01,2026-07-02,True
EXP_2026_HOMEPAGE_RANK_V2,U011600,Control,2026-05-13,2026-05-15,True
EXP_2026_HOMEPAGE_RANK_V2,U011203,Control,2026-04-28,2026-05-01,True
EXP_2026_HOMEPAGE_RANK_V2,U023065,Treatment,2026-07-09,2026-07-12,True
EXP_2026_HOMEPAGE_RANK_V2,U006515,Control,2026-05-30,2026-05-30,True
EXP_2026_HOMEPAGE_RANK_V2,U019345,Treatment,2026-04-18,2026-04-20,True
EXP_2026_HOMEPAGE_RANK_V2,U015466,Control,2026-05-02,2026-05-06,True
EXP_2026_HOMEPAGE_RANK_V2,U008816,Control,2026-07-07,2026-07-08,True
EXP_2026_HOMEPAGE_RANK_V2,U023383,Control,2026-05-04,2026-05-05,True
EXP_2026_HOMEPAGE_RANK_V2,U021473,Treatment,2026-05-01,2026-05-06,True
EXP_2026_HOMEPAGE_RANK_V2,U024588,Control,2026-07-04,2026-07-06,True
EXP_2026_HOMEPAGE_RANK_V2,U000872,Control,2026-04-28,2026-05-01,True
EXP_2026_HOMEPAGE_RANK_V2,U005870,Control,2026-06-07,2026-06-07,True
EXP_2026_HOMEPAGE_RANK_V2,U020012,Treatment,2026-05-02,2026-05-05,True
EXP_2026_HOMEPAGE_RANK_V2,U005532,Treatment,2026-06-01,2026-06-01,True
EXP_2026_HOMEPAGE_RANK_V2,U003849,Control,2026-05-19,2026-05-23,False
EXP_2026_HOMEPAGE_RANK_V2,U001971,Treatment,2026-06-15,2026-06-18,True
EXP_2026_HOMEPAGE_RANK_V2,U004978,Treatment,2026-05-04,2026-05-06,True
EXP_2026_HOMEPAGE_RANK_V2,U004555,Treatment,2026-05-01,2026-05-06,False
EXP_2026_HOMEPAGE_RANK_V2,U011983,Treatment,2026-05-30,2026-05-30,True
EXP_2026_HOMEPAGE_RANK_V2,U005912,Control,2026-06-25,2026-06-26,True
EXP_2026_HOMEPAGE_RANK_V2,U004632,Treatment,2026-04-27,2026-04-27,True
EXP_2026_HOMEPAGE_RANK_V2,U013301,Control,2026-07-06,2026-07-08,True
EXP_2026_HOMEPAGE_RANK_V2,U019797,Treatment,2026-07-11,2026-07-14,True
EXP_2026_HOMEPAGE_RANK_V2,U012571,Control,2026-07-11,2026-07-11,True
EXP_2026_HOMEPAGE_RANK_V2,U006803,Treatment,2026-06-21,2026-06-23,True
EXP_2026_HOMEPAGE_RANK_V2,U003263,Treatment,2026-07-04,2026-07-05,True
EXP_2026_HOMEPAGE_RANK_V2,U008830,Treatment,2026-07-07,2026-07-12,True
EXP_2026_HOMEPAGE_RANK_V2,U013434,Control,2026-04-21,2026-04-26,True
EXP_2026_HOMEPAGE_RANK_V2,U018430,Treatment,2026-05-29,2026-06-03,True
EXP_2026_HOMEPAGE_RANK_V2,U007816,Treatment,2026-06-10,2026-06-12,True
EXP_2026_HOMEPAGE_RANK_V2,U006706,Treatment,2026-04-18,2026-04-21,True
EXP_2026_HOMEPAGE_RANK_V2,U019444,Treatment,2026-06-07,2026-06-08,True
EXP_2026_HOMEPAGE_RANK_V2,U015277,Control,2026-06-13,2026-06-18,True
EXP_2026_HOMEPAGE_RANK_V2,U011080,Control,2026-06-02,2026-06-06,True
EXP_2026_HOMEPAGE_RANK_V2,U013357,Treatment,2026-05-31,2026-06-03,True
EXP_2026_HOMEPAGE_RANK_V2,U021860,Treatment,2026-05-28,2026-05-30,True
EXP_2026_HOMEPAGE_RANK_V2,U016630,Control,2026-05-03,2026-05-08,True
EXP_2026_HOMEPAGE_RANK_V2,U008936,Treatment,2026-06-06,2026-06-06,True
EXP_2026_HOMEPAGE_RANK_V2,U000685,Treatment,2026-04-24,2026-04-27,True
EXP_2026_HOMEPAGE_RANK_V2,U018510,Control,2026-04-21,2026-04-23,True
EXP_2026_HOMEPAGE_RANK_V2,U020064,Control,2026-05-31,2026-06-04,True
EXP_2026_HOMEPAGE_RANK_V2,U022381,Treatment,2026-06-16,2026-06-19,True
EXP_2026_HOMEPAGE_RANK_V2,U021841,Control,2026-07-04,2026-07-09,True
EXP_2026_HOMEPAGE_RANK_V2,U000972,Control,2026-04-26,2026-05-01,True
EXP_2026_HOMEPAGE_RANK_V2,U017541,Control,2026-06-27,2026-07-02,True
EXP_2026_HOMEPAGE_RANK_V2,U024631,Control,2026-04-19,2026-04-20,True
EXP_2026_HOMEPAGE_RANK_V2,U024422,Treatment,2026-06-07,2026-06-12,True
EXP_2026_HOMEPAGE_RANK_V2,U005670,Control,2026-04-18,2026-04-18,True
EXP_2026_HOMEPAGE_RANK_V2,U016527,Treatment,2026-06-16,2026-06-17,True
EXP_2026_HOMEPAGE_RANK_V2,U003797,Treatment,2026-07-04,2026-07-07,True
EXP_2026_HOMEPAGE_RANK_V2,U013234,Control,2026-05-19,2026-05-22,True
EXP_2026_HOMEPAGE_RANK_V2,U007317,Treatment,2026-05-18,2026-05-18,True
EXP_2026_HOMEPAGE_RANK_V2,U003838,Treatment,2026-06-19,2026-06-19,False
EXP_2026_HOMEPAGE_RANK_V2,U016084,Control,2026-06-22,2026-06-26,True
EXP_2026_HOMEPAGE_RANK_V2,U011725,Control,2026-06-10,2026-06-11,True
EXP_2026_HOMEPAGE_RANK_V2,U010526,Control,2026-04-18,2026-04-19,True
EXP_2026_HOMEPAGE_RANK_V2,U019955,Treatment,2026-06-11,2026-06-15,True
EXP_2026_HOMEPAGE_RANK_V2,U006159,Treatment,2026-06-29,2026-06-30,True
EXP_2026_HOMEPAGE_RANK_V2,U023074,Treatment,2026-05-18,2026-05-18,True
EXP_2026_HOMEPAGE_RANK_V2,U005854,Treatment,2026-04-27,2026-04-28,True
EXP_2026_HOMEPAGE_RANK_V2,U000011,Control,2026-06-26,2026-07-01,True
EXP_2026_HOMEPAGE_RANK_V2,U004832,Treatment,2026-06-27,2026-06-29,True
EXP_2026_HOMEPAGE_RANK_V2,U022366,Control,2026-06-03,2026-06-08,True
EXP_2026_HOMEPAGE_RANK_V2,U023095,Control,2026-05-01,2026-05-01,True
EXP_2026_HOMEPAGE_RANK_V2,U022037,Control,2026-04-26,2026-04-30,False
EXP_2026_HOMEPAGE_RANK_V2,U006267,Control,2026-06-23,2026-06-25,True
EXP_2026_HOMEPAGE_RANK_V2,U011332,Treatment,2026-05-26,2026-05-30,True
EXP_2026_HOMEPAGE_RANK_V2,U019495,Control,2026-06-24,2026-06-29,True
EXP_2026_HOMEPAGE_RANK_V2,U022678,Treatment,2026-05-20,2026-05-23,True
EXP_2026_HOMEPAGE_RANK_V2,U006743,Treatment,2026-06-27,2026-07-02,True
EXP_2026_HOMEPAGE_RANK_V2,U014756,Treatment,2026-05-13,2026-05-17,False
EXP_2026_HOMEPAGE_RANK_V2,U015645,Treatment,2026-06-06,2026-06-07,True
EXP_2026_HOMEPAGE_RANK_V2,U005186,Treatment,2026-06-23,2026-06-28,True
EXP_2026_HOMEPAGE_RANK_V2,U005607,Treatment,2026-06-21,2026-06-22,True
EXP_2026_HOMEPAGE_RANK_V2,U024089,Control,2026-05-26,2026-05-30,True
EXP_2026_HOMEPAGE_RANK_V2,U004271,Treatment,2026-06-03,2026-06-04,True
EXP_2026_HOMEPAGE_RANK_V2,U006818,Control,2026-04-28,2026-04-29,True
EXP_2026_HOMEPAGE_RANK_V2,U009427,Control,2026-06-15,2026-06-20,True
EXP_2026_HOMEPAGE_RANK_V2,U009627,Control,2026-05-06,2026-05-11,True
EXP_2026_HOMEPAGE_RANK_V2,U006277,Treatment,2026-06-12,2026-06-15,True
EXP_2026_HOMEPAGE_RANK_V2,U003300,Control,2026-05-26,2026-05-26,True
EXP_2026_HOMEPAGE_RANK_V2,U001806,Treatment,2026-06-07,2026-06-08,True
EXP_2026_HOMEPAGE_RANK_V2,U014350,Treatment,2026-05-04,2026-05-04,True
EXP_2026_HOMEPAGE_RANK_V2,U014830,Control,2026-07-03,2026-07-06,True
EXP_2026_HOMEPAGE_RANK_V2,U014296,Treatment,2026-06-05,2026-06-06,True
EXP_2026_HOMEPAGE_RANK_V2,U008054,Treatment,2026-05-19,2026-05-20,True
EXP_2026_HOMEPAGE_RANK_V2,U021524,Treatment,2026-05-17,2026-05-17,True
EXP_2026_HOMEPAGE_RANK_V2,U016745,Control,2026-05-04,2026-05-08,True
EXP_2026_HOMEPAGE_RANK_V2,U013498,Treatment,2026-06-10,2026-06-11,True
EXP_2026_HOMEPAGE_RANK_V2,U007867,Control,2026-06-09,2026-06-10,True
EXP_2026_HOMEPAGE_RANK_V2,U005625,Control,2026-05-04,2026-05-06,True
EXP_2026_HOMEPAGE_RANK_V2,U004107,Control,2026-07-08,2026-07-10,True
EXP_2026_HOMEPAGE_RANK_V2,U018791,Treatment,2026-06-28,2026-06-29,True
EXP_2026_HOMEPAGE_RANK_V2,U005303,Control,2026-04-26,2026-04-27,True
EXP_2026_HOMEPAGE_RANK_V2,U009077,Treatment,2026-05-16,2026-05-21,True
EXP_2026_HOMEPAGE_RANK_V2,U017604,Treatment,2026-06-28,2026-06-30,True
EXP_2026_HOMEPAGE_RANK_V2,U021521,Treatment,2026-05-11,2026-05-13,True
EXP_2026_HOMEPAGE_RANK_V2,U009391,Treatment,2026-07-10,2026-07-10,True
EXP_2026_HOMEPAGE_RANK_V2,U013114,Treatment,2026-06-03,2026-06-06,True
EXP_2026_HOMEPAGE_RANK_V2,U014327,Treatment,2026-05-31,2026-06-02,True
EXP_2026_HOMEPAGE_RANK_V2,U016769,Treatment,2026-06-15,2026-06-20,True
EXP_2026_HOMEPAGE_RANK_V2,U002992,Control,2026-05-07,2026-05-10,False
EXP_2026_HOMEPAGE_RANK_V2,U013328,Control,2026-06-26,2026-06-29,False
EXP_2026_HOMEPAGE_RANK_V2,U003839,Treatment,2026-06-19,2026-06-21,True
EXP_2026_HOMEPAGE_RANK_V2,U020617,Control,2026-06-11,2026-06-13,True
EXP_2026_HOMEPAGE_RANK_V2,U006579,Treatment,2026-05-23,2026-05-26,True
EXP_2026_HOMEPAGE_RANK_V2,U004291,Control,2026-04-27,2026-05-02,True
EXP_2026_HOMEPAGE_RANK_V2,U016026,Control,2026-06-14,2026-06-18,True
EXP_2026_HOMEPAGE_RANK_V2,U004044,Control,2026-06-22,2026-06-23,True
EXP_2026_HOMEPAGE_RANK_V2,U006578,Control,2026-04-24,2026-04-28,True
EXP_2026_HOMEPAGE_RANK_V2,U006074,Control,2026-04-25,2026-04-25,True
EXP_2026_HOMEPAGE_RANK_V2,U007908,Treatment,2026-07-05,2026-07-10,True
EXP_2026_HOMEPAGE_RANK_V2,U019774,Control,2026-06-11,2026-06-15,True
EXP_2026_HOMEPAGE_RANK_V2,U006849,Treatment,2026-06-24,2026-06-26,True
EXP_2026_HOMEPAGE_RANK_V2,U009989,Treatment,2026-04-24,2026-04-26,True
EXP_2026_HOMEPAGE_RANK_V2,U024327,Treatment,2026-04-22,2026-04-27,True
EXP_2026_HOMEPAGE_RANK_V2,U006126,Treatment,2026-04-23,2026-04-24,True
EXP_2026_HOMEPAGE_RANK_V2,U022303,Treatment,2026-05-03,2026-05-03,True
EXP_2026_HOMEPAGE_RANK_V2,U002141,Control,2026-04-28,2026-05-03,True
EXP_2026_HOMEPAGE_RANK_V2,U009445,Control,2026-06-07,2026-06-08,True
EXP_2026_HOMEPAGE_RANK_V2,U015657,Treatment,2026-06-16,2026-06-21,True
EXP_2026_HOMEPAGE_RANK_V2,U018793,Treatment,2026-05-08,2026-05-10,True
EXP_2026_HOMEPAGE_RANK_V2,U012647,Treatment,2026-04-23,2026-04-27,True
EXP_2026_HOMEPAGE_RANK_V2,U011809,Treatment,2026-06-06,2026-06-08,True
EXP_2026_HOMEPAGE_RANK_V2,U009012,Treatment,2026-06-02,2026-06-07,True
EXP_2026_HOMEPAGE_RANK_V2,U016397,Treatment,2026-05-19,2026-05-20,True
EXP_2026_HOMEPAGE_RANK_V2,U020435,Control,2026-04-21,2026-04-25,True
EXP_2026_HOMEPAGE_RANK_V2,U019118,Control,2026-06-25,2026-06-27,False
EXP_2026_HOMEPAGE_RANK_V2,U020712,Treatment,2026-06-25,2026-06-26,True
EXP_2026_HOMEPAGE_RANK_V2,U023152,Control,2026-07-11,2026-07-12,True
EXP_2026_HOMEPAGE_RANK_V2,U013641,Treatment,2026-06-07,2026-06-07,True
EXP_2026_HOMEPAGE_RANK_V2,U018739,Control,2026-05-15,2026-05-19,True
EXP_2026_HOMEPAGE_RANK_V2,U024980,Control,2026-06-18,2026-06-19,True
EXP_2026_HOMEPAGE_RANK_V2,U014529,Control,2026-05-28,2026-06-02,True
EXP_2026_HOMEPAGE_RANK_V2,U001462,Treatment,2026-05-03,2026-05-04,True
EXP_2026_HOMEPAGE_RANK_V2,U009592,Control,2026-07-11,2026-07-12,True
EXP_2026_HOMEPAGE_RANK_V2,U017535,Treatment,2026-05-07,2026-05-11,True
EXP_2026_HOMEPAGE_RANK_V2,U007389,Treatment,2026-06-26,2026-06-26,True
EXP_2026_HOMEPAGE_RANK_V2,U012318,Control,2026-07-02,2026-07-06,True
EXP_2026_HOMEPAGE_RANK_V2,U003469,Control,2026-06-01,2026-06-05,True
EXP_2026_HOMEPAGE_RANK_V2,U004869,Control,2026-05-09,2026-05-11,True
EXP_2026_HOMEPAGE_RANK_V2,U007265,Treatment,2026-07-08,2026-07-10,True
EXP_2026_HOMEPAGE_RANK_V2,U018288,Control,2026-05-09,2026-05-11,True
EXP_2026_HOMEPAGE_RANK_V2,U009842,Control,2026-05-03,2026-05-06,True
EXP_2026_HOMEPAGE_RANK_V2,U015571,Control,2026-05-27,2026-06-01,True
EXP_2026_HOMEPAGE_RANK_V2,U013372,Control,2026-07-10,2026-07-15,True
EXP_2026_HOMEPAGE_RANK_V2,U018778,Control,2026-06-09,2026-06-11,True
EXP_2026_HOMEPAGE_RANK_V2,U022751,Treatment,2026-05-03,2026-05-04,True
EXP_2026_HOMEPAGE_RANK_V2,U008509,Control,2026-06-01,2026-06-01,True
EXP_2026_HOMEPAGE_RANK_V2,U021257,Treatment,2026-05-15,2026-05-19,True
EXP_2026_HOMEPAGE_RANK_V2,U000099,Treatment,2026-06-14,2026-06-17,True
EXP_2026_HOMEPAGE_RANK_V2,U001284,Control,2026-06-04,2026-06-08,True
EXP_2026_HOMEPAGE_RANK_V2,U008154,Control,2026-05-19,2026-05-23,True
EXP_2026_HOMEPAGE_RANK_V2,U001811,Treatment,2026-06-13,2026-06-18,True
EXP_2026_HOMEPAGE_RANK_V2,U001951,Control,2026-06-24,2026-06-28,True
EXP_2026_HOMEPAGE_RANK_V2,U007065,Treatment,2026-06-15,2026-06-18,True
EXP_2026_HOMEPAGE_RANK_V2,U004900,Treatment,2026-06-16,2026-06-16,True
EXP_2026_HOMEPAGE_RANK_V2,U024570,Control,2026-07-09,2026-07-10,True
EXP_2026_HOMEPAGE_RANK_V2,U017059,Control,2026-06-09,2026-06-10,False
EXP_2026_HOMEPAGE_RANK_V2,U005431,Treatment,2026-05-23,2026-05-28,True
EXP_2026_HOMEPAGE_RANK_V2,U003872,Control,2026-05-06,2026-05-09,True
EXP_2026_HOMEPAGE_RANK_V2,U004890,Treatment,2026-05-13,2026-05-14,True
EXP_2026_HOMEPAGE_RANK_V2,U016743,Treatment,2026-04-30,2026-05-02,True
EXP_2026_HOMEPAGE_RANK_V2,U000988,Control,2026-06-02,2026-06-03,True
EXP_2026_HOMEPAGE_RANK_V2,U017082,Control,2026-06-15,2026-06-20,True
EXP_2026_HOMEPAGE_RANK_V2,U001113,Treatment,2026-04-30,2026-04-30,True
EXP_2026_HOMEPAGE_RANK_V2,U012942,Control,2026-05-05,2026-05-10,True
EXP_2026_HOMEPAGE_RANK_V2,U019304,Treatment,2026-06-16,2026-06-18,True
EXP_2026_HOMEPAGE_RANK_V2,U013274,Treatment,2026-06-12,2026-06-14,True
EXP_2026_HOMEPAGE_RANK_V2,U014307,Treatment,2026-05-02,2026-05-04,True
EXP_2026_HOMEPAGE_RANK_V2,U008289,Treatment,2026-05-18,2026-05-18,True
EXP_2026_HOMEPAGE_RANK_V2,U024049,Treatment,2026-06-30,2026-07-03,True
EXP_2026_HOMEPAGE_RANK_V2,U006462,Treatment,2026-05-06,2026-05-11,True
EXP_2026_HOMEPAGE_RANK_V2,U021801,Treatment,2026-06-16,2026-06-17,True
EXP_2026_HOMEPAGE_RANK_V2,U007313,Control,2026-06-13,2026-06-13,True
EXP_2026_HOMEPAGE_RANK_V2,U001988,Control,2026-07-09,2026-07-10,True
EXP_2026_HOMEPAGE_RANK_V2,U010316,Treatment,2026-05-08,2026-05-10,True
EXP_2026_HOMEPAGE_RANK_V2,U005313,Control,2026-06-28,2026-06-30,True
EXP_2026_HOMEPAGE_RANK_V2,U005640,Treatment,2026-04-27,2026-04-29,True
EXP_2026_HOMEPAGE_RANK_V2,U011670,Control,2026-06-30,2026-07-05,True
EXP_2026_HOMEPAGE_RANK_V2,U003451,Treatment,2026-04-27,2026-04-30,True
EXP_2026_HOMEPAGE_RANK_V2,U001902,Control,2026-04-30,2026-05-01,True
EXP_2026_HOMEPAGE_RANK_V2,U021617,Control,2026-05-31,2026-05-31,True
EXP_2026_HOMEPAGE_RANK_V2,U012211,Control,2026-06-15,2026-06-15,True
EXP_2026_HOMEPAGE_RANK_V2,U007312,Treatment,2026-05-01,2026-05-05,True
EXP_2026_HOMEPAGE_RANK_V2,U015762,Treatment,2026-06-26,2026-06-27,True
EXP_2026_HOMEPAGE_RANK_V2,U020407,Control,2026-05-06,2026-05-06,True
EXP_2026_HOMEPAGE_RANK_V2,U003387,Control,2026-05-07,2026-05-07,True
EXP_2026_HOMEPAGE_RANK_V2,U014261,Treatment,2026-04-23,2026-04-26,True
EXP_2026_HOMEPAGE_RANK_V2,U013081,Treatment,2026-06-24,2026-06-24,True
EXP_2026_HOMEPAGE_RANK_V2,U004971,Control,2026-06-09,2026-06-12,False
EXP_2026_HOMEPAGE_RANK_V2,U022333,Control,2026-07-05,2026-07-05,True
EXP_2026_HOMEPAGE_RANK_V2,U009415,Control,2026-04-22,2026-04-23,True
EXP_2026_HOMEPAGE_RANK_V2,U013807,Control,2026-04-20,2026-04-20,True
EXP_2026_HOMEPAGE_RANK_V2,U024691,Treatment,2026-05-03,2026-05-07,True
EXP_2026_HOMEPAGE_RANK_V2,U023559,Treatment,2026-05-12,2026-05-16,True
EXP_2026_HOMEPAGE_RANK_V2,U019331,Control,2026-04-20,2026-04-23,True
EXP_2026_HOMEPAGE_RANK_V2,U002310,Control,2026-05-08,2026-05-13,True
EXP_2026_HOMEPAGE_RANK_V2,U005438,Control,2026-06-10,2026-06-14,True
EXP_2026_HOMEPAGE_RANK_V2,U012939,Control,2026-05-24,2026-05-29,True
EXP_2026_HOMEPAGE_RANK_V2,U009494,Control,2026-05-20,2026-05-22,True
EXP_2026_HOMEPAGE_RANK_V2,U022872,Control,2026-05-08,2026-05-09,True
EXP_2026_HOMEPAGE_RANK_V2,U013254,Control,2026-05-04,2026-05-09,True
EXP_2026_HOMEPAGE_RANK_V2,U020635,Control,2026-05-11,2026-05-13,True
EXP_2026_HOMEPAGE_RANK_V2,U012566,Treatment,2026-04-19,2026-04-22,True
EXP_2026_HOMEPAGE_RANK_V2,U011805,Treatment,2026-07-06,2026-07-08,True
EXP_2026_HOMEPAGE_RANK_V2,U007284,Treatment,2026-07-10,2026-07-15,True
EXP_2026_HOMEPAGE_RANK_V2,U008635,Control,2026-05-11,2026-05-14,True
EXP_2026_HOMEPAGE_RANK_V2,U005439,Treatment,2026-06-01,2026-06-04,False
EXP_2026_HOMEPAGE_RANK_V2,U021196,Treatment,2026-06-30,2026-06-30,True
EXP_2026_HOMEPAGE_RANK_V2,U006898,Treatment,2026-05-03,2026-05-08,True
EXP_2026_HOMEPAGE_RANK_V2,U005385,Control,2026-07-05,2026-07-07,True
EXP_2026_HOMEPAGE_RANK_V2,U000859,Treatment,2026-07-11,2026-07-15,False
EXP_2026_HOMEPAGE_RANK_V2,U007187,Treatment,2026-05-20,2026-05-20,True
EXP_2026_HOMEPAGE_RANK_V2,U001427,Control,2026-06-01,2026-06-02,True
EXP_2026_HOMEPAGE_RANK_V2,U000450,Control,2026-06-18,2026-06-20,True
EXP_2026_HOMEPAGE_RANK_V2,U005634,Control,2026-07-02,2026-07-05,False
EXP_2026_HOMEPAGE_RANK_V2,U016229,Control,2026-05-02,2026-05-03,True
EXP_2026_HOMEPAGE_RANK_V2,U014886,Treatment,2026-06-02,2026-06-04,True
EXP_2026_HOMEPAGE_RANK_V2,U005305,Control,2026-06-06,2026-06-06,False
EXP_2026_HOMEPAGE_RANK_V2,U023825,Treatment,2026-06-10,2026-06-10,True
EXP_2026_HOMEPAGE_RANK_V2,U013463,Treatment,2026-06-21,2026-06-21,False
EXP_2026_HOMEPAGE_RANK_V2,U005763,Control,2026-05-16,2026-05-20,True
EXP_2026_HOMEPAGE_RANK_V2,U003933,Control,2026-05-12,2026-05-15,True
EXP_2026_HOMEPAGE_RANK_V2,U018523,Treatment,2026-04-25,2026-04-27,True
EXP_2026_HOMEPAGE_RANK_V2,U002923,Control,2026-06-08,2026-06-10,True
EXP_2026_HOMEPAGE_RANK_V2,U001652,Control,2026-06-03,2026-06-06,True
EXP_2026_HOMEPAGE_RANK_V2,U008173,Control,2026-04-30,2026-05-05,True
EXP_2026_HOMEPAGE_RANK_V2,U004066,Control,2026-07-06,2026-07-07,True
EXP_2026_HOMEPAGE_RANK_V2,U024557,Control,2026-07-01,2026-07-03,True
EXP_2026_HOMEPAGE_RANK_V2,U000308,Treatment,2026-05-30,2026-06-03,True
EXP_2026_HOMEPAGE_RANK_V2,U008517,Treatment,2026-05-10,2026-05-12,True
EXP_2026_HOMEPAGE_RANK_V2,U015956,Treatment,2026-06-03,2026-06-06,True
EXP_2026_HOMEPAGE_RANK_V2,U016818,Control,2026-07-11,2026-07-11,True
EXP_2026_HOMEPAGE_RANK_V2,U022152,Control,2026-04-26,2026-05-01,True
EXP_2026_HOMEPAGE_RANK_V2,U000790,Control,2026-05-19,2026-05-24,True
EXP_2026_HOMEPAGE_RANK_V2,U000442,Control,2026-06-29,2026-07-02,True
EXP_2026_HOMEPAGE_RANK_V2,U022011,Treatment,2026-06-20,2026-06-24,True
EXP_2026_HOMEPAGE_RANK_V2,U020715,Treatment,2026-04-30,2026-05-05,True
EXP_2026_HOMEPAGE_RANK_V2,U020038,Control,2026-06-08,2026-06-09,True
EXP_2026_HOMEPAGE_RANK_V2,U013547,Control,2026-05-26,2026-05-27,True
EXP_2026_HOMEPAGE_RANK_V2,U005030,Control,2026-06-06,2026-06-07,True
EXP_2026_HOMEPAGE_RANK_V2,U021243,Control,2026-05-07,2026-05-07,True
EXP_2026_HOMEPAGE_RANK_V2,U019165,Control,2026-05-21,2026-05-25,True
EXP_2026_HOMEPAGE_RANK_V2,U012452,Treatment,2026-06-28,2026-07-02,True
EXP_2026_HOMEPAGE_RANK_V2,U016886,Treatment,2026-06-25,2026-06-25,True
EXP_2026_HOMEPAGE_RANK_V2,U005943,Treatment,2026-06-17,2026-06-22,True
EXP_2026_HOMEPAGE_RANK_V2,U005572,Treatment,2026-06-02,2026-06-05,True
EXP_2026_HOMEPAGE_RANK_V2,U005842,Treatment,2026-06-04,2026-06-05,False
EXP_2026_HOMEPAGE_RANK_V2,U001195,Control,2026-07-01,2026-07-01,True
EXP_2026_HOMEPAGE_RANK_V2,U014953,Treatment,2026-07-01,2026-07-05,True
EXP_2026_HOMEPAGE_RANK_V2,U003186,Treatment,2026-06-06,2026-06-08,True
EXP_2026_HOMEPAGE_RANK_V2,U022277,Control,2026-06-25,2026-06-27,True
EXP_2026_HOMEPAGE_RANK_V2,U012202,Treatment,2026-05-18,2026-05-23,True
EXP_2026_HOMEPAGE_RANK_V2,U000364,Treatment,2026-04-27,2026-04-29,True
EXP_2026_HOMEPAGE_RANK_V2,U016648,Control,2026-05-22,2026-05-24,True
EXP_2026_HOMEPAGE_RANK_V2,U014854,Treatment,2026-05-31,2026-06-02,True
EXP_2026_HOMEPAGE_RANK_V2,U013843,Treatment,2026-04-30,2026-05-02,True
EXP_2026_HOMEPAGE_RANK_V2,U017189,Treatment,2026-05-22,2026-05-23,True
EXP_2026_HOMEPAGE_RANK_V2,U013602,Control,2026-05-09,2026-05-12,True
EXP_2026_HOMEPAGE_RANK_V2,U024312,Treatment,2026-05-23,2026-05-27,True
EXP_2026_HOMEPAGE_RANK_V2,U003705,Treatment,2026-06-25,2026-06-30,True
EXP_2026_HOMEPAGE_RANK_V2,U020986,Treatment,2026-04-18,2026-04-19,True
EXP_2026_HOMEPAGE_RANK_V2,U024444,Control,2026-07-02,2026-07-04,True
EXP_2026_HOMEPAGE_RANK_V2,U009165,Treatment,2026-06-10,2026-06-12,True
EXP_2026_HOMEPAGE_RANK_V2,U014401,Treatment,2026-04-27,2026-04-30,True
EXP_2026_HOMEPAGE_RANK_V2,U016958,Control,2026-06-30,2026-07-03,True
EXP_2026_HOMEPAGE_RANK_V2,U022730,Treatment,2026-04-30,2026-05-05,True
EXP_2026_HOMEPAGE_RANK_V2,U002756,Control,2026-05-22,2026-05-26,True
EXP_2026_HOMEPAGE_RANK_V2,U003311,Treatment,2026-07-08,2026-07-11,True
EXP_2026_HOMEPAGE_RANK_V2,U009299,Treatment,2026-05-16,2026-05-16,True
EXP_2026_HOMEPAGE_RANK_V2,U021433,Treatment,2026-06-07,2026-06-07,False
EXP_2026_HOMEPAGE_RANK_V2,U024256,Control,2026-05-11,2026-05-14,True
EXP_2026_HOMEPAGE_RANK_V2,U010775,Control,2026-05-24,2026-05-25,True
EXP_2026_HOMEPAGE_RANK_V2,U022691,Control,2026-06-03,2026-06-03,True
EXP_2026_HOMEPAGE_RANK_V2,U003359,Treatment,2026-05-11,2026-05-14,True
EXP_2026_HOMEPAGE_RANK_V2,U005206,Treatment,2026-05-21,2026-05-25,False
EXP_2026_HOMEPAGE_RANK_V2,U015696,Control,2026-06-01,2026-06-02,True
EXP_2026_HOMEPAGE_RANK_V2,U021637,Treatment,2026-06-26,2026-06-28,True
EXP_2026_HOMEPAGE_RANK_V2,U018313,Treatment,2026-05-10,2026-05-13,True
EXP_2026_HOMEPAGE_RANK_V2,U004785,Control,2026-06-27,2026-07-02,True
EXP_2026_HOMEPAGE_RANK_V2,U004050,Treatment,2026-06-22,2026-06-22,True
EXP_2026_HOMEPAGE_RANK_V2,U023214,Control,2026-05-05,2026-05-09,True
EXP_2026_HOMEPAGE_RANK_V2,U019588,Control,2026-06-29,2026-07-04,True
EXP_2026_HOMEPAGE_RANK_V2,U020368,Control,2026-05-12,2026-05-14,False
EXP_2026_HOMEPAGE_RANK_V2,U023578,Control,2026-07-09,2026-07-09,True
EXP_2026_HOMEPAGE_RANK_V2,U014901,Control,2026-05-11,2026-05-12,True
EXP_2026_HOMEPAGE_RANK_V2,U008963,Treatment,2026-04-18,2026-04-20,True
EXP_2026_HOMEPAGE_RANK_V2,U013627,Control,2026-04-25,2026-04-27,True
EXP_2026_HOMEPAGE_RANK_V2,U017332,Control,2026-05-15,2026-05-19,True
EXP_2026_HOMEPAGE_RANK_V2,U024724,Control,2026-05-22,2026-05-23,True
EXP_2026_HOMEPAGE_RANK_V2,U010611,Treatment,2026-06-15,2026-06-16,True
EXP_2026_HOMEPAGE_RANK_V2,U011738,Treatment,2026-06-25,2026-06-29,True
EXP_2026_HOMEPAGE_RANK_V2,U022586,Control,2026-07-05,2026-07-06,True
EXP_2026_HOMEPAGE_RANK_V2,U015976,Control,2026-05-01,2026-05-03,True
EXP_2026_HOMEPAGE_RANK_V2,U007626,Treatment,2026-06-03,2026-06-06,True
EXP_2026_HOMEPAGE_RANK_V2,U018064,Control,2026-05-29,2026-06-01,True
EXP_2026_HOMEPAGE_RANK_V2,U000015,Control,2026-04-25,2026-04-26,True
EXP_2026_HOMEPAGE_RANK_V2,U004836,Control,2026-05-20,2026-05-23,True
EXP_2026_HOMEPAGE_RANK_V2,U016955,Treatment,2026-07-02,2026-07-07,True
EXP_2026_HOMEPAGE_RANK_V2,U008148,Control,2026-04-24,2026-04-25,True
EXP_2026_HOMEPAGE_RANK_V2,U014781,Control,2026-06-13,2026-06-13,True
EXP_2026_HOMEPAGE_RANK_V2,U022837,Control,2026-05-15,2026-05-17,True
EXP_2026_HOMEPAGE_RANK_V2,U015392,Control,2026-06-07,2026-06-11,True
EXP_2026_HOMEPAGE_RANK_V2,U005247,Control,2026-06-05,2026-06-08,True
EXP_2026_HOMEPAGE_RANK_V2,U023328,Treatment,2026-05-05,2026-05-10,True
EXP_2026_HOMEPAGE_RANK_V2,U011465,Control,2026-06-19,2026-06-22,True
EXP_2026_HOMEPAGE_RANK_V2,U002678,Treatment,2026-07-11,2026-07-15,True
EXP_2026_HOMEPAGE_RANK_V2,U014335,Control,2026-07-11,2026-07-13,True
EXP_2026_HOMEPAGE_RANK_V2,U024578,Treatment,2026-06-17,2026-06-21,True
EXP_2026_HOMEPAGE_RANK_V2,U008723,Control,2026-05-14,2026-05-14,True
EXP_2026_HOMEPAGE_RANK_V2,U021568,Control,2026-05-30,2026-06-01,True
EXP_2026_HOMEPAGE_RANK_V2,U003675,Control,2026-07-06,2026-07-08,True
EXP_2026_HOMEPAGE_RANK_V2,U009457,Treatment,2026-05-29,2026-06-03,False
EXP_2026_HOMEPAGE_RANK_V2,U001188,Control,2026-05-18,2026-05-20,True
EXP_2026_HOMEPAGE_RANK_V2,U013965,Treatment,2026-05-10,2026-05-10,True
EXP_2026_HOMEPAGE_RANK_V2,U017849,Control,2026-06-12,2026-06-13,True
EXP_2026_HOMEPAGE_RANK_V2,U019349,Control,2026-06-05,2026-06-07,True
EXP_2026_HOMEPAGE_RANK_V2,U003774,Treatment,2026-06-09,2026-06-14,True
EXP_2026_HOMEPAGE_RANK_V2,U009775,Control,2026-06-19,2026-06-23,False
EXP_2026_HOMEPAGE_RANK_V2,U017552,Control,2026-04-20,2026-04-20,True
EXP_2026_HOMEPAGE_RANK_V2,U003790,Treatment,2026-05-01,2026-05-03,True
EXP_2026_HOMEPAGE_RANK_V2,U021083,Treatment,2026-05-25,2026-05-30,True
EXP_2026_HOMEPAGE_RANK_V2,U016903,Control,2026-05-09,2026-05-13,True
EXP_2026_HOMEPAGE_RANK_V2,U009688,Treatment,2026-07-10,2026-07-13,True
EXP_2026_HOMEPAGE_RANK_V2,U007802,Control,2026-06-21,2026-06-22,True
EXP_2026_HOMEPAGE_RANK_V2,U013828,Treatment,2026-07-02,2026-07-05,True
EXP_2026_HOMEPAGE_RANK_V2,U001382,Treatment,2026-07-05,2026-07-06,True
EXP_2026_HOMEPAGE_RANK_V2,U006902,Control,2026-05-04,2026-05-06,False
EXP_2026_HOMEPAGE_RANK_V2,U002695,Control,2026-04-21,2026-04-23,True
EXP_2026_HOMEPAGE_RANK_V2,U015075,Control,2026-05-20,2026-05-21,True
EXP_2026_HOMEPAGE_RANK_V2,U019660,Control,2026-06-19,2026-06-22,True
EXP_2026_HOMEPAGE_RANK_V2,U012855,Treatment,2026-07-04,2026-07-09,True
EXP_2026_HOMEPAGE_RANK_V2,U008969,Control,2026-06-25,2026-06-25,True
EXP_2026_HOMEPAGE_RANK_V2,U022961,Treatment,2026-06-21,2026-06-23,True
EXP_2026_HOMEPAGE_RANK_V2,U024839,Control,2026-05-06,2026-05-07,True
EXP_2026_HOMEPAGE_RANK_V2,U016421,Treatment,2026-05-28,2026-05-28,True
EXP_2026_HOMEPAGE_RANK_V2,U021540,Treatment,2026-06-06,2026-06-07,True
EXP_2026_HOMEPAGE_RANK_V2,U012546,Treatment,2026-05-26,2026-05-30,True
EXP_2026_HOMEPAGE_RANK_V2,U020759,Control,2026-05-13,2026-05-18,True
EXP_2026_HOMEPAGE_RANK_V2,U006720,Treatment,2026-06-08,2026-06-08,True
EXP_2026_HOMEPAGE_RANK_V2,U001822,Control,2026-04-27,2026-05-02,True
EXP_2026_HOMEPAGE_RANK_V2,U004587,Control,2026-04-24,2026-04-26,True
EXP_2026_HOMEPAGE_RANK_V2,U014818,Control,2026-06-17,2026-06-20,True
EXP_2026_HOMEPAGE_RANK_V2,U019252,Control,2026-05-07,2026-05-08,True
EXP_2026_HOMEPAGE_RANK_V2,U002450,Treatment,2026-06-13,2026-06-18,True
EXP_2026_HOMEPAGE_RANK_V2,U012377,Control,2026-06-06,2026-06-11,True
EXP_2026_HOMEPAGE_RANK_V2,U010694,Control,2026-04-29,2026-04-30,True
EXP_2026_HOMEPAGE_RANK_V2,U016906,Treatment,2026-05-18,2026-05-21,True
EXP_2026_HOMEPAGE_RANK_V2,U001269,Treatment,2026-06-18,2026-06-21,True
EXP_2026_HOMEPAGE_RANK_V2,U008515,Treatment,2026-07-03,2026-07-08,True
EXP_2026_HOMEPAGE_RANK_V2,U016837,Treatment,2026-05-02,2026-05-07,True
EXP_2026_HOMEPAGE_RANK_V2,U021714,Treatment,2026-06-08,2026-06-13,True
EXP_2026_HOMEPAGE_RANK_V2,U017634,Treatment,2026-05-29,2026-06-01,True
EXP_2026_HOMEPAGE_RANK_V2,U023844,Control,2026-06-30,2026-07-02,True
EXP_2026_HOMEPAGE_RANK_V2,U013987,Treatment,2026-05-31,2026-06-01,True
EXP_2026_HOMEPAGE_RANK_V2,U014430,Treatment,2026-05-09,2026-05-09,False
EXP_2026_HOMEPAGE_RANK_V2,U023946,Control,2026-05-16,2026-05-16,True
EXP_2026_HOMEPAGE_RANK_V2,U014999,Control,2026-06-12,2026-06-17,True
EXP_2026_HOMEPAGE_RANK_V2,U024520,Control,2026-07-07,2026-07-10,True
EXP_2026_HOMEPAGE_RANK_V2,U020502,Control,2026-04-18,2026-04-23,True
EXP_2026_HOMEPAGE_RANK_V2,U000949,Control,2026-04-24,2026-04-29,True
EXP_2026_HOMEPAGE_RANK_V2,U013584,Control,2026-05-01,2026-05-05,True
EXP_2026_HOMEPAGE_RANK_V2,U002513,Treatment,2026-06-23,2026-06-23,True
EXP_2026_HOMEPAGE_RANK_V2,U023379,Treatment,2026-04-22,2026-04-22,True
EXP_2026_HOMEPAGE_RANK_V2,U002825,Control,2026-06-07,2026-06-10,True
EXP_2026_HOMEPAGE_RANK_V2,U011587,Treatment,2026-06-15,2026-06-15,True
EXP_2026_HOMEPAGE_RANK_V2,U003874,Control,2026-05-16,2026-05-21,True
EXP_2026_HOMEPAGE_RANK_V2,U023546,Treatment,2026-05-05,2026-05-05,True
EXP_2026_HOMEPAGE_RANK_V2,U023950,Treatment,2026-05-02,2026-05-02,True
EXP_2026_HOMEPAGE_RANK_V2,U000460,Control,2026-06-22,2026-06-26,True
EXP_2026_HOMEPAGE_RANK_V2,U018002,Control,2026-07-07,2026-07-07,True
EXP_2026_HOMEPAGE_RANK_V2,U011996,Treatment,2026-04-28,2026-04-28,True
EXP_2026_HOMEPAGE_RANK_V2,U000862,Control,2026-06-06,2026-06-09,True
EXP_2026_HOMEPAGE_RANK_V2,U010551,Treatment,2026-05-04,2026-05-06,True
EXP_2026_HOMEPAGE_RANK_V2,U021986,Control,2026-05-06,2026-05-10,True
EXP_2026_HOMEPAGE_RANK_V2,U007413,Treatment,2026-06-19,2026-06-24,True
EXP_2026_HOMEPAGE_RANK_V2,U018133,Control,2026-06-03,2026-06-07,True
EXP_2026_HOMEPAGE_RANK_V2,U003047,Treatment,2026-04-21,2026-04-25,True
EXP_2026_HOMEPAGE_RANK_V2,U024165,Control,2026-06-25,2026-06-30,True
EXP_2026_HOMEPAGE_RANK_V2,U000919,Control,2026-05-10,2026-05-10,True
EXP_2026_HOMEPAGE_RANK_V2,U003304,Treatment,2026-06-01,2026-06-06,True
EXP_2026_HOMEPAGE_RANK_V2,U011556,Treatment,2026-05-18,2026-05-19,True
EXP_2026_HOMEPAGE_RANK_V2,U009794,Control,2026-06-28,2026-06-30,True
EXP_2026_HOMEPAGE_RANK_V2,U023690,Treatment,2026-04-27,2026-04-30,True
EXP_2026_HOMEPAGE_RANK_V2,U006290,Control,2026-06-24,2026-06-24,True
EXP_2026_HOMEPAGE_RANK_V2,U002333,Control,2026-05-24,2026-05-28,True
EXP_2026_HOMEPAGE_RANK_V2,U020270,Treatment,2026-05-16,2026-05-18,True
EXP_2026_HOMEPAGE_RANK_V2,U001116,Control,2026-05-07,2026-05-11,True
EXP_2026_HOMEPAGE_RANK_V2,U014968,Control,2026-07-06,2026-07-09,True
EXP_2026_HOMEPAGE_RANK_V2,U009498,Treatment,2026-05-14,2026-05-15,True
EXP_2026_HOMEPAGE_RANK_V2,U023492,Control,2026-05-20,2026-05-23,True
EXP_2026_HOMEPAGE_RANK_V2,U005946,Control,2026-06-09,2026-06-14,True
EXP_2026_HOMEPAGE_RANK_V2,U018948,Control,2026-04-19,2026-04-19,True
EXP_2026_HOMEPAGE_RANK_V2,U016424,Control,2026-06-05,2026-06-06,True
EXP_2026_HOMEPAGE_RANK_V2,U013327,Treatment,2026-05-19,2026-05-20,True
EXP_2026_HOMEPAGE_RANK_V2,U016078,Control,2026-04-24,2026-04-27,True
EXP_2026_HOMEPAGE_RANK_V2,U008504,Control,2026-05-22,2026-05-23,True
EXP_2026_HOMEPAGE_RANK_V2,U019108,Treatment,2026-04-26,2026-05-01,True
EXP_2026_HOMEPAGE_RANK_V2,U006686,Control,2026-06-22,2026-06-27,True
EXP_2026_HOMEPAGE_RANK_V2,U004438,Treatment,2026-07-07,2026-07-07,True
EXP_2026_HOMEPAGE_RANK_V2,U004080,Control,2026-06-28,2026-07-02,True
EXP_2026_HOMEPAGE_RANK_V2,U017517,Control,2026-06-02,2026-06-03,False
EXP_2026_HOMEPAGE_RANK_V2,U004796,Treatment,2026-06-20,2026-06-22,True
EXP_2026_HOMEPAGE_RANK_V2,U021683,Treatment,2026-07-07,2026-07-10,True
EXP_2026_HOMEPAGE_RANK_V2,U003323,Treatment,2026-06-27,2026-07-01,True
EXP_2026_HOMEPAGE_RANK_V2,U020814,Control,2026-07-04,2026-07-06,True
EXP_2026_HOMEPAGE_RANK_V2,U018265,Control,2026-06-25,2026-06-30,True
EXP_2026_HOMEPAGE_RANK_V2,U000453,Treatment,2026-07-02,2026-07-05,True
EXP_2026_HOMEPAGE_RANK_V2,U010536,Treatment,2026-05-23,2026-05-25,True
EXP_2026_HOMEPAGE_RANK_V2,U019081,Treatment,2026-06-14,2026-06-15,True
EXP_2026_HOMEPAGE_RANK_V2,U016124,Control,2026-05-27,2026-05-30,True
EXP_2026_HOMEPAGE_RANK_V2,U004960,Control,2026-05-09,2026-05-11,False
EXP_2026_HOMEPAGE_RANK_V2,U009108,Control,2026-04-18,2026-04-19,False
EXP_2026_HOMEPAGE_RANK_V2,U006960,Control,2026-07-06,2026-07-11,True
EXP_2026_HOMEPAGE_RANK_V2,U021648,Treatment,2026-05-09,2026-05-09,True
EXP_2026_HOMEPAGE_RANK_V2,U007075,Treatment,2026-05-17,2026-05-19,True
EXP_2026_HOMEPAGE_RANK_V2,U014270,Treatment,2026-06-04,2026-06-09,True
EXP_2026_HOMEPAGE_RANK_V2,U018450,Treatment,2026-07-01,2026-07-02,True
EXP_2026_HOMEPAGE_RANK_V2,U003463,Treatment,2026-05-10,2026-05-11,True
EXP_2026_HOMEPAGE_RANK_V2,U000038,Treatment,2026-05-14,2026-05-14,True
EXP_2026_HOMEPAGE_RANK_V2,U008123,Control,2026-05-07,2026-05-11,True
EXP_2026_HOMEPAGE_RANK_V2,U016160,Control,2026-06-05,2026-06-05,True
EXP_2026_HOMEPAGE_RANK_V2,U018013,Treatment,2026-06-16,2026-06-21,True
EXP_2026_HOMEPAGE_RANK_V2,U021376,Control,2026-06-21,2026-06-22,False
EXP_2026_HOMEPAGE_RANK_V2,U021396,Treatment,2026-04-26,2026-04-28,False
EXP_2026_HOMEPAGE_RANK_V2,U021930,Treatment,2026-06-24,2026-06-27,True
EXP_2026_HOMEPAGE_RANK_V2,U010977,Treatment,2026-05-03,2026-05-07,True
EXP_2026_HOMEPAGE_RANK_V2,U021527,Treatment,2026-05-09,2026-05-11,True
EXP_2026_HOMEPAGE_RANK_V2,U011093,Control,2026-06-12,2026-06-12,True
EXP_2026_HOMEPAGE_RANK_V2,U015995,Treatment,2026-04-27,2026-05-02,True
EXP_2026_HOMEPAGE_RANK_V2,U002970,Control,2026-06-24,2026-06-26,True
EXP_2026_HOMEPAGE_RANK_V2,U008389,Control,2026-06-09,2026-06-09,True
EXP_2026_HOMEPAGE_RANK_V2,U004772,Treatment,2026-05-15,2026-05-16,True
EXP_2026_HOMEPAGE_RANK_V2,U006099,Treatment,2026-04-21,2026-04-23,True
EXP_2026_HOMEPAGE_RANK_V2,U015601,Treatment,2026-06-20,2026-06-22,True
EXP_2026_HOMEPAGE_RANK_V2,U018752,Control,2026-06-09,2026-06-09,True
EXP_2026_HOMEPAGE_RANK_V2,U001412,Treatment,2026-07-07,2026-07-10,True
EXP_2026_HOMEPAGE_RANK_V2,U001926,Treatment,2026-04-21,2026-04-23,True
EXP_2026_HOMEPAGE_RANK_V2,U011940,Control,2026-04-27,2026-04-29,True
EXP_2026_HOMEPAGE_RANK_V2,U010882,Treatment,2026-05-07,2026-05-08,True
EXP_2026_HOMEPAGE_RANK_V2,U015181,Treatment,2026-07-02,2026-07-02,True
EXP_2026_HOMEPAGE_RANK_V2,U011739,Treatment,2026-04-21,2026-04-24,True
EXP_2026_HOMEPAGE_RANK_V2,U012857,Treatment,2026-05-18,2026-05-19,True
EXP_2026_HOMEPAGE_RANK_V2,U004954,Control,2026-06-19,2026-06-22,True
EXP_2026_HOMEPAGE_RANK_V2,U003629,Treatment,2026-04-25,2026-04-27,True
EXP_2026_HOMEPAGE_RANK_V2,U019026,Treatment,2026-05-11,2026-05-12,True
EXP_2026_HOMEPAGE_RANK_V2,U020543,Treatment,2026-06-11,2026-06-13,True
EXP_2026_HOMEPAGE_RANK_V2,U022960,Control,2026-06-20,2026-06-23,True
EXP_2026_HOMEPAGE_RANK_V2,U016633,Treatment,2026-06-16,2026-06-17,True
EXP_2026_HOMEPAGE_RANK_V2,U010289,Control,2026-06-13,2026-06-14,True
EXP_2026_HOMEPAGE_RANK_V2,U007186,Treatment,2026-06-07,2026-06-10,True
EXP_2026_HOMEPAGE_RANK_V2,U001383,Control,2026-04-25,2026-04-26,True
EXP_2026_HOMEPAGE_RANK_V2,U006602,Control,2026-06-19,2026-06-23,True
EXP_2026_HOMEPAGE_RANK_V2,U019740,Treatment,2026-06-01,2026-06-04,True
EXP_2026_HOMEPAGE_RANK_V2,U010747,Control,2026-07-04,2026-07-05,True
EXP_2026_HOMEPAGE_RANK_V2,U018723,Control,2026-05-17,2026-05-21,True
EXP_2026_HOMEPAGE_RANK_V2,U008770,Control,2026-06-18,2026-06-19,True
EXP_2026_HOMEPAGE_RANK_V2,U020430,Control,2026-06-13,2026-06-16,True
EXP_2026_HOMEPAGE_RANK_V2,U005037,Control,2026-04-22,2026-04-22,True
EXP_2026_HOMEPAGE_RANK_V2,U024415,Control,2026-06-09,2026-06-10,True
EXP_2026_HOMEPAGE_RANK_V2,U018757,Control,2026-07-10,2026-07-12,True
EXP_2026_HOMEPAGE_RANK_V2,U008694,Control,2026-06-08,2026-06-09,True
EXP_2026_HOMEPAGE_RANK_V2,U022688,Control,2026-05-30,2026-05-31,True
EXP_2026_HOMEPAGE_RANK_V2,U011324,Control,2026-05-30,2026-06-03,True
EXP_2026_HOMEPAGE_RANK_V2,U021912,Control,2026-06-03,2026-06-08,True
EXP_2026_HOMEPAGE_RANK_V2,U006880,Control,2026-06-18,2026-06-19,True
EXP_2026_HOMEPAGE_RANK_V2,U023299,Treatment,2026-06-12,2026-06-17,True
EXP_2026_HOMEPAGE_RANK_V2,U022607,Treatment,2026-07-09,2026-07-13,True
EXP_2026_HOMEPAGE_RANK_V2,U019584,Control,2026-06-29,2026-07-04,True
EXP_2026_HOMEPAGE_RANK_V2,U003845,Treatment,2026-05-20,2026-05-21,True
EXP_2026_HOMEPAGE_RANK_V2,U013342,Control,2026-06-05,2026-06-05,True
EXP_2026_HOMEPAGE_RANK_V2,U022731,Treatment,2026-06-28,2026-06-29,False
EXP_2026_HOMEPAGE_RANK_V2,U020376,Treatment,2026-05-03,2026-05-04,True
EXP_2026_HOMEPAGE_RANK_V2,U022684,Treatment,2026-06-26,2026-07-01,True
EXP_2026_HOMEPAGE_RANK_V2,U020235,Control,2026-05-25,2026-05-29,True
EXP_2026_HOMEPAGE_RANK_V2,U003091,Treatment,2026-05-14,2026-05-16,True
EXP_2026_HOMEPAGE_RANK_V2,U007484,Treatment,2026-06-24,2026-06-24,True
EXP_2026_HOMEPAGE_RANK_V2,U004535,Treatment,2026-07-09,2026-07-09,True
EXP_2026_HOMEPAGE_RANK_V2,U013225,Control,2026-06-03,2026-06-07,True
EXP_2026_HOMEPAGE_RANK_V2,U019510,Control,2026-06-03,2026-06-05,False
EXP_2026_HOMEPAGE_RANK_V2,U013376,Control,2026-05-01,2026-05-06,True
EXP_2026_HOMEPAGE_RANK_V2,U002208,Treatment,2026-05-14,2026-05-16,True
EXP_2026_HOMEPAGE_RANK_V2,U016983,Treatment,2026-04-30,2026-05-01,True
EXP_2026_HOMEPAGE_RANK_V2,U021969,Treatment,2026-06-26,2026-06-27,True
EXP_2026_HOMEPAGE_RANK_V2,U022331,Treatment,2026-04-27,2026-04-27,True
EXP_2026_HOMEPAGE_RANK_V2,U018805,Control,2026-04-27,2026-04-28,True
EXP_2026_HOMEPAGE_RANK_V2,U000767,Control,2026-04-19,2026-04-22,True
EXP_2026_HOMEPAGE_RANK_V2,U024726,Control,2026-05-25,2026-05-26,True
EXP_2026_HOMEPAGE_RANK_V2,U012744,Treatment,2026-05-19,2026-05-20,True
EXP_2026_HOMEPAGE_RANK_V2,U002429,Control,2026-06-21,2026-06-26,True
EXP_2026_HOMEPAGE_RANK_V2,U010152,Control,2026-06-23,2026-06-27,True
EXP_2026_HOMEPAGE_RANK_V2,U004390,Control,2026-06-08,2026-06-10,True
EXP_2026_HOMEPAGE_RANK_V2,U017818,Control,2026-04-30,2026-04-30,True
EXP_2026_HOMEPAGE_RANK_V2,U017587,Control,2026-05-18,2026-05-23,True
EXP_2026_HOMEPAGE_RANK_V2,U014066,Treatment,2026-04-25,2026-04-26,True
EXP_2026_HOMEPAGE_RANK_V2,U019000,Treatment,2026-05-04,2026-05-05,True
EXP_2026_HOMEPAGE_RANK_V2,U023808,Treatment,2026-05-09,2026-05-10,True
EXP_2026_HOMEPAGE_RANK_V2,U010737,Control,2026-06-13,2026-06-13,True
EXP_2026_HOMEPAGE_RANK_V2,U009433,Control,2026-07-02,2026-07-03,True
EXP_2026_HOMEPAGE_RANK_V2,U005918,Treatment,2026-05-10,2026-05-10,True
EXP_2026_HOMEPAGE_RANK_V2,U022636,Treatment,2026-05-15,2026-05-15,True
EXP_2026_HOMEPAGE_RANK_V2,U008013,Treatment,2026-04-29,2026-05-04,True
EXP_2026_HOMEPAGE_RANK_V2,U024142,Control,2026-05-04,2026-05-06,True
EXP_2026_HOMEPAGE_RANK_V2,U003361,Control,2026-07-11,2026-07-16,True
EXP_2026_HOMEPAGE_RANK_V2,U019035,Control,2026-05-02,2026-05-02,True
EXP_2026_HOMEPAGE_RANK_V2,U005032,Treatment,2026-06-11,2026-06-16,True
EXP_2026_HOMEPAGE_RANK_V2,U005900,Treatment,2026-06-16,2026-06-21,True
EXP_2026_HOMEPAGE_RANK_V2,U018594,Control,2026-05-04,2026-05-07,True
EXP_2026_HOMEPAGE_RANK_V2,U000947,Control,2026-06-16,2026-06-17,True
EXP_2026_HOMEPAGE_RANK_V2,U015614,Treatment,2026-05-01,2026-05-03,True
EXP_2026_HOMEPAGE_RANK_V2,U010986,Treatment,2026-05-02,2026-05-03,True
EXP_2026_HOMEPAGE_RANK_V2,U001023,Treatment,2026-04-26,2026-04-26,True
EXP_2026_HOMEPAGE_RANK_V2,U006492,Treatment,2026-05-21,2026-05-23,True
EXP_2026_HOMEPAGE_RANK_V2,U023226,Control,2026-06-03,2026-06-08,True
EXP_2026_HOMEPAGE_RANK_V2,U005132,Treatment,2026-06-24,2026-06-29,True
EXP_2026_HOMEPAGE_RANK_V2,U013934,Control,2026-06-13,2026-06-18,True
EXP_2026_HOMEPAGE_RANK_V2,U008715,Control,2026-04-29,2026-05-02,True
EXP_2026_HOMEPAGE_RANK_V2,U016695,Control,2026-07-11,2026-07-16,True
EXP_2026_HOMEPAGE_RANK_V2,U021093,Treatment,2026-06-12,2026-06-16,True
EXP_2026_HOMEPAGE_RANK_V2,U011963,Treatment,2026-06-28,2026-07-01,True
EXP_2026_HOMEPAGE_RANK_V2,U022997,Treatment,2026-06-10,2026-06-13,True
EXP_2026_HOMEPAGE_RANK_V2,U005284,Treatment,2026-06-12,2026-06-14,True
EXP_2026_HOMEPAGE_RANK_V2,U009395,Control,2026-04-26,2026-04-26,True
EXP_2026_HOMEPAGE_RANK_V2,U000267,Treatment,2026-06-11,2026-06-15,True
EXP_2026_HOMEPAGE_RANK_V2,U006223,Treatment,2026-06-11,2026-06-12,True
EXP_2026_HOMEPAGE_RANK_V2,U015838,Control,2026-07-05,2026-07-08,True
EXP_2026_HOMEPAGE_RANK_V2,U019282,Control,2026-05-05,2026-05-06,True
EXP_2026_HOMEPAGE_RANK_V2,U014165,Control,2026-06-11,2026-06-11,True
EXP_2026_HOMEPAGE_RANK_V2,U021277,Treatment,2026-05-01,2026-05-02,True
EXP_2026_HOMEPAGE_RANK_V2,U016874,Control,2026-06-07,2026-06-10,True
EXP_2026_HOMEPAGE_RANK_V2,U000744,Control,2026-06-02,2026-06-04,True
EXP_2026_HOMEPAGE_RANK_V2,U022633,Control,2026-06-11,2026-06-12,True
EXP_2026_HOMEPAGE_RANK_V2,U010079,Control,2026-05-14,2026-05-15,True
EXP_2026_HOMEPAGE_RANK_V2,U007231,Treatment,2026-07-06,2026-07-08,True
EXP_2026_HOMEPAGE_RANK_V2,U016530,Control,2026-05-22,2026-05-24,True
EXP_2026_HOMEPAGE_RANK_V2,U000371,Treatment,2026-06-29,2026-07-03,True
EXP_2026_HOMEPAGE_RANK_V2,U003440,Control,2026-07-07,2026-07-12,True
EXP_2026_HOMEPAGE_RANK_V2,U007942,Control,2026-05-04,2026-05-04,True
EXP_2026_HOMEPAGE_RANK_V2,U022336,Control,2026-05-29,2026-05-29,True
EXP_2026_HOMEPAGE_RANK_V2,U003291,Treatment,2026-05-07,2026-05-09,True
EXP_2026_HOMEPAGE_RANK_V2,U005736,Treatment,2026-05-08,2026-05-10,True
EXP_2026_HOMEPAGE_RANK_V2,U015836,Treatment,2026-06-14,2026-06-15,True
EXP_2026_HOMEPAGE_RANK_V2,U018598,Treatment,2026-06-22,2026-06-26,True
EXP_2026_HOMEPAGE_RANK_V2,U021070,Treatment,2026-06-12,2026-06-14,True
EXP_2026_HOMEPAGE_RANK_V2,U009239,Treatment,2026-07-05,2026-07-10,True
EXP_2026_HOMEPAGE_RANK_V2,U019502,Treatment,2026-05-21,2026-05-25,True
EXP_2026_HOMEPAGE_RANK_V2,U002321,Control,2026-05-23,2026-05-27,True
EXP_2026_HOMEPAGE_RANK_V2,U009540,Control,2026-06-24,2026-06-29,True
EXP_2026_HOMEPAGE_RANK_V2,U018212,Treatment,2026-05-24,2026-05-25,True
EXP_2026_HOMEPAGE_RANK_V2,U021418,Control,2026-04-21,2026-04-21,True
EXP_2026_HOMEPAGE_RANK_V2,U009604,Control,2026-06-15,2026-06-17,True
EXP_2026_HOMEPAGE_RANK_V2,U018578,Control,2026-04-23,2026-04-24,True
EXP_2026_HOMEPAGE_RANK_V2,U010162,Control,2026-06-07,2026-06-08,True
EXP_2026_HOMEPAGE_RANK_V2,U015784,Control,2026-06-13,2026-06-15,True
EXP_2026_HOMEPAGE_RANK_V2,U007952,Control,2026-06-17,2026-06-22,True
EXP_2026_HOMEPAGE_RANK_V2,U024647,Treatment,2026-05-24,2026-05-27,False
EXP_2026_HOMEPAGE_RANK_V2,U019988,Treatment,2026-06-16,2026-06-18,True
EXP_2026_HOMEPAGE_RANK_V2,U005988,Treatment,2026-07-06,2026-07-10,False
EXP_2026_HOMEPAGE_RANK_V2,U019248,Control,2026-05-09,2026-05-12,True
EXP_2026_HOMEPAGE_RANK_V2,U000389,Treatment,2026-04-19,2026-04-21,True
EXP_2026_HOMEPAGE_RANK_V2,U017077,Treatment,2026-06-11,2026-06-14,True
EXP_2026_HOMEPAGE_RANK_V2,U000693,Treatment,2026-04-27,2026-05-02,False
EXP_2026_HOMEPAGE_RANK_V2,U004926,Control,2026-04-28,2026-05-02,True
EXP_2026_HOMEPAGE_RANK_V2,U016730,Treatment,2026-06-25,2026-06-30,True
EXP_2026_HOMEPAGE_RANK_V2,U014078,Treatment,2026-04-26,2026-05-01,True
EXP_2026_HOMEPAGE_RANK_V2,U022808,Control,2026-06-29,2026-07-04,False
EXP_2026_HOMEPAGE_RANK_V2,U019064,Treatment,2026-05-05,2026-05-05,True
EXP_2026_HOMEPAGE_RANK_V2,U014396,Treatment,2026-04-24,2026-04-27,True
EXP_2026_HOMEPAGE_RANK_V2,U023599,Treatment,2026-05-26,2026-05-30,True
EXP_2026_HOMEPAGE_RANK_V2,U019682,Treatment,2026-05-16,2026-05-20,True
EXP_2026_HOMEPAGE_RANK_V2,U010860,Control,2026-06-12,2026-06-17,True
EXP_2026_HOMEPAGE_RANK_V2,U002158,Treatment,2026-04-19,2026-04-23,True
EXP_2026_HOMEPAGE_RANK_V2,U009030,Treatment,2026-04-19,2026-04-20,True
EXP_2026_HOMEPAGE_RANK_V2,U010854,Treatment,2026-05-20,2026-05-25,True
EXP_2026_HOMEPAGE_RANK_V2,U014647,Control,2026-06-11,2026-06-14,True
EXP_2026_HOMEPAGE_RANK_V2,U005641,Treatment,2026-05-29,2026-06-02,True
EXP_2026_HOMEPAGE_RANK_V2,U001051,Treatment,2026-07-07,2026-07-10,True
EXP_2026_HOMEPAGE_RANK_V2,U020906,Control,2026-05-15,2026-05-20,True
EXP_2026_HOMEPAGE_RANK_V2,U007085,Control,2026-06-10,2026-06-11,True
EXP_2026_HOMEPAGE_RANK_V2,U015175,Treatment,2026-06-05,2026-06-08,True
EXP_2026_HOMEPAGE_RANK_V2,U021237,Control,2026-06-11,2026-06-14,True
EXP_2026_HOMEPAGE_RANK_V2,U016645,Control,2026-06-08,2026-06-09,True
EXP_2026_HOMEPAGE_RANK_V2,U015854,Treatment,2026-07-10,2026-07-13,True
EXP_2026_HOMEPAGE_RANK_V2,U014459,Control,2026-05-24,2026-05-27,True
EXP_2026_HOMEPAGE_RANK_V2,U002218,Treatment,2026-06-16,2026-06-17,True
EXP_2026_HOMEPAGE_RANK_V2,U021308,Control,2026-05-07,2026-05-07,True
EXP_2026_HOMEPAGE_RANK_V2,U024486,Treatment,2026-05-27,2026-06-01,True
EXP_2026_HOMEPAGE_RANK_V2,U005387,Control,2026-06-24,2026-06-27,False
EXP_2026_HOMEPAGE_RANK_V2,U005613,Treatment,2026-07-10,2026-07-11,True
EXP_2026_HOMEPAGE_RANK_V2,U019894,Treatment,2026-05-12,2026-05-17,True
EXP_2026_HOMEPAGE_RANK_V2,U015044,Control,2026-05-08,2026-05-12,True
EXP_2026_HOMEPAGE_RANK_V2,U003242,Control,2026-05-03,2026-05-07,True
EXP_2026_HOMEPAGE_RANK_V2,U024270,Control,2026-05-12,2026-05-15,True
EXP_2026_HOMEPAGE_RANK_V2,U013430,Treatment,2026-06-27,2026-06-29,True
EXP_2026_HOMEPAGE_RANK_V2,U010057,Control,2026-05-26,2026-05-26,True
EXP_2026_HOMEPAGE_RANK_V2,U010242,Control,2026-07-05,2026-07-06,True
EXP_2026_HOMEPAGE_RANK_V2,U013752,Control,2026-05-12,2026-05-13,True
EXP_2026_HOMEPAGE_RANK_V2,U007126,Treatment,2026-05-04,2026-05-06,True
EXP_2026_HOMEPAGE_RANK_V2,U023146,Control,2026-05-23,2026-05-27,True
EXP_2026_HOMEPAGE_RANK_V2,U023967,Control,2026-05-09,2026-05-10,True
EXP_2026_HOMEPAGE_RANK_V2,U007521,Treatment,2026-05-06,2026-05-11,True
EXP_2026_HOMEPAGE_RANK_V2,U005047,Control,2026-06-25,2026-06-25,True
EXP_2026_HOMEPAGE_RANK_V2,U014406,Control,2026-04-26,2026-04-30,True
EXP_2026_HOMEPAGE_RANK_V2,U023252,Control,2026-07-09,2026-07-09,True
EXP_2026_HOMEPAGE_RANK_V2,U001166,Control,2026-04-23,2026-04-24,True
EXP_2026_HOMEPAGE_RANK_V2,U013621,Treatment,2026-04-20,2026-04-24,True
EXP_2026_HOMEPAGE_RANK_V2,U017392,Treatment,2026-07-09,2026-07-10,True
EXP_2026_HOMEPAGE_RANK_V2,U024027,Treatment,2026-05-23,2026-05-27,True
EXP_2026_HOMEPAGE_RANK_V2,U009006,Control,2026-07-04,2026-07-08,True
EXP_2026_HOMEPAGE_RANK_V2,U013204,Control,2026-05-05,2026-05-08,True
EXP_2026_HOMEPAGE_RANK_V2,U014567,Treatment,2026-05-30,2026-06-02,True
EXP_2026_HOMEPAGE_RANK_V2,U000087,Control,2026-05-05,2026-05-05,True
EXP_2026_HOMEPAGE_RANK_V2,U010555,Treatment,2026-06-23,2026-06-28,True
EXP_2026_HOMEPAGE_RANK_V2,U005727,Treatment,2026-06-11,2026-06-16,True
EXP_2026_HOMEPAGE_RANK_V2,U002887,Treatment,2026-06-24,2026-06-24,True
EXP_2026_HOMEPAGE_RANK_V2,U017784,Treatment,2026-06-22,2026-06-27,True
EXP_2026_HOMEPAGE_RANK_V2,U014897,Control,2026-05-11,2026-05-13,True
EXP_2026_HOMEPAGE_RANK_V2,U008324,Control,2026-05-07,2026-05-10,True
EXP_2026_HOMEPAGE_RANK_V2,U015284,Treatment,2026-07-10,2026-07-12,True
EXP_2026_HOMEPAGE_RANK_V2,U020798,Treatment,2026-05-13,2026-05-14,True
EXP_2026_HOMEPAGE_RANK_V2,U020861,Treatment,2026-06-14,2026-06-17,True
EXP_2026_HOMEPAGE_RANK_V2,U016352,Treatment,2026-06-13,2026-06-15,True
EXP_2026_HOMEPAGE_RANK_V2,U004842,Control,2026-06-14,2026-06-16,False
EXP_2026_HOMEPAGE_RANK_V2,U011948,Treatment,2026-06-13,2026-06-16,True
EXP_2026_HOMEPAGE_RANK_V2,U011583,Treatment,2026-05-30,2026-06-04,True
EXP_2026_HOMEPAGE_RANK_V2,U020035,Control,2026-06-26,2026-06-30,True
EXP_2026_HOMEPAGE_RANK_V2,U008814,Treatment,2026-06-10,2026-06-10,True
EXP_2026_HOMEPAGE_RANK_V2,U016415,Control,2026-05-07,2026-05-07,True
EXP_2026_HOMEPAGE_RANK_V2,U015491,Treatment,2026-05-18,2026-05-23,True
EXP_2026_HOMEPAGE_RANK_V2,U023646,Control,2026-05-16,2026-05-16,True
EXP_2026_HOMEPAGE_RANK_V2,U000498,Control,2026-06-08,2026-06-12,True
EXP_2026_HOMEPAGE_RANK_V2,U012251,Treatment,2026-04-19,2026-04-21,True
EXP_2026_HOMEPAGE_RANK_V2,U023463,Treatment,2026-06-07,2026-06-08,True
EXP_2026_HOMEPAGE_RANK_V2,U002378,Treatment,2026-05-10,2026-05-15,True
EXP_2026_HOMEPAGE_RANK_V2,U013937,Control,2026-04-29,2026-05-02,True
EXP_2026_HOMEPAGE_RANK_V2,U001303,Treatment,2026-06-19,2026-06-23,True
EXP_2026_HOMEPAGE_RANK_V2,U012835,Control,2026-06-16,2026-06-21,True
EXP_2026_HOMEPAGE_RANK_V2,U005224,Control,2026-05-06,2026-05-11,True
EXP_2026_HOMEPAGE_RANK_V2,U011667,Treatment,2026-07-11,2026-07-11,True
EXP_2026_HOMEPAGE_RANK_V2,U019053,Treatment,2026-04-22,2026-04-26,True
EXP_2026_HOMEPAGE_RANK_V2,U015087,Control,2026-05-22,2026-05-24,True
EXP_2026_HOMEPAGE_RANK_V2,U005448,Control,2026-05-19,2026-05-22,True
EXP_2026_HOMEPAGE_RANK_V2,U019520,Treatment,2026-06-17,2026-06-18,True
EXP_2026_HOMEPAGE_RANK_V2,U024228,Control,2026-06-27,2026-07-01,True
EXP_2026_HOMEPAGE_RANK_V2,U021764,Control,2026-04-30,2026-04-30,True
EXP_2026_HOMEPAGE_RANK_V2,U015371,Control,2026-05-31,2026-06-01,True
EXP_2026_HOMEPAGE_RANK_V2,U022965,Treatment,2026-05-23,2026-05-27,True
EXP_2026_HOMEPAGE_RANK_V2,U010925,Treatment,2026-05-02,2026-05-05,True
EXP_2026_HOMEPAGE_RANK_V2,U004403,Control,2026-06-17,2026-06-17,True
EXP_2026_HOMEPAGE_RANK_V2,U003817,Control,2026-05-28,2026-05-31,True
EXP_2026_HOMEPAGE_RANK_V2,U024782,Treatment,2026-07-01,2026-07-04,True
EXP_2026_HOMEPAGE_RANK_V2,U010260,Treatment,2026-05-26,2026-05-29,True
EXP_2026_HOMEPAGE_RANK_V2,U007207,Control,2026-04-19,2026-04-20,True
EXP_2026_HOMEPAGE_RANK_V2,U007226,Control,2026-04-20,2026-04-20,False
EXP_2026_HOMEPAGE_RANK_V2,U004678,Treatment,2026-04-25,2026-04-30,True
EXP_2026_HOMEPAGE_RANK_V2,U000165,Control,2026-05-11,2026-05-11,False
EXP_2026_HOMEPAGE_RANK_V2,U023126,Treatment,2026-05-27,2026-06-01,True
EXP_2026_HOMEPAGE_RANK_V2,U009361,Control,2026-05-30,2026-06-01,True
EXP_2026_HOMEPAGE_RANK_V2,U002700,Treatment,2026-04-30,2026-04-30,True
EXP_2026_HOMEPAGE_RANK_V2,U006796,Control,2026-05-08,2026-05-08,True
EXP_2026_HOMEPAGE_RANK_V2,U016483,Treatment,2026-07-07,2026-07-10,True
EXP_2026_HOMEPAGE_RANK_V2,U002674,Treatment,2026-05-01,2026-05-02,True
EXP_2026_HOMEPAGE_RANK_V2,U003314,Control,2026-06-18,2026-06-19,True
EXP_2026_HOMEPAGE_RANK_V2,U015607,Control,2026-06-20,2026-06-25,True
EXP_2026_HOMEPAGE_RANK_V2,U018109,Control,2026-04-20,2026-04-25,True
EXP_2026_HOMEPAGE_RANK_V2,U020009,Control,2026-06-09,2026-06-09,True
EXP_2026_HOMEPAGE_RANK_V2,U004369,Treatment,2026-06-22,2026-06-27,True
EXP_2026_HOMEPAGE_RANK_V2,U016615,Control,2026-06-24,2026-06-26,True
EXP_2026_HOMEPAGE_RANK_V2,U021249,Treatment,2026-05-19,2026-05-24,True
EXP_2026_HOMEPAGE_RANK_V2,U024186,Treatment,2026-06-16,2026-06-20,True
EXP_2026_HOMEPAGE_RANK_V2,U021358,Control,2026-06-24,2026-06-29,True
EXP_2026_HOMEPAGE_RANK_V2,U023216,Control,2026-04-23,2026-04-27,True
EXP_2026_HOMEPAGE_RANK_V2,U022122,Control,2026-04-30,2026-05-05,True
EXP_2026_HOMEPAGE_RANK_V2,U024404,Control,2026-06-08,2026-06-13,True
EXP_2026_HOMEPAGE_RANK_V2,U021609,Treatment,2026-05-01,2026-05-06,True
EXP_2026_HOMEPAGE_RANK_V2,U004677,Treatment,2026-04-23,2026-04-26,True
EXP_2026_HOMEPAGE_RANK_V2,U024841,Control,2026-06-09,2026-06-09,False
EXP_2026_HOMEPAGE_RANK_V2,U006979,Control,2026-05-20,2026-05-23,True
EXP_2026_HOMEPAGE_RANK_V2,U000116,Treatment,2026-05-19,2026-05-19,True
EXP_2026_HOMEPAGE_RANK_V2,U012976,Treatment,2026-05-24,2026-05-24,True
EXP_2026_HOMEPAGE_RANK_V2,U018924,Control,2026-06-08,2026-06-08,True
EXP_2026_HOMEPAGE_RANK_V2,U004265,Treatment,2026-06-13,2026-06-13,True
EXP_2026_HOMEPAGE_RANK_V2,U024912,Control,2026-06-05,2026-06-08,True
EXP_2026_HOMEPAGE_RANK_V2,U016611,Treatment,2026-06-05,2026-06-09,True
EXP_2026_HOMEPAGE_RANK_V2,U008649,Treatment,2026-05-13,2026-05-14,True
EXP_2026_HOMEPAGE_RANK_V2,U011137,Control,2026-06-12,2026-06-13,True
EXP_2026_HOMEPAGE_RANK_V2,U020411,Control,2026-05-06,2026-05-11,True
EXP_2026_HOMEPAGE_RANK_V2,U006131,Control,2026-05-10,2026-05-13,True
EXP_2026_HOMEPAGE_RANK_V2,U009886,Control,2026-06-04,2026-06-07,True
EXP_2026_HOMEPAGE_RANK_V2,U003819,Treatment,2026-06-17,2026-06-20,True
EXP_2026_HOMEPAGE_RANK_V2,U000893,Treatment,2026-05-19,2026-05-21,False
EXP_2026_HOMEPAGE_RANK_V2,U007922,Control,2026-06-20,2026-06-21,True
EXP_2026_HOMEPAGE_RANK_V2,U002263,Control,2026-07-08,2026-07-13,True
EXP_2026_HOMEPAGE_RANK_V2,U009379,Control,2026-06-10,2026-06-10,True
EXP_2026_HOMEPAGE_RANK_V2,U013137,Control,2026-05-23,2026-05-24,True
EXP_2026_HOMEPAGE_RANK_V2,U015951,Treatment,2026-05-21,2026-05-23,True
EXP_2026_HOMEPAGE_RANK_V2,U010857,Control,2026-05-06,2026-05-08,True
EXP_2026_HOMEPAGE_RANK_V2,U001516,Control,2026-05-14,2026-05-19,True
EXP_2026_HOMEPAGE_RANK_V2,U015647,Treatment,2026-06-05,2026-06-06,False
EXP_2026_HOMEPAGE_RANK_V2,U019651,Treatment,2026-06-30,2026-06-30,True
EXP_2026_HOMEPAGE_RANK_V2,U016445,Control,2026-06-01,2026-06-06,True
EXP_2026_HOMEPAGE_RANK_V2,U001099,Control,2026-05-06,2026-05-08,True
EXP_2026_HOMEPAGE_RANK_V2,U003114,Control,2026-05-03,2026-05-08,False
EXP_2026_HOMEPAGE_RANK_V2,U010948,Control,2026-05-10,2026-05-14,False
EXP_2026_HOMEPAGE_RANK_V2,U000924,Treatment,2026-06-22,2026-06-27,True
EXP_2026_HOMEPAGE_RANK_V2,U006577,Treatment,2026-06-01,2026-06-06,True
EXP_2026_HOMEPAGE_RANK_V2,U000943,Control,2026-06-02,2026-06-06,True
EXP_2026_HOMEPAGE_RANK_V2,U014524,Control,2026-06-03,2026-06-07,True
EXP_2026_HOMEPAGE_RANK_V2,U005265,Control,2026-06-09,2026-06-11,True
EXP_2026_HOMEPAGE_RANK_V2,U017447,Treatment,2026-04-23,2026-04-27,True
EXP_2026_HOMEPAGE_RANK_V2,U002995,Control,2026-05-13,2026-05-16,True
EXP_2026_HOMEPAGE_RANK_V2,U015894,Control,2026-05-21,2026-05-26,True
EXP_2026_HOMEPAGE_RANK_V2,U020776,Treatment,2026-07-02,2026-07-04,True
EXP_2026_HOMEPAGE_RANK_V2,U004402,Control,2026-07-01,2026-07-06,True
EXP_2026_HOMEPAGE_RANK_V2,U005307,Control,2026-04-29,2026-05-01,True
EXP_2026_HOMEPAGE_RANK_V2,U013360,Control,2026-05-16,2026-05-16,True
EXP_2026_HOMEPAGE_RANK_V2,U011392,Control,2026-06-18,2026-06-20,True
EXP_2026_HOMEPAGE_RANK_V2,U022427,Control,2026-04-23,2026-04-24,True
EXP_2026_HOMEPAGE_RANK_V2,U000601,Control,2026-06-25,2026-06-26,True
EXP_2026_HOMEPAGE_RANK_V2,U008733,Treatment,2026-06-09,2026-06-13,True
EXP_2026_HOMEPAGE_RANK_V2,U014579,Treatment,2026-05-01,2026-05-06,True
EXP_2026_HOMEPAGE_RANK_V2,U024462,Control,2026-07-07,2026-07-10,True
EXP_2026_HOMEPAGE_RANK_V2,U002489,Treatment,2026-07-09,2026-07-14,True
EXP_2026_HOMEPAGE_RANK_V2,U023034,Control,2026-04-22,2026-04-25,True
EXP_2026_HOMEPAGE_RANK_V2,U004370,Treatment,2026-06-21,2026-06-25,True
EXP_2026_HOMEPAGE_RANK_V2,U000430,Treatment,2026-06-15,2026-06-15,True
EXP_2026_HOMEPAGE_RANK_V2,U024440,Control,2026-05-26,2026-05-27,True
EXP_2026_HOMEPAGE_RANK_V2,U008904,Treatment,2026-06-16,2026-06-20,True
EXP_2026_HOMEPAGE_RANK_V2,U010674,Treatment,2026-05-14,2026-05-14,True
EXP_2026_HOMEPAGE_RANK_V2,U024770,Treatment,2026-07-11,2026-07-14,True
EXP_2026_HOMEPAGE_RANK_V2,U013413,Control,2026-04-19,2026-04-22,True
EXP_2026_HOMEPAGE_RANK_V2,U022746,Control,2026-06-22,2026-06-24,True
EXP_2026_HOMEPAGE_RANK_V2,U002762,Treatment,2026-06-18,2026-06-19,True
EXP_2026_HOMEPAGE_RANK_V2,U001393,Treatment,2026-07-06,2026-07-07,True
EXP_2026_HOMEPAGE_RANK_V2,U014410,Control,2026-04-23,2026-04-23,True
EXP_2026_HOMEPAGE_RANK_V2,U017667,Control,2026-04-19,2026-04-19,True
EXP_2026_HOMEPAGE_RANK_V2,U007654,Control,2026-05-03,2026-05-03,True
EXP_2026_HOMEPAGE_RANK_V2,U021137,Control,2026-06-08,2026-06-13,True
EXP_2026_HOMEPAGE_RANK_V2,U010810,Control,2026-06-02,2026-06-07,True
EXP_2026_HOMEPAGE_RANK_V2,U002213,Treatment,2026-05-03,2026-05-07,True
EXP_2026_HOMEPAGE_RANK_V2,U004335,Treatment,2026-05-07,2026-05-09,True
EXP_2026_HOMEPAGE_RANK_V2,U003816,Control,2026-05-22,2026-05-22,True
EXP_2026_HOMEPAGE_RANK_V2,U009287,Control,2026-05-31,2026-06-03,True
EXP_2026_HOMEPAGE_RANK_V2,U010071,Treatment,2026-06-29,2026-07-02,True
EXP_2026_HOMEPAGE_RANK_V2,U020501,Treatment,2026-06-17,2026-06-22,False
EXP_2026_HOMEPAGE_RANK_V2,U021500,Control,2026-05-05,2026-05-09,True
EXP_2026_HOMEPAGE_RANK_V2,U021274,Treatment,2026-06-19,2026-06-23,True
EXP_2026_HOMEPAGE_RANK_V2,U008707,Control,2026-06-19,2026-06-21,True
EXP_2026_HOMEPAGE_RANK_V2,U004925,Treatment,2026-06-06,2026-06-06,True
EXP_2026_HOMEPAGE_RANK_V2,U014979,Control,2026-04-18,2026-04-22,True
EXP_2026_HOMEPAGE_RANK_V2,U024949,Control,2026-06-11,2026-06-14,True
EXP_2026_HOMEPAGE_RANK_V2,U018253,Control,2026-06-04,2026-06-04,True
EXP_2026_HOMEPAGE_RANK_V2,U009721,Treatment,2026-06-25,2026-06-30,True
EXP_2026_HOMEPAGE_RANK_V2,U013084,Treatment,2026-05-10,2026-05-14,True
EXP_2026_HOMEPAGE_RANK_V2,U018690,Treatment,2026-06-16,2026-06-18,True
EXP_2026_HOMEPAGE_RANK_V2,U014183,Control,2026-05-24,2026-05-24,True
EXP_2026_HOMEPAGE_RANK_V2,U011013,Control,2026-06-11,2026-06-12,True
EXP_2026_HOMEPAGE_RANK_V2,U022628,Control,2026-05-31,2026-06-02,True
EXP_2026_HOMEPAGE_RANK_V2,U015154,Treatment,2026-06-30,2026-07-05,True
EXP_2026_HOMEPAGE_RANK_V2,U019003,Treatment,2026-06-10,2026-06-10,True
EXP_2026_HOMEPAGE_RANK_V2,U018337,Treatment,2026-07-03,2026-07-07,True
EXP_2026_HOMEPAGE_RANK_V2,U006053,Treatment,2026-07-10,2026-07-13,True
EXP_2026_HOMEPAGE_RANK_V2,U021146,Control,2026-05-28,2026-05-30,True
EXP_2026_HOMEPAGE_RANK_V2,U014139,Treatment,2026-05-05,2026-05-10,False
EXP_2026_HOMEPAGE_RANK_V2,U018947,Control,2026-05-25,2026-05-27,True
EXP_2026_HOMEPAGE_RANK_V2,U001308,Control,2026-06-14,2026-06-17,True
EXP_2026_HOMEPAGE_RANK_V2,U014736,Control,2026-07-10,2026-07-12,True
EXP_2026_HOMEPAGE_RANK_V2,U007378,Treatment,2026-07-08,2026-07-10,True
EXP_2026_HOMEPAGE_RANK_V2,U013770,Control,2026-06-02,2026-06-03,True
EXP_2026_HOMEPAGE_RANK_V2,U013884,Treatment,2026-06-16,2026-06-20,True
EXP_2026_HOMEPAGE_RANK_V2,U018498,Control,2026-07-01,2026-07-04,True
EXP_2026_HOMEPAGE_RANK_V2,U019919,Treatment,2026-06-29,2026-06-30,True
EXP_2026_HOMEPAGE_RANK_V2,U007176,Control,2026-06-17,2026-06-20,True
EXP_2026_HOMEPAGE_RANK_V2,U013704,Control,2026-06-13,2026-06-13,True
EXP_2026_HOMEPAGE_RANK_V2,U000297,Treatment,2026-04-26,2026-04-27,True
EXP_2026_HOMEPAGE_RANK_V2,U021091,Treatment,2026-06-25,2026-06-29,True
EXP_2026_HOMEPAGE_RANK_V2,U021014,Control,2026-06-18,2026-06-20,True
EXP_2026_HOMEPAGE_RANK_V2,U022764,Control,2026-04-24,2026-04-27,True
EXP_2026_HOMEPAGE_RANK_V2,U000909,Control,2026-06-07,2026-06-12,True
EXP_2026_HOMEPAGE_RANK_V2,U024294,Treatment,2026-05-16,2026-05-21,True
EXP_2026_HOMEPAGE_RANK_V2,U012716,Treatment,2026-05-31,2026-06-03,True
EXP_2026_HOMEPAGE_RANK_V2,U022717,Treatment,2026-05-07,2026-05-11,True
EXP_2026_HOMEPAGE_RANK_V2,U002877,Control,2026-05-17,2026-05-18,True
EXP_2026_HOMEPAGE_RANK_V2,U015474,Treatment,2026-04-25,2026-04-27,True
EXP_2026_HOMEPAGE_RANK_V2,U002854,Treatment,2026-06-22,2026-06-27,True
EXP_2026_HOMEPAGE_RANK_V2,U003746,Control,2026-06-07,2026-06-08,True
EXP_2026_HOMEPAGE_RANK_V2,U007472,Control,2026-06-20,2026-06-20,True
EXP_2026_HOMEPAGE_RANK_V2,U017395,Control,2026-06-18,2026-06-20,True
EXP_2026_HOMEPAGE_RANK_V2,U004817,Treatment,2026-07-05,2026-07-07,True
EXP_2026_HOMEPAGE_RANK_V2,U018009,Treatment,2026-04-19,2026-04-24,True
EXP_2026_HOMEPAGE_RANK_V2,U013260,Control,2026-06-08,2026-06-12,True
EXP_2026_HOMEPAGE_RANK_V2,U011477,Treatment,2026-06-20,2026-06-24,True
EXP_2026_HOMEPAGE_RANK_V2,U014267,Treatment,2026-05-25,2026-05-26,True
EXP_2026_HOMEPAGE_RANK_V2,U016883,Treatment,2026-06-16,2026-06-17,True
EXP_2026_HOMEPAGE_RANK_V2,U012594,Control,2026-06-03,2026-06-06,True
EXP_2026_HOMEPAGE_RANK_V2,U011746,Treatment,2026-06-01,2026-06-06,True
EXP_2026_HOMEPAGE_RANK_V2,U016727,Treatment,2026-05-10,2026-05-15,True
EXP_2026_HOMEPAGE_RANK_V2,U004938,Control,2026-07-08,2026-07-12,True
EXP_2026_HOMEPAGE_RANK_V2,U016022,Treatment,2026-07-03,2026-07-03,True
EXP_2026_HOMEPAGE_RANK_V2,U008185,Control,2026-05-18,2026-05-21,True
EXP_2026_HOMEPAGE_RANK_V2,U014975,Treatment,2026-04-23,2026-04-23,True
EXP_2026_HOMEPAGE_RANK_V2,U018131,Treatment,2026-05-25,2026-05-26,True
EXP_2026_HOMEPAGE_RANK_V2,U018967,Control,2026-05-30,2026-05-31,True
EXP_2026_HOMEPAGE_RANK_V2,U022354,Treatment,2026-04-25,2026-04-30,True
EXP_2026_HOMEPAGE_RANK_V2,U003228,Treatment,2026-05-24,2026-05-29,True
EXP_2026_HOMEPAGE_RANK_V2,U014500,Control,2026-06-03,2026-06-08,True
EXP_2026_HOMEPAGE_RANK_V2,U009197,Treatment,2026-07-04,2026-07-04,True
EXP_2026_HOMEPAGE_RANK_V2,U007850,Control,2026-07-06,2026-07-11,True
EXP_2026_HOMEPAGE_RANK_V2,U016223,Control,2026-04-26,2026-05-01,True
EXP_2026_HOMEPAGE_RANK_V2,U002955,Treatment,2026-05-25,2026-05-26,True
EXP_2026_HOMEPAGE_RANK_V2,U021061,Control,2026-06-05,2026-06-08,True
EXP_2026_HOMEPAGE_RANK_V2,U003662,Control,2026-07-06,2026-07-07,True
EXP_2026_HOMEPAGE_RANK_V2,U006525,Treatment,2026-05-24,2026-05-24,False
EXP_2026_HOMEPAGE_RANK_V2,U007737,Control,2026-04-25,2026-04-27,True
EXP_2026_HOMEPAGE_RANK_V2,U020295,Treatment,2026-06-04,2026-06-06,True
EXP_2026_HOMEPAGE_RANK_V2,U010351,Control,2026-07-05,2026-07-07,True
EXP_2026_HOMEPAGE_RANK_V2,U006560,Control,2026-05-14,2026-05-17,True
EXP_2026_HOMEPAGE_RANK_V2,U010440,Treatment,2026-05-22,2026-05-24,True
EXP_2026_HOMEPAGE_RANK_V2,U010705,Control,2026-06-09,2026-06-09,True
EXP_2026_HOMEPAGE_RANK_V2,U012990,Control,2026-05-27,2026-05-27,True
EXP_2026_HOMEPAGE_RANK_V2,U005187,Control,2026-06-08,2026-06-10,True
EXP_2026_HOMEPAGE_RANK_V2,U016190,Treatment,2026-05-31,2026-06-04,True
EXP_2026_HOMEPAGE_RANK_V2,U002290,Treatment,2026-06-22,2026-06-23,True
EXP_2026_HOMEPAGE_RANK_V2,U012687,Control,2026-04-28,2026-05-03,True
EXP_2026_HOMEPAGE_RANK_V2,U013666,Treatment,2026-07-08,2026-07-12,True
EXP_2026_HOMEPAGE_RANK_V2,U005241,Treatment,2026-05-20,2026-05-24,True
EXP_2026_HOMEPAGE_RANK_V2,U015549,Control,2026-04-20,2026-04-21,True
EXP_2026_HOMEPAGE_RANK_V2,U019134,Treatment,2026-06-21,2026-06-22,True
EXP_2026_HOMEPAGE_RANK_V2,U000931,Treatment,2026-04-19,2026-04-24,True
EXP_2026_HOMEPAGE_RANK_V2,U012734,Control,2026-04-22,2026-04-22,True
EXP_2026_HOMEPAGE_RANK_V2,U016411,Control,2026-06-02,2026-06-06,True
EXP_2026_HOMEPAGE_RANK_V2,U024046,Treatment,2026-04-28,2026-05-02,True
EXP_2026_HOMEPAGE_RANK_V2,U001033,Treatment,2026-05-16,2026-05-21,True
EXP_2026_HOMEPAGE_RANK_V2,U022690,Treatment,2026-06-03,2026-06-05,True
EXP_2026_HOMEPAGE_RANK_V2,U002968,Treatment,2026-06-14,2026-06-16,True
EXP_2026_HOMEPAGE_RANK_V2,U024355,Control,2026-05-28,2026-05-30,False
EXP_2026_HOMEPAGE_RANK_V2,U021621,Control,2026-04-24,2026-04-27,True
EXP_2026_HOMEPAGE_RANK_V2,U023815,Treatment,2026-06-12,2026-06-16,True
EXP_2026_HOMEPAGE_RANK_V2,U019949,Control,2026-04-29,2026-04-29,True
EXP_2026_HOMEPAGE_RANK_V2,U013639,Control,2026-06-18,2026-06-21,False
EXP_2026_HOMEPAGE_RANK_V2,U022624,Treatment,2026-05-14,2026-05-16,True
EXP_2026_HOMEPAGE_RANK_V2,U021731,Control,2026-04-30,2026-05-02,True
EXP_2026_HOMEPAGE_RANK_V2,U006324,Control,2026-07-10,2026-07-12,True
EXP_2026_HOMEPAGE_RANK_V2,U020650,Treatment,2026-06-21,2026-06-23,True
EXP_2026_HOMEPAGE_RANK_V2,U004806,Control,2026-06-16,2026-06-20,True
EXP_2026_HOMEPAGE_RANK_V2,U004841,Control,2026-06-08,2026-06-09,True
EXP_2026_HOMEPAGE_RANK_V2,U011838,Treatment,2026-04-28,2026-04-28,True
EXP_2026_HOMEPAGE_RANK_V2,U008441,Treatment,2026-05-22,2026-05-23,True
EXP_2026_HOMEPAGE_RANK_V2,U008711,Control,2026-05-16,2026-05-19,True
EXP_2026_HOMEPAGE_RANK_V2,U021610,Treatment,2026-05-17,2026-05-18,True
EXP_2026_HOMEPAGE_RANK_V2,U009821,Control,2026-05-12,2026-05-13,True
EXP_2026_HOMEPAGE_RANK_V2,U015396,Treatment,2026-06-26,2026-06-27,True
EXP_2026_HOMEPAGE_RANK_V2,U020583,Control,2026-05-22,2026-05-22,True
EXP_2026_HOMEPAGE_RANK_V2,U020466,Treatment,2026-06-03,2026-06-07,True
EXP_2026_HOMEPAGE_RANK_V2,U004021,Control,2026-04-22,2026-04-27,True
EXP_2026_HOMEPAGE_RANK_V2,U016308,Treatment,2026-06-05,2026-06-06,True
EXP_2026_HOMEPAGE_RANK_V2,U021147,Treatment,2026-05-11,2026-05-15,True
EXP_2026_HOMEPAGE_RANK_V2,U011918,Control,2026-07-05,2026-07-08,True
EXP_2026_HOMEPAGE_RANK_V2,U010150,Treatment,2026-06-23,2026-06-24,True
EXP_2026_HOMEPAGE_RANK_V2,U004277,Control,2026-06-29,2026-07-02,True
EXP_2026_HOMEPAGE_RANK_V2,U006790,Control,2026-05-14,2026-05-17,True
EXP_2026_HOMEPAGE_RANK_V2,U001231,Treatment,2026-06-18,2026-06-22,True
EXP_2026_HOMEPAGE_RANK_V2,U004196,Control,2026-05-23,2026-05-23,True
EXP_2026_HOMEPAGE_RANK_V2,U004276,Treatment,2026-05-07,2026-05-12,True
EXP_2026_HOMEPAGE_RANK_V2,U004352,Treatment,2026-06-05,2026-06-07,True
EXP_2026_HOMEPAGE_RANK_V2,U021709,Control,2026-06-17,2026-06-21,True
EXP_2026_HOMEPAGE_RANK_V2,U011624,Control,2026-04-22,2026-04-24,True
EXP_2026_HOMEPAGE_RANK_V2,U001786,Treatment,2026-06-10,2026-06-12,True
EXP_2026_HOMEPAGE_RANK_V2,U023101,Control,2026-04-27,2026-04-30,True
EXP_2026_HOMEPAGE_RANK_V2,U002368,Treatment,2026-07-03,2026-07-05,True
EXP_2026_HOMEPAGE_RANK_V2,U009182,Control,2026-05-29,2026-05-29,True
EXP_2026_HOMEPAGE_RANK_V2,U004564,Treatment,2026-06-09,2026-06-14,True
EXP_2026_HOMEPAGE_RANK_V2,U013065,Treatment,2026-06-18,2026-06-19,False
EXP_2026_HOMEPAGE_RANK_V2,U002242,Treatment,2026-06-01,2026-06-01,True
EXP_2026_HOMEPAGE_RANK_V2,U009767,Control,2026-07-09,2026-07-14,True
EXP_2026_HOMEPAGE_RANK_V2,U023630,Treatment,2026-06-21,2026-06-26,True
EXP_2026_HOMEPAGE_RANK_V2,U004341,Control,2026-07-07,2026-07-11,True
EXP_2026_HOMEPAGE_RANK_V2,U021305,Treatment,2026-04-21,2026-04-26,False
EXP_2026_HOMEPAGE_RANK_V2,U021907,Treatment,2026-06-27,2026-07-01,True
EXP_2026_HOMEPAGE_RANK_V2,U010034,Control,2026-07-11,2026-07-15,True
EXP_2026_HOMEPAGE_RANK_V2,U005421,Treatment,2026-05-01,2026-05-04,True
EXP_2026_HOMEPAGE_RANK_V2,U002417,Treatment,2026-04-20,2026-04-25,True
EXP_2026_HOMEPAGE_RANK_V2,U015516,Treatment,2026-05-17,2026-05-20,True
EXP_2026_HOMEPAGE_RANK_V2,U005309,Control,2026-04-28,2026-04-28,True
EXP_2026_HOMEPAGE_RANK_V2,U002434,Control,2026-07-08,2026-07-11,True
EXP_2026_HOMEPAGE_RANK_V2,U013957,Control,2026-05-13,2026-05-18,True
EXP_2026_HOMEPAGE_RANK_V2,U021850,Control,2026-05-23,2026-05-26,True
EXP_2026_HOMEPAGE_RANK_V2,U002536,Treatment,2026-05-21,2026-05-21,True
EXP_2026_HOMEPAGE_RANK_V2,U002812,Control,2026-05-15,2026-05-16,True
EXP_2026_HOMEPAGE_RANK_V2,U020328,Control,2026-07-06,2026-07-09,True
EXP_2026_HOMEPAGE_RANK_V2,U023280,Control,2026-06-12,2026-06-17,True
EXP_2026_HOMEPAGE_RANK_V2,U009495,Treatment,2026-07-04,2026-07-09,True
EXP_2026_HOMEPAGE_RANK_V2,U002921,Treatment,2026-06-28,2026-06-30,True
EXP_2026_HOMEPAGE_RANK_V2,U002347,Treatment,2026-05-22,2026-05-25,True
EXP_2026_HOMEPAGE_RANK_V2,U020159,Treatment,2026-06-15,2026-06-20,True
EXP_2026_HOMEPAGE_RANK_V2,U007348,Control,2026-06-13,2026-06-14,True
EXP_2026_HOMEPAGE_RANK_V2,U002754,Control,2026-05-12,2026-05-15,True
EXP_2026_HOMEPAGE_RANK_V2,U008884,Control,2026-04-28,2026-04-28,True
EXP_2026_HOMEPAGE_RANK_V2,U018193,Treatment,2026-06-16,2026-06-21,True
EXP_2026_HOMEPAGE_RANK_V2,U009113,Treatment,2026-06-27,2026-06-28,True
EXP_2026_HOMEPAGE_RANK_V2,U006669,Treatment,2026-05-08,2026-05-09,True
EXP_2026_HOMEPAGE_RANK_V2,U010893,Treatment,2026-07-03,2026-07-05,True
EXP_2026_HOMEPAGE_RANK_V2,U010844,Treatment,2026-05-10,2026-05-12,True
EXP_2026_HOMEPAGE_RANK_V2,U017172,Treatment,2026-05-01,2026-05-04,True
EXP_2026_HOMEPAGE_RANK_V2,U007541,Treatment,2026-06-20,2026-06-21,True
EXP_2026_HOMEPAGE_RANK_V2,U019562,Treatment,2026-07-03,2026-07-07,True
EXP_2026_HOMEPAGE_RANK_V2,U017365,Control,2026-06-14,2026-06-16,True
EXP_2026_HOMEPAGE_RANK_V2,U017437,Treatment,2026-06-03,2026-06-08,True
EXP_2026_HOMEPAGE_RANK_V2,U012580,Treatment,2026-05-03,2026-05-05,True
EXP_2026_HOMEPAGE_RANK_V2,U015504,Control,2026-07-03,2026-07-08,True
EXP_2026_HOMEPAGE_RANK_V2,U004132,Treatment,2026-06-18,2026-06-22,True
EXP_2026_HOMEPAGE_RANK_V2,U018067,Control,2026-06-19,2026-06-19,True
EXP_2026_HOMEPAGE_RANK_V2,U008650,Control,2026-06-10,2026-06-11,True
EXP_2026_HOMEPAGE_RANK_V2,U002920,Control,2026-06-04,2026-06-06,True
EXP_2026_HOMEPAGE_RANK_V2,U016531,Treatment,2026-04-24,2026-04-24,True
EXP_2026_HOMEPAGE_RANK_V2,U003784,Treatment,2026-06-01,2026-06-02,True
EXP_2026_HOMEPAGE_RANK_V2,U004267,Control,2026-06-16,2026-06-18,True
EXP_2026_HOMEPAGE_RANK_V2,U011823,Treatment,2026-07-10,2026-07-13,True
EXP_2026_HOMEPAGE_RANK_V2,U015442,Control,2026-05-10,2026-05-13,True
EXP_2026_HOMEPAGE_RANK_V2,U007041,Treatment,2026-06-18,2026-06-22,True
EXP_2026_HOMEPAGE_RANK_V2,U010463,Control,2026-07-07,2026-07-08,True
EXP_2026_HOMEPAGE_RANK_V2,U006848,Control,2026-06-13,2026-06-15,True
EXP_2026_HOMEPAGE_RANK_V2,U008384,Control,2026-07-04,2026-07-05,True
EXP_2026_HOMEPAGE_RANK_V2,U004919,Control,2026-07-02,2026-07-02,True
EXP_2026_HOMEPAGE_RANK_V2,U012526,Control,2026-06-27,2026-06-30,True
EXP_2026_HOMEPAGE_RANK_V2,U012794,Control,2026-05-30,2026-06-01,True
EXP_2026_HOMEPAGE_RANK_V2,U016237,Control,2026-05-12,2026-05-14,True
EXP_2026_HOMEPAGE_RANK_V2,U015226,Treatment,2026-05-29,2026-05-31,True
EXP_2026_HOMEPAGE_RANK_V2,U006580,Treatment,2026-05-04,2026-05-07,True
EXP_2026_HOMEPAGE_RANK_V2,U001734,Control,2026-07-10,2026-07-11,True
EXP_2026_HOMEPAGE_RANK_V2,U010375,Control,2026-05-15,2026-05-18,True
EXP_2026_HOMEPAGE_RANK_V2,U023206,Treatment,2026-05-21,2026-05-26,False
EXP_2026_HOMEPAGE_RANK_V2,U019426,Treatment,2026-06-29,2026-07-03,True
EXP_2026_HOMEPAGE_RANK_V2,U023733,Control,2026-05-11,2026-05-12,True
EXP_2026_HOMEPAGE_RANK_V2,U009714,Control,2026-06-10,2026-06-14,True
EXP_2026_HOMEPAGE_RANK_V2,U003750,Treatment,2026-06-03,2026-06-08,True
EXP_2026_HOMEPAGE_RANK_V2,U024678,Treatment,2026-07-03,2026-07-08,True
EXP_2026_HOMEPAGE_RANK_V2,U012393,Treatment,2026-05-06,2026-05-06,True
EXP_2026_HOMEPAGE_RANK_V2,U015464,Control,2026-04-26,2026-04-30,True
EXP_2026_HOMEPAGE_RANK_V2,U015116,Control,2026-05-01,2026-05-05,True
EXP_2026_HOMEPAGE_RANK_V2,U015506,Control,2026-05-09,2026-05-10,True
EXP_2026_HOMEPAGE_RANK_V2,U011519,Control,2026-05-27,2026-05-30,True
EXP_2026_HOMEPAGE_RANK_V2,U012778,Treatment,2026-04-27,2026-05-02,True
EXP_2026_HOMEPAGE_RANK_V2,U004526,Treatment,2026-07-04,2026-07-08,True
EXP_2026_HOMEPAGE_RANK_V2,U022632,Control,2026-05-15,2026-05-20,True
EXP_2026_HOMEPAGE_RANK_V2,U021865,Control,2026-05-29,2026-06-02,True
EXP_2026_HOMEPAGE_RANK_V2,U023610,Control,2026-04-30,2026-05-02,True
EXP_2026_HOMEPAGE_RANK_V2,U006620,Treatment,2026-06-09,2026-06-10,True
EXP_2026_HOMEPAGE_RANK_V2,U011724,Treatment,2026-07-05,2026-07-05,True
EXP_2026_HOMEPAGE_RANK_V2,U002740,Control,2026-07-02,2026-07-04,True
EXP_2026_HOMEPAGE_RANK_V2,U021884,Control,2026-06-01,2026-06-05,True
EXP_2026_HOMEPAGE_RANK_V2,U016163,Treatment,2026-04-25,2026-04-25,True
EXP_2026_HOMEPAGE_RANK_V2,U011020,Control,2026-05-05,2026-05-06,True
EXP_2026_HOMEPAGE_RANK_V2,U024584,Treatment,2026-06-01,2026-06-04,True
EXP_2026_HOMEPAGE_RANK_V2,U019758,Treatment,2026-04-20,2026-04-24,True
EXP_2026_HOMEPAGE_RANK_V2,U021218,Treatment,2026-05-01,2026-05-06,True
EXP_2026_HOMEPAGE_RANK_V2,U008299,Treatment,2026-07-07,2026-07-07,True
EXP_2026_HOMEPAGE_RANK_V2,U006345,Treatment,2026-06-15,2026-06-19,True
EXP_2026_HOMEPAGE_RANK_V2,U023880,Control,2026-07-10,2026-07-11,True
EXP_2026_HOMEPAGE_RANK_V2,U009674,Treatment,2026-04-22,2026-04-23,True
EXP_2026_HOMEPAGE_RANK_V2,U011341,Treatment,2026-04-24,2026-04-27,True
EXP_2026_HOMEPAGE_RANK_V2,U008772,Control,2026-05-23,2026-05-24,True
EXP_2026_HOMEPAGE_RANK_V2,U000687,Control,2026-05-29,2026-06-01,True
EXP_2026_HOMEPAGE_RANK_V2,U013610,Treatment,2026-06-30,2026-06-30,True
EXP_2026_HOMEPAGE_RANK_V2,U019414,Control,2026-06-28,2026-07-03,True
EXP_2026_HOMEPAGE_RANK_V2,U001307,Treatment,2026-06-02,2026-06-03,True
EXP_2026_HOMEPAGE_RANK_V2,U022442,Control,2026-06-19,2026-06-20,True
EXP_2026_HOMEPAGE_RANK_V2,U014258,Control,2026-06-28,2026-06-30,True
EXP_2026_HOMEPAGE_RANK_V2,U021790,Control,2026-05-15,2026-05-20,True
EXP_2026_HOMEPAGE_RANK_V2,U006511,Control,2026-07-04,2026-07-07,True
EXP_2026_HOMEPAGE_RANK_V2,U018044,Control,2026-06-24,2026-06-24,True
EXP_2026_HOMEPAGE_RANK_V2,U000169,Control,2026-04-26,2026-04-28,False
EXP_2026_HOMEPAGE_RANK_V2,U011345,Treatment,2026-04-23,2026-04-27,True
EXP_2026_HOMEPAGE_RANK_V2,U016553,Treatment,2026-04-18,2026-04-20,True
EXP_2026_HOMEPAGE_RANK_V2,U014422,Treatment,2026-04-24,2026-04-24,True
EXP_2026_HOMEPAGE_RANK_V2,U007336,Control,2026-06-11,2026-06-13,True
EXP_2026_HOMEPAGE_RANK_V2,U022954,Control,2026-05-26,2026-05-29,True
EXP_2026_HOMEPAGE_RANK_V2,U021795,Control,2026-05-21,2026-05-21,True
EXP_2026_HOMEPAGE_RANK_V2,U021819,Control,2026-05-20,2026-05-21,False
EXP_2026_HOMEPAGE_RANK_V2,U024586,Control,2026-06-24,2026-06-27,True
EXP_2026_HOMEPAGE_RANK_V2,U001218,Control,2026-06-13,2026-06-17,True
EXP_2026_HOMEPAGE_RANK_V2,U020188,Treatment,2026-04-20,2026-04-21,True
EXP_2026_HOMEPAGE_RANK_V2,U011821,Control,2026-06-08,2026-06-13,True
EXP_2026_HOMEPAGE_RANK_V2,U003695,Control,2026-06-11,2026-06-12,True
EXP_2026_HOMEPAGE_RANK_V2,U008074,Treatment,2026-05-21,2026-05-26,True
EXP_2026_HOMEPAGE_RANK_V2,U011331,Treatment,2026-06-01,2026-06-06,True
EXP_2026_HOMEPAGE_RANK_V2,U000656,Treatment,2026-07-03,2026-07-04,True
EXP_2026_HOMEPAGE_RANK_V2,U018289,Control,2026-04-25,2026-04-27,True
EXP_2026_HOMEPAGE_RANK_V2,U012081,Treatment,2026-05-06,2026-05-11,True
EXP_2026_HOMEPAGE_RANK_V2,U003289,Control,2026-06-21,2026-06-21,True
EXP_2026_HOMEPAGE_RANK_V2,U003077,Control,2026-07-07,2026-07-11,True
EXP_2026_HOMEPAGE_RANK_V2,U020227,Control,2026-05-14,2026-05-16,True
EXP_2026_HOMEPAGE_RANK_V2,U019653,Treatment,2026-05-10,2026-05-15,True
EXP_2026_HOMEPAGE_RANK_V2,U018065,Treatment,2026-05-12,2026-05-15,True
EXP_2026_HOMEPAGE_RANK_V2,U017256,Treatment,2026-05-07,2026-05-12,True
EXP_2026_HOMEPAGE_RANK_V2,U012971,Control,2026-05-15,2026-05-15,True
EXP_2026_HOMEPAGE_RANK_V2,U017777,Treatment,2026-04-29,2026-04-29,True
EXP_2026_HOMEPAGE_RANK_V2,U024510,Control,2026-06-11,2026-06-14,True
EXP_2026_HOMEPAGE_RANK_V2,U011019,Treatment,2026-06-24,2026-06-25,True
EXP_2026_HOMEPAGE_RANK_V2,U005113,Control,2026-05-23,2026-05-25,True
EXP_2026_HOMEPAGE_RANK_V2,U024887,Treatment,2026-07-08,2026-07-13,True
EXP_2026_HOMEPAGE_RANK_V2,U014640,Control,2026-06-18,2026-06-18,True
EXP_2026_HOMEPAGE_RANK_V2,U009278,Control,2026-05-11,2026-05-13,True
EXP_2026_HOMEPAGE_RANK_V2,U015816,Treatment,2026-05-18,2026-05-23,True
EXP_2026_HOMEPAGE_RANK_V2,U016278,Control,2026-07-08,2026-07-12,True
EXP_2026_HOMEPAGE_RANK_V2,U001036,Treatment,2026-06-22,2026-06-24,True
EXP_2026_HOMEPAGE_RANK_V2,U019501,Control,2026-06-19,2026-06-21,True
EXP_2026_HOMEPAGE_RANK_V2,U009561,Control,2026-04-22,2026-04-25,True
EXP_2026_HOMEPAGE_RANK_V2,U005936,Treatment,2026-06-19,2026-06-22,True
EXP_2026_HOMEPAGE_RANK_V2,U006058,Control,2026-06-12,2026-06-15,True
EXP_2026_HOMEPAGE_RANK_V2,U010291,Treatment,2026-07-05,2026-07-08,True
EXP_2026_HOMEPAGE_RANK_V2,U006395,Control,2026-05-27,2026-05-28,True
EXP_2026_HOMEPAGE_RANK_V2,U013901,Treatment,2026-06-28,2026-06-29,True
EXP_2026_HOMEPAGE_RANK_V2,U024740,Treatment,2026-04-30,2026-05-05,True
EXP_2026_HOMEPAGE_RANK_V2,U001647,Control,2026-04-29,2026-05-01,True
EXP_2026_HOMEPAGE_RANK_V2,U004820,Treatment,2026-05-28,2026-05-30,True
EXP_2026_HOMEPAGE_RANK_V2,U010402,Treatment,2026-05-29,2026-06-02,True
EXP_2026_HOMEPAGE_RANK_V2,U018308,Control,2026-05-01,2026-05-05,True
EXP_2026_HOMEPAGE_RANK_V2,U016959,Treatment,2026-04-28,2026-04-29,True
EXP_2026_HOMEPAGE_RANK_V2,U023777,Control,2026-04-23,2026-04-26,True
EXP_2026_HOMEPAGE_RANK_V2,U010225,Treatment,2026-05-02,2026-05-05,True
EXP_2026_HOMEPAGE_RANK_V2,U023013,Control,2026-07-08,2026-07-13,True
EXP_2026_HOMEPAGE_RANK_V2,U001477,Control,2026-05-19,2026-05-19,True
EXP_2026_HOMEPAGE_RANK_V2,U015582,Control,2026-06-27,2026-06-29,True
EXP_2026_HOMEPAGE_RANK_V2,U011711,Control,2026-04-21,2026-04-22,True
EXP_2026_HOMEPAGE_RANK_V2,U021868,Treatment,2026-04-28,2026-04-30,True
EXP_2026_HOMEPAGE_RANK_V2,U012067,Treatment,2026-05-08,2026-05-10,True
EXP_2026_HOMEPAGE_RANK_V2,U005263,Treatment,2026-06-27,2026-07-01,True
EXP_2026_HOMEPAGE_RANK_V2,U010916,Control,2026-06-12,2026-06-15,True
EXP_2026_HOMEPAGE_RANK_V2,U005947,Treatment,2026-06-15,2026-06-19,True
EXP_2026_HOMEPAGE_RANK_V2,U024801,Treatment,2026-07-03,2026-07-04,True
EXP_2026_HOMEPAGE_RANK_V2,U004707,Control,2026-05-07,2026-05-09,False
EXP_2026_HOMEPAGE_RANK_V2,U015888,Treatment,2026-05-13,2026-05-14,True
EXP_2026_HOMEPAGE_RANK_V2,U023621,Control,2026-04-28,2026-05-01,True
EXP_2026_HOMEPAGE_RANK_V2,U010906,Treatment,2026-05-12,2026-05-12,False
EXP_2026_HOMEPAGE_RANK_V2,U003901,Control,2026-04-24,2026-04-29,True
EXP_2026_HOMEPAGE_RANK_V2,U016667,Control,2026-04-24,2026-04-28,False
EXP_2026_HOMEPAGE_RANK_V2,U013929,Control,2026-06-14,2026-06-17,True
EXP_2026_HOMEPAGE_RANK_V2,U004906,Treatment,2026-06-29,2026-06-29,True
EXP_2026_HOMEPAGE_RANK_V2,U018892,Treatment,2026-04-20,2026-04-25,True
EXP_2026_HOMEPAGE_RANK_V2,U013179,Treatment,2026-05-31,2026-06-05,True
EXP_2026_HOMEPAGE_RANK_V2,U022051,Treatment,2026-06-25,2026-06-27,True
EXP_2026_HOMEPAGE_RANK_V2,U016519,Control,2026-06-25,2026-06-28,True
EXP_2026_HOMEPAGE_RANK_V2,U018954,Treatment,2026-05-24,2026-05-27,True
EXP_2026_HOMEPAGE_RANK_V2,U016659,Treatment,2026-04-26,2026-04-27,True
EXP_2026_HOMEPAGE_RANK_V2,U002770,Control,2026-07-01,2026-07-01,True
EXP_2026_HOMEPAGE_RANK_V2,U007478,Treatment,2026-05-21,2026-05-21,True
EXP_2026_HOMEPAGE_RANK_V2,U014782,Treatment,2026-05-02,2026-05-02,True
EXP_2026_HOMEPAGE_RANK_V2,U011792,Treatment,2026-05-15,2026-05-18,True
EXP_2026_HOMEPAGE_RANK_V2,U021754,Treatment,2026-06-19,2026-06-23,True
EXP_2026_HOMEPAGE_RANK_V2,U011409,Control,2026-07-02,2026-07-06,True
EXP_2026_HOMEPAGE_RANK_V2,U017135,Treatment,2026-05-02,2026-05-05,True
EXP_2026_HOMEPAGE_RANK_V2,U004114,Treatment,2026-07-05,2026-07-07,True
EXP_2026_HOMEPAGE_RANK_V2,U021297,Treatment,2026-06-22,2026-06-25,False
EXP_2026_HOMEPAGE_RANK_V2,U013715,Treatment,2026-06-26,2026-07-01,True
EXP_2026_HOMEPAGE_RANK_V2,U002787,Control,2026-06-11,2026-06-12,True
EXP_2026_HOMEPAGE_RANK_V2,U009734,Control,2026-05-26,2026-05-26,True
EXP_2026_HOMEPAGE_RANK_V2,U009590,Control,2026-06-28,2026-07-03,True
EXP_2026_HOMEPAGE_RANK_V2,U016342,Treatment,2026-05-31,2026-06-02,True
EXP_2026_HOMEPAGE_RANK_V2,U003085,Treatment,2026-04-29,2026-05-01,False
EXP_2026_HOMEPAGE_RANK_V2,U018749,Control,2026-05-14,2026-05-18,True
EXP_2026_HOMEPAGE_RANK_V2,U016364,Treatment,2026-06-30,2026-07-02,True
EXP_2026_HOMEPAGE_RANK_V2,U006940,Control,2026-05-02,2026-05-02,True
EXP_2026_HOMEPAGE_RANK_V2,U001078,Control,2026-05-16,2026-05-18,True
EXP_2026_HOMEPAGE_RANK_V2,U001731,Control,2026-05-19,2026-05-19,True
EXP_2026_HOMEPAGE_RANK_V2,U006914,Control,2026-04-30,2026-05-04,True
EXP_2026_HOMEPAGE_RANK_V2,U016015,Control,2026-05-07,2026-05-08,False
EXP_2026_HOMEPAGE_RANK_V2,U006812,Control,2026-06-28,2026-07-02,True
EXP_2026_HOMEPAGE_RANK_V2,U008017,Treatment,2026-04-25,2026-04-27,True
EXP_2026_HOMEPAGE_RANK_V2,U002446,Treatment,2026-05-30,2026-06-04,True
EXP_2026_HOMEPAGE_RANK_V2,U024730,Control,2026-07-07,2026-07-10,True
EXP_2026_HOMEPAGE_RANK_V2,U013747,Treatment,2026-05-04,2026-05-06,True
EXP_2026_HOMEPAGE_RANK_V2,U018518,Control,2026-07-02,2026-07-06,True
EXP_2026_HOMEPAGE_RANK_V2,U017139,Control,2026-07-01,2026-07-06,True
EXP_2026_HOMEPAGE_RANK_V2,U005382,Control,2026-07-02,2026-07-03,True
EXP_2026_HOMEPAGE_RANK_V2,U012360,Treatment,2026-05-08,2026-05-10,False
EXP_2026_HOMEPAGE_RANK_V2,U005040,Control,2026-06-11,2026-06-12,True
EXP_2026_HOMEPAGE_RANK_V2,U004392,Control,2026-05-18,2026-05-20,True
EXP_2026_HOMEPAGE_RANK_V2,U007637,Control,2026-07-01,2026-07-06,True
EXP_2026_HOMEPAGE_RANK_V2,U006029,Control,2026-06-27,2026-06-27,True
EXP_2026_HOMEPAGE_RANK_V2,U010642,Control,2026-05-28,2026-05-28,True
EXP_2026_HOMEPAGE_RANK_V2,U016007,Treatment,2026-06-28,2026-06-28,True
EXP_2026_HOMEPAGE_RANK_V2,U023285,Control,2026-06-02,2026-06-07,True
EXP_2026_HOMEPAGE_RANK_V2,U017626,Treatment,2026-05-14,2026-05-18,True
EXP_2026_HOMEPAGE_RANK_V2,U001649,Control,2026-05-13,2026-05-18,True
EXP_2026_HOMEPAGE_RANK_V2,U015405,Treatment,2026-07-10,2026-07-13,True
EXP_2026_HOMEPAGE_RANK_V2,U001266,Control,2026-04-30,2026-04-30,True
EXP_2026_HOMEPAGE_RANK_V2,U007697,Treatment,2026-06-27,2026-07-02,True
EXP_2026_HOMEPAGE_RANK_V2,U015333,Control,2026-04-23,2026-04-24,True
EXP_2026_HOMEPAGE_RANK_V2,U007635,Control,2026-04-20,2026-04-20,True
EXP_2026_HOMEPAGE_RANK_V2,U014389,Control,2026-05-02,2026-05-04,True
EXP_2026_HOMEPAGE_RANK_V2,U006217,Treatment,2026-06-23,2026-06-23,True
EXP_2026_HOMEPAGE_RANK_V2,U002230,Control,2026-05-26,2026-05-27,True
EXP_2026_HOMEPAGE_RANK_V2,U016012,Control,2026-04-30,2026-05-01,True
EXP_2026_HOMEPAGE_RANK_V2,U002076,Control,2026-05-01,2026-05-01,True
EXP_2026_HOMEPAGE_RANK_V2,U020205,Control,2026-05-28,2026-06-01,True
EXP_2026_HOMEPAGE_RANK_V2,U010313,Treatment,2026-06-23,2026-06-27,True
EXP_2026_HOMEPAGE_RANK_V2,U020902,Treatment,2026-07-08,2026-07-12,True
EXP_2026_HOMEPAGE_RANK_V2,U007947,Treatment,2026-06-25,2026-06-28,True
EXP_2026_HOMEPAGE_RANK_V2,U005108,Treatment,2026-05-10,2026-05-14,True
EXP_2026_HOMEPAGE_RANK_V2,U022377,Treatment,2026-06-07,2026-06-11,True
EXP_2026_HOMEPAGE_RANK_V2,U010178,Control,2026-05-21,2026-05-26,True
EXP_2026_HOMEPAGE_RANK_V2,U012270,Treatment,2026-06-10,2026-06-13,True
EXP_2026_HOMEPAGE_RANK_V2,U014826,Treatment,2026-05-05,2026-05-10,True
EXP_2026_HOMEPAGE_RANK_V2,U001547,Treatment,2026-07-09,2026-07-10,True
EXP_2026_HOMEPAGE_RANK_V2,U017613,Control,2026-05-02,2026-05-03,False
EXP_2026_HOMEPAGE_RANK_V2,U001177,Control,2026-05-24,2026-05-24,True
EXP_2026_HOMEPAGE_RANK_V2,U003437,Control,2026-04-21,2026-04-26,True
EXP_2026_HOMEPAGE_RANK_V2,U018259,Control,2026-06-02,2026-06-03,True
EXP_2026_HOMEPAGE_RANK_V2,U009985,Treatment,2026-05-25,2026-05-30,True
EXP_2026_HOMEPAGE_RANK_V2,U014116,Control,2026-05-17,2026-05-18,True
EXP_2026_HOMEPAGE_RANK_V2,U022320,Control,2026-05-12,2026-05-14,True
EXP_2026_HOMEPAGE_RANK_V2,U013016,Control,2026-06-25,2026-06-29,True
EXP_2026_HOMEPAGE_RANK_V2,U022066,Control,2026-05-02,2026-05-05,False
EXP_2026_HOMEPAGE_RANK_V2,U001562,Treatment,2026-04-18,2026-04-19,True
EXP_2026_HOMEPAGE_RANK_V2,U002809,Control,2026-06-20,2026-06-23,True
EXP_2026_HOMEPAGE_RANK_V2,U016702,Treatment,2026-05-01,2026-05-02,True
EXP_2026_HOMEPAGE_RANK_V2,U007094,Treatment,2026-07-06,2026-07-09,True
EXP_2026_HOMEPAGE_RANK_V2,U004967,Treatment,2026-04-28,2026-05-03,True
EXP_2026_HOMEPAGE_RANK_V2,U001460,Control,2026-05-10,2026-05-15,True
EXP_2026_HOMEPAGE_RANK_V2,U023637,Treatment,2026-05-08,2026-05-09,False
EXP_2026_HOMEPAGE_RANK_V2,U004131,Control,2026-06-21,2026-06-25,True
EXP_2026_HOMEPAGE_RANK_V2,U017404,Control,2026-05-12,2026-05-14,True
EXP_2026_HOMEPAGE_RANK_V2,U001619,Treatment,2026-05-11,2026-05-13,True
EXP_2026_HOMEPAGE_RANK_V2,U014478,Control,2026-06-05,2026-06-07,True
EXP_2026_HOMEPAGE_RANK_V2,U021690,Treatment,2026-05-31,2026-06-02,False
EXP_2026_HOMEPAGE_RANK_V2,U014629,Treatment,2026-04-21,2026-04-21,False
EXP_2026_HOMEPAGE_RANK_V2,U005093,Treatment,2026-06-15,2026-06-15,True
EXP_2026_HOMEPAGE_RANK_V2,U009346,Treatment,2026-06-08,2026-06-09,True
EXP_2026_HOMEPAGE_RANK_V2,U014889,Control,2026-05-27,2026-05-28,True
EXP_2026_HOMEPAGE_RANK_V2,U013594,Control,2026-06-22,2026-06-22,True
EXP_2026_HOMEPAGE_RANK_V2,U019911,Treatment,2026-06-15,2026-06-18,True
EXP_2026_HOMEPAGE_RANK_V2,U024701,Control,2026-05-22,2026-05-27,True
EXP_2026_HOMEPAGE_RANK_V2,U001963,Control,2026-05-22,2026-05-27,True
EXP_2026_HOMEPAGE_RANK_V2,U007877,Control,2026-05-22,2026-05-23,True
EXP_2026_HOMEPAGE_RANK_V2,U016679,Control,2026-05-25,2026-05-26,True
EXP_2026_HOMEPAGE_RANK_V2,U019681,Treatment,2026-07-05,2026-07-10,False
EXP_2026_HOMEPAGE_RANK_V2,U004412,Control,2026-06-10,2026-06-10,True
EXP_2026_HOMEPAGE_RANK_V2,U003952,Treatment,2026-04-23,2026-04-25,True
EXP_2026_HOMEPAGE_RANK_V2,U024298,Treatment,2026-06-03,2026-06-03,True
EXP_2026_HOMEPAGE_RANK_V2,U020773,Treatment,2026-05-03,2026-05-05,True
EXP_2026_HOMEPAGE_RANK_V2,U013188,Treatment,2026-07-01,2026-07-05,True
EXP_2026_HOMEPAGE_RANK_V2,U007012,Control,2026-06-29,2026-06-29,True
EXP_2026_HOMEPAGE_RANK_V2,U008478,Control,2026-04-23,2026-04-25,True
EXP_2026_HOMEPAGE_RANK_V2,U021810,Control,2026-06-26,2026-07-01,True
EXP_2026_HOMEPAGE_RANK_V2,U021660,Treatment,2026-05-24,2026-05-25,False
EXP_2026_HOMEPAGE_RANK_V2,U007556,Treatment,2026-04-21,2026-04-21,True
EXP_2026_HOMEPAGE_RANK_V2,U020307,Treatment,2026-07-09,2026-07-10,True
EXP_2026_HOMEPAGE_RANK_V2,U010366,Control,2026-05-27,2026-05-30,True
EXP_2026_HOMEPAGE_RANK_V2,U023874,Control,2026-04-28,2026-04-28,True
EXP_2026_HOMEPAGE_RANK_V2,U012592,Treatment,2026-06-04,2026-06-06,True
EXP_2026_HOMEPAGE_RANK_V2,U016050,Control,2026-04-26,2026-04-30,True
EXP_2026_HOMEPAGE_RANK_V2,U013829,Control,2026-07-11,2026-07-11,True
EXP_2026_HOMEPAGE_RANK_V2,U014532,Treatment,2026-06-30,2026-07-04,True
EXP_2026_HOMEPAGE_RANK_V2,U011661,Treatment,2026-05-05,2026-05-09,True
EXP_2026_HOMEPAGE_RANK_V2,U017229,Treatment,2026-04-25,2026-04-28,True
EXP_2026_HOMEPAGE_RANK_V2,U001827,Treatment,2026-05-04,2026-05-09,True
EXP_2026_HOMEPAGE_RANK_V2,U015296,Control,2026-06-29,2026-07-01,True
EXP_2026_HOMEPAGE_RANK_V2,U015040,Treatment,2026-05-02,2026-05-03,True
EXP_2026_HOMEPAGE_RANK_V2,U008023,Treatment,2026-05-01,2026-05-02,True
EXP_2026_HOMEPAGE_RANK_V2,U021957,Treatment,2026-06-09,2026-06-09,False
EXP_2026_HOMEPAGE_RANK_V2,U018560,Treatment,2026-06-08,2026-06-09,False
EXP_2026_HOMEPAGE_RANK_V2,U008656,Treatment,2026-05-02,2026-05-03,True
EXP_2026_HOMEPAGE_RANK_V2,U003688,Control,2026-07-10,2026-07-11,True
EXP_2026_HOMEPAGE_RANK_V2,U001000,Treatment,2026-05-17,2026-05-19,True
EXP_2026_HOMEPAGE_RANK_V2,U021359,Control,2026-04-20,2026-04-25,True
EXP_2026_HOMEPAGE_RANK_V2,U003554,Treatment,2026-06-11,2026-06-16,True
EXP_2026_HOMEPAGE_RANK_V2,U004470,Treatment,2026-06-13,2026-06-16,True
EXP_2026_HOMEPAGE_RANK_V2,U023904,Treatment,2026-05-06,2026-05-09,False
EXP_2026_HOMEPAGE_RANK_V2,U004091,Control,2026-05-15,2026-05-18,True
EXP_2026_HOMEPAGE_RANK_V2,U006730,Treatment,2026-06-20,2026-06-23,True
EXP_2026_HOMEPAGE_RANK_V2,U010556,Control,2026-06-13,2026-06-15,True
EXP_2026_HOMEPAGE_RANK_V2,U015950,Control,2026-05-26,2026-05-26,True
EXP_2026_HOMEPAGE_RANK_V2,U005090,Treatment,2026-04-20,2026-04-21,True
EXP_2026_HOMEPAGE_RANK_V2,U013276,Treatment,2026-05-16,2026-05-19,True
EXP_2026_HOMEPAGE_RANK_V2,U010617,Control,2026-07-09,2026-07-14,True
EXP_2026_HOMEPAGE_RANK_V2,U004710,Control,2026-04-22,2026-04-27,True
EXP_2026_HOMEPAGE_RANK_V2,U013819,Treatment,2026-06-23,2026-06-28,True
EXP_2026_HOMEPAGE_RANK_V2,U012116,Treatment,2026-05-20,2026-05-22,True
EXP_2026_HOMEPAGE_RANK_V2,U001057,Treatment,2026-04-23,2026-04-25,True
EXP_2026_HOMEPAGE_RANK_V2,U000637,Treatment,2026-06-14,2026-06-18,False
EXP_2026_HOMEPAGE_RANK_V2,U001598,Control,2026-05-17,2026-05-20,True
EXP_2026_HOMEPAGE_RANK_V2,U007206,Treatment,2026-07-07,2026-07-12,True
EXP_2026_HOMEPAGE_RANK_V2,U023353,Treatment,2026-05-07,2026-05-12,True
EXP_2026_HOMEPAGE_RANK_V2,U010102,Treatment,2026-06-20,2026-06-20,True
EXP_2026_HOMEPAGE_RANK_V2,U018678,Treatment,2026-07-03,2026-07-04,True
EXP_2026_HOMEPAGE_RANK_V2,U015928,Control,2026-07-09,2026-07-11,True
EXP_2026_HOMEPAGE_RANK_V2,U022309,Control,2026-06-26,2026-06-28,True
EXP_2026_HOMEPAGE_RANK_V2,U012299,Treatment,2026-07-04,2026-07-09,True
EXP_2026_HOMEPAGE_RANK_V2,U017668,Control,2026-05-22,2026-05-27,True
EXP_2026_HOMEPAGE_RANK_V2,U012781,Treatment,2026-05-14,2026-05-17,True
EXP_2026_HOMEPAGE_RANK_V2,U007048,Treatment,2026-07-01,2026-07-03,True
EXP_2026_HOMEPAGE_RANK_V2,U021794,Control,2026-06-19,2026-06-24,True
EXP_2026_HOMEPAGE_RANK_V2,U023099,Treatment,2026-05-12,2026-05-16,True
EXP_2026_HOMEPAGE_RANK_V2,U017697,Treatment,2026-05-08,2026-05-09,True
EXP_2026_HOMEPAGE_RANK_V2,U016435,Control,2026-06-16,2026-06-21,True
EXP_2026_HOMEPAGE_RANK_V2,U011575,Control,2026-05-29,2026-05-31,True
EXP_2026_HOMEPAGE_RANK_V2,U019846,Control,2026-07-05,2026-07-07,True
EXP_2026_HOMEPAGE_RANK_V2,U014417,Treatment,2026-05-11,2026-05-14,True
EXP_2026_HOMEPAGE_RANK_V2,U022692,Treatment,2026-06-21,2026-06-25,True
EXP_2026_HOMEPAGE_RANK_V2,U024241,Treatment,2026-06-12,2026-06-16,True
EXP_2026_HOMEPAGE_RANK_V2,U024697,Treatment,2026-04-18,2026-04-21,True
EXP_2026_HOMEPAGE_RANK_V2,U018244,Control,2026-05-03,2026-05-03,True
EXP_2026_HOMEPAGE_RANK_V2,U008492,Treatment,2026-06-19,2026-06-24,True
EXP_2026_HOMEPAGE_RANK_V2,U011337,Treatment,2026-07-09,2026-07-09,True
EXP_2026_HOMEPAGE_RANK_V2,U015197,Treatment,2026-05-02,2026-05-03,True
EXP_2026_HOMEPAGE_RANK_V2,U002174,Treatment,2026-04-19,2026-04-19,False
EXP_2026_HOMEPAGE_RANK_V2,U024016,Treatment,2026-07-01,2026-07-02,True
EXP_2026_HOMEPAGE_RANK_V2,U014591,Control,2026-07-01,2026-07-04,True
EXP_2026_HOMEPAGE_RANK_V2,U000495,Treatment,2026-06-19,2026-06-22,True
EXP_2026_HOMEPAGE_RANK_V2,U006939,Treatment,2026-05-25,2026-05-27,False
EXP_2026_HOMEPAGE_RANK_V2,U002051,Treatment,2026-07-03,2026-07-06,True
EXP_2026_HOMEPAGE_RANK_V2,U018961,Control,2026-04-22,2026-04-26,True
EXP_2026_HOMEPAGE_RANK_V2,U019831,Treatment,2026-04-23,2026-04-23,True
EXP_2026_HOMEPAGE_RANK_V2,U010430,Control,2026-05-13,2026-05-18,True
EXP_2026_HOMEPAGE_RANK_V2,U018235,Treatment,2026-06-04,2026-06-07,True
EXP_2026_HOMEPAGE_RANK_V2,U015586,Control,2026-05-26,2026-05-30,True
EXP_2026_HOMEPAGE_RANK_V2,U010397,Control,2026-06-16,2026-06-17,True
EXP_2026_HOMEPAGE_RANK_V2,U023282,Treatment,2026-07-10,2026-07-15,True
EXP_2026_HOMEPAGE_RANK_V2,U020609,Control,2026-05-17,2026-05-19,True
EXP_2026_HOMEPAGE_RANK_V2,U008285,Control,2026-06-06,2026-06-11,True
EXP_2026_HOMEPAGE_RANK_V2,U014991,Treatment,2026-05-12,2026-05-17,True
EXP_2026_HOMEPAGE_RANK_V2,U011633,Treatment,2026-07-10,2026-07-13,True
EXP_2026_HOMEPAGE_RANK_V2,U017171,Control,2026-04-18,2026-04-18,True
EXP_2026_HOMEPAGE_RANK_V2,U009029,Treatment,2026-05-26,2026-05-31,True
EXP_2026_HOMEPAGE_RANK_V2,U011433,Control,2026-06-24,2026-06-27,False
EXP_2026_HOMEPAGE_RANK_V2,U006101,Control,2026-05-12,2026-05-17,False
EXP_2026_HOMEPAGE_RANK_V2,U002261,Treatment,2026-07-11,2026-07-15,True
EXP_2026_HOMEPAGE_RANK_V2,U001141,Control,2026-07-03,2026-07-04,True
EXP_2026_HOMEPAGE_RANK_V2,U024325,Control,2026-05-07,2026-05-10,True
EXP_2026_HOMEPAGE_RANK_V2,U007091,Treatment,2026-05-22,2026-05-25,True
EXP_2026_HOMEPAGE_RANK_V2,U013104,Treatment,2026-06-08,2026-06-08,True
EXP_2026_HOMEPAGE_RANK_V2,U018997,Treatment,2026-04-28,2026-05-02,True
EXP_2026_HOMEPAGE_RANK_V2,U014642,Control,2026-07-06,2026-07-07,True
EXP_2026_HOMEPAGE_RANK_V2,U013833,Control,2026-06-16,2026-06-19,True
EXP_2026_HOMEPAGE_RANK_V2,U020992,Treatment,2026-05-03,2026-05-05,True
EXP_2026_HOMEPAGE_RANK_V2,U001347,Control,2026-05-30,2026-06-02,True
EXP_2026_HOMEPAGE_RANK_V2,U006893,Control,2026-06-06,2026-06-07,True
EXP_2026_HOMEPAGE_RANK_V2,U021312,Control,2026-05-29,2026-06-01,True
EXP_2026_HOMEPAGE_RANK_V2,U001435,Treatment,2026-04-20,2026-04-21,True
EXP_2026_HOMEPAGE_RANK_V2,U019307,Control,2026-05-24,2026-05-28,True
EXP_2026_HOMEPAGE_RANK_V2,U000020,Control,2026-06-15,2026-06-16,False
EXP_2026_HOMEPAGE_RANK_V2,U008524,Treatment,2026-06-08,2026-06-12,True
EXP_2026_HOMEPAGE_RANK_V2,U013226,Treatment,2026-04-25,2026-04-30,True
EXP_2026_HOMEPAGE_RANK_V2,U019976,Treatment,2026-07-06,2026-07-10,True
EXP_2026_HOMEPAGE_RANK_V2,U005845,Control,2026-05-26,2026-05-28,True
EXP_2026_HOMEPAGE_RANK_V2,U012134,Control,2026-07-03,2026-07-05,True
EXP_2026_HOMEPAGE_RANK_V2,U023482,Control,2026-04-30,2026-05-03,True
EXP_2026_HOMEPAGE_RANK_V2,U004022,Treatment,2026-05-18,2026-05-20,True
EXP_2026_HOMEPAGE_RANK_V2,U018434,Treatment,2026-05-24,2026-05-25,True
EXP_2026_HOMEPAGE_RANK_V2,U016257,Control,2026-06-29,2026-07-02,True
EXP_2026_HOMEPAGE_RANK_V2,U016064,Treatment,2026-06-21,2026-06-21,True
EXP_2026_HOMEPAGE_RANK_V2,U018188,Control,2026-06-24,2026-06-28,True
EXP_2026_HOMEPAGE_RANK_V2,U024201,Treatment,2026-06-17,2026-06-18,True
EXP_2026_HOMEPAGE_RANK_V2,U002789,Control,2026-05-31,2026-06-05,True
EXP_2026_HOMEPAGE_RANK_V2,U011748,Control,2026-05-07,2026-05-09,True
EXP_2026_HOMEPAGE_RANK_V2,U015275,Treatment,2026-05-15,2026-05-18,True
EXP_2026_HOMEPAGE_RANK_V2,U021416,Treatment,2026-04-22,2026-04-24,True
EXP_2026_HOMEPAGE_RANK_V2,U007550,Treatment,2026-05-28,2026-05-29,True
EXP_2026_HOMEPAGE_RANK_V2,U000892,Control,2026-05-29,2026-05-30,True
EXP_2026_HOMEPAGE_RANK_V2,U020331,Treatment,2026-06-29,2026-06-29,True
EXP_2026_HOMEPAGE_RANK_V2,U006496,Treatment,2026-07-04,2026-07-08,True
EXP_2026_HOMEPAGE_RANK_V2,U012672,Treatment,2026-05-28,2026-06-02,True
EXP_2026_HOMEPAGE_RANK_V2,U020763,Control,2026-07-11,2026-07-15,False
EXP_2026_HOMEPAGE_RANK_V2,U017167,Control,2026-06-25,2026-06-25,True
EXP_2026_HOMEPAGE_RANK_V2,U013030,Control,2026-06-05,2026-06-06,True
EXP_2026_HOMEPAGE_RANK_V2,U024959,Control,2026-04-18,2026-04-22,True
EXP_2026_HOMEPAGE_RANK_V2,U017576,Control,2026-05-21,2026-05-26,True
EXP_2026_HOMEPAGE_RANK_V2,U019676,Control,2026-06-06,2026-06-06,True
EXP_2026_HOMEPAGE_RANK_V2,U002577,Control,2026-06-28,2026-07-02,True
EXP_2026_HOMEPAGE_RANK_V2,U020250,Treatment,2026-06-29,2026-07-04,False
EXP_2026_HOMEPAGE_RANK_V2,U007023,Treatment,2026-06-20,2026-06-25,True
EXP_2026_HOMEPAGE_RANK_V2,U011954,Control,2026-07-01,2026-07-04,True
EXP_2026_HOMEPAGE_RANK_V2,U021671,Control,2026-05-30,2026-05-31,True
EXP_2026_HOMEPAGE_RANK_V2,U000895,Treatment,2026-06-01,2026-06-04,False
EXP_2026_HOMEPAGE_RANK_V2,U013895,Control,2026-06-01,2026-06-01,True
EXP_2026_HOMEPAGE_RANK_V2,U021388,Treatment,2026-05-29,2026-05-31,True
EXP_2026_HOMEPAGE_RANK_V2,U021572,Control,2026-07-03,2026-07-07,True
EXP_2026_HOMEPAGE_RANK_V2,U001790,Treatment,2026-06-04,2026-06-09,True
EXP_2026_HOMEPAGE_RANK_V2,U003302,Control,2026-05-10,2026-05-14,True
EXP_2026_HOMEPAGE_RANK_V2,U005930,Control,2026-05-01,2026-05-02,True
EXP_2026_HOMEPAGE_RANK_V2,U006680,Control,2026-06-03,2026-06-07,True
EXP_2026_HOMEPAGE_RANK_V2,U024050,Control,2026-05-08,2026-05-09,True
EXP_2026_HOMEPAGE_RANK_V2,U000592,Treatment,2026-07-08,2026-07-09,False
EXP_2026_HOMEPAGE_RANK_V2,U014435,Control,2026-06-03,2026-06-05,True
EXP_2026_HOMEPAGE_RANK_V2,U001834,Control,2026-07-11,2026-07-13,True
EXP_2026_HOMEPAGE_RANK_V2,U021139,Control,2026-05-02,2026-05-03,True
EXP_2026_HOMEPAGE_RANK_V2,U002984,Treatment,2026-07-05,2026-07-08,True
EXP_2026_HOMEPAGE_RANK_V2,U019561,Treatment,2026-05-22,2026-05-23,True
EXP_2026_HOMEPAGE_RANK_V2,U003671,Treatment,2026-06-04,2026-06-05,True
EXP_2026_HOMEPAGE_RANK_V2,U002027,Control,2026-04-19,2026-04-19,True
EXP_2026_HOMEPAGE_RANK_V2,U000130,Control,2026-06-27,2026-07-01,True
EXP_2026_HOMEPAGE_RANK_V2,U002898,Control,2026-05-15,2026-05-15,True
EXP_2026_HOMEPAGE_RANK_V2,U001939,Treatment,2026-06-02,2026-06-03,True
EXP_2026_HOMEPAGE_RANK_V2,U012899,Control,2026-07-10,2026-07-14,True
EXP_2026_HOMEPAGE_RANK_V2,U003139,Treatment,2026-05-30,2026-05-30,True
EXP_2026_HOMEPAGE_RANK_V2,U024566,Control,2026-07-07,2026-07-10,True
EXP_2026_HOMEPAGE_RANK_V2,U021952,Treatment,2026-06-11,2026-06-16,True
EXP_2026_HOMEPAGE_RANK_V2,U001720,Control,2026-07-09,2026-07-09,True
EXP_2026_HOMEPAGE_RANK_V2,U007994,Control,2026-05-08,2026-05-09,True
EXP_2026_HOMEPAGE_RANK_V2,U012686,Control,2026-06-23,2026-06-27,True
EXP_2026_HOMEPAGE_RANK_V2,U006070,Control,2026-07-10,2026-07-15,True
EXP_2026_HOMEPAGE_RANK_V2,U002594,Control,2026-05-31,2026-05-31,True
EXP_2026_HOMEPAGE_RANK_V2,U006604,Control,2026-05-17,2026-05-20,True
EXP_2026_HOMEPAGE_RANK_V2,U020406,Control,2026-05-01,2026-05-05,True
EXP_2026_HOMEPAGE_RANK_V2,U016978,Control,2026-05-14,2026-05-14,True
EXP_2026_HOMEPAGE_RANK_V2,U021177,Treatment,2026-06-04,2026-06-09,True
EXP_2026_HOMEPAGE_RANK_V2,U021956,Control,2026-06-28,2026-06-28,True
EXP_2026_HOMEPAGE_RANK_V2,U011799,Control,2026-06-10,2026-06-15,True
EXP_2026_HOMEPAGE_RANK_V2,U006725,Control,2026-05-13,2026-05-15,False
EXP_2026_HOMEPAGE_RANK_V2,U013149,Treatment,2026-04-21,2026-04-25,True
EXP_2026_HOMEPAGE_RANK_V2,U020947,Treatment,2026-05-17,2026-05-19,True
EXP_2026_HOMEPAGE_RANK_V2,U016921,Control,2026-05-28,2026-05-31,True
EXP_2026_HOMEPAGE_RANK_V2,U008076,Treatment,2026-07-06,2026-07-08,False
EXP_2026_HOMEPAGE_RANK_V2,U002614,Treatment,2026-05-07,2026-05-08,True
EXP_2026_HOMEPAGE_RANK_V2,U010182,Treatment,2026-05-09,2026-05-14,True
EXP_2026_HOMEPAGE_RANK_V2,U002583,Treatment,2026-06-19,2026-06-21,True
EXP_2026_HOMEPAGE_RANK_V2,U018823,Control,2026-06-10,2026-06-14,True
EXP_2026_HOMEPAGE_RANK_V2,U009489,Control,2026-06-28,2026-07-03,True
EXP_2026_HOMEPAGE_RANK_V2,U015987,Control,2026-04-25,2026-04-25,True
EXP_2026_HOMEPAGE_RANK_V2,U015726,Control,2026-06-04,2026-06-06,True
EXP_2026_HOMEPAGE_RANK_V2,U005327,Treatment,2026-06-09,2026-06-14,True
EXP_2026_HOMEPAGE_RANK_V2,U018816,Treatment,2026-04-21,2026-04-24,True
EXP_2026_HOMEPAGE_RANK_V2,U024051,Treatment,2026-06-16,2026-06-19,True
EXP_2026_HOMEPAGE_RANK_V2,U022213,Control,2026-05-05,2026-05-05,True
EXP_2026_HOMEPAGE_RANK_V2,U009193,Control,2026-05-21,2026-05-23,True
EXP_2026_HOMEPAGE_RANK_V2,U018339,Control,2026-04-22,2026-04-24,True
EXP_2026_HOMEPAGE_RANK_V2,U017922,Control,2026-06-18,2026-06-23,True
EXP_2026_HOMEPAGE_RANK_V2,U009189,Control,2026-05-28,2026-05-28,True
EXP_2026_HOMEPAGE_RANK_V2,U021028,Control,2026-06-03,2026-06-06,True
EXP_2026_HOMEPAGE_RANK_V2,U000717,Treatment,2026-06-15,2026-06-20,True
EXP_2026_HOMEPAGE_RANK_V2,U009468,Treatment,2026-06-02,2026-06-03,True
EXP_2026_HOMEPAGE_RANK_V2,U000754,Treatment,2026-05-16,2026-05-17,False
EXP_2026_HOMEPAGE_RANK_V2,U019161,Treatment,2026-07-10,2026-07-13,True
EXP_2026_HOMEPAGE_RANK_V2,U004076,Treatment,2026-05-16,2026-05-18,False
EXP_2026_HOMEPAGE_RANK_V2,U024329,Control,2026-04-25,2026-04-28,True
EXP_2026_HOMEPAGE_RANK_V2,U015031,Control,2026-06-18,2026-06-23,True
EXP_2026_HOMEPAGE_RANK_V2,U018608,Control,2026-05-06,2026-05-09,True
EXP_2026_HOMEPAGE_RANK_V2,U009981,Treatment,2026-05-22,2026-05-26,True
EXP_2026_HOMEPAGE_RANK_V2,U020891,Treatment,2026-06-21,2026-06-24,True
EXP_2026_HOMEPAGE_RANK_V2,U004703,Treatment,2026-05-24,2026-05-29,True
EXP_2026_HOMEPAGE_RANK_V2,U006689,Control,2026-04-20,2026-04-20,True
EXP_2026_HOMEPAGE_RANK_V2,U006005,Treatment,2026-05-25,2026-05-28,True
EXP_2026_HOMEPAGE_RANK_V2,U000710,Treatment,2026-04-23,2026-04-23,True
EXP_2026_HOMEPAGE_RANK_V2,U005259,Treatment,2026-05-20,2026-05-22,True
EXP_2026_HOMEPAGE_RANK_V2,U011244,Control,2026-07-04,2026-07-08,True
EXP_2026_HOMEPAGE_RANK_V2,U021322,Control,2026-05-03,2026-05-04,True
EXP_2026_HOMEPAGE_RANK_V2,U014181,Control,2026-06-05,2026-06-08,True
EXP_2026_HOMEPAGE_RANK_V2,U024795,Treatment,2026-05-31,2026-06-05,True
EXP_2026_HOMEPAGE_RANK_V2,U011926,Control,2026-06-02,2026-06-03,True
EXP_2026_HOMEPAGE_RANK_V2,U022425,Treatment,2026-04-30,2026-04-30,True
EXP_2026_HOMEPAGE_RANK_V2,U000142,Control,2026-05-09,2026-05-11,True
EXP_2026_HOMEPAGE_RANK_V2,U017314,Control,2026-06-26,2026-06-28,True
EXP_2026_HOMEPAGE_RANK_V2,U012079,Treatment,2026-05-28,2026-05-31,True
EXP_2026_HOMEPAGE_RANK_V2,U015534,Treatment,2026-05-16,2026-05-19,True
EXP_2026_HOMEPAGE_RANK_V2,U023588,Treatment,2026-05-07,2026-05-07,True
EXP_2026_HOMEPAGE_RANK_V2,U004851,Treatment,2026-06-26,2026-06-29,True
EXP_2026_HOMEPAGE_RANK_V2,U013862,Treatment,2026-06-07,2026-06-08,True
EXP_2026_HOMEPAGE_RANK_V2,U021399,Control,2026-06-14,2026-06-17,True
EXP_2026_HOMEPAGE_RANK_V2,U007809,Control,2026-06-20,2026-06-23,True
EXP_2026_HOMEPAGE_RANK_V2,U019167,Control,2026-05-28,2026-05-31,True
EXP_2026_HOMEPAGE_RANK_V2,U006422,Control,2026-05-18,2026-05-20,True
EXP_2026_HOMEPAGE_RANK_V2,U004866,Control,2026-06-09,2026-06-11,True
EXP_2026_HOMEPAGE_RANK_V2,U018807,Treatment,2026-07-10,2026-07-15,True
EXP_2026_HOMEPAGE_RANK_V2,U007512,Control,2026-05-12,2026-05-16,True
EXP_2026_HOMEPAGE_RANK_V2,U005983,Control,2026-06-17,2026-06-17,True
EXP_2026_HOMEPAGE_RANK_V2,U009004,Control,2026-05-05,2026-05-07,True
EXP_2026_HOMEPAGE_RANK_V2,U003090,Treatment,2026-05-10,2026-05-15,True
EXP_2026_HOMEPAGE_RANK_V2,U018896,Treatment,2026-05-07,2026-05-12,True
EXP_2026_HOMEPAGE_RANK_V2,U015895,Control,2026-07-08,2026-07-08,True
EXP_2026_HOMEPAGE_RANK_V2,U001718,Control,2026-05-25,2026-05-26,True
EXP_2026_HOMEPAGE_RANK_V2,U014058,Treatment,2026-05-29,2026-05-29,True
EXP_2026_HOMEPAGE_RANK_V2,U013922,Control,2026-06-18,2026-06-22,True
EXP_2026_HOMEPAGE_RANK_V2,U015877,Treatment,2026-06-19,2026-06-20,True
EXP_2026_HOMEPAGE_RANK_V2,U019864,Control,2026-06-10,2026-06-14,True
EXP_2026_HOMEPAGE_RANK_V2,U010450,Control,2026-06-22,2026-06-22,True
EXP_2026_HOMEPAGE_RANK_V2,U023363,Treatment,2026-06-12,2026-06-16,True
EXP_2026_HOMEPAGE_RANK_V2,U006119,Treatment,2026-06-15,2026-06-18,True
EXP_2026_HOMEPAGE_RANK_V2,U010574,Treatment,2026-07-07,2026-07-12,False
EXP_2026_HOMEPAGE_RANK_V2,U023247,Control,2026-06-14,2026-06-18,True
EXP_2026_HOMEPAGE_RANK_V2,U010554,Control,2026-04-29,2026-04-30,True
EXP_2026_HOMEPAGE_RANK_V2,U022128,Treatment,2026-05-03,2026-05-07,True
EXP_2026_HOMEPAGE_RANK_V2,U019210,Treatment,2026-06-12,2026-06-15,True
EXP_2026_HOMEPAGE_RANK_V2,U016700,Control,2026-07-11,2026-07-11,True
EXP_2026_HOMEPAGE_RANK_V2,U023819,Treatment,2026-07-09,2026-07-09,True
EXP_2026_HOMEPAGE_RANK_V2,U012263,Treatment,2026-06-05,2026-06-07,True
EXP_2026_HOMEPAGE_RANK_V2,U002229,Control,2026-04-29,2026-05-01,True
EXP_2026_HOMEPAGE_RANK_V2,U006013,Control,2026-04-28,2026-05-03,True
EXP_2026_HOMEPAGE_RANK_V2,U001458,Treatment,2026-04-28,2026-05-01,True
EXP_2026_HOMEPAGE_RANK_V2,U015716,Treatment,2026-04-23,2026-04-26,True
EXP_2026_HOMEPAGE_RANK_V2,U009765,Control,2026-05-08,2026-05-12,False
EXP_2026_HOMEPAGE_RANK_V2,U003759,Treatment,2026-07-08,2026-07-08,True
EXP_2026_HOMEPAGE_RANK_V2,U001541,Control,2026-07-10,2026-07-15,True
EXP_2026_HOMEPAGE_RANK_V2,U000175,Control,2026-06-14,2026-06-18,True
EXP_2026_HOMEPAGE_RANK_V2,U003378,Treatment,2026-07-04,2026-07-07,True
EXP_2026_HOMEPAGE_RANK_V2,U021424,Treatment,2026-05-17,2026-05-20,True
EXP_2026_HOMEPAGE_RANK_V2,U010201,Treatment,2026-06-17,2026-06-19,True
EXP_2026_HOMEPAGE_RANK_V2,U011334,Control,2026-05-14,2026-05-18,True
EXP_2026_HOMEPAGE_RANK_V2,U004533,Treatment,2026-06-15,2026-06-15,True
EXP_2026_HOMEPAGE_RANK_V2,U003829,Treatment,2026-06-22,2026-06-24,True
EXP_2026_HOMEPAGE_RANK_V2,U017459,Control,2026-05-17,2026-05-22,True
EXP_2026_HOMEPAGE_RANK_V2,U024591,Treatment,2026-04-19,2026-04-19,True
EXP_2026_HOMEPAGE_RANK_V2,U015530,Control,2026-05-18,2026-05-22,True
EXP_2026_HOMEPAGE_RANK_V2,U000575,Control,2026-06-01,2026-06-01,True
EXP_2026_HOMEPAGE_RANK_V2,U012547,Control,2026-06-22,2026-06-26,True
EXP_2026_HOMEPAGE_RANK_V2,U002463,Treatment,2026-06-16,2026-06-17,True
EXP_2026_HOMEPAGE_RANK_V2,U000897,Control,2026-05-07,2026-05-07,True
EXP_2026_HOMEPAGE_RANK_V2,U010254,Treatment,2026-04-25,2026-04-30,True
EXP_2026_HOMEPAGE_RANK_V2,U019348,Treatment,2026-05-03,2026-05-08,True
EXP_2026_HOMEPAGE_RANK_V2,U002313,Control,2026-04-20,2026-04-20,True
EXP_2026_HOMEPAGE_RANK_V2,U004128,Treatment,2026-05-05,2026-05-08,False
EXP_2026_HOMEPAGE_RANK_V2,U014405,Control,2026-07-06,2026-07-11,True
EXP_2026_HOMEPAGE_RANK_V2,U024508,Control,2026-06-11,2026-06-12,True
EXP_2026_HOMEPAGE_RANK_V2,U018801,Control,2026-04-21,2026-04-25,True
EXP_2026_HOMEPAGE_RANK_V2,U002282,Control,2026-06-11,2026-06-14,True
EXP_2026_HOMEPAGE_RANK_V2,U014835,Treatment,2026-07-02,2026-07-02,True
EXP_2026_HOMEPAGE_RANK_V2,U009867,Treatment,2026-06-14,2026-06-19,True
EXP_2026_HOMEPAGE_RANK_V2,U002527,Control,2026-05-03,2026-05-06,True
EXP_2026_HOMEPAGE_RANK_V2,U015557,Treatment,2026-06-09,2026-06-13,True
EXP_2026_HOMEPAGE_RANK_V2,U023351,Treatment,2026-06-07,2026-06-11,False
EXP_2026_HOMEPAGE_RANK_V2,U004674,Treatment,2026-06-24,2026-06-27,True
EXP_2026_HOMEPAGE_RANK_V2,U019761,Treatment,2026-06-13,2026-06-14,True
EXP_2026_HOMEPAGE_RANK_V2,U003049,Control,2026-04-30,2026-05-01,True
EXP_2026_HOMEPAGE_RANK_V2,U013251,Control,2026-06-11,2026-06-16,True
EXP_2026_HOMEPAGE_RANK_V2,U019659,Control,2026-05-19,2026-05-24,True
EXP_2026_HOMEPAGE_RANK_V2,U009493,Treatment,2026-06-07,2026-06-11,True
EXP_2026_HOMEPAGE_RANK_V2,U021171,Treatment,2026-06-14,2026-06-17,True
EXP_2026_HOMEPAGE_RANK_V2,U023437,Treatment,2026-07-04,2026-07-06,True
EXP_2026_HOMEPAGE_RANK_V2,U000351,Control,2026-05-03,2026-05-05,True
EXP_2026_HOMEPAGE_RANK_V2,U003962,Control,2026-05-08,2026-05-10,True
EXP_2026_HOMEPAGE_RANK_V2,U001666,Control,2026-05-01,2026-05-06,True
EXP_2026_HOMEPAGE_RANK_V2,U018722,Treatment,2026-07-09,2026-07-09,True
EXP_2026_HOMEPAGE_RANK_V2,U007659,Control,2026-06-30,2026-07-04,True
EXP_2026_HOMEPAGE_RANK_V2,U021346,Treatment,2026-06-10,2026-06-14,True
EXP_2026_HOMEPAGE_RANK_V2,U004282,Control,2026-06-13,2026-06-14,True
EXP_2026_HOMEPAGE_RANK_V2,U016459,Treatment,2026-06-19,2026-06-20,True
EXP_2026_HOMEPAGE_RANK_V2,U003448,Treatment,2026-07-06,2026-07-09,True
EXP_2026_HOMEPAGE_RANK_V2,U016481,Treatment,2026-04-27,2026-05-01,True
EXP_2026_HOMEPAGE_RANK_V2,U018566,Treatment,2026-06-23,2026-06-26,True
EXP_2026_HOMEPAGE_RANK_V2,U011025,Control,2026-04-28,2026-05-02,True
EXP_2026_HOMEPAGE_RANK_V2,U000596,Control,2026-05-01,2026-05-02,True
EXP_2026_HOMEPAGE_RANK_V2,U004590,Treatment,2026-06-16,2026-06-20,True
EXP_2026_HOMEPAGE_RANK_V2,U015727,Treatment,2026-06-17,2026-06-20,True
EXP_2026_HOMEPAGE_RANK_V2,U022399,Control,2026-07-11,2026-07-14,True
EXP_2026_HOMEPAGE_RANK_V2,U010632,Treatment,2026-05-27,2026-05-28,True
EXP_2026_HOMEPAGE_RANK_V2,U017531,Control,2026-05-25,2026-05-28,True
EXP_2026_HOMEPAGE_RANK_V2,U008953,Treatment,2026-06-20,2026-06-20,True
EXP_2026_HOMEPAGE_RANK_V2,U018381,Treatment,2026-04-25,2026-04-25,True
EXP_2026_HOMEPAGE_RANK_V2,U004116,Treatment,2026-07-11,2026-07-15,True
EXP_2026_HOMEPAGE_RANK_V2,U023471,Treatment,2026-06-14,2026-06-15,True
EXP_2026_HOMEPAGE_RANK_V2,U002271,Treatment,2026-05-02,2026-05-03,True
EXP_2026_HOMEPAGE_RANK_V2,U019293,Control,2026-07-11,2026-07-13,True
EXP_2026_HOMEPAGE_RANK_V2,U005031,Treatment,2026-06-10,2026-06-14,True
EXP_2026_HOMEPAGE_RANK_V2,U013358,Control,2026-05-14,2026-05-15,True
EXP_2026_HOMEPAGE_RANK_V2,U013422,Treatment,2026-05-30,2026-05-31,True
EXP_2026_HOMEPAGE_RANK_V2,U012431,Treatment,2026-06-07,2026-06-11,False
EXP_2026_HOMEPAGE_RANK_V2,U012063,Treatment,2026-05-29,2026-06-02,True
EXP_2026_HOMEPAGE_RANK_V2,U008487,Control,2026-07-07,2026-07-08,True
EXP_2026_HOMEPAGE_RANK_V2,U017943,Treatment,2026-05-18,2026-05-19,True
EXP_2026_HOMEPAGE_RANK_V2,U000776,Control,2026-06-01,2026-06-03,True
EXP_2026_HOMEPAGE_RANK_V2,U007429,Control,2026-04-21,2026-04-22,True
EXP_2026_HOMEPAGE_RANK_V2,U009762,Control,2026-07-07,2026-07-11,True
EXP_2026_HOMEPAGE_RANK_V2,U011693,Treatment,2026-06-25,2026-06-29,True
EXP_2026_HOMEPAGE_RANK_V2,U021272,Treatment,2026-06-13,2026-06-14,True
EXP_2026_HOMEPAGE_RANK_V2,U008654,Treatment,2026-04-27,2026-04-29,True
EXP_2026_HOMEPAGE_RANK_V2,U019815,Treatment,2026-05-24,2026-05-26,True
EXP_2026_HOMEPAGE_RANK_V2,U013821,Treatment,2026-05-18,2026-05-20,True
EXP_2026_HOMEPAGE_RANK_V2,U002279,Control,2026-07-01,2026-07-05,True
EXP_2026_HOMEPAGE_RANK_V2,U002530,Treatment,2026-04-30,2026-05-04,True
EXP_2026_HOMEPAGE_RANK_V2,U007980,Control,2026-05-18,2026-05-22,True
EXP_2026_HOMEPAGE_RANK_V2,U023626,Control,2026-07-09,2026-07-13,True
EXP_2026_HOMEPAGE_RANK_V2,U018312,Treatment,2026-05-25,2026-05-29,True
EXP_2026_HOMEPAGE_RANK_V2,U016362,Treatment,2026-06-16,2026-06-20,True
EXP_2026_HOMEPAGE_RANK_V2,U001690,Control,2026-07-08,2026-07-09,True
EXP_2026_HOMEPAGE_RANK_V2,U011420,Treatment,2026-05-20,2026-05-20,True
EXP_2026_HOMEPAGE_RANK_V2,U003870,Control,2026-07-09,2026-07-11,False
EXP_2026_HOMEPAGE_RANK_V2,U002184,Treatment,2026-06-23,2026-06-28,True
EXP_2026_HOMEPAGE_RANK_V2,U007876,Treatment,2026-06-09,2026-06-13,True
EXP_2026_HOMEPAGE_RANK_V2,U013551,Control,2026-05-20,2026-05-20,True
EXP_2026_HOMEPAGE_RANK_V2,U007552,Treatment,2026-06-26,2026-06-26,True
EXP_2026_HOMEPAGE_RANK_V2,U008005,Control,2026-04-24,2026-04-28,True
EXP_2026_HOMEPAGE_RANK_V2,U002142,Control,2026-05-09,2026-05-11,True
EXP_2026_HOMEPAGE_RANK_V2,U008294,Treatment,2026-05-23,2026-05-24,True
EXP_2026_HOMEPAGE_RANK_V2,U005450,Treatment,2026-05-15,2026-05-18,True
EXP_2026_HOMEPAGE_RANK_V2,U017827,Treatment,2026-05-02,2026-05-06,True
EXP_2026_HOMEPAGE_RANK_V2,U009599,Control,2026-04-25,2026-04-29,True
EXP_2026_HOMEPAGE_RANK_V2,U018165,Control,2026-06-17,2026-06-18,True
EXP_2026_HOMEPAGE_RANK_V2,U022475,Treatment,2026-05-06,2026-05-09,True
EXP_2026_HOMEPAGE_RANK_V2,U020455,Control,2026-07-08,2026-07-13,True
EXP_2026_HOMEPAGE_RANK_V2,U021967,Control,2026-07-05,2026-07-08,True
EXP_2026_HOMEPAGE_RANK_V2,U023458,Treatment,2026-06-27,2026-06-29,True
EXP_2026_HOMEPAGE_RANK_V2,U002246,Control,2026-05-03,2026-05-07,True
EXP_2026_HOMEPAGE_RANK_V2,U014286,Treatment,2026-04-23,2026-04-27,True
EXP_2026_HOMEPAGE_RANK_V2,U012626,Treatment,2026-05-30,2026-05-31,True
EXP_2026_HOMEPAGE_RANK_V2,U019862,Treatment,2026-07-05,2026-07-05,True
EXP_2026_HOMEPAGE_RANK_V2,U017633,Treatment,2026-05-26,2026-05-28,True
EXP_2026_HOMEPAGE_RANK_V2,U001714,Treatment,2026-07-06,2026-07-07,True
EXP_2026_HOMEPAGE_RANK_V2,U006327,Treatment,2026-06-28,2026-07-02,True
EXP_2026_HOMEPAGE_RANK_V2,U018727,Treatment,2026-07-10,2026-07-11,False
EXP_2026_HOMEPAGE_RANK_V2,U022220,Treatment,2026-05-09,2026-05-14,True
EXP_2026_HOMEPAGE_RANK_V2,U008169,Treatment,2026-04-27,2026-04-29,True
EXP_2026_HOMEPAGE_RANK_V2,U014487,Treatment,2026-05-24,2026-05-29,True
EXP_2026_HOMEPAGE_RANK_V2,U021686,Control,2026-05-10,2026-05-14,True
EXP_2026_HOMEPAGE_RANK_V2,U022615,Treatment,2026-06-01,2026-06-06,True
EXP_2026_HOMEPAGE_RANK_V2,U018005,Treatment,2026-05-24,2026-05-24,True
EXP_2026_HOMEPAGE_RANK_V2,U021175,Treatment,2026-06-11,2026-06-16,True
EXP_2026_HOMEPAGE_RANK_V2,U014468,Control,2026-07-08,2026-07-13,True
EXP_2026_HOMEPAGE_RANK_V2,U015496,Control,2026-06-12,2026-06-13,True
EXP_2026_HOMEPAGE_RANK_V2,U019798,Control,2026-06-01,2026-06-01,True
EXP_2026_HOMEPAGE_RANK_V2,U011783,Control,2026-06-01,2026-06-03,True
EXP_2026_HOMEPAGE_RANK_V2,U024300,Treatment,2026-04-28,2026-05-02,True
EXP_2026_HOMEPAGE_RANK_V2,U019290,Control,2026-05-31,2026-05-31,True
EXP_2026_HOMEPAGE_RANK_V2,U024934,Treatment,2026-05-08,2026-05-13,True
EXP_2026_HOMEPAGE_RANK_V2,U001395,Treatment,2026-05-10,2026-05-13,True
EXP_2026_HOMEPAGE_RANK_V2,U009514,Treatment,2026-06-05,2026-06-10,True
EXP_2026_HOMEPAGE_RANK_V2,U002439,Treatment,2026-06-06,2026-06-09,True
EXP_2026_HOMEPAGE_RANK_V2,U008266,Treatment,2026-05-09,2026-05-09,True
EXP_2026_HOMEPAGE_RANK_V2,U024013,Control,2026-05-02,2026-05-06,True
EXP_2026_HOMEPAGE_RANK_V2,U014049,Treatment,2026-06-09,2026-06-12,True
EXP_2026_HOMEPAGE_RANK_V2,U001670,Treatment,2026-05-16,2026-05-19,True
EXP_2026_HOMEPAGE_RANK_V2,U003520,Control,2026-07-06,2026-07-11,True
EXP_2026_HOMEPAGE_RANK_V2,U014740,Treatment,2026-05-31,2026-06-04,True
EXP_2026_HOMEPAGE_RANK_V2,U015855,Treatment,2026-06-25,2026-06-27,True
EXP_2026_HOMEPAGE_RANK_V2,U016217,Treatment,2026-05-08,2026-05-11,True
EXP_2026_HOMEPAGE_RANK_V2,U016182,Treatment,2026-06-05,2026-06-10,True
EXP_2026_HOMEPAGE_RANK_V2,U021625,Control,2026-06-15,2026-06-15,True
EXP_2026_HOMEPAGE_RANK_V2,U017262,Treatment,2026-04-22,2026-04-22,True
EXP_2026_HOMEPAGE_RANK_V2,U004583,Treatment,2026-06-29,2026-07-03,True
EXP_2026_HOMEPAGE_RANK_V2,U019033,Control,2026-05-07,2026-05-11,True
EXP_2026_HOMEPAGE_RANK_V2,U013297,Control,2026-05-16,2026-05-19,True
EXP_2026_HOMEPAGE_RANK_V2,U017960,Treatment,2026-05-19,2026-05-22,True
EXP_2026_HOMEPAGE_RANK_V2,U000436,Treatment,2026-04-19,2026-04-19,True
EXP_2026_HOMEPAGE_RANK_V2,U015968,Control,2026-06-12,2026-06-14,True
EXP_2026_HOMEPAGE_RANK_V2,U015027,Control,2026-05-14,2026-05-16,True
EXP_2026_HOMEPAGE_RANK_V2,U019390,Control,2026-07-08,2026-07-13,True
EXP_2026_HOMEPAGE_RANK_V2,U023472,Control,2026-05-31,2026-06-03,True
EXP_2026_HOMEPAGE_RANK_V2,U005747,Treatment,2026-05-10,2026-05-15,True
EXP_2026_HOMEPAGE_RANK_V2,U011973,Treatment,2026-05-02,2026-05-03,True
EXP_2026_HOMEPAGE_RANK_V2,U011213,Control,2026-06-22,2026-06-26,True
EXP_2026_HOMEPAGE_RANK_V2,U023224,Control,2026-06-04,2026-06-04,True
EXP_2026_HOMEPAGE_RANK_V2,U013703,Treatment,2026-06-25,2026-06-28,True
EXP_2026_HOMEPAGE_RANK_V2,U010111,Treatment,2026-04-28,2026-04-30,True
EXP_2026_HOMEPAGE_RANK_V2,U003014,Treatment,2026-04-25,2026-04-27,True
EXP_2026_HOMEPAGE_RANK_V2,U018377,Treatment,2026-06-25,2026-06-29,True
EXP_2026_HOMEPAGE_RANK_V2,U004478,Treatment,2026-04-29,2026-04-29,True
EXP_2026_HOMEPAGE_RANK_V2,U006456,Control,2026-04-28,2026-04-30,False
EXP_2026_HOMEPAGE_RANK_V2,U004556,Control,2026-06-05,2026-06-08,True
EXP_2026_HOMEPAGE_RANK_V2,U000752,Control,2026-06-26,2026-07-01,True
EXP_2026_HOMEPAGE_RANK_V2,U021772,Control,2026-07-11,2026-07-11,True
EXP_2026_HOMEPAGE_RANK_V2,U012829,Treatment,2026-06-24,2026-06-25,True
EXP_2026_HOMEPAGE_RANK_V2,U000912,Control,2026-06-12,2026-06-13,True
EXP_2026_HOMEPAGE_RANK_V2,U018735,Control,2026-06-14,2026-06-18,True
EXP_2026_HOMEPAGE_RANK_V2,U015724,Control,2026-05-30,2026-06-04,True
EXP_2026_HOMEPAGE_RANK_V2,U024425,Control,2026-05-13,2026-05-15,True
EXP_2026_HOMEPAGE_RANK_V2,U006875,Treatment,2026-06-21,2026-06-25,True
EXP_2026_HOMEPAGE_RANK_V2,U009903,Treatment,2026-06-07,2026-06-09,True
EXP_2026_HOMEPAGE_RANK_V2,U011691,Control,2026-06-08,2026-06-08,True
EXP_2026_HOMEPAGE_RANK_V2,U001438,Treatment,2026-06-09,2026-06-13,True
EXP_2026_HOMEPAGE_RANK_V2,U010690,Treatment,2026-04-23,2026-04-28,True
EXP_2026_HOMEPAGE_RANK_V2,U001097,Control,2026-06-08,2026-06-08,True
EXP_2026_HOMEPAGE_RANK_V2,U008293,Treatment,2026-07-02,2026-07-05,True
EXP_2026_HOMEPAGE_RANK_V2,U005028,Treatment,2026-06-05,2026-06-06,True
EXP_2026_HOMEPAGE_RANK_V2,U004829,Control,2026-07-04,2026-07-09,True
EXP_2026_HOMEPAGE_RANK_V2,U008726,Control,2026-05-12,2026-05-15,True
EXP_2026_HOMEPAGE_RANK_V2,U010280,Treatment,2026-04-18,2026-04-21,True
EXP_2026_HOMEPAGE_RANK_V2,U020410,Treatment,2026-06-15,2026-06-18,True
EXP_2026_HOMEPAGE_RANK_V2,U021136,Control,2026-06-29,2026-07-01,True
EXP_2026_HOMEPAGE_RANK_V2,U007224,Treatment,2026-06-20,2026-06-21,True
EXP_2026_HOMEPAGE_RANK_V2,U000981,Control,2026-06-12,2026-06-17,False
EXP_2026_HOMEPAGE_RANK_V2,U018150,Control,2026-06-27,2026-06-29,True
EXP_2026_HOMEPAGE_RANK_V2,U006255,Treatment,2026-05-25,2026-05-27,True
EXP_2026_HOMEPAGE_RANK_V2,U009699,Treatment,2026-06-16,2026-06-17,True
EXP_2026_HOMEPAGE_RANK_V2,U007930,Treatment,2026-05-26,2026-05-29,True
EXP_2026_HOMEPAGE_RANK_V2,U024493,Treatment,2026-05-22,2026-05-23,True
EXP_2026_HOMEPAGE_RANK_V2,U012132,Treatment,2026-06-01,2026-06-02,True
EXP_2026_HOMEPAGE_RANK_V2,U014488,Treatment,2026-06-28,2026-06-28,True
EXP_2026_HOMEPAGE_RANK_V2,U011892,Control,2026-06-09,2026-06-09,True
EXP_2026_HOMEPAGE_RANK_V2,U006150,Treatment,2026-04-29,2026-05-01,True
EXP_2026_HOMEPAGE_RANK_V2,U005676,Treatment,2026-04-28,2026-04-29,True
EXP_2026_HOMEPAGE_RANK_V2,U004702,Treatment,2026-05-04,2026-05-04,True
EXP_2026_HOMEPAGE_RANK_V2,U002017,Control,2026-04-22,2026-04-25,True
EXP_2026_HOMEPAGE_RANK_V2,U008110,Treatment,2026-06-02,2026-06-06,True
EXP_2026_HOMEPAGE_RANK_V2,U006165,Treatment,2026-04-23,2026-04-24,True
EXP_2026_HOMEPAGE_RANK_V2,U015925,Treatment,2026-06-13,2026-06-15,True
EXP_2026_HOMEPAGE_RANK_V2,U013318,Control,2026-06-15,2026-06-15,True
EXP_2026_HOMEPAGE_RANK_V2,U016154,Control,2026-05-05,2026-05-10,True
EXP_2026_HOMEPAGE_RANK_V2,U007421,Control,2026-06-23,2026-06-28,False
EXP_2026_HOMEPAGE_RANK_V2,U001227,Treatment,2026-05-05,2026-05-09,True
EXP_2026_HOMEPAGE_RANK_V2,U021882,Treatment,2026-06-27,2026-06-28,True
EXP_2026_HOMEPAGE_RANK_V2,U011360,Treatment,2026-04-22,2026-04-26,True
EXP_2026_HOMEPAGE_RANK_V2,U013920,Control,2026-07-06,2026-07-08,True
EXP_2026_HOMEPAGE_RANK_V2,U000138,Control,2026-05-06,2026-05-06,True
EXP_2026_HOMEPAGE_RANK_V2,U006041,Treatment,2026-04-30,2026-04-30,True
EXP_2026_HOMEPAGE_RANK_V2,U012831,Control,2026-06-19,2026-06-23,True
EXP_2026_HOMEPAGE_RANK_V2,U008553,Treatment,2026-05-30,2026-06-01,True
EXP_2026_HOMEPAGE_RANK_V2,U003465,Control,2026-05-05,2026-05-05,True
EXP_2026_HOMEPAGE_RANK_V2,U020441,Control,2026-06-17,2026-06-21,True
EXP_2026_HOMEPAGE_RANK_V2,U012463,Control,2026-06-16,2026-06-18,True
EXP_2026_HOMEPAGE_RANK_V2,U000263,Control,2026-06-25,2026-06-30,False
EXP_2026_HOMEPAGE_RANK_V2,U007818,Control,2026-04-19,2026-04-23,True
EXP_2026_HOMEPAGE_RANK_V2,U020769,Treatment,2026-06-27,2026-07-01,True
EXP_2026_HOMEPAGE_RANK_V2,U003166,Treatment,2026-06-26,2026-06-27,True
EXP_2026_HOMEPAGE_RANK_V2,U014673,Treatment,2026-06-27,2026-07-01,True
EXP_2026_HOMEPAGE_RANK_V2,U010656,Treatment,2026-05-19,2026-05-24,False
EXP_2026_HOMEPAGE_RANK_V2,U016420,Treatment,2026-04-19,2026-04-21,True
EXP_2026_HOMEPAGE_RANK_V2,U009449,Control,2026-05-15,2026-05-16,True
EXP_2026_HOMEPAGE_RANK_V2,U000662,Treatment,2026-05-28,2026-06-02,True
EXP_2026_HOMEPAGE_RANK_V2,U019606,Treatment,2026-04-20,2026-04-20,True
EXP_2026_HOMEPAGE_RANK_V2,U014907,Control,2026-07-01,2026-07-02,True
EXP_2026_HOMEPAGE_RANK_V2,U009397,Treatment,2026-06-28,2026-06-29,True
EXP_2026_HOMEPAGE_RANK_V2,U006093,Treatment,2026-06-17,2026-06-22,True
EXP_2026_HOMEPAGE_RANK_V2,U020051,Control,2026-06-10,2026-06-10,True
EXP_2026_HOMEPAGE_RANK_V2,U013086,Treatment,2026-04-30,2026-05-04,True
EXP_2026_HOMEPAGE_RANK_V2,U017911,Treatment,2026-04-26,2026-04-26,True
EXP_2026_HOMEPAGE_RANK_V2,U018988,Treatment,2026-06-16,2026-06-19,True
EXP_2026_HOMEPAGE_RANK_V2,U005835,Control,2026-04-21,2026-04-23,True
EXP_2026_HOMEPAGE_RANK_V2,U008218,Control,2026-06-15,2026-06-17,True
EXP_2026_HOMEPAGE_RANK_V2,U003998,Treatment,2026-05-02,2026-05-07,True
EXP_2026_HOMEPAGE_RANK_V2,U001898,Treatment,2026-06-13,2026-06-16,True
EXP_2026_HOMEPAGE_RANK_V2,U003344,Control,2026-04-18,2026-04-19,True
EXP_2026_HOMEPAGE_RANK_V2,U004700,Control,2026-07-07,2026-07-10,True
EXP_2026_HOMEPAGE_RANK_V2,U016186,Treatment,2026-06-10,2026-06-13,True
EXP_2026_HOMEPAGE_RANK_V2,U021099,Treatment,2026-07-05,2026-07-08,True
EXP_2026_HOMEPAGE_RANK_V2,U013818,Treatment,2026-05-04,2026-05-06,True
EXP_2026_HOMEPAGE_RANK_V2,U006985,Control,2026-04-25,2026-04-27,True
EXP_2026_HOMEPAGE_RANK_V2,U016643,Treatment,2026-06-10,2026-06-10,True
EXP_2026_HOMEPAGE_RANK_V2,U013605,Treatment,2026-06-19,2026-06-24,True
EXP_2026_HOMEPAGE_RANK_V2,U015616,Treatment,2026-06-18,2026-06-18,True
EXP_2026_HOMEPAGE_RANK_V2,U020924,Treatment,2026-06-07,2026-06-10,True
EXP_2026_HOMEPAGE_RANK_V2,U022741,Control,2026-05-18,2026-05-18,True
EXP_2026_HOMEPAGE_RANK_V2,U024108,Treatment,2026-05-10,2026-05-15,True
EXP_2026_HOMEPAGE_RANK_V2,U001912,Treatment,2026-05-06,2026-05-09,True
EXP_2026_HOMEPAGE_RANK_V2,U021807,Treatment,2026-06-06,2026-06-06,True
EXP_2026_HOMEPAGE_RANK_V2,U009055,Treatment,2026-06-20,2026-06-20,True
EXP_2026_HOMEPAGE_RANK_V2,U014519,Treatment,2026-06-23,2026-06-23,True
EXP_2026_HOMEPAGE_RANK_V2,U012697,Treatment,2026-05-24,2026-05-27,True
EXP_2026_HOMEPAGE_RANK_V2,U018342,Treatment,2026-06-01,2026-06-06,True
EXP_2026_HOMEPAGE_RANK_V2,U012168,Treatment,2026-07-02,2026-07-02,True
EXP_2026_HOMEPAGE_RANK_V2,U011132,Control,2026-06-02,2026-06-05,True
EXP_2026_HOMEPAGE_RANK_V2,U019928,Treatment,2026-06-14,2026-06-17,True
EXP_2026_HOMEPAGE_RANK_V2,U023627,Treatment,2026-06-05,2026-06-10,True
EXP_2026_HOMEPAGE_RANK_V2,U007258,Treatment,2026-05-18,2026-05-19,True
EXP_2026_HOMEPAGE_RANK_V2,U006256,Treatment,2026-06-05,2026-06-09,True
EXP_2026_HOMEPAGE_RANK_V2,U007609,Control,2026-07-09,2026-07-10,True
EXP_2026_HOMEPAGE_RANK_V2,U016902,Treatment,2026-05-07,2026-05-11,False
EXP_2026_HOMEPAGE_RANK_V2,U022905,Control,2026-05-19,2026-05-24,True
EXP_2026_HOMEPAGE_RANK_V2,U010218,Treatment,2026-05-14,2026-05-15,True
EXP_2026_HOMEPAGE_RANK_V2,U010976,Treatment,2026-07-10,2026-07-13,True
EXP_2026_HOMEPAGE_RANK_V2,U000669,Treatment,2026-06-05,2026-06-06,True
EXP_2026_HOMEPAGE_RANK_V2,U007996,Treatment,2026-04-19,2026-04-23,True
EXP_2026_HOMEPAGE_RANK_V2,U001241,Treatment,2026-06-09,2026-06-14,True
EXP_2026_HOMEPAGE_RANK_V2,U022737,Control,2026-07-08,2026-07-11,False
EXP_2026_HOMEPAGE_RANK_V2,U019202,Treatment,2026-05-08,2026-05-12,True
EXP_2026_HOMEPAGE_RANK_V2,U023895,Control,2026-05-05,2026-05-08,True
EXP_2026_HOMEPAGE_RANK_V2,U018305,Control,2026-05-28,2026-05-28,False
EXP_2026_HOMEPAGE_RANK_V2,U001890,Control,2026-05-28,2026-05-29,True
EXP_2026_HOMEPAGE_RANK_V2,U023577,Control,2026-06-19,2026-06-24,True
EXP_2026_HOMEPAGE_RANK_V2,U015364,Control,2026-05-14,2026-05-14,True
EXP_2026_HOMEPAGE_RANK_V2,U012199,Treatment,2026-05-20,2026-05-20,True
EXP_2026_HOMEPAGE_RANK_V2,U000502,Treatment,2026-05-19,2026-05-21,True
EXP_2026_HOMEPAGE_RANK_V2,U017450,Control,2026-06-24,2026-06-27,True
EXP_2026_HOMEPAGE_RANK_V2,U014032,Treatment,2026-05-26,2026-05-31,False
EXP_2026_HOMEPAGE_RANK_V2,U011343,Control,2026-04-27,2026-05-01,True
EXP_2026_HOMEPAGE_RANK_V2,U010127,Control,2026-05-13,2026-05-16,True
EXP_2026_HOMEPAGE_RANK_V2,U016538,Treatment,2026-05-30,2026-06-02,True
EXP_2026_HOMEPAGE_RANK_V2,U007591,Treatment,2026-07-11,2026-07-11,True
EXP_2026_HOMEPAGE_RANK_V2,U013313,Control,2026-05-02,2026-05-07,True
EXP_2026_HOMEPAGE_RANK_V2,U017719,Control,2026-05-20,2026-05-22,True
EXP_2026_HOMEPAGE_RANK_V2,U018353,Control,2026-05-16,2026-05-20,True
EXP_2026_HOMEPAGE_RANK_V2,U007787,Control,2026-06-28,2026-06-29,True
EXP_2026_HOMEPAGE_RANK_V2,U011562,Control,2026-04-22,2026-04-25,True
EXP_2026_HOMEPAGE_RANK_V2,U018387,Control,2026-04-21,2026-04-21,True
EXP_2026_HOMEPAGE_RANK_V2,U013418,Control,2026-06-19,2026-06-20,False
EXP_2026_HOMEPAGE_RANK_V2,U006399,Treatment,2026-04-22,2026-04-22,True
EXP_2026_HOMEPAGE_RANK_V2,U018731,Treatment,2026-06-06,2026-06-09,True
EXP_2026_HOMEPAGE_RANK_V2,U001816,Treatment,2026-05-02,2026-05-04,True
EXP_2026_HOMEPAGE_RANK_V2,U007645,Treatment,2026-06-16,2026-06-18,True
EXP_2026_HOMEPAGE_RANK_V2,U019297,Treatment,2026-05-20,2026-05-22,True
EXP_2026_HOMEPAGE_RANK_V2,U004724,Treatment,2026-06-08,2026-06-08,True
EXP_2026_HOMEPAGE_RANK_V2,U004165,Control,2026-05-14,2026-05-17,True
EXP_2026_HOMEPAGE_RANK_V2,U009097,Control,2026-07-02,2026-07-07,True
EXP_2026_HOMEPAGE_RANK_V2,U008727,Control,2026-07-05,2026-07-05,True
EXP_2026_HOMEPAGE_RANK_V2,U020109,Control,2026-07-08,2026-07-08,False
EXP_2026_HOMEPAGE_RANK_V2,U019355,Treatment,2026-04-30,2026-05-05,True
EXP_2026_HOMEPAGE_RANK_V2,U006764,Control,2026-05-13,2026-05-13,True
EXP_2026_HOMEPAGE_RANK_V2,U010326,Control,2026-05-09,2026-05-09,True
EXP_2026_HOMEPAGE_RANK_V2,U024748,Control,2026-05-26,2026-05-28,True
EXP_2026_HOMEPAGE_RANK_V2,U017222,Control,2026-06-29,2026-06-29,True
EXP_2026_HOMEPAGE_RANK_V2,U006073,Control,2026-05-29,2026-05-30,True
EXP_2026_HOMEPAGE_RANK_V2,U015339,Treatment,2026-05-21,2026-05-23,True
EXP_2026_HOMEPAGE_RANK_V2,U016099,Treatment,2026-05-07,2026-05-09,True
EXP_2026_HOMEPAGE_RANK_V2,U020485,Treatment,2026-07-05,2026-07-07,True
EXP_2026_HOMEPAGE_RANK_V2,U017310,Control,2026-06-07,2026-06-09,True
EXP_2026_HOMEPAGE_RANK_V2,U015698,Control,2026-05-22,2026-05-27,True
EXP_2026_HOMEPAGE_RANK_V2,U013412,Treatment,2026-06-27,2026-07-01,True
EXP_2026_HOMEPAGE_RANK_V2,U016787,Treatment,2026-05-24,2026-05-28,True
EXP_2026_HOMEPAGE_RANK_V2,U002201,Treatment,2026-06-25,2026-06-30,True
EXP_2026_HOMEPAGE_RANK_V2,U021017,Control,2026-05-13,2026-05-15,True
EXP_2026_HOMEPAGE_RANK_V2,U003992,Control,2026-06-22,2026-06-26,True
EXP_2026_HOMEPAGE_RANK_V2,U022697,Control,2026-05-31,2026-05-31,True
EXP_2026_HOMEPAGE_RANK_V2,U023254,Treatment,2026-07-03,2026-07-06,True
EXP_2026_HOMEPAGE_RANK_V2,U006045,Treatment,2026-05-05,2026-05-08,True
EXP_2026_HOMEPAGE_RANK_V2,U011825,Treatment,2026-07-11,2026-07-11,True
EXP_2026_HOMEPAGE_RANK_V2,U000002,Control,2026-05-18,2026-05-19,True
EXP_2026_HOMEPAGE_RANK_V2,U017554,Control,2026-04-26,2026-05-01,True
EXP_2026_HOMEPAGE_RANK_V2,U018951,Treatment,2026-05-23,2026-05-24,True
EXP_2026_HOMEPAGE_RANK_V2,U016060,Treatment,2026-06-30,2026-07-04,True
EXP_2026_HOMEPAGE_RANK_V2,U021688,Treatment,2026-06-08,2026-06-10,True
EXP_2026_HOMEPAGE_RANK_V2,U014971,Treatment,2026-06-15,2026-06-15,True
EXP_2026_HOMEPAGE_RANK_V2,U002193,Treatment,2026-05-13,2026-05-14,True
EXP_2026_HOMEPAGE_RANK_V2,U010384,Control,2026-05-06,2026-05-07,True
EXP_2026_HOMEPAGE_RANK_V2,U020784,Control,2026-06-05,2026-06-07,True
EXP_2026_HOMEPAGE_RANK_V2,U017792,Treatment,2026-05-08,2026-05-08,True
EXP_2026_HOMEPAGE_RANK_V2,U006060,Treatment,2026-06-14,2026-06-15,True
EXP_2026_HOMEPAGE_RANK_V2,U019570,Control,2026-07-07,2026-07-12,True
EXP_2026_HOMEPAGE_RANK_V2,U022469,Control,2026-05-16,2026-05-19,True
EXP_2026_HOMEPAGE_RANK_V2,U002175,Control,2026-07-01,2026-07-03,True
EXP_2026_HOMEPAGE_RANK_V2,U008035,Control,2026-07-04,2026-07-04,True
EXP_2026_HOMEPAGE_RANK_V2,U011183,Treatment,2026-05-06,2026-05-08,True
EXP_2026_HOMEPAGE_RANK_V2,U013458,Treatment,2026-06-20,2026-06-20,True
EXP_2026_HOMEPAGE_RANK_V2,U022503,Treatment,2026-07-02,2026-07-04,True
EXP_2026_HOMEPAGE_RANK_V2,U019060,Control,2026-05-11,2026-05-13,True
EXP_2026_HOMEPAGE_RANK_V2,U011671,Treatment,2026-05-24,2026-05-25,True
EXP_2026_HOMEPAGE_RANK_V2,U009831,Treatment,2026-05-29,2026-05-29,True
EXP_2026_HOMEPAGE_RANK_V2,U016336,Control,2026-06-26,2026-06-30,True
EXP_2026_HOMEPAGE_RANK_V2,U001751,Treatment,2026-06-05,2026-06-08,True
EXP_2026_HOMEPAGE_RANK_V2,U019975,Treatment,2026-06-25,2026-06-29,True
EXP_2026_HOMEPAGE_RANK_V2,U015279,Control,2026-06-03,2026-06-04,True
EXP_2026_HOMEPAGE_RANK_V2,U010494,Treatment,2026-05-28,2026-06-01,True
EXP_2026_HOMEPAGE_RANK_V2,U000369,Control,2026-05-26,2026-05-28,True
EXP_2026_HOMEPAGE_RANK_V2,U015501,Treatment,2026-04-30,2026-05-03,True
EXP_2026_HOMEPAGE_RANK_V2,U006922,Control,2026-05-11,2026-05-15,True
EXP_2026_HOMEPAGE_RANK_V2,U015148,Control,2026-04-25,2026-04-25,True
EXP_2026_HOMEPAGE_RANK_V2,U002983,Treatment,2026-06-03,2026-06-08,True
EXP_2026_HOMEPAGE_RANK_V2,U000095,Control,2026-05-25,2026-05-29,True
EXP_2026_HOMEPAGE_RANK_V2,U014598,Control,2026-06-19,2026-06-20,True
EXP_2026_HOMEPAGE_RANK_V2,U011889,Control,2026-06-18,2026-06-22,True
EXP_2026_HOMEPAGE_RANK_V2,U009492,Treatment,2026-04-24,2026-04-29,True
EXP_2026_HOMEPAGE_RANK_V2,U006792,Control,2026-06-26,2026-06-29,True
EXP_2026_HOMEPAGE_RANK_V2,U014477,Treatment,2026-06-05,2026-06-09,True
EXP_2026_HOMEPAGE_RANK_V2,U015795,Control,2026-05-11,2026-05-13,True
EXP_2026_HOMEPAGE_RANK_V2,U015439,Control,2026-06-15,2026-06-19,True
EXP_2026_HOMEPAGE_RANK_V2,U013156,Treatment,2026-06-15,2026-06-16,True
EXP_2026_HOMEPAGE_RANK_V2,U015020,Treatment,2026-05-27,2026-05-28,True
EXP_2026_HOMEPAGE_RANK_V2,U024090,Treatment,2026-04-30,2026-05-04,True
EXP_2026_HOMEPAGE_RANK_V2,U000184,Control,2026-06-27,2026-06-29,True
EXP_2026_HOMEPAGE_RANK_V2,U006483,Control,2026-05-28,2026-05-30,True
EXP_2026_HOMEPAGE_RANK_V2,U005469,Treatment,2026-04-20,2026-04-20,True
EXP_2026_HOMEPAGE_RANK_V2,U011631,Control,2026-06-21,2026-06-23,True
EXP_2026_HOMEPAGE_RANK_V2,U004882,Control,2026-06-13,2026-06-18,True
EXP_2026_HOMEPAGE_RANK_V2,U002906,Treatment,2026-06-22,2026-06-22,True
EXP_2026_HOMEPAGE_RANK_V2,U022253,Control,2026-05-15,2026-05-18,True
EXP_2026_HOMEPAGE_RANK_V2,U002713,Treatment,2026-06-25,2026-06-27,True
EXP_2026_HOMEPAGE_RANK_V2,U000531,Control,2026-06-30,2026-06-30,True
EXP_2026_HOMEPAGE_RANK_V2,U019061,Control,2026-05-28,2026-06-02,False
EXP_2026_HOMEPAGE_RANK_V2,U001181,Treatment,2026-06-29,2026-06-29,True
EXP_2026_HOMEPAGE_RANK_V2,U002440,Treatment,2026-07-06,2026-07-08,False
EXP_2026_HOMEPAGE_RANK_V2,U020793,Control,2026-06-30,2026-07-03,True
EXP_2026_HOMEPAGE_RANK_V2,U020375,Treatment,2026-06-24,2026-06-25,True
EXP_2026_HOMEPAGE_RANK_V2,U020549,Treatment,2026-06-07,2026-06-07,True
EXP_2026_HOMEPAGE_RANK_V2,U005766,Control,2026-06-19,2026-06-24,True
EXP_2026_HOMEPAGE_RANK_V2,U006451,Treatment,2026-04-30,2026-05-05,True
EXP_2026_HOMEPAGE_RANK_V2,U012986,Control,2026-07-04,2026-07-06,True
EXP_2026_HOMEPAGE_RANK_V2,U004985,Treatment,2026-07-06,2026-07-07,True
EXP_2026_HOMEPAGE_RANK_V2,U007426,Treatment,2026-07-09,2026-07-14,False
EXP_2026_HOMEPAGE_RANK_V2,U019183,Control,2026-06-22,2026-06-23,False
EXP_2026_HOMEPAGE_RANK_V2,U007632,Treatment,2026-06-29,2026-06-30,True
EXP_2026_HOMEPAGE_RANK_V2,U023953,Control,2026-06-08,2026-06-11,True
EXP_2026_HOMEPAGE_RANK_V2,U023320,Treatment,2026-05-18,2026-05-22,True
EXP_2026_HOMEPAGE_RANK_V2,U000741,Treatment,2026-05-08,2026-05-12,True
EXP_2026_HOMEPAGE_RANK_V2,U006586,Treatment,2026-06-08,2026-06-08,True
EXP_2026_HOMEPAGE_RANK_V2,U003744,Control,2026-06-24,2026-06-25,True
EXP_2026_HOMEPAGE_RANK_V2,U017107,Treatment,2026-06-19,2026-06-22,True
EXP_2026_HOMEPAGE_RANK_V2,U005496,Control,2026-05-16,2026-05-21,True
EXP_2026_HOMEPAGE_RANK_V2,U012850,Control,2026-05-13,2026-05-18,True
EXP_2026_HOMEPAGE_RANK_V2,U003342,Treatment,2026-05-05,2026-05-07,True
EXP_2026_HOMEPAGE_RANK_V2,U018436,Control,2026-05-29,2026-06-01,True
EXP_2026_HOMEPAGE_RANK_V2,U004134,Control,2026-05-22,2026-05-25,True
EXP_2026_HOMEPAGE_RANK_V2,U016040,Treatment,2026-04-18,2026-04-22,True
EXP_2026_HOMEPAGE_RANK_V2,U023404,Treatment,2026-07-02,2026-07-04,True
EXP_2026_HOMEPAGE_RANK_V2,U015871,Treatment,2026-06-14,2026-06-15,True
EXP_2026_HOMEPAGE_RANK_V2,U003146,Treatment,2026-05-07,2026-05-10,True
EXP_2026_HOMEPAGE_RANK_V2,U006160,Treatment,2026-07-01,2026-07-01,True
EXP_2026_HOMEPAGE_RANK_V2,U011999,Control,2026-06-26,2026-06-29,True
EXP_2026_HOMEPAGE_RANK_V2,U013478,Control,2026-05-03,2026-05-04,True
EXP_2026_HOMEPAGE_RANK_V2,U002736,Control,2026-06-11,2026-06-13,True
EXP_2026_HOMEPAGE_RANK_V2,U011368,Control,2026-07-04,2026-07-08,True
EXP_2026_HOMEPAGE_RANK_V2,U004628,Treatment,2026-05-05,2026-05-08,True
EXP_2026_HOMEPAGE_RANK_V2,U019962,Control,2026-07-06,2026-07-11,True
EXP_2026_HOMEPAGE_RANK_V2,U006879,Treatment,2026-07-07,2026-07-07,True
EXP_2026_HOMEPAGE_RANK_V2,U014010,Control,2026-04-19,2026-04-19,True
EXP_2026_HOMEPAGE_RANK_V2,U003384,Control,2026-05-26,2026-05-29,True
EXP_2026_HOMEPAGE_RANK_V2,U006716,Control,2026-06-07,2026-06-08,True
EXP_2026_HOMEPAGE_RANK_V2,U013059,Control,2026-07-07,2026-07-12,True
EXP_2026_HOMEPAGE_RANK_V2,U005543,Control,2026-06-28,2026-07-01,True
EXP_2026_HOMEPAGE_RANK_V2,U023219,Control,2026-06-17,2026-06-22,True
EXP_2026_HOMEPAGE_RANK_V2,U019486,Control,2026-06-28,2026-07-02,True
EXP_2026_HOMEPAGE_RANK_V2,U015295,Control,2026-05-06,2026-05-06,True
EXP_2026_HOMEPAGE_RANK_V2,U009703,Control,2026-07-05,2026-07-06,True
EXP_2026_HOMEPAGE_RANK_V2,U021080,Control,2026-05-15,2026-05-20,True
EXP_2026_HOMEPAGE_RANK_V2,U006196,Treatment,2026-07-09,2026-07-11,True
EXP_2026_HOMEPAGE_RANK_V2,U015503,Control,2026-04-22,2026-04-27,True
EXP_2026_HOMEPAGE_RANK_V2,U024947,Control,2026-04-25,2026-04-28,False
EXP_2026_HOMEPAGE_RANK_V2,U015620,Control,2026-07-09,2026-07-12,True
EXP_2026_HOMEPAGE_RANK_V2,U015959,Control,2026-06-25,2026-06-26,True
EXP_2026_HOMEPAGE_RANK_V2,U015285,Control,2026-05-15,2026-05-17,True
EXP_2026_HOMEPAGE_RANK_V2,U020621,Control,2026-06-17,2026-06-17,True
EXP_2026_HOMEPAGE_RANK_V2,U001588,Treatment,2026-05-22,2026-05-24,True
EXP_2026_HOMEPAGE_RANK_V2,U010285,Treatment,2026-06-27,2026-06-28,True
EXP_2026_HOMEPAGE_RANK_V2,U024903,Treatment,2026-06-01,2026-06-02,True
EXP_2026_HOMEPAGE_RANK_V2,U008349,Control,2026-06-15,2026-06-17,True
EXP_2026_HOMEPAGE_RANK_V2,U023648,Treatment,2026-05-31,2026-06-05,True
EXP_2026_HOMEPAGE_RANK_V2,U000185,Treatment,2026-06-20,2026-06-23,True
EXP_2026_HOMEPAGE_RANK_V2,U016834,Treatment,2026-06-15,2026-06-16,True
EXP_2026_HOMEPAGE_RANK_V2,U024382,Treatment,2026-06-25,2026-06-29,True
EXP_2026_HOMEPAGE_RANK_V2,U007764,Treatment,2026-04-22,2026-04-22,True
EXP_2026_HOMEPAGE_RANK_V2,U023263,Treatment,2026-06-26,2026-06-28,True
EXP_2026_HOMEPAGE_RANK_V2,U001008,Treatment,2026-04-22,2026-04-24,True
EXP_2026_HOMEPAGE_RANK_V2,U010101,Treatment,2026-06-30,2026-06-30,True
EXP_2026_HOMEPAGE_RANK_V2,U021120,Control,2026-07-02,2026-07-07,True
EXP_2026_HOMEPAGE_RANK_V2,U014700,Treatment,2026-06-25,2026-06-29,True
EXP_2026_HOMEPAGE_RANK_V2,U014363,Treatment,2026-05-18,2026-05-20,True
EXP_2026_HOMEPAGE_RANK_V2,U021449,Control,2026-06-18,2026-06-20,True
EXP_2026_HOMEPAGE_RANK_V2,U015615,Control,2026-05-28,2026-05-31,True
EXP_2026_HOMEPAGE_RANK_V2,U000843,Control,2026-06-12,2026-06-17,True
EXP_2026_HOMEPAGE_RANK_V2,U023258,Treatment,2026-04-21,2026-04-26,True
EXP_2026_HOMEPAGE_RANK_V2,U016734,Treatment,2026-06-14,2026-06-14,False
EXP_2026_HOMEPAGE_RANK_V2,U020610,Treatment,2026-05-31,2026-06-05,True
EXP_2026_HOMEPAGE_RANK_V2,U015141,Control,2026-05-24,2026-05-27,True
EXP_2026_HOMEPAGE_RANK_V2,U012838,Treatment,2026-05-06,2026-05-10,True
EXP_2026_HOMEPAGE_RANK_V2,U016159,Control,2026-05-26,2026-05-27,True
EXP_2026_HOMEPAGE_RANK_V2,U007551,Control,2026-05-15,2026-05-18,True
EXP_2026_HOMEPAGE_RANK_V2,U021011,Treatment,2026-07-05,2026-07-06,False
EXP_2026_HOMEPAGE_RANK_V2,U002131,Treatment,2026-07-10,2026-07-10,False
EXP_2026_HOMEPAGE_RANK_V2,U007746,Treatment,2026-06-19,2026-06-22,True
EXP_2026_HOMEPAGE_RANK_V2,U004893,Treatment,2026-06-30,2026-07-03,True
EXP_2026_HOMEPAGE_RANK_V2,U005179,Treatment,2026-06-10,2026-06-11,True
EXP_2026_HOMEPAGE_RANK_V2,U024987,Control,2026-07-06,2026-07-09,True
EXP_2026_HOMEPAGE_RANK_V2,U011058,Control,2026-06-14,2026-06-18,True
EXP_2026_HOMEPAGE_RANK_V2,U014586,Treatment,2026-06-12,2026-06-14,True
EXP_2026_HOMEPAGE_RANK_V2,U023330,Treatment,2026-05-30,2026-06-03,True
EXP_2026_HOMEPAGE_RANK_V2,U007074,Control,2026-06-14,2026-06-15,True
EXP_2026_HOMEPAGE_RANK_V2,U021501,Treatment,2026-06-01,2026-06-01,True
EXP_2026_HOMEPAGE_RANK_V2,U018969,Treatment,2026-06-19,2026-06-20,True
EXP_2026_HOMEPAGE_RANK_V2,U014702,Treatment,2026-05-07,2026-05-12,True
EXP_2026_HOMEPAGE_RANK_V2,U006178,Treatment,2026-06-15,2026-06-17,True
EXP_2026_HOMEPAGE_RANK_V2,U010359,Control,2026-04-29,2026-05-02,True
EXP_2026_HOMEPAGE_RANK_V2,U018604,Control,2026-04-24,2026-04-26,True
EXP_2026_HOMEPAGE_RANK_V2,U001513,Control,2026-05-01,2026-05-03,False
EXP_2026_HOMEPAGE_RANK_V2,U009649,Control,2026-06-11,2026-06-11,True
EXP_2026_HOMEPAGE_RANK_V2,U004935,Treatment,2026-04-18,2026-04-19,True
EXP_2026_HOMEPAGE_RANK_V2,U022813,Control,2026-06-09,2026-06-10,True
EXP_2026_HOMEPAGE_RANK_V2,U013351,Treatment,2026-05-25,2026-05-28,True
EXP_2026_HOMEPAGE_RANK_V2,U000204,Control,2026-05-13,2026-05-14,True
EXP_2026_HOMEPAGE_RANK_V2,U010686,Control,2026-06-24,2026-06-28,True
EXP_2026_HOMEPAGE_RANK_V2,U016613,Control,2026-05-08,2026-05-08,True
EXP_2026_HOMEPAGE_RANK_V2,U010548,Treatment,2026-06-16,2026-06-16,True
EXP_2026_HOMEPAGE_RANK_V2,U016443,Treatment,2026-05-07,2026-05-10,True
EXP_2026_HOMEPAGE_RANK_V2,U021362,Control,2026-06-22,2026-06-24,True
EXP_2026_HOMEPAGE_RANK_V2,U015805,Treatment,2026-05-16,2026-05-16,True
EXP_2026_HOMEPAGE_RANK_V2,U011199,Control,2026-05-15,2026-05-16,True
EXP_2026_HOMEPAGE_RANK_V2,U005954,Treatment,2026-07-10,2026-07-13,True
EXP_2026_HOMEPAGE_RANK_V2,U018831,Treatment,2026-05-05,2026-05-07,True
EXP_2026_HOMEPAGE_RANK_V2,U006467,Treatment,2026-07-11,2026-07-12,True
EXP_2026_HOMEPAGE_RANK_V2,U001869,Treatment,2026-06-27,2026-07-01,True
EXP_2026_HOMEPAGE_RANK_V2,U020708,Control,2026-05-14,2026-05-19,True
EXP_2026_HOMEPAGE_RANK_V2,U014815,Control,2026-07-07,2026-07-12,True
EXP_2026_HOMEPAGE_RANK_V2,U020747,Treatment,2026-05-24,2026-05-25,True
EXP_2026_HOMEPAGE_RANK_V2,U005730,Control,2026-05-26,2026-05-26,True
EXP_2026_HOMEPAGE_RANK_V2,U011879,Treatment,2026-07-05,2026-07-10,True
EXP_2026_HOMEPAGE_RANK_V2,U017180,Control,2026-05-14,2026-05-15,True
EXP_2026_HOMEPAGE_RANK_V2,U001778,Control,2026-06-24,2026-06-29,True
EXP_2026_HOMEPAGE_RANK_V2,U004716,Treatment,2026-06-03,2026-06-04,True
EXP_2026_HOMEPAGE_RANK_V2,U020796,Treatment,2026-06-15,2026-06-20,False
EXP_2026_HOMEPAGE_RANK_V2,U021365,Treatment,2026-05-26,2026-05-31,True
EXP_2026_HOMEPAGE_RANK_V2,U011866,Treatment,2026-05-04,2026-05-08,True
EXP_2026_HOMEPAGE_RANK_V2,U010681,Treatment,2026-06-04,2026-06-07,True
EXP_2026_HOMEPAGE_RANK_V2,U012612,Treatment,2026-07-08,2026-07-08,True
EXP_2026_HOMEPAGE_RANK_V2,U014989,Treatment,2026-05-01,2026-05-05,True
EXP_2026_HOMEPAGE_RANK_V2,U020318,Control,2026-05-18,2026-05-21,True
EXP_2026_HOMEPAGE_RANK_V2,U017275,Control,2026-05-18,2026-05-18,True
EXP_2026_HOMEPAGE_RANK_V2,U010572,Control,2026-05-11,2026-05-14,True
EXP_2026_HOMEPAGE_RANK_V2,U010577,Treatment,2026-06-11,2026-06-15,True
EXP_2026_HOMEPAGE_RANK_V2,U011466,Treatment,2026-05-28,2026-05-28,True
EXP_2026_HOMEPAGE_RANK_V2,U019805,Control,2026-05-30,2026-05-30,True
EXP_2026_HOMEPAGE_RANK_V2,U013654,Control,2026-05-19,2026-05-20,True
EXP_2026_HOMEPAGE_RANK_V2,U004612,Treatment,2026-06-15,2026-06-20,True
EXP_2026_HOMEPAGE_RANK_V2,U011419,Treatment,2026-06-27,2026-06-29,True
EXP_2026_HOMEPAGE_RANK_V2,U011480,Treatment,2026-04-18,2026-04-23,True
EXP_2026_HOMEPAGE_RANK_V2,U011454,Treatment,2026-05-17,2026-05-22,True
EXP_2026_HOMEPAGE_RANK_V2,U011637,Control,2026-05-04,2026-05-04,True
EXP_2026_HOMEPAGE_RANK_V2,U019411,Treatment,2026-05-05,2026-05-10,False
EXP_2026_HOMEPAGE_RANK_V2,U024831,Control,2026-06-01,2026-06-05,True
EXP_2026_HOMEPAGE_RANK_V2,U022861,Treatment,2026-06-30,2026-07-04,True
EXP_2026_HOMEPAGE_RANK_V2,U024534,Control,2026-04-24,2026-04-25,True
EXP_2026_HOMEPAGE_RANK_V2,U006998,Treatment,2026-07-01,2026-07-06,True
EXP_2026_HOMEPAGE_RANK_V2,U008242,Control,2026-05-15,2026-05-18,True
EXP_2026_HOMEPAGE_RANK_V2,U013725,Control,2026-05-05,2026-05-06,True
EXP_2026_HOMEPAGE_RANK_V2,U007770,Treatment,2026-06-27,2026-07-01,True
EXP_2026_HOMEPAGE_RANK_V2,U011499,Control,2026-05-01,2026-05-04,True
EXP_2026_HOMEPAGE_RANK_V2,U010828,Control,2026-05-17,2026-05-19,False
EXP_2026_HOMEPAGE_RANK_V2,U016910,Control,2026-06-09,2026-06-12,True
EXP_2026_HOMEPAGE_RANK_V2,U012013,Treatment,2026-05-22,2026-05-27,True
EXP_2026_HOMEPAGE_RANK_V2,U012876,Control,2026-06-06,2026-06-09,True
EXP_2026_HOMEPAGE_RANK_V2,U000027,Control,2026-05-23,2026-05-27,True
EXP_2026_HOMEPAGE_RANK_V2,U005869,Control,2026-05-30,2026-06-04,True
EXP_2026_HOMEPAGE_RANK_V2,U021662,Treatment,2026-06-29,2026-07-04,True
EXP_2026_HOMEPAGE_RANK_V2,U003683,Control,2026-05-08,2026-05-11,True
EXP_2026_HOMEPAGE_RANK_V2,U008641,Control,2026-05-30,2026-06-01,True
EXP_2026_HOMEPAGE_RANK_V2,U005621,Control,2026-07-11,2026-07-12,True
EXP_2026_HOMEPAGE_RANK_V2,U022883,Treatment,2026-05-18,2026-05-23,True
EXP_2026_HOMEPAGE_RANK_V2,U010911,Control,2026-06-21,2026-06-24,True
EXP_2026_HOMEPAGE_RANK_V2,U001886,Treatment,2026-06-14,2026-06-14,True
EXP_2026_HOMEPAGE_RANK_V2,U022828,Treatment,2026-05-24,2026-05-24,False
EXP_2026_HOMEPAGE_RANK_V2,U002635,Control,2026-06-20,2026-06-24,True
EXP_2026_HOMEPAGE_RANK_V2,U005192,Control,2026-05-22,2026-05-22,True
EXP_2026_HOMEPAGE_RANK_V2,U008898,Control,2026-05-30,2026-06-04,True
EXP_2026_HOMEPAGE_RANK_V2,U001456,Treatment,2026-04-20,2026-04-23,True
EXP_2026_HOMEPAGE_RANK_V2,U017928,Control,2026-05-23,2026-05-26,True
EXP_2026_HOMEPAGE_RANK_V2,U001409,Treatment,2026-04-18,2026-04-22,True
EXP_2026_HOMEPAGE_RANK_V2,U005879,Treatment,2026-05-11,2026-05-14,True
EXP_2026_HOMEPAGE_RANK_V2,U024645,Treatment,2026-04-20,2026-04-25,True
EXP_2026_HOMEPAGE_RANK_V2,U002248,Control,2026-05-15,2026-05-19,True
EXP_2026_HOMEPAGE_RANK_V2,U012690,Treatment,2026-06-11,2026-06-16,True
EXP_2026_HOMEPAGE_RANK_V2,U001681,Treatment,2026-07-03,2026-07-04,True
EXP_2026_HOMEPAGE_RANK_V2,U003485,Control,2026-05-08,2026-05-08,True
EXP_2026_HOMEPAGE_RANK_V2,U004307,Treatment,2026-05-08,2026-05-12,True
EXP_2026_HOMEPAGE_RANK_V2,U024453,Control,2026-05-04,2026-05-08,True
EXP_2026_HOMEPAGE_RANK_V2,U012793,Treatment,2026-05-19,2026-05-24,True
EXP_2026_HOMEPAGE_RANK_V2,U000609,Treatment,2026-05-06,2026-05-07,True
EXP_2026_HOMEPAGE_RANK_V2,U000812,Control,2026-05-13,2026-05-15,True
EXP_2026_HOMEPAGE_RANK_V2,U018950,Treatment,2026-07-01,2026-07-06,False
EXP_2026_HOMEPAGE_RANK_V2,U024086,Control,2026-06-24,2026-06-29,True
EXP_2026_HOMEPAGE_RANK_V2,U000933,Treatment,2026-05-14,2026-05-16,True
EXP_2026_HOMEPAGE_RANK_V2,U016465,Control,2026-04-18,2026-04-20,True
EXP_2026_HOMEPAGE_RANK_V2,U017544,Treatment,2026-04-30,2026-05-05,True
EXP_2026_HOMEPAGE_RANK_V2,U002058,Control,2026-06-13,2026-06-18,True
EXP_2026_HOMEPAGE_RANK_V2,U012253,Treatment,2026-06-21,2026-06-23,True
EXP_2026_HOMEPAGE_RANK_V2,U012737,Treatment,2026-06-23,2026-06-23,True
EXP_2026_HOMEPAGE_RANK_V2,U003444,Treatment,2026-05-30,2026-05-30,True
EXP_2026_HOMEPAGE_RANK_V2,U022544,Control,2026-05-18,2026-05-20,True
EXP_2026_HOMEPAGE_RANK_V2,U018669,Treatment,2026-06-24,2026-06-24,True
EXP_2026_HOMEPAGE_RANK_V2,U017070,Control,2026-04-19,2026-04-22,True
EXP_2026_HOMEPAGE_RANK_V2,U019859,Treatment,2026-05-22,2026-05-23,True
EXP_2026_HOMEPAGE_RANK_V2,U024067,Control,2026-06-05,2026-06-06,True
EXP_2026_HOMEPAGE_RANK_V2,U001844,Control,2026-07-11,2026-07-15,True
EXP_2026_HOMEPAGE_RANK_V2,U011364,Control,2026-06-26,2026-06-29,False
EXP_2026_HOMEPAGE_RANK_V2,U018762,Treatment,2026-06-09,2026-06-13,True
EXP_2026_HOMEPAGE_RANK_V2,U005512,Control,2026-06-02,2026-06-04,True
EXP_2026_HOMEPAGE_RANK_V2,U000775,Treatment,2026-06-10,2026-06-15,True
EXP_2026_HOMEPAGE_RANK_V2,U004747,Treatment,2026-06-30,2026-07-01,True
EXP_2026_HOMEPAGE_RANK_V2,U016664,Control,2026-05-31,2026-06-05,True
EXP_2026_HOMEPAGE_RANK_V2,U008883,Treatment,2026-07-07,2026-07-11,True
EXP_2026_HOMEPAGE_RANK_V2,U002228,Treatment,2026-06-01,2026-06-04,True
EXP_2026_HOMEPAGE_RANK_V2,U006130,Control,2026-05-28,2026-05-31,True
EXP_2026_HOMEPAGE_RANK_V2,U001934,Treatment,2026-06-26,2026-06-30,True
EXP_2026_HOMEPAGE_RANK_V2,U003288,Control,2026-04-24,2026-04-27,True
EXP_2026_HOMEPAGE_RANK_V2,U012495,Treatment,2026-06-03,2026-06-07,True
EXP_2026_HOMEPAGE_RANK_V2,U023788,Control,2026-04-22,2026-04-26,True
EXP_2026_HOMEPAGE_RANK_V2,U020932,Treatment,2026-06-17,2026-06-22,True
EXP_2026_HOMEPAGE_RANK_V2,U010795,Control,2026-05-15,2026-05-20,True
EXP_2026_HOMEPAGE_RANK_V2,U009131,Treatment,2026-07-03,2026-07-07,True
EXP_2026_HOMEPAGE_RANK_V2,U004870,Control,2026-06-01,2026-06-02,True
EXP_2026_HOMEPAGE_RANK_V2,U009827,Treatment,2026-07-07,2026-07-08,True
EXP_2026_HOMEPAGE_RANK_V2,U000556,Control,2026-06-12,2026-06-12,True
EXP_2026_HOMEPAGE_RANK_V2,U002907,Treatment,2026-05-25,2026-05-25,True
EXP_2026_HOMEPAGE_RANK_V2,U024901,Control,2026-06-15,2026-06-16,True
EXP_2026_HOMEPAGE_RANK_V2,U011201,Control,2026-07-02,2026-07-04,True
EXP_2026_HOMEPAGE_RANK_V2,U015739,Treatment,2026-07-11,2026-07-12,True
EXP_2026_HOMEPAGE_RANK_V2,U011917,Control,2026-05-16,2026-05-21,True
EXP_2026_HOMEPAGE_RANK_V2,U009874,Control,2026-06-23,2026-06-27,True
EXP_2026_HOMEPAGE_RANK_V2,U016446,Control,2026-04-21,2026-04-26,True
EXP_2026_HOMEPAGE_RANK_V2,U013856,Control,2026-05-24,2026-05-29,True
EXP_2026_HOMEPAGE_RANK_V2,U013349,Control,2026-05-06,2026-05-11,True
EXP_2026_HOMEPAGE_RANK_V2,U017830,Control,2026-05-29,2026-06-01,True
EXP_2026_HOMEPAGE_RANK_V2,U018583,Control,2026-05-27,2026-05-28,True
EXP_2026_HOMEPAGE_RANK_V2,U012720,Treatment,2026-06-21,2026-06-25,True
EXP_2026_HOMEPAGE_RANK_V2,U009225,Treatment,2026-05-31,2026-05-31,True
EXP_2026_HOMEPAGE_RANK_V2,U002448,Treatment,2026-04-24,2026-04-26,True
EXP_2026_HOMEPAGE_RANK_V2,U019095,Control,2026-06-25,2026-06-26,True
EXP_2026_HOMEPAGE_RANK_V2,U009135,Control,2026-05-25,2026-05-28,True
EXP_2026_HOMEPAGE_RANK_V2,U021217,Control,2026-05-23,2026-05-28,True
EXP_2026_HOMEPAGE_RANK_V2,U010441,Control,2026-05-19,2026-05-23,True
EXP_2026_HOMEPAGE_RANK_V2,U011498,Treatment,2026-05-09,2026-05-11,True
EXP_2026_HOMEPAGE_RANK_V2,U008223,Control,2026-06-18,2026-06-18,True
EXP_2026_HOMEPAGE_RANK_V2,U024642,Treatment,2026-05-28,2026-06-02,True
EXP_2026_HOMEPAGE_RANK_V2,U021489,Treatment,2026-06-26,2026-07-01,True
EXP_2026_HOMEPAGE_RANK_V2,U008477,Treatment,2026-06-24,2026-06-29,True
EXP_2026_HOMEPAGE_RANK_V2,U003027,Control,2026-05-02,2026-05-04,False
EXP_2026_HOMEPAGE_RANK_V2,U016061,Control,2026-05-09,2026-05-11,True
EXP_2026_HOMEPAGE_RANK_V2,U022610,Control,2026-05-31,2026-06-01,True
EXP_2026_HOMEPAGE_RANK_V2,U000844,Control,2026-06-19,2026-06-22,True
EXP_2026_HOMEPAGE_RANK_V2,U009557,Treatment,2026-06-29,2026-07-01,True
EXP_2026_HOMEPAGE_RANK_V2,U007699,Treatment,2026-06-13,2026-06-13,True
EXP_2026_HOMEPAGE_RANK_V2,U023301,Treatment,2026-05-10,2026-05-10,True
EXP_2026_HOMEPAGE_RANK_V2,U014974,Treatment,2026-06-27,2026-06-30,False
EXP_2026_HOMEPAGE_RANK_V2,U006808,Control,2026-06-10,2026-06-14,True
EXP_2026_HOMEPAGE_RANK_V2,U023452,Control,2026-06-26,2026-06-26,True
EXP_2026_HOMEPAGE_RANK_V2,U010221,Control,2026-05-30,2026-06-02,True
EXP_2026_HOMEPAGE_RANK_V2,U003679,Treatment,2026-06-28,2026-06-28,True
EXP_2026_HOMEPAGE_RANK_V2,U003714,Treatment,2026-05-27,2026-05-31,True
EXP_2026_HOMEPAGE_RANK_V2,U014463,Control,2026-05-09,2026-05-14,True
EXP_2026_HOMEPAGE_RANK_V2,U013015,Control,2026-05-21,2026-05-24,True
EXP_2026_HOMEPAGE_RANK_V2,U021800,Treatment,2026-06-11,2026-06-12,True
EXP_2026_HOMEPAGE_RANK_V2,U018033,Control,2026-04-21,2026-04-21,True
EXP_2026_HOMEPAGE_RANK_V2,U009484,Treatment,2026-04-25,2026-04-28,False
EXP_2026_HOMEPAGE_RANK_V2,U006057,Treatment,2026-06-01,2026-06-03,True
EXP_2026_HOMEPAGE_RANK_V2,U006772,Control,2026-06-07,2026-06-07,True
EXP_2026_HOMEPAGE_RANK_V2,U003571,Treatment,2026-05-21,2026-05-26,True
EXP_2026_HOMEPAGE_RANK_V2,U019744,Control,2026-05-04,2026-05-08,True
EXP_2026_HOMEPAGE_RANK_V2,U002899,Treatment,2026-05-25,2026-05-30,True
EXP_2026_HOMEPAGE_RANK_V2,U011328,Treatment,2026-06-24,2026-06-26,True
EXP_2026_HOMEPAGE_RANK_V2,U020548,Treatment,2026-05-02,2026-05-06,True
EXP_2026_HOMEPAGE_RANK_V2,U011455,Treatment,2026-04-26,2026-04-30,True
EXP_2026_HOMEPAGE_RANK_V2,U024637,Control,2026-07-06,2026-07-09,True
EXP_2026_HOMEPAGE_RANK_V2,U005686,Control,2026-05-22,2026-05-26,True
EXP_2026_HOMEPAGE_RANK_V2,U013347,Treatment,2026-06-20,2026-06-23,True
EXP_2026_HOMEPAGE_RANK_V2,U004259,Control,2026-05-03,2026-05-08,True
EXP_2026_HOMEPAGE_RANK_V2,U014400,Treatment,2026-05-26,2026-05-26,True
EXP_2026_HOMEPAGE_RANK_V2,U006888,Control,2026-06-13,2026-06-17,True
EXP_2026_HOMEPAGE_RANK_V2,U023992,Treatment,2026-06-05,2026-06-09,True
EXP_2026_HOMEPAGE_RANK_V2,U023347,Control,2026-06-29,2026-07-03,True
EXP_2026_HOMEPAGE_RANK_V2,U021350,Control,2026-07-02,2026-07-07,True
EXP_2026_HOMEPAGE_RANK_V2,U007885,Control,2026-05-19,2026-05-21,True
EXP_2026_HOMEPAGE_RANK_V2,U017788,Treatment,2026-06-06,2026-06-06,True
EXP_2026_HOMEPAGE_RANK_V2,U022491,Control,2026-06-09,2026-06-12,True
EXP_2026_HOMEPAGE_RANK_V2,U015354,Treatment,2026-07-04,2026-07-05,True
EXP_2026_HOMEPAGE_RANK_V2,U023802,Treatment,2026-06-07,2026-06-10,True
EXP_2026_HOMEPAGE_RANK_V2,U010771,Control,2026-07-04,2026-07-04,True
EXP_2026_HOMEPAGE_RANK_V2,U001081,Treatment,2026-07-01,2026-07-04,True
EXP_2026_HOMEPAGE_RANK_V2,U012092,Control,2026-05-25,2026-05-28,True
EXP_2026_HOMEPAGE_RANK_V2,U013227,Treatment,2026-05-02,2026-05-06,True
EXP_2026_HOMEPAGE_RANK_V2,U020424,Treatment,2026-06-06,2026-06-06,True
EXP_2026_HOMEPAGE_RANK_V2,U002199,Control,2026-06-27,2026-06-30,True
EXP_2026_HOMEPAGE_RANK_V2,U015693,Treatment,2026-05-06,2026-05-08,True
EXP_2026_HOMEPAGE_RANK_V2,U006410,Control,2026-07-01,2026-07-04,True
EXP_2026_HOMEPAGE_RANK_V2,U017753,Control,2026-06-09,2026-06-10,True
EXP_2026_HOMEPAGE_RANK_V2,U003466,Control,2026-04-22,2026-04-22,True
EXP_2026_HOMEPAGE_RANK_V2,U004437,Treatment,2026-04-27,2026-05-01,True
EXP_2026_HOMEPAGE_RANK_V2,U018936,Control,2026-04-30,2026-05-02,True
EXP_2026_HOMEPAGE_RANK_V2,U013831,Treatment,2026-04-22,2026-04-24,True
EXP_2026_HOMEPAGE_RANK_V2,U003211,Control,2026-05-11,2026-05-14,True
EXP_2026_HOMEPAGE_RANK_V2,U006080,Control,2026-04-25,2026-04-27,True
EXP_2026_HOMEPAGE_RANK_V2,U018480,Treatment,2026-07-08,2026-07-13,True
EXP_2026_HOMEPAGE_RANK_V2,U006197,Control,2026-05-07,2026-05-08,True
EXP_2026_HOMEPAGE_RANK_V2,U021463,Control,2026-06-15,2026-06-18,True
EXP_2026_HOMEPAGE_RANK_V2,U020880,Control,2026-06-15,2026-06-19,True
EXP_2026_HOMEPAGE_RANK_V2,U010473,Control,2026-05-14,2026-05-16,True
EXP_2026_HOMEPAGE_RANK_V2,U019842,Control,2026-06-09,2026-06-12,True
EXP_2026_HOMEPAGE_RANK_V2,U002605,Treatment,2026-06-20,2026-06-20,True
EXP_2026_HOMEPAGE_RANK_V2,U022535,Treatment,2026-06-22,2026-06-24,True
EXP_2026_HOMEPAGE_RANK_V2,U003524,Treatment,2026-05-23,2026-05-23,True
EXP_2026_HOMEPAGE_RANK_V2,U023724,Treatment,2026-04-21,2026-04-25,True
EXP_2026_HOMEPAGE_RANK_V2,U009139,Control,2026-06-12,2026-06-17,True
EXP_2026_HOMEPAGE_RANK_V2,U007945,Control,2026-05-27,2026-05-28,True
EXP_2026_HOMEPAGE_RANK_V2,U014992,Treatment,2026-05-25,2026-05-26,True
EXP_2026_HOMEPAGE_RANK_V2,U002334,Treatment,2026-05-23,2026-05-26,True
EXP_2026_HOMEPAGE_RANK_V2,U019187,Treatment,2026-04-28,2026-04-30,True
EXP_2026_HOMEPAGE_RANK_V2,U002291,Treatment,2026-05-19,2026-05-23,True
EXP_2026_HOMEPAGE_RANK_V2,U011966,Control,2026-05-07,2026-05-09,True
EXP_2026_HOMEPAGE_RANK_V2,U001673,Treatment,2026-07-04,2026-07-06,True
EXP_2026_HOMEPAGE_RANK_V2,U023117,Control,2026-05-31,2026-06-04,True
EXP_2026_HOMEPAGE_RANK_V2,U022704,Treatment,2026-06-21,2026-06-25,True
EXP_2026_HOMEPAGE_RANK_V2,U003195,Treatment,2026-05-05,2026-05-06,True
EXP_2026_HOMEPAGE_RANK_V2,U001424,Treatment,2026-04-26,2026-04-27,True
EXP_2026_HOMEPAGE_RANK_V2,U019027,Control,2026-05-10,2026-05-10,True
EXP_2026_HOMEPAGE_RANK_V2,U005273,Control,2026-05-18,2026-05-21,True
EXP_2026_HOMEPAGE_RANK_V2,U002386,Treatment,2026-06-17,2026-06-19,True
EXP_2026_HOMEPAGE_RANK_V2,U002708,Control,2026-04-29,2026-05-03,True
EXP_2026_HOMEPAGE_RANK_V2,U021546,Control,2026-06-12,2026-06-14,True
EXP_2026_HOMEPAGE_RANK_V2,U022537,Treatment,2026-04-23,2026-04-24,True
EXP_2026_HOMEPAGE_RANK_V2,U012074,Treatment,2026-05-19,2026-05-22,True
EXP_2026_HOMEPAGE_RANK_V2,U010185,Control,2026-06-20,2026-06-22,True
EXP_2026_HOMEPAGE_RANK_V2,U014577,Control,2026-05-20,2026-05-21,True
EXP_2026_HOMEPAGE_RANK_V2,U023551,Control,2026-07-08,2026-07-09,True
EXP_2026_HOMEPAGE_RANK_V2,U003003,Treatment,2026-05-21,2026-05-22,True
EXP_2026_HOMEPAGE_RANK_V2,U003252,Treatment,2026-06-12,2026-06-16,True
EXP_2026_HOMEPAGE_RANK_V2,U017369,Control,2026-06-10,2026-06-14,True
EXP_2026_HOMEPAGE_RANK_V2,U011449,Control,2026-07-05,2026-07-07,True
EXP_2026_HOMEPAGE_RANK_V2,U017254,Treatment,2026-06-04,2026-06-08,True
EXP_2026_HOMEPAGE_RANK_V2,U016126,Treatment,2026-06-20,2026-06-25,True
EXP_2026_HOMEPAGE_RANK_V2,U015929,Control,2026-06-18,2026-06-20,True
EXP_2026_HOMEPAGE_RANK_V2,U011277,Treatment,2026-06-16,2026-06-16,True
EXP_2026_HOMEPAGE_RANK_V2,U024911,Treatment,2026-07-09,2026-07-11,True
EXP_2026_HOMEPAGE_RANK_V2,U006913,Control,2026-04-27,2026-05-01,True
EXP_2026_HOMEPAGE_RANK_V2,U003348,Control,2026-05-01,2026-05-02,True
EXP_2026_HOMEPAGE_RANK_V2,U015127,Treatment,2026-05-06,2026-05-07,True
EXP_2026_HOMEPAGE_RANK_V2,U015750,Treatment,2026-06-25,2026-06-25,True
EXP_2026_HOMEPAGE_RANK_V2,U007822,Control,2026-05-10,2026-05-14,True
EXP_2026_HOMEPAGE_RANK_V2,U001067,Treatment,2026-06-30,2026-07-02,True
EXP_2026_HOMEPAGE_RANK_V2,U006947,Control,2026-05-07,2026-05-11,True
EXP_2026_HOMEPAGE_RANK_V2,U014013,Control,2026-05-28,2026-05-30,True
EXP_2026_HOMEPAGE_RANK_V2,U016705,Control,2026-05-29,2026-05-31,True
EXP_2026_HOMEPAGE_RANK_V2,U014265,Control,2026-06-25,2026-06-25,True
EXP_2026_HOMEPAGE_RANK_V2,U001630,Control,2026-06-29,2026-07-02,True
EXP_2026_HOMEPAGE_RANK_V2,U007959,Treatment,2026-07-07,2026-07-11,True
EXP_2026_HOMEPAGE_RANK_V2,U014501,Control,2026-05-31,2026-06-03,True
EXP_2026_HOMEPAGE_RANK_V2,U002024,Control,2026-06-02,2026-06-04,True
EXP_2026_HOMEPAGE_RANK_V2,U012249,Treatment,2026-05-16,2026-05-19,True
EXP_2026_HOMEPAGE_RANK_V2,U012417,Control,2026-07-11,2026-07-13,True
EXP_2026_HOMEPAGE_RANK_V2,U019763,Control,2026-04-25,2026-04-27,True
EXP_2026_HOMEPAGE_RANK_V2,U006032,Control,2026-05-08,2026-05-11,True
EXP_2026_HOMEPAGE_RANK_V2,U015218,Treatment,2026-06-14,2026-06-17,True
EXP_2026_HOMEPAGE_RANK_V2,U010129,Treatment,2026-05-14,2026-05-19,True
EXP_2026_HOMEPAGE_RANK_V2,U002169,Control,2026-04-23,2026-04-23,True
EXP_2026_HOMEPAGE_RANK_V2,U000129,Treatment,2026-06-21,2026-06-24,True
EXP_2026_HOMEPAGE_RANK_V2,U019360,Control,2026-04-24,2026-04-26,True
EXP_2026_HOMEPAGE_RANK_V2,U017724,Control,2026-05-26,2026-05-27,True
EXP_2026_HOMEPAGE_RANK_V2,U019010,Control,2026-07-04,2026-07-07,True
EXP_2026_HOMEPAGE_RANK_V2,U015861,Treatment,2026-07-10,2026-07-15,True
EXP_2026_HOMEPAGE_RANK_V2,U001852,Treatment,2026-04-26,2026-04-26,True
EXP_2026_HOMEPAGE_RANK_V2,U000465,Control,2026-06-08,2026-06-09,False
EXP_2026_HOMEPAGE_RANK_V2,U013265,Control,2026-05-30,2026-06-03,True
EXP_2026_HOMEPAGE_RANK_V2,U004070,Control,2026-05-30,2026-06-03,True
EXP_2026_HOMEPAGE_RANK_V2,U004982,Treatment,2026-05-09,2026-05-14,True
EXP_2026_HOMEPAGE_RANK_V2,U007838,Control,2026-05-12,2026-05-14,True
EXP_2026_HOMEPAGE_RANK_V2,U023312,Control,2026-05-24,2026-05-28,True
EXP_2026_HOMEPAGE_RANK_V2,U016359,Control,2026-05-24,2026-05-27,True
EXP_2026_HOMEPAGE_RANK_V2,U022571,Control,2026-04-30,2026-05-05,True
EXP_2026_HOMEPAGE_RANK_V2,U011377,Treatment,2026-06-15,2026-06-17,False
EXP_2026_HOMEPAGE_RANK_V2,U004626,Treatment,2026-05-19,2026-05-21,True
EXP_2026_HOMEPAGE_RANK_V2,U011052,Treatment,2026-04-27,2026-05-01,True
EXP_2026_HOMEPAGE_RANK_V2,U013404,Control,2026-04-25,2026-04-29,True
EXP_2026_HOMEPAGE_RANK_V2,U003736,Control,2026-05-07,2026-05-07,True
EXP_2026_HOMEPAGE_RANK_V2,U010011,Treatment,2026-06-05,2026-06-09,True
EXP_2026_HOMEPAGE_RANK_V2,U003070,Control,2026-05-10,2026-05-13,True
EXP_2026_HOMEPAGE_RANK_V2,U011481,Treatment,2026-05-07,2026-05-07,True
EXP_2026_HOMEPAGE_RANK_V2,U014441,Treatment,2026-04-25,2026-04-26,True
EXP_2026_HOMEPAGE_RANK_V2,U009385,Control,2026-04-18,2026-04-18,True
EXP_2026_HOMEPAGE_RANK_V2,U013445,Control,2026-05-06,2026-05-11,False
EXP_2026_HOMEPAGE_RANK_V2,U015639,Treatment,2026-07-10,2026-07-12,True
EXP_2026_HOMEPAGE_RANK_V2,U017809,Control,2026-05-18,2026-05-23,True
EXP_2026_HOMEPAGE_RANK_V2,U007440,Treatment,2026-05-26,2026-05-31,True
EXP_2026_HOMEPAGE_RANK_V2,U020912,Treatment,2026-07-10,2026-07-15,True
EXP_2026_HOMEPAGE_RANK_V2,U003368,Control,2026-05-07,2026-05-08,True
EXP_2026_HOMEPAGE_RANK_V2,U024851,Control,2026-04-19,2026-04-23,True
EXP_2026_HOMEPAGE_RANK_V2,U008431,Treatment,2026-04-23,2026-04-28,True
EXP_2026_HOMEPAGE_RANK_V2,U000004,Treatment,2026-04-20,2026-04-21,True
EXP_2026_HOMEPAGE_RANK_V2,U021808,Control,2026-06-21,2026-06-21,True
EXP_2026_HOMEPAGE_RANK_V2,U012634,Control,2026-06-02,2026-06-05,True
EXP_2026_HOMEPAGE_RANK_V2,U022443,Control,2026-05-30,2026-06-01,True
EXP_2026_HOMEPAGE_RANK_V2,U002680,Control,2026-06-07,2026-06-10,True
EXP_2026_HOMEPAGE_RANK_V2,U004551,Treatment,2026-06-19,2026-06-24,True
EXP_2026_HOMEPAGE_RANK_V2,U024364,Treatment,2026-06-19,2026-06-21,True
EXP_2026_HOMEPAGE_RANK_V2,U004637,Control,2026-04-27,2026-04-29,True
EXP_2026_HOMEPAGE_RANK_V2,U023411,Control,2026-06-01,2026-06-03,True
EXP_2026_HOMEPAGE_RANK_V2,U015131,Control,2026-06-20,2026-06-24,True
EXP_2026_HOMEPAGE_RANK_V2,U018164,Control,2026-05-21,2026-05-23,True
EXP_2026_HOMEPAGE_RANK_V2,U022199,Control,2026-06-25,2026-06-30,True
EXP_2026_HOMEPAGE_RANK_V2,U002523,Treatment,2026-07-01,2026-07-03,True
EXP_2026_HOMEPAGE_RANK_V2,U012230,Treatment,2026-06-27,2026-07-02,True
EXP_2026_HOMEPAGE_RANK_V2,U004477,Control,2026-05-10,2026-05-10,True
EXP_2026_HOMEPAGE_RANK_V2,U006283,Control,2026-05-23,2026-05-24,True
EXP_2026_HOMEPAGE_RANK_V2,U016933,Control,2026-06-15,2026-06-17,True
EXP_2026_HOMEPAGE_RANK_V2,U024936,Treatment,2026-06-07,2026-06-11,False
EXP_2026_HOMEPAGE_RANK_V2,U024143,Treatment,2026-05-16,2026-05-20,True
EXP_2026_HOMEPAGE_RANK_V2,U020369,Treatment,2026-06-10,2026-06-12,True
EXP_2026_HOMEPAGE_RANK_V2,U001679,Treatment,2026-07-05,2026-07-05,True
EXP_2026_HOMEPAGE_RANK_V2,U008435,Control,2026-05-14,2026-05-14,True
EXP_2026_HOMEPAGE_RANK_V2,U010960,Treatment,2026-04-22,2026-04-23,True
EXP_2026_HOMEPAGE_RANK_V2,U021345,Control,2026-04-29,2026-05-03,True
EXP_2026_HOMEPAGE_RANK_V2,U021355,Control,2026-06-29,2026-06-29,True
EXP_2026_HOMEPAGE_RANK_V2,U020232,Treatment,2026-04-28,2026-05-03,True
EXP_2026_HOMEPAGE_RANK_V2,U023812,Treatment,2026-05-10,2026-05-14,False
EXP_2026_HOMEPAGE_RANK_V2,U012257,Control,2026-06-03,2026-06-08,True
EXP_2026_HOMEPAGE_RANK_V2,U012471,Control,2026-06-01,2026-06-05,True
EXP_2026_HOMEPAGE_RANK_V2,U023047,Control,2026-05-21,2026-05-21,True
EXP_2026_HOMEPAGE_RANK_V2,U007286,Treatment,2026-05-23,2026-05-23,True
EXP_2026_HOMEPAGE_RANK_V2,U020670,Treatment,2026-05-21,2026-05-24,True
EXP_2026_HOMEPAGE_RANK_V2,U015687,Control,2026-06-10,2026-06-13,True
EXP_2026_HOMEPAGE_RANK_V2,U024249,Treatment,2026-05-03,2026-05-04,True
EXP_2026_HOMEPAGE_RANK_V2,U006946,Treatment,2026-06-11,2026-06-14,True
EXP_2026_HOMEPAGE_RANK_V2,U017079,Control,2026-05-31,2026-05-31,True
EXP_2026_HOMEPAGE_RANK_V2,U021925,Treatment,2026-06-09,2026-06-13,True
EXP_2026_HOMEPAGE_RANK_V2,U011353,Control,2026-06-01,2026-06-06,True
EXP_2026_HOMEPAGE_RANK_V2,U020267,Treatment,2026-04-25,2026-04-29,True
EXP_2026_HOMEPAGE_RANK_V2,U011478,Control,2026-04-20,2026-04-25,True
EXP_2026_HOMEPAGE_RANK_V2,U014786,Treatment,2026-06-26,2026-07-01,True
EXP_2026_HOMEPAGE_RANK_V2,U012319,Control,2026-05-14,2026-05-18,True
EXP_2026_HOMEPAGE_RANK_V2,U010211,Control,2026-05-02,2026-05-03,True
EXP_2026_HOMEPAGE_RANK_V2,U007463,Treatment,2026-05-04,2026-05-05,True
EXP_2026_HOMEPAGE_RANK_V2,U023748,Treatment,2026-07-07,2026-07-09,True
EXP_2026_HOMEPAGE_RANK_V2,U022326,Treatment,2026-05-07,2026-05-11,True
EXP_2026_HOMEPAGE_RANK_V2,U008956,Treatment,2026-05-20,2026-05-23,True
EXP_2026_HOMEPAGE_RANK_V2,U015325,Treatment,2026-07-03,2026-07-05,True
EXP_2026_HOMEPAGE_RANK_V2,U005160,Treatment,2026-04-22,2026-04-25,True
EXP_2026_HOMEPAGE_RANK_V2,U005644,Treatment,2026-06-26,2026-06-26,True
EXP_2026_HOMEPAGE_RANK_V2,U018389,Control,2026-07-02,2026-07-05,True
EXP_2026_HOMEPAGE_RANK_V2,U018224,Control,2026-07-11,2026-07-16,True
EXP_2026_HOMEPAGE_RANK_V2,U015668,Control,2026-05-30,2026-06-04,True
EXP_2026_HOMEPAGE_RANK_V2,U004029,Treatment,2026-05-05,2026-05-09,True
EXP_2026_HOMEPAGE_RANK_V2,U024307,Control,2026-05-22,2026-05-22,True
EXP_2026_HOMEPAGE_RANK_V2,U018876,Control,2026-04-25,2026-04-27,True
EXP_2026_HOMEPAGE_RANK_V2,U015919,Control,2026-05-30,2026-05-30,True
EXP_2026_HOMEPAGE_RANK_V2,U013063,Control,2026-05-20,2026-05-24,True
EXP_2026_HOMEPAGE_RANK_V2,U006731,Control,2026-05-13,2026-05-14,True
EXP_2026_HOMEPAGE_RANK_V2,U024760,Treatment,2026-04-22,2026-04-23,False
EXP_2026_HOMEPAGE_RANK_V2,U021082,Treatment,2026-05-14,2026-05-15,True
EXP_2026_HOMEPAGE_RANK_V2,U015798,Treatment,2026-05-01,2026-05-06,True
EXP_2026_HOMEPAGE_RANK_V2,U012509,Control,2026-05-22,2026-05-26,True
EXP_2026_HOMEPAGE_RANK_V2,U001205,Control,2026-06-27,2026-07-02,True
EXP_2026_HOMEPAGE_RANK_V2,U012269,Control,2026-05-01,2026-05-01,True
EXP_2026_HOMEPAGE_RANK_V2,U011912,Treatment,2026-06-01,2026-06-01,True
EXP_2026_HOMEPAGE_RANK_V2,U002488,Control,2026-06-23,2026-06-25,True
EXP_2026_HOMEPAGE_RANK_V2,U024978,Treatment,2026-07-03,2026-07-06,True
EXP_2026_HOMEPAGE_RANK_V2,U011754,Control,2026-07-11,2026-07-12,True
EXP_2026_HOMEPAGE_RANK_V2,U013707,Treatment,2026-06-23,2026-06-26,True
EXP_2026_HOMEPAGE_RANK_V2,U007815,Treatment,2026-05-14,2026-05-16,True
EXP_2026_HOMEPAGE_RANK_V2,U024071,Treatment,2026-05-01,2026-05-01,True
EXP_2026_HOMEPAGE_RANK_V2,U023138,Treatment,2026-04-22,2026-04-27,True
EXP_2026_HOMEPAGE_RANK_V2,U000363,Treatment,2026-05-19,2026-05-22,True
EXP_2026_HOMEPAGE_RANK_V2,U008771,Control,2026-05-13,2026-05-15,True
EXP_2026_HOMEPAGE_RANK_V2,U004822,Treatment,2026-05-17,2026-05-21,True
EXP_2026_HOMEPAGE_RANK_V2,U000189,Control,2026-07-02,2026-07-02,True
EXP_2026_HOMEPAGE_RANK_V2,U006762,Control,2026-05-03,2026-05-08,True
EXP_2026_HOMEPAGE_RANK_V2,U023042,Treatment,2026-07-08,2026-07-10,True
EXP_2026_HOMEPAGE_RANK_V2,U002797,Control,2026-05-07,2026-05-10,True
EXP_2026_HOMEPAGE_RANK_V2,U010748,Treatment,2026-06-07,2026-06-12,True
EXP_2026_HOMEPAGE_RANK_V2,U009051,Control,2026-06-19,2026-06-21,True
EXP_2026_HOMEPAGE_RANK_V2,U013278,Treatment,2026-06-30,2026-07-05,True
EXP_2026_HOMEPAGE_RANK_V2,U009828,Control,2026-06-20,2026-06-20,True
EXP_2026_HOMEPAGE_RANK_V2,U006950,Control,2026-06-03,2026-06-05,True
EXP_2026_HOMEPAGE_RANK_V2,U006227,Control,2026-05-11,2026-05-14,True
EXP_2026_HOMEPAGE_RANK_V2,U017373,Treatment,2026-05-12,2026-05-15,True
EXP_2026_HOMEPAGE_RANK_V2,U006668,Control,2026-06-10,2026-06-14,True
EXP_2026_HOMEPAGE_RANK_V2,U006205,Treatment,2026-06-10,2026-06-10,True
EXP_2026_HOMEPAGE_RANK_V2,U004185,Control,2026-06-05,2026-06-08,True
EXP_2026_HOMEPAGE_RANK_V2,U014678,Control,2026-05-23,2026-05-25,True
EXP_2026_HOMEPAGE_RANK_V2,U014945,Treatment,2026-05-13,2026-05-16,True
EXP_2026_HOMEPAGE_RANK_V2,U011704,Treatment,2026-05-30,2026-06-02,False
EXP_2026_HOMEPAGE_RANK_V2,U004991,Control,2026-04-18,2026-04-18,True
EXP_2026_HOMEPAGE_RANK_V2,U008298,Control,2026-04-22,2026-04-22,True
EXP_2026_HOMEPAGE_RANK_V2,U013257,Control,2026-07-06,2026-07-07,True
EXP_2026_HOMEPAGE_RANK_V2,U019605,Treatment,2026-05-20,2026-05-22,True
EXP_2026_HOMEPAGE_RANK_V2,U019755,Control,2026-07-03,2026-07-06,True
EXP_2026_HOMEPAGE_RANK_V2,U016737,Control,2026-05-01,2026-05-01,True
EXP_2026_HOMEPAGE_RANK_V2,U005396,Control,2026-06-21,2026-06-24,True
EXP_2026_HOMEPAGE_RANK_V2,U008085,Treatment,2026-05-04,2026-05-06,True
EXP_2026_HOMEPAGE_RANK_V2,U006838,Control,2026-05-19,2026-05-23,True
EXP_2026_HOMEPAGE_RANK_V2,U022507,Treatment,2026-04-25,2026-04-25,True
EXP_2026_HOMEPAGE_RANK_V2,U019363,Treatment,2026-05-12,2026-05-17,True
EXP_2026_HOMEPAGE_RANK_V2,U022426,Control,2026-06-22,2026-06-22,True
EXP_2026_HOMEPAGE_RANK_V2,U010100,Treatment,2026-06-08,2026-06-10,True
EXP_2026_HOMEPAGE_RANK_V2,U016813,Treatment,2026-07-06,2026-07-06,True
EXP_2026_HOMEPAGE_RANK_V2,U020382,Control,2026-06-18,2026-06-22,True
EXP_2026_HOMEPAGE_RANK_V2,U006021,Control,2026-05-28,2026-06-01,True
EXP_2026_HOMEPAGE_RANK_V2,U020273,Treatment,2026-05-29,2026-05-31,True
EXP_2026_HOMEPAGE_RANK_V2,U005824,Treatment,2026-06-20,2026-06-21,True
EXP_2026_HOMEPAGE_RANK_V2,U015073,Treatment,2026-05-11,2026-05-12,True
EXP_2026_HOMEPAGE_RANK_V2,U008451,Control,2026-06-19,2026-06-21,True
EXP_2026_HOMEPAGE_RANK_V2,U021666,Treatment,2026-04-24,2026-04-28,True
EXP_2026_HOMEPAGE_RANK_V2,U024729,Control,2026-07-08,2026-07-09,True
EXP_2026_HOMEPAGE_RANK_V2,U023900,Treatment,2026-04-29,2026-05-04,True
EXP_2026_HOMEPAGE_RANK_V2,U020476,Treatment,2026-05-11,2026-05-12,True
EXP_2026_HOMEPAGE_RANK_V2,U023102,Control,2026-05-29,2026-05-31,True
EXP_2026_HOMEPAGE_RANK_V2,U003150,Treatment,2026-06-29,2026-06-30,True
EXP_2026_HOMEPAGE_RANK_V2,U009949,Control,2026-04-26,2026-04-29,True
EXP_2026_HOMEPAGE_RANK_V2,U012851,Treatment,2026-06-06,2026-06-11,True
EXP_2026_HOMEPAGE_RANK_V2,U003503,Treatment,2026-07-03,2026-07-04,True
EXP_2026_HOMEPAGE_RANK_V2,U023963,Control,2026-05-31,2026-06-04,True
EXP_2026_HOMEPAGE_RANK_V2,U017938,Control,2026-05-17,2026-05-21,True
EXP_2026_HOMEPAGE_RANK_V2,U019389,Treatment,2026-06-10,2026-06-13,True
EXP_2026_HOMEPAGE_RANK_V2,U007369,Treatment,2026-05-10,2026-05-12,True
EXP_2026_HOMEPAGE_RANK_V2,U021552,Control,2026-06-28,2026-07-03,False
EXP_2026_HOMEPAGE_RANK_V2,U015915,Control,2026-05-23,2026-05-27,True
EXP_2026_HOMEPAGE_RANK_V2,U000703,Treatment,2026-06-19,2026-06-21,True
EXP_2026_HOMEPAGE_RANK_V2,U023137,Control,2026-05-18,2026-05-20,True
EXP_2026_HOMEPAGE_RANK_V2,U024734,Treatment,2026-05-19,2026-05-22,True
EXP_2026_HOMEPAGE_RANK_V2,U019327,Treatment,2026-04-25,2026-04-27,True
EXP_2026_HOMEPAGE_RANK_V2,U012603,Control,2026-04-27,2026-04-27,True
EXP_2026_HOMEPAGE_RANK_V2,U010304,Treatment,2026-06-16,2026-06-20,True
EXP_2026_HOMEPAGE_RANK_V2,U020975,Control,2026-04-24,2026-04-26,True
EXP_2026_HOMEPAGE_RANK_V2,U010678,Control,2026-05-24,2026-05-29,True
EXP_2026_HOMEPAGE_RANK_V2,U014027,Treatment,2026-05-06,2026-05-10,True
EXP_2026_HOMEPAGE_RANK_V2,U024737,Treatment,2026-07-04,2026-07-04,True
EXP_2026_HOMEPAGE_RANK_V2,U007975,Treatment,2026-07-06,2026-07-06,True
EXP_2026_HOMEPAGE_RANK_V2,U012227,Control,2026-06-02,2026-06-03,True
EXP_2026_HOMEPAGE_RANK_V2,U013189,Treatment,2026-05-13,2026-05-14,True
EXP_2026_HOMEPAGE_RANK_V2,U001237,Control,2026-06-15,2026-06-15,True
EXP_2026_HOMEPAGE_RANK_V2,U015658,Treatment,2026-07-08,2026-07-11,True
EXP_2026_HOMEPAGE_RANK_V2,U013595,Control,2026-05-17,2026-05-19,True
EXP_2026_HOMEPAGE_RANK_V2,U004189,Control,2026-05-24,2026-05-24,True
EXP_2026_HOMEPAGE_RANK_V2,U019429,Control,2026-05-12,2026-05-12,True
EXP_2026_HOMEPAGE_RANK_V2,U008253,Treatment,2026-05-17,2026-05-20,True
EXP_2026_HOMEPAGE_RANK_V2,U016865,Treatment,2026-06-08,2026-06-13,True
EXP_2026_HOMEPAGE_RANK_V2,U006056,Treatment,2026-07-03,2026-07-04,True
EXP_2026_HOMEPAGE_RANK_V2,U010174,Control,2026-05-05,2026-05-05,True
EXP_2026_HOMEPAGE_RANK_V2,U018053,Treatment,2026-07-06,2026-07-09,True
EXP_2026_HOMEPAGE_RANK_V2,U000237,Treatment,2026-04-30,2026-05-01,True
EXP_2026_HOMEPAGE_RANK_V2,U015457,Control,2026-04-25,2026-04-26,True
EXP_2026_HOMEPAGE_RANK_V2,U015546,Control,2026-05-20,2026-05-21,True
EXP_2026_HOMEPAGE_RANK_V2,U021793,Control,2026-05-22,2026-05-27,True
EXP_2026_HOMEPAGE_RANK_V2,U018883,Control,2026-06-12,2026-06-14,True
EXP_2026_HOMEPAGE_RANK_V2,U016578,Treatment,2026-05-25,2026-05-30,True
EXP_2026_HOMEPAGE_RANK_V2,U017799,Treatment,2026-07-03,2026-07-07,True
EXP_2026_HOMEPAGE_RANK_V2,U013944,Control,2026-05-04,2026-05-04,True
EXP_2026_HOMEPAGE_RANK_V2,U015253,Control,2026-04-21,2026-04-26,True
EXP_2026_HOMEPAGE_RANK_V2,U024655,Treatment,2026-04-22,2026-04-25,True
EXP_2026_HOMEPAGE_RANK_V2,U019306,Treatment,2026-04-29,2026-04-29,True
EXP_2026_HOMEPAGE_RANK_V2,U017968,Treatment,2026-05-03,2026-05-06,True
EXP_2026_HOMEPAGE_RANK_V2,U013994,Treatment,2026-05-22,2026-05-26,True
EXP_2026_HOMEPAGE_RANK_V2,U004749,Control,2026-05-28,2026-06-01,True
EXP_2026_HOMEPAGE_RANK_V2,U002895,Control,2026-06-11,2026-06-14,True
EXP_2026_HOMEPAGE_RANK_V2,U009134,Treatment,2026-05-09,2026-05-12,True
EXP_2026_HOMEPAGE_RANK_V2,U007470,Treatment,2026-05-02,2026-05-04,True
EXP_2026_HOMEPAGE_RANK_V2,U001495,Treatment,2026-06-14,2026-06-14,True
EXP_2026_HOMEPAGE_RANK_V2,U020738,Treatment,2026-04-20,2026-04-20,False
EXP_2026_HOMEPAGE_RANK_V2,U021710,Treatment,2026-06-26,2026-06-28,True
EXP_2026_HOMEPAGE_RANK_V2,U020137,Treatment,2026-06-29,2026-07-01,True
EXP_2026_HOMEPAGE_RANK_V2,U003217,Control,2026-06-26,2026-06-27,True
EXP_2026_HOMEPAGE_RANK_V2,U008933,Treatment,2026-07-09,2026-07-13,True
EXP_2026_HOMEPAGE_RANK_V2,U024485,Treatment,2026-06-16,2026-06-17,True
EXP_2026_HOMEPAGE_RANK_V2,U012403,Treatment,2026-06-01,2026-06-04,True
EXP_2026_HOMEPAGE_RANK_V2,U019321,Control,2026-05-31,2026-06-01,True
EXP_2026_HOMEPAGE_RANK_V2,U024525,Control,2026-07-02,2026-07-07,True
EXP_2026_HOMEPAGE_RANK_V2,U021696,Treatment,2026-05-22,2026-05-26,True
EXP_2026_HOMEPAGE_RANK_V2,U000616,Control,2026-05-08,2026-05-11,True
EXP_2026_HOMEPAGE_RANK_V2,U023803,Treatment,2026-05-10,2026-05-14,True
EXP_2026_HOMEPAGE_RANK_V2,U023682,Treatment,2026-06-19,2026-06-19,True
EXP_2026_HOMEPAGE_RANK_V2,U010603,Treatment,2026-07-05,2026-07-10,True
EXP_2026_HOMEPAGE_RANK_V2,U017821,Treatment,2026-05-17,2026-05-20,True
EXP_2026_HOMEPAGE_RANK_V2,U021166,Control,2026-06-17,2026-06-21,True
EXP_2026_HOMEPAGE_RANK_V2,U010309,Control,2026-05-13,2026-05-14,True
EXP_2026_HOMEPAGE_RANK_V2,U010779,Treatment,2026-06-06,2026-06-06,True
EXP_2026_HOMEPAGE_RANK_V2,U017092,Control,2026-05-20,2026-05-23,True
EXP_2026_HOMEPAGE_RANK_V2,U011243,Treatment,2026-06-05,2026-06-08,True
EXP_2026_HOMEPAGE_RANK_V2,U023632,Control,2026-07-07,2026-07-12,True
EXP_2026_HOMEPAGE_RANK_V2,U003888,Control,2026-05-24,2026-05-26,True
EXP_2026_HOMEPAGE_RANK_V2,U004818,Control,2026-05-04,2026-05-05,True
EXP_2026_HOMEPAGE_RANK_V2,U015035,Control,2026-07-01,2026-07-06,True
EXP_2026_HOMEPAGE_RANK_V2,U005155,Control,2026-04-24,2026-04-25,True
EXP_2026_HOMEPAGE_RANK_V2,U015636,Treatment,2026-05-29,2026-05-31,True
EXP_2026_HOMEPAGE_RANK_V2,U013939,Treatment,2026-06-28,2026-07-03,True
EXP_2026_HOMEPAGE_RANK_V2,U011551,Treatment,2026-05-27,2026-05-27,True
EXP_2026_HOMEPAGE_RANK_V2,U019264,Control,2026-04-24,2026-04-27,True
EXP_2026_HOMEPAGE_RANK_V2,U020753,Treatment,2026-05-12,2026-05-12,True
EXP_2026_HOMEPAGE_RANK_V2,U015186,Treatment,2026-04-29,2026-05-03,True
EXP_2026_HOMEPAGE_RANK_V2,U012025,Control,2026-06-05,2026-06-05,True
EXP_2026_HOMEPAGE_RANK_V2,U017290,Treatment,2026-06-13,2026-06-13,True
EXP_2026_HOMEPAGE_RANK_V2,U000984,Treatment,2026-06-28,2026-06-30,False
EXP_2026_HOMEPAGE_RANK_V2,U018725,Treatment,2026-06-01,2026-06-06,True
EXP_2026_HOMEPAGE_RANK_V2,U007597,Control,2026-06-29,2026-06-29,True
EXP_2026_HOMEPAGE_RANK_V2,U003401,Treatment,2026-04-28,2026-04-29,True
EXP_2026_HOMEPAGE_RANK_V2,U006594,Control,2026-04-22,2026-04-27,True
EXP_2026_HOMEPAGE_RANK_V2,U005026,Control,2026-07-05,2026-07-09,True
EXP_2026_HOMEPAGE_RANK_V2,U017860,Treatment,2026-05-29,2026-06-03,True
EXP_2026_HOMEPAGE_RANK_V2,U021460,Control,2026-07-01,2026-07-03,True
EXP_2026_HOMEPAGE_RANK_V2,U009282,Treatment,2026-06-07,2026-06-07,True
EXP_2026_HOMEPAGE_RANK_V2,U017200,Treatment,2026-06-14,2026-06-16,True
EXP_2026_HOMEPAGE_RANK_V2,U008573,Control,2026-05-02,2026-05-06,True
EXP_2026_HOMEPAGE_RANK_V2,U021381,Treatment,2026-06-02,2026-06-02,True
EXP_2026_HOMEPAGE_RANK_V2,U019490,Treatment,2026-04-21,2026-04-25,True
EXP_2026_HOMEPAGE_RANK_V2,U021728,Control,2026-05-16,2026-05-16,True
EXP_2026_HOMEPAGE_RANK_V2,U012533,Treatment,2026-05-18,2026-05-21,True
EXP_2026_HOMEPAGE_RANK_V2,U018726,Treatment,2026-05-08,2026-05-09,True
EXP_2026_HOMEPAGE_RANK_V2,U014328,Treatment,2026-07-07,2026-07-08,True
EXP_2026_HOMEPAGE_RANK_V2,U007011,Control,2026-05-09,2026-05-12,True
EXP_2026_HOMEPAGE_RANK_V2,U009686,Treatment,2026-05-31,2026-05-31,False
EXP_2026_HOMEPAGE_RANK_V2,U021109,Control,2026-07-07,2026-07-09,True
EXP_2026_HOMEPAGE_RANK_V2,U011224,Treatment,2026-06-19,2026-06-22,True
EXP_2026_HOMEPAGE_RANK_V2,U005041,Treatment,2026-05-08,2026-05-11,True
EXP_2026_HOMEPAGE_RANK_V2,U017822,Treatment,2026-05-19,2026-05-21,True
EXP_2026_HOMEPAGE_RANK_V2,U023131,Control,2026-04-25,2026-04-30,True
EXP_2026_HOMEPAGE_RANK_V2,U010629,Treatment,2026-05-03,2026-05-05,True
EXP_2026_HOMEPAGE_RANK_V2,U016000,Control,2026-06-26,2026-06-27,True
EXP_2026_HOMEPAGE_RANK_V2,U003462,Treatment,2026-05-12,2026-05-12,True
EXP_2026_HOMEPAGE_RANK_V2,U023499,Control,2026-05-16,2026-05-20,True
EXP_2026_HOMEPAGE_RANK_V2,U000986,Treatment,2026-06-27,2026-07-01,False
EXP_2026_HOMEPAGE_RANK_V2,U004800,Treatment,2026-06-02,2026-06-03,True
EXP_2026_HOMEPAGE_RANK_V2,U023354,Control,2026-06-22,2026-06-23,True
EXP_2026_HOMEPAGE_RANK_V2,U001351,Treatment,2026-04-27,2026-05-02,True
EXP_2026_HOMEPAGE_RANK_V2,U011117,Treatment,2026-05-13,2026-05-18,True
EXP_2026_HOMEPAGE_RANK_V2,U017567,Control,2026-06-10,2026-06-10,True
EXP_2026_HOMEPAGE_RANK_V2,U003245,Treatment,2026-04-19,2026-04-21,True
EXP_2026_HOMEPAGE_RANK_V2,U013776,Control,2026-04-23,2026-04-25,True
EXP_2026_HOMEPAGE_RANK_V2,U022899,Treatment,2026-06-13,2026-06-18,True
EXP_2026_HOMEPAGE_RANK_V2,U003883,Control,2026-05-17,2026-05-17,True
EXP_2026_HOMEPAGE_RANK_V2,U022232,Control,2026-05-07,2026-05-07,False
EXP_2026_HOMEPAGE_RANK_V2,U011282,Treatment,2026-04-19,2026-04-19,True
EXP_2026_HOMEPAGE_RANK_V2,U022661,Treatment,2026-07-05,2026-07-06,True
EXP_2026_HOMEPAGE_RANK_V2,U017948,Control,2026-07-02,2026-07-06,True
EXP_2026_HOMEPAGE_RANK_V2,U019878,Control,2026-05-25,2026-05-26,True
EXP_2026_HOMEPAGE_RANK_V2,U000376,Control,2026-05-15,2026-05-19,True
EXP_2026_HOMEPAGE_RANK_V2,U003412,Control,2026-06-22,2026-06-26,True
EXP_2026_HOMEPAGE_RANK_V2,U007199,Treatment,2026-06-13,2026-06-18,True
EXP_2026_HOMEPAGE_RANK_V2,U018260,Control,2026-06-05,2026-06-06,True
EXP_2026_HOMEPAGE_RANK_V2,U019872,Treatment,2026-06-07,2026-06-07,True
EXP_2026_HOMEPAGE_RANK_V2,U012277,Control,2026-07-09,2026-07-14,True
EXP_2026_HOMEPAGE_RANK_V2,U010435,Treatment,2026-06-13,2026-06-16,True
EXP_2026_HOMEPAGE_RANK_V2,U003767,Control,2026-06-29,2026-07-01,True
EXP_2026_HOMEPAGE_RANK_V2,U012750,Treatment,2026-06-08,2026-06-12,True
EXP_2026_HOMEPAGE_RANK_V2,U017057,Control,2026-06-24,2026-06-26,True
EXP_2026_HOMEPAGE_RANK_V2,U020497,Treatment,2026-04-27,2026-05-01,True
EXP_2026_HOMEPAGE_RANK_V2,U004061,Treatment,2026-05-16,2026-05-17,True
EXP_2026_HOMEPAGE_RANK_V2,U007517,Control,2026-04-23,2026-04-28,False
EXP_2026_HOMEPAGE_RANK_V2,U010300,Treatment,2026-07-05,2026-07-10,True
EXP_2026_HOMEPAGE_RANK_V2,U024335,Control,2026-06-11,2026-06-13,True
EXP_2026_HOMEPAGE_RANK_V2,U022650,Control,2026-07-03,2026-07-07,True
EXP_2026_HOMEPAGE_RANK_V2,U024392,Treatment,2026-07-01,2026-07-02,True
EXP_2026_HOMEPAGE_RANK_V2,U008356,Treatment,2026-04-24,2026-04-25,False
EXP_2026_HOMEPAGE_RANK_V2,U014556,Control,2026-06-18,2026-06-21,True
EXP_2026_HOMEPAGE_RANK_V2,U002780,Control,2026-05-26,2026-05-30,True
EXP_2026_HOMEPAGE_RANK_V2,U016185,Control,2026-05-10,2026-05-15,True
EXP_2026_HOMEPAGE_RANK_V2,U004847,Treatment,2026-05-18,2026-05-23,True
EXP_2026_HOMEPAGE_RANK_V2,U015399,Treatment,2026-07-01,2026-07-04,True
EXP_2026_HOMEPAGE_RANK_V2,U016018,Control,2026-05-18,2026-05-23,True
EXP_2026_HOMEPAGE_RANK_V2,U017750,Control,2026-06-30,2026-07-01,True
EXP_2026_HOMEPAGE_RANK_V2,U003445,Control,2026-07-08,2026-07-12,False
EXP_2026_HOMEPAGE_RANK_V2,U003487,Treatment,2026-07-05,2026-07-10,True
EXP_2026_HOMEPAGE_RANK_V2,U022783,Control,2026-06-23,2026-06-28,True
EXP_2026_HOMEPAGE_RANK_V2,U024971,Control,2026-05-08,2026-05-09,True
EXP_2026_HOMEPAGE_RANK_V2,U006374,Control,2026-04-30,2026-05-01,True
EXP_2026_HOMEPAGE_RANK_V2,U003486,Treatment,2026-05-05,2026-05-06,True
EXP_2026_HOMEPAGE_RANK_V2,U017236,Treatment,2026-04-26,2026-04-28,True
EXP_2026_HOMEPAGE_RANK_V2,U001968,Control,2026-04-28,2026-05-02,True
EXP_2026_HOMEPAGE_RANK_V2,U021971,Treatment,2026-07-10,2026-07-10,True
EXP_2026_HOMEPAGE_RANK_V2,U023237,Treatment,2026-05-30,2026-06-02,True
EXP_2026_HOMEPAGE_RANK_V2,U018469,Treatment,2026-05-10,2026-05-11,True
EXP_2026_HOMEPAGE_RANK_V2,U013972,Control,2026-06-14,2026-06-18,True
EXP_2026_HOMEPAGE_RANK_V2,U002300,Control,2026-05-31,2026-06-03,False
EXP_2026_HOMEPAGE_RANK_V2,U016682,Treatment,2026-05-18,2026-05-21,True
EXP_2026_HOMEPAGE_RANK_V2,U007781,Control,2026-05-07,2026-05-08,True
EXP_2026_HOMEPAGE_RANK_V2,U021995,Control,2026-06-24,2026-06-29,True
EXP_2026_HOMEPAGE_RANK_V2,U011114,Control,2026-07-08,2026-07-13,True
EXP_2026_HOMEPAGE_RANK_V2,U005112,Control,2026-07-10,2026-07-13,True
EXP_2026_HOMEPAGE_RANK_V2,U001642,Treatment,2026-05-14,2026-05-16,True
EXP_2026_HOMEPAGE_RANK_V2,U007386,Control,2026-06-13,2026-06-16,True
EXP_2026_HOMEPAGE_RANK_V2,U024360,Treatment,2026-05-15,2026-05-15,True
EXP_2026_HOMEPAGE_RANK_V2,U012479,Treatment,2026-05-04,2026-05-05,True
EXP_2026_HOMEPAGE_RANK_V2,U023228,Treatment,2026-06-29,2026-06-29,True
EXP_2026_HOMEPAGE_RANK_V2,U019766,Control,2026-06-10,2026-06-10,True
EXP_2026_HOMEPAGE_RANK_V2,U022204,Control,2026-05-14,2026-05-18,True
EXP_2026_HOMEPAGE_RANK_V2,U002006,Control,2026-06-11,2026-06-16,True
EXP_2026_HOMEPAGE_RANK_V2,U022406,Control,2026-06-15,2026-06-15,True
EXP_2026_HOMEPAGE_RANK_V2,U005111,Treatment,2026-06-11,2026-06-16,True
EXP_2026_HOMEPAGE_RANK_V2,U001966,Control,2026-06-16,2026-06-18,True
EXP_2026_HOMEPAGE_RANK_V2,U023783,Control,2026-06-24,2026-06-24,True
EXP_2026_HOMEPAGE_RANK_V2,U014737,Treatment,2026-06-23,2026-06-25,True
EXP_2026_HOMEPAGE_RANK_V2,U021864,Control,2026-05-04,2026-05-08,True
EXP_2026_HOMEPAGE_RANK_V2,U020089,Treatment,2026-06-17,2026-06-22,True
EXP_2026_HOMEPAGE_RANK_V2,U005011,Treatment,2026-04-20,2026-04-25,True
EXP_2026_HOMEPAGE_RANK_V2,U018355,Control,2026-07-02,2026-07-04,True
EXP_2026_HOMEPAGE_RANK_V2,U001975,Treatment,2026-07-04,2026-07-07,True
EXP_2026_HOMEPAGE_RANK_V2,U022386,Treatment,2026-04-20,2026-04-23,True
EXP_2026_HOMEPAGE_RANK_V2,U014076,Control,2026-05-10,2026-05-12,True
EXP_2026_HOMEPAGE_RANK_V2,U013208,Treatment,2026-06-19,2026-06-19,True
EXP_2026_HOMEPAGE_RANK_V2,U016721,Treatment,2026-07-06,2026-07-06,True
EXP_2026_HOMEPAGE_RANK_V2,U024766,Control,2026-05-28,2026-05-29,True
EXP_2026_HOMEPAGE_RANK_V2,U023162,Treatment,2026-05-12,2026-05-17,True
EXP_2026_HOMEPAGE_RANK_V2,U017588,Treatment,2026-06-14,2026-06-17,True
EXP_2026_HOMEPAGE_RANK_V2,U022458,Treatment,2026-05-07,2026-05-11,True
EXP_2026_HOMEPAGE_RANK_V2,U022942,Control,2026-05-10,2026-05-15,True
EXP_2026_HOMEPAGE_RANK_V2,U024117,Treatment,2026-05-23,2026-05-25,True
EXP_2026_HOMEPAGE_RANK_V2,U007393,Control,2026-04-23,2026-04-24,True
EXP_2026_HOMEPAGE_RANK_V2,U008447,Control,2026-05-01,2026-05-02,False
EXP_2026_HOMEPAGE_RANK_V2,U021635,Control,2026-06-12,2026-06-15,True
EXP_2026_HOMEPAGE_RANK_V2,U014890,Control,2026-05-30,2026-05-30,True
EXP_2026_HOMEPAGE_RANK_V2,U003564,Treatment,2026-05-02,2026-05-04,True
EXP_2026_HOMEPAGE_RANK_V2,U004692,Control,2026-07-03,2026-07-06,True
EXP_2026_HOMEPAGE_RANK_V2,U001298,Control,2026-06-11,2026-06-13,True
EXP_2026_HOMEPAGE_RANK_V2,U022265,Treatment,2026-06-28,2026-07-02,True
EXP_2026_HOMEPAGE_RANK_V2,U017990,Treatment,2026-06-24,2026-06-26,True
EXP_2026_HOMEPAGE_RANK_V2,U007219,Control,2026-04-23,2026-04-27,True
EXP_2026_HOMEPAGE_RANK_V2,U002516,Treatment,2026-06-06,2026-06-08,True
EXP_2026_HOMEPAGE_RANK_V2,U017188,Control,2026-05-29,2026-06-03,True
EXP_2026_HOMEPAGE_RANK_V2,U008632,Control,2026-05-11,2026-05-13,True
EXP_2026_HOMEPAGE_RANK_V2,U009715,Control,2026-05-26,2026-05-29,True
EXP_2026_HOMEPAGE_RANK_V2,U006002,Treatment,2026-07-05,2026-07-10,True
EXP_2026_HOMEPAGE_RANK_V2,U004301,Control,2026-06-19,2026-06-22,True
EXP_2026_HOMEPAGE_RANK_V2,U004872,Treatment,2026-05-19,2026-05-21,True
EXP_2026_HOMEPAGE_RANK_V2,U009222,Control,2026-05-08,2026-05-09,True
EXP_2026_HOMEPAGE_RANK_V2,U023300,Control,2026-06-18,2026-06-19,True
EXP_2026_HOMEPAGE_RANK_V2,U016691,Treatment,2026-07-09,2026-07-13,True
EXP_2026_HOMEPAGE_RANK_V2,U014070,Treatment,2026-05-08,2026-05-11,True
EXP_2026_HOMEPAGE_RANK_V2,U019657,Control,2026-05-13,2026-05-15,True
EXP_2026_HOMEPAGE_RANK_V2,U003255,Control,2026-05-10,2026-05-10,True
EXP_2026_HOMEPAGE_RANK_V2,U006696,Treatment,2026-05-01,2026-05-03,False
EXP_2026_HOMEPAGE_RANK_V2,U020230,Treatment,2026-04-28,2026-04-30,True
EXP_2026_HOMEPAGE_RANK_V2,U024968,Treatment,2026-05-29,2026-06-02,True
EXP_2026_HOMEPAGE_RANK_V2,U001924,Treatment,2026-05-15,2026-05-18,True
EXP_2026_HOMEPAGE_RANK_V2,U012928,Treatment,2026-06-06,2026-06-06,True
EXP_2026_HOMEPAGE_RANK_V2,U010191,Control,2026-06-29,2026-07-04,True
EXP_2026_HOMEPAGE_RANK_V2,U009948,Control,2026-06-13,2026-06-17,True
EXP_2026_HOMEPAGE_RANK_V2,U009316,Treatment,2026-06-14,2026-06-17,True
EXP_2026_HOMEPAGE_RANK_V2,U005714,Treatment,2026-06-07,2026-06-07,True
EXP_2026_HOMEPAGE_RANK_V2,U006583,Control,2026-05-31,2026-06-01,True
EXP_2026_HOMEPAGE_RANK_V2,U022930,Control,2026-07-04,2026-07-08,True
EXP_2026_HOMEPAGE_RANK_V2,U010687,Treatment,2026-05-30,2026-06-01,True
EXP_2026_HOMEPAGE_RANK_V2,U024048,Control,2026-04-29,2026-05-03,True
EXP_2026_HOMEPAGE_RANK_V2,U004507,Control,2026-06-15,2026-06-20,False
EXP_2026_HOMEPAGE_RANK_V2,U024149,Treatment,2026-07-06,2026-07-11,True
EXP_2026_HOMEPAGE_RANK_V2,U007215,Control,2026-06-10,2026-06-13,True
EXP_2026_HOMEPAGE_RANK_V2,U014946,Control,2026-07-11,2026-07-13,True
EXP_2026_HOMEPAGE_RANK_V2,U012098,Control,2026-06-14,2026-06-14,True
EXP_2026_HOMEPAGE_RANK_V2,U008578,Control,2026-04-19,2026-04-20,True
EXP_2026_HOMEPAGE_RANK_V2,U006004,Control,2026-07-01,2026-07-06,True
EXP_2026_HOMEPAGE_RANK_V2,U014841,Treatment,2026-05-28,2026-05-29,True
EXP_2026_HOMEPAGE_RANK_V2,U005699,Control,2026-05-13,2026-05-15,True
EXP_2026_HOMEPAGE_RANK_V2,U011072,Control,2026-05-22,2026-05-22,True
EXP_2026_HOMEPAGE_RANK_V2,U013209,Control,2026-07-02,2026-07-03,True
EXP_2026_HOMEPAGE_RANK_V2,U013830,Treatment,2026-07-10,2026-07-10,True
EXP_2026_HOMEPAGE_RANK_V2,U001526,Treatment,2026-05-21,2026-05-24,True
EXP_2026_HOMEPAGE_RANK_V2,U020921,Treatment,2026-06-24,2026-06-29,True
EXP_2026_HOMEPAGE_RANK_V2,U007330,Treatment,2026-07-01,2026-07-01,True
EXP_2026_HOMEPAGE_RANK_V2,U020836,Control,2026-06-19,2026-06-21,True
EXP_2026_HOMEPAGE_RANK_V2,U006210,Control,2026-04-28,2026-05-01,True
EXP_2026_HOMEPAGE_RANK_V2,U011145,Control,2026-04-20,2026-04-25,True
EXP_2026_HOMEPAGE_RANK_V2,U024069,Control,2026-05-17,2026-05-18,True
EXP_2026_HOMEPAGE_RANK_V2,U023623,Control,2026-04-27,2026-05-02,True
EXP_2026_HOMEPAGE_RANK_V2,U002177,Control,2026-06-20,2026-06-24,True
EXP_2026_HOMEPAGE_RANK_V2,U006619,Treatment,2026-06-03,2026-06-07,True
EXP_2026_HOMEPAGE_RANK_V2,U022023,Treatment,2026-06-04,2026-06-07,True
EXP_2026_HOMEPAGE_RANK_V2,U011636,Control,2026-06-07,2026-06-12,True
EXP_2026_HOMEPAGE_RANK_V2,U008581,Treatment,2026-04-26,2026-04-26,True
EXP_2026_HOMEPAGE_RANK_V2,U009524,Treatment,2026-06-21,2026-06-22,True
EXP_2026_HOMEPAGE_RANK_V2,U001018,Treatment,2026-07-05,2026-07-08,True
EXP_2026_HOMEPAGE_RANK_V2,U005194,Treatment,2026-05-27,2026-06-01,True
EXP_2026_HOMEPAGE_RANK_V2,U015052,Treatment,2026-06-22,2026-06-24,True
EXP_2026_HOMEPAGE_RANK_V2,U002460,Treatment,2026-05-10,2026-05-13,False
EXP_2026_HOMEPAGE_RANK_V2,U002121,Treatment,2026-05-28,2026-05-31,True
EXP_2026_HOMEPAGE_RANK_V2,U025000,Treatment,2026-05-01,2026-05-05,True
EXP_2026_HOMEPAGE_RANK_V2,U023584,Control,2026-06-27,2026-07-02,True
EXP_2026_HOMEPAGE_RANK_V2,U010347,Treatment,2026-06-10,2026-06-14,True
EXP_2026_HOMEPAGE_RANK_V2,U000079,Control,2026-04-23,2026-04-26,True
EXP_2026_HOMEPAGE_RANK_V2,U014341,Control,2026-07-07,2026-07-07,True
EXP_2026_HOMEPAGE_RANK_V2,U021016,Control,2026-05-29,2026-06-01,True
EXP_2026_HOMEPAGE_RANK_V2,U019600,Treatment,2026-06-25,2026-06-27,True
EXP_2026_HOMEPAGE_RANK_V2,U003272,Treatment,2026-05-25,2026-05-27,True
EXP_2026_HOMEPAGE_RANK_V2,U006801,Control,2026-05-18,2026-05-20,True
EXP_2026_HOMEPAGE_RANK_V2,U019886,Treatment,2026-04-28,2026-04-30,True
EXP_2026_HOMEPAGE_RANK_V2,U019192,Treatment,2026-05-19,2026-05-19,True
EXP_2026_HOMEPAGE_RANK_V2,U021454,Control,2026-04-23,2026-04-28,True
EXP_2026_HOMEPAGE_RANK_V2,U010816,Control,2026-06-05,2026-06-08,False
EXP_2026_HOMEPAGE_RANK_V2,U014252,Treatment,2026-06-04,2026-06-04,False
EXP_2026_HOMEPAGE_RANK_V2,U000393,Treatment,2026-07-04,2026-07-04,False
EXP_2026_HOMEPAGE_RANK_V2,U013194,Treatment,2026-07-11,2026-07-15,True
EXP_2026_HOMEPAGE_RANK_V2,U010479,Control,2026-06-01,2026-06-03,False
EXP_2026_HOMEPAGE_RANK_V2,U008463,Treatment,2026-07-10,2026-07-15,False
EXP_2026_HOMEPAGE_RANK_V2,U006039,Treatment,2026-04-24,2026-04-28,True
EXP_2026_HOMEPAGE_RANK_V2,U019874,Control,2026-06-25,2026-06-25,True
EXP_2026_HOMEPAGE_RANK_V2,U023696,Control,2026-05-04,2026-05-09,False
EXP_2026_HOMEPAGE_RANK_V2,U005720,Treatment,2026-05-23,2026-05-25,True
EXP_2026_HOMEPAGE_RANK_V2,U020666,Control,2026-04-23,2026-04-28,True
EXP_2026_HOMEPAGE_RANK_V2,U016457,Treatment,2026-05-30,2026-06-01,True
EXP_2026_HOMEPAGE_RANK_V2,U019614,Treatment,2026-07-11,2026-07-12,True
EXP_2026_HOMEPAGE_RANK_V2,U010666,Control,2026-05-26,2026-05-28,True
EXP_2026_HOMEPAGE_RANK_V2,U024208,Control,2026-06-21,2026-06-25,True
EXP_2026_HOMEPAGE_RANK_V2,U002412,Control,2026-06-22,2026-06-25,False
EXP_2026_HOMEPAGE_RANK_V2,U015528,Control,2026-07-10,2026-07-10,True
EXP_2026_HOMEPAGE_RANK_V2,U005465,Treatment,2026-06-23,2026-06-27,True
EXP_2026_HOMEPAGE_RANK_V2,U021922,Treatment,2026-05-02,2026-05-04,True
EXP_2026_HOMEPAGE_RANK_V2,U012155,Treatment,2026-05-14,2026-05-14,True
EXP_2026_HOMEPAGE_RANK_V2,U007595,Control,2026-06-23,2026-06-27,True
EXP_2026_HOMEPAGE_RANK_V2,U023036,Control,2026-05-12,2026-05-16,True
EXP_2026_HOMEPAGE_RANK_V2,U019076,Control,2026-06-30,2026-07-01,True
EXP_2026_HOMEPAGE_RANK_V2,U005904,Control,2026-04-20,2026-04-21,True
EXP_2026_HOMEPAGE_RANK_V2,U012128,Treatment,2026-06-26,2026-06-26,True
EXP_2026_HOMEPAGE_RANK_V2,U019808,Treatment,2026-05-07,2026-05-08,True
EXP_2026_HOMEPAGE_RANK_V2,U007979,Control,2026-05-20,2026-05-21,True
EXP_2026_HOMEPAGE_RANK_V2,U024747,Treatment,2026-05-19,2026-05-22,True
EXP_2026_HOMEPAGE_RANK_V2,U015086,Treatment,2026-06-11,2026-06-11,True
EXP_2026_HOMEPAGE_RANK_V2,U002508,Control,2026-07-10,2026-07-11,True
EXP_2026_HOMEPAGE_RANK_V2,U021739,Treatment,2026-05-06,2026-05-10,True
EXP_2026_HOMEPAGE_RANK_V2,U017612,Control,2026-06-05,2026-06-05,False
EXP_2026_HOMEPAGE_RANK_V2,U022935,Control,2026-06-24,2026-06-24,True
EXP_2026_HOMEPAGE_RANK_V2,U000966,Treatment,2026-04-22,2026-04-26,False
EXP_2026_HOMEPAGE_RANK_V2,U015103,Treatment,2026-07-05,2026-07-10,True
EXP_2026_HOMEPAGE_RANK_V2,U023986,Control,2026-07-07,2026-07-10,True
EXP_2026_HOMEPAGE_RANK_V2,U017202,Control,2026-04-18,2026-04-19,True
EXP_2026_HOMEPAGE_RANK_V2,U021963,Treatment,2026-06-22,2026-06-27,True
EXP_2026_HOMEPAGE_RANK_V2,U018010,Treatment,2026-05-02,2026-05-04,True
EXP_2026_HOMEPAGE_RANK_V2,U004837,Treatment,2026-06-08,2026-06-12,True
EXP_2026_HOMEPAGE_RANK_V2,U002549,Treatment,2026-05-23,2026-05-25,True
EXP_2026_HOMEPAGE_RANK_V2,U009488,Control,2026-05-23,2026-05-23,True
EXP_2026_HOMEPAGE_RANK_V2,U003106,Control,2026-07-09,2026-07-12,True
EXP_2026_HOMEPAGE_RANK_V2,U005425,Treatment,2026-07-11,2026-07-11,True
EXP_2026_HOMEPAGE_RANK_V2,U017632,Control,2026-06-05,2026-06-07,True
EXP_2026_HOMEPAGE_RANK_V2,U011287,Treatment,2026-05-10,2026-05-10,True
EXP_2026_HOMEPAGE_RANK_V2,U005898,Treatment,2026-04-22,2026-04-27,True
EXP_2026_HOMEPAGE_RANK_V2,U010323,Treatment,2026-05-07,2026-05-11,True
EXP_2026_HOMEPAGE_RANK_V2,U021229,Control,2026-04-25,2026-04-26,True
EXP_2026_HOMEPAGE_RANK_V2,U004644,Control,2026-06-10,2026-06-11,True
EXP_2026_HOMEPAGE_RANK_V2,U010973,Treatment,2026-06-16,2026-06-21,True
EXP_2026_HOMEPAGE_RANK_V2,U003687,Control,2026-05-05,2026-05-07,True
EXP_2026_HOMEPAGE_RANK_V2,U022109,Control,2026-04-18,2026-04-18,True
EXP_2026_HOMEPAGE_RANK_V2,U020482,Treatment,2026-06-04,2026-06-08,True
EXP_2026_HOMEPAGE_RANK_V2,U014090,Control,2026-04-18,2026-04-23,True
EXP_2026_HOMEPAGE_RANK_V2,U012320,Control,2026-06-29,2026-07-04,True
EXP_2026_HOMEPAGE_RANK_V2,U023751,Treatment,2026-05-22,2026-05-24,True
EXP_2026_HOMEPAGE_RANK_V2,U006095,Treatment,2026-06-30,2026-07-01,True
EXP_2026_HOMEPAGE_RANK_V2,U017213,Treatment,2026-06-21,2026-06-21,True
EXP_2026_HOMEPAGE_RANK_V2,U010332,Control,2026-05-04,2026-05-07,True
EXP_2026_HOMEPAGE_RANK_V2,U001056,Treatment,2026-07-11,2026-07-12,True
EXP_2026_HOMEPAGE_RANK_V2,U003618,Control,2026-04-29,2026-04-30,True
EXP_2026_HOMEPAGE_RANK_V2,U021232,Treatment,2026-06-03,2026-06-07,True
EXP_2026_HOMEPAGE_RANK_V2,U017244,Treatment,2026-06-18,2026-06-22,True
EXP_2026_HOMEPAGE_RANK_V2,U002135,Treatment,2026-05-07,2026-05-08,True
EXP_2026_HOMEPAGE_RANK_V2,U000882,Treatment,2026-06-21,2026-06-22,True
EXP_2026_HOMEPAGE_RANK_V2,U001013,Control,2026-04-21,2026-04-21,True
EXP_2026_HOMEPAGE_RANK_V2,U024398,Treatment,2026-05-09,2026-05-14,True
EXP_2026_HOMEPAGE_RANK_V2,U017905,Control,2026-06-02,2026-06-04,True
EXP_2026_HOMEPAGE_RANK_V2,U000888,Treatment,2026-06-10,2026-06-15,True
EXP_2026_HOMEPAGE_RANK_V2,U008697,Treatment,2026-06-07,2026-06-08,True
EXP_2026_HOMEPAGE_RANK_V2,U005238,Control,2026-06-30,2026-07-04,True
EXP_2026_HOMEPAGE_RANK_V2,U001632,Treatment,2026-04-26,2026-05-01,True
EXP_2026_HOMEPAGE_RANK_V2,U016339,Treatment,2026-05-02,2026-05-07,True
EXP_2026_HOMEPAGE_RANK_V2,U010464,Treatment,2026-06-03,2026-06-03,True
EXP_2026_HOMEPAGE_RANK_V2,U010423,Control,2026-07-11,2026-07-12,True
EXP_2026_HOMEPAGE_RANK_V2,U020622,Control,2026-05-11,2026-05-11,True
EXP_2026_HOMEPAGE_RANK_V2,U008092,Control,2026-04-20,2026-04-20,True
EXP_2026_HOMEPAGE_RANK_V2,U013733,Control,2026-06-09,2026-06-10,True
EXP_2026_HOMEPAGE_RANK_V2,U000413,Control,2026-05-22,2026-05-22,True
EXP_2026_HOMEPAGE_RANK_V2,U005212,Control,2026-06-22,2026-06-25,True
EXP_2026_HOMEPAGE_RANK_V2,U002484,Treatment,2026-07-03,2026-07-03,True
EXP_2026_HOMEPAGE_RANK_V2,U011893,Treatment,2026-04-18,2026-04-23,False
EXP_2026_HOMEPAGE_RANK_V2,U024467,Treatment,2026-06-18,2026-06-18,True
EXP_2026_HOMEPAGE_RANK_V2,U011121,Treatment,2026-04-26,2026-04-30,True
EXP_2026_HOMEPAGE_RANK_V2,U014483,Treatment,2026-06-06,2026-06-08,True
EXP_2026_HOMEPAGE_RANK_V2,U008084,Treatment,2026-04-29,2026-05-03,True
EXP_2026_HOMEPAGE_RANK_V2,U019771,Control,2026-07-05,2026-07-07,True
EXP_2026_HOMEPAGE_RANK_V2,U001324,Treatment,2026-05-28,2026-05-30,True
EXP_2026_HOMEPAGE_RANK_V2,U009053,Treatment,2026-07-06,2026-07-08,True
EXP_2026_HOMEPAGE_RANK_V2,U002066,Control,2026-04-21,2026-04-22,True
EXP_2026_HOMEPAGE_RANK_V2,U010147,Treatment,2026-04-18,2026-04-19,True
EXP_2026_HOMEPAGE_RANK_V2,U023418,Control,2026-06-15,2026-06-17,True
EXP_2026_HOMEPAGE_RANK_V2,U024917,Treatment,2026-07-01,2026-07-03,True
EXP_2026_HOMEPAGE_RANK_V2,U018701,Treatment,2026-05-06,2026-05-09,True
EXP_2026_HOMEPAGE_RANK_V2,U004411,Control,2026-05-29,2026-06-03,True
EXP_2026_HOMEPAGE_RANK_V2,U022191,Treatment,2026-05-11,2026-05-15,True
EXP_2026_HOMEPAGE_RANK_V2,U008170,Treatment,2026-05-23,2026-05-23,True
EXP_2026_HOMEPAGE_RANK_V2,U008835,Treatment,2026-07-01,2026-07-03,True
EXP_2026_HOMEPAGE_RANK_V2,U006111,Treatment,2026-06-08,2026-06-13,True
EXP_2026_HOMEPAGE_RANK_V2,U011276,Treatment,2026-05-08,2026-05-13,True
EXP_2026_HOMEPAGE_RANK_V2,U018281,Treatment,2026-07-03,2026-07-08,True
EXP_2026_HOMEPAGE_RANK_V2,U011493,Treatment,2026-05-26,2026-05-29,True
EXP_2026_HOMEPAGE_RANK_V2,U001683,Treatment,2026-04-30,2026-05-03,True
EXP_2026_HOMEPAGE_RANK_V2,U015331,Control,2026-05-10,2026-05-13,True
EXP_2026_HOMEPAGE_RANK_V2,U010361,Treatment,2026-05-03,2026-05-07,True
EXP_2026_HOMEPAGE_RANK_V2,U019233,Treatment,2026-06-19,2026-06-24,True
EXP_2026_HOMEPAGE_RANK_V2,U006244,Treatment,2026-05-19,2026-05-20,True
EXP_2026_HOMEPAGE_RANK_V2,U018028,Control,2026-05-02,2026-05-05,True
EXP_2026_HOMEPAGE_RANK_V2,U000033,Treatment,2026-05-24,2026-05-29,True
EXP_2026_HOMEPAGE_RANK_V2,U012997,Treatment,2026-05-09,2026-05-11,True
EXP_2026_HOMEPAGE_RANK_V2,U005405,Control,2026-07-03,2026-07-06,True
EXP_2026_HOMEPAGE_RANK_V2,U024889,Control,2026-07-06,2026-07-10,True
EXP_2026_HOMEPAGE_RANK_V2,U017570,Treatment,2026-05-14,2026-05-18,True
EXP_2026_HOMEPAGE_RANK_V2,U001575,Control,2026-05-31,2026-05-31,True
EXP_2026_HOMEPAGE_RANK_V2,U023585,Control,2026-05-24,2026-05-25,True
EXP_2026_HOMEPAGE_RANK_V2,U017643,Control,2026-05-08,2026-05-08,True
EXP_2026_HOMEPAGE_RANK_V2,U004264,Control,2026-06-16,2026-06-17,True
EXP_2026_HOMEPAGE_RANK_V2,U010226,Control,2026-06-04,2026-06-09,True
EXP_2026_HOMEPAGE_RANK_V2,U010020,Control,2026-05-16,2026-05-21,True
EXP_2026_HOMEPAGE_RANK_V2,U017382,Control,2026-06-17,2026-06-18,True
EXP_2026_HOMEPAGE_RANK_V2,U012055,Control,2026-04-22,2026-04-26,True
EXP_2026_HOMEPAGE_RANK_V2,U015907,Treatment,2026-06-25,2026-06-28,True
EXP_2026_HOMEPAGE_RANK_V2,U020320,Treatment,2026-05-11,2026-05-13,True
EXP_2026_HOMEPAGE_RANK_V2,U005302,Control,2026-05-14,2026-05-19,True
EXP_2026_HOMEPAGE_RANK_V2,U008960,Control,2026-06-10,2026-06-11,True
EXP_2026_HOMEPAGE_RANK_V2,U014371,Treatment,2026-05-25,2026-05-26,True
EXP_2026_HOMEPAGE_RANK_V2,U022777,Treatment,2026-05-09,2026-05-09,True
EXP_2026_HOMEPAGE_RANK_V2,U021253,Treatment,2026-06-24,2026-06-26,True
EXP_2026_HOMEPAGE_RANK_V2,U008246,Treatment,2026-05-04,2026-05-05,False
EXP_2026_HOMEPAGE_RANK_V2,U009459,Treatment,2026-07-11,2026-07-14,True
EXP_2026_HOMEPAGE_RANK_V2,U002891,Control,2026-06-08,2026-06-12,True
EXP_2026_HOMEPAGE_RANK_V2,U017814,Treatment,2026-06-11,2026-06-11,True
EXP_2026_HOMEPAGE_RANK_V2,U001185,Treatment,2026-07-05,2026-07-08,True
EXP_2026_HOMEPAGE_RANK_V2,U015775,Control,2026-06-01,2026-06-03,True
EXP_2026_HOMEPAGE_RANK_V2,U009176,Control,2026-06-17,2026-06-21,True
EXP_2026_HOMEPAGE_RANK_V2,U020172,Control,2026-06-18,2026-06-23,True
EXP_2026_HOMEPAGE_RANK_V2,U019340,Control,2026-07-02,2026-07-03,True
EXP_2026_HOMEPAGE_RANK_V2,U009733,Treatment,2026-06-01,2026-06-04,True
EXP_2026_HOMEPAGE_RANK_V2,U019602,Control,2026-06-16,2026-06-17,True
EXP_2026_HOMEPAGE_RANK_V2,U003438,Control,2026-07-03,2026-07-03,True
EXP_2026_HOMEPAGE_RANK_V2,U020078,Treatment,2026-06-22,2026-06-23,True
EXP_2026_HOMEPAGE_RANK_V2,U013885,Control,2026-06-22,2026-06-27,True
EXP_2026_HOMEPAGE_RANK_V2,U005555,Control,2026-06-20,2026-06-20,True
EXP_2026_HOMEPAGE_RANK_V2,U007188,Control,2026-05-13,2026-05-13,True
EXP_2026_HOMEPAGE_RANK_V2,U013802,Treatment,2026-05-17,2026-05-19,True
EXP_2026_HOMEPAGE_RANK_V2,U012681,Treatment,2026-04-21,2026-04-23,True
EXP_2026_HOMEPAGE_RANK_V2,U015943,Treatment,2026-05-27,2026-05-31,True
EXP_2026_HOMEPAGE_RANK_V2,U015444,Treatment,2026-05-19,2026-05-21,True
EXP_2026_HOMEPAGE_RANK_V2,U013549,Control,2026-05-24,2026-05-24,True
EXP_2026_HOMEPAGE_RANK_V2,U019575,Control,2026-07-03,2026-07-03,True
EXP_2026_HOMEPAGE_RANK_V2,U019051,Control,2026-04-23,2026-04-25,True
EXP_2026_HOMEPAGE_RANK_V2,U015969,Control,2026-06-13,2026-06-14,True
EXP_2026_HOMEPAGE_RANK_V2,U016839,Treatment,2026-06-29,2026-07-01,True
EXP_2026_HOMEPAGE_RANK_V2,U012936,Treatment,2026-06-09,2026-06-09,True
EXP_2026_HOMEPAGE_RANK_V2,U013522,Treatment,2026-06-09,2026-06-09,True
EXP_2026_HOMEPAGE_RANK_V2,U011614,Treatment,2026-06-30,2026-06-30,True
EXP_2026_HOMEPAGE_RANK_V2,U009318,Control,2026-05-05,2026-05-09,True
EXP_2026_HOMEPAGE_RANK_V2,U012867,Treatment,2026-06-28,2026-06-28,True
EXP_2026_HOMEPAGE_RANK_V2,U000187,Treatment,2026-05-10,2026-05-10,True
EXP_2026_HOMEPAGE_RANK_V2,U001476,Control,2026-05-23,2026-05-28,True
EXP_2026_HOMEPAGE_RANK_V2,U014939,Control,2026-06-07,2026-06-11,True
EXP_2026_HOMEPAGE_RANK_V2,U003825,Control,2026-05-11,2026-05-11,True
EXP_2026_HOMEPAGE_RANK_V2,U000368,Control,2026-06-10,2026-06-15,True
EXP_2026_HOMEPAGE_RANK_V2,U002979,Treatment,2026-06-22,2026-06-25,True
EXP_2026_HOMEPAGE_RANK_V2,U018286,Treatment,2026-06-28,2026-06-30,True
EXP_2026_HOMEPAGE_RANK_V2,U013125,Control,2026-04-25,2026-04-25,True
EXP_2026_HOMEPAGE_RANK_V2,U011757,Treatment,2026-05-30,2026-05-30,True
EXP_2026_HOMEPAGE_RANK_V2,U010598,Treatment,2026-05-04,2026-05-04,True
EXP_2026_HOMEPAGE_RANK_V2,U001449,Control,2026-07-07,2026-07-08,True
EXP_2026_HOMEPAGE_RANK_V2,U014573,Treatment,2026-05-21,2026-05-23,True
EXP_2026_HOMEPAGE_RANK_V2,U018102,Treatment,2026-05-11,2026-05-12,True
EXP_2026_HOMEPAGE_RANK_V2,U003718,Control,2026-06-27,2026-07-01,True
EXP_2026_HOMEPAGE_RANK_V2,U003019,Treatment,2026-07-04,2026-07-08,True
EXP_2026_HOMEPAGE_RANK_V2,U005105,Treatment,2026-05-10,2026-05-12,True
EXP_2026_HOMEPAGE_RANK_V2,U017674,Treatment,2026-05-25,2026-05-27,True
EXP_2026_HOMEPAGE_RANK_V2,U018629,Treatment,2026-05-23,2026-05-25,True
EXP_2026_HOMEPAGE_RANK_V2,U022351,Treatment,2026-05-27,2026-05-27,True
EXP_2026_HOMEPAGE_RANK_V2,U001835,Treatment,2026-05-05,2026-05-10,True
EXP_2026_HOMEPAGE_RANK_V2,U004036,Treatment,2026-06-19,2026-06-23,True
EXP_2026_HOMEPAGE_RANK_V2,U014223,Control,2026-06-06,2026-06-08,True
EXP_2026_HOMEPAGE_RANK_V2,U021846,Control,2026-04-20,2026-04-22,True
EXP_2026_HOMEPAGE_RANK_V2,U022603,Treatment,2026-05-18,2026-05-19,True
EXP_2026_HOMEPAGE_RANK_V2,U013790,Control,2026-05-01,2026-05-03,True
EXP_2026_HOMEPAGE_RANK_V2,U022295,Control,2026-05-05,2026-05-06,True
EXP_2026_HOMEPAGE_RANK_V2,U011059,Control,2026-05-27,2026-05-31,True
EXP_2026_HOMEPAGE_RANK_V2,U010343,Control,2026-05-07,2026-05-07,True
EXP_2026_HOMEPAGE_RANK_V2,U012482,Control,2026-04-21,2026-04-25,True
EXP_2026_HOMEPAGE_RANK_V2,U021483,Treatment,2026-04-22,2026-04-25,True
EXP_2026_HOMEPAGE_RANK_V2,U004955,Treatment,2026-04-25,2026-04-26,True
EXP_2026_HOMEPAGE_RANK_V2,U007685,Control,2026-05-18,2026-05-19,True
EXP_2026_HOMEPAGE_RANK_V2,U015190,Control,2026-06-25,2026-06-29,True
EXP_2026_HOMEPAGE_RANK_V2,U020888,Treatment,2026-06-28,2026-06-29,True
EXP_2026_HOMEPAGE_RANK_V2,U019373,Control,2026-05-17,2026-05-21,True
EXP_2026_HOMEPAGE_RANK_V2,U009025,Control,2026-06-04,2026-06-08,True
EXP_2026_HOMEPAGE_RANK_V2,U006149,Treatment,2026-04-29,2026-05-03,True
EXP_2026_HOMEPAGE_RANK_V2,U009920,Treatment,2026-05-21,2026-05-26,True
EXP_2026_HOMEPAGE_RANK_V2,U008680,Control,2026-06-07,2026-06-07,True
EXP_2026_HOMEPAGE_RANK_V2,U007119,Control,2026-04-24,2026-04-29,True
EXP_2026_HOMEPAGE_RANK_V2,U001901,Treatment,2026-06-08,2026-06-10,True
EXP_2026_HOMEPAGE_RANK_V2,U006241,Control,2026-06-08,2026-06-11,True
EXP_2026_HOMEPAGE_RANK_V2,U021531,Control,2026-05-22,2026-05-23,True
EXP_2026_HOMEPAGE_RANK_V2,U023165,Treatment,2026-06-05,2026-06-06,True
EXP_2026_HOMEPAGE_RANK_V2,U016140,Treatment,2026-06-21,2026-06-25,True
EXP_2026_HOMEPAGE_RANK_V2,U003037,Treatment,2026-05-19,2026-05-20,True
EXP_2026_HOMEPAGE_RANK_V2,U014814,Control,2026-05-10,2026-05-14,True
EXP_2026_HOMEPAGE_RANK_V2,U023527,Treatment,2026-06-17,2026-06-19,True
EXP_2026_HOMEPAGE_RANK_V2,U005217,Control,2026-05-09,2026-05-14,True
EXP_2026_HOMEPAGE_RANK_V2,U009914,Control,2026-07-07,2026-07-09,True
EXP_2026_HOMEPAGE_RANK_V2,U022338,Treatment,2026-06-09,2026-06-14,True
EXP_2026_HOMEPAGE_RANK_V2,U003229,Control,2026-05-26,2026-05-27,True
EXP_2026_HOMEPAGE_RANK_V2,U011427,Treatment,2026-06-25,2026-06-25,True
EXP_2026_HOMEPAGE_RANK_V2,U004880,Control,2026-07-02,2026-07-07,True
EXP_2026_HOMEPAGE_RANK_V2,U002943,Control,2026-05-14,2026-05-14,False
EXP_2026_HOMEPAGE_RANK_V2,U000719,Treatment,2026-04-22,2026-04-25,True
EXP_2026_HOMEPAGE_RANK_V2,U010846,Control,2026-06-02,2026-06-05,True
EXP_2026_HOMEPAGE_RANK_V2,U018421,Control,2026-04-30,2026-05-01,True
EXP_2026_HOMEPAGE_RANK_V2,U021928,Treatment,2026-05-09,2026-05-14,True
EXP_2026_HOMEPAGE_RANK_V2,U007067,Control,2026-05-14,2026-05-14,True
EXP_2026_HOMEPAGE_RANK_V2,U014748,Control,2026-07-04,2026-07-05,True
EXP_2026_HOMEPAGE_RANK_V2,U021582,Control,2026-07-01,2026-07-06,True
EXP_2026_HOMEPAGE_RANK_V2,U000985,Control,2026-05-17,2026-05-20,True
EXP_2026_HOMEPAGE_RANK_V2,U015576,Control,2026-07-04,2026-07-08,True
EXP_2026_HOMEPAGE_RANK_V2,U003537,Control,2026-05-26,2026-05-30,True
EXP_2026_HOMEPAGE_RANK_V2,U009868,Treatment,2026-06-13,2026-06-16,True
EXP_2026_HOMEPAGE_RANK_V2,U012032,Control,2026-05-14,2026-05-19,True
EXP_2026_HOMEPAGE_RANK_V2,U017410,Treatment,2026-06-24,2026-06-24,True
EXP_2026_HOMEPAGE_RANK_V2,U001982,Treatment,2026-05-31,2026-06-02,True
EXP_2026_HOMEPAGE_RANK_V2,U005741,Control,2026-05-02,2026-05-03,True
EXP_2026_HOMEPAGE_RANK_V2,U006806,Control,2026-06-19,2026-06-19,True
EXP_2026_HOMEPAGE_RANK_V2,U007014,Control,2026-07-07,2026-07-10,True
EXP_2026_HOMEPAGE_RANK_V2,U000615,Control,2026-06-05,2026-06-05,True
EXP_2026_HOMEPAGE_RANK_V2,U008507,Control,2026-06-17,2026-06-18,True
EXP_2026_HOMEPAGE_RANK_V2,U003115,Control,2026-07-07,2026-07-09,False
EXP_2026_HOMEPAGE_RANK_V2,U021506,Treatment,2026-05-20,2026-05-21,True
EXP_2026_HOMEPAGE_RANK_V2,U010118,Treatment,2026-05-10,2026-05-13,True
EXP_2026_HOMEPAGE_RANK_V2,U006213,Treatment,2026-06-04,2026-06-06,True
EXP_2026_HOMEPAGE_RANK_V2,U010066,Control,2026-06-26,2026-07-01,False
EXP_2026_HOMEPAGE_RANK_V2,U011959,Treatment,2026-06-21,2026-06-25,True
EXP_2026_HOMEPAGE_RANK_V2,U006554,Control,2026-05-09,2026-05-09,True
EXP_2026_HOMEPAGE_RANK_V2,U005545,Control,2026-04-30,2026-05-04,True
EXP_2026_HOMEPAGE_RANK_V2,U017924,Control,2026-04-18,2026-04-20,True
EXP_2026_HOMEPAGE_RANK_V2,U020314,Treatment,2026-06-01,2026-06-01,True
EXP_2026_HOMEPAGE_RANK_V2,U020041,Control,2026-04-27,2026-04-27,True
EXP_2026_HOMEPAGE_RANK_V2,U013846,Treatment,2026-05-10,2026-05-14,True
EXP_2026_HOMEPAGE_RANK_V2,U021273,Treatment,2026-06-24,2026-06-29,True
EXP_2026_HOMEPAGE_RANK_V2,U022738,Treatment,2026-05-08,2026-05-13,False
EXP_2026_HOMEPAGE_RANK_V2,U006333,Treatment,2026-06-07,2026-06-12,True
EXP_2026_HOMEPAGE_RANK_V2,U021668,Control,2026-05-07,2026-05-12,True
EXP_2026_HOMEPAGE_RANK_V2,U021934,Control,2026-06-28,2026-06-28,True
EXP_2026_HOMEPAGE_RANK_V2,U022226,Control,2026-06-01,2026-06-03,True
EXP_2026_HOMEPAGE_RANK_V2,U009341,Control,2026-05-26,2026-05-30,True
EXP_2026_HOMEPAGE_RANK_V2,U011884,Treatment,2026-06-02,2026-06-05,True
EXP_2026_HOMEPAGE_RANK_V2,U012924,Control,2026-05-04,2026-05-07,True
EXP_2026_HOMEPAGE_RANK_V2,U020313,Control,2026-04-21,2026-04-22,True
EXP_2026_HOMEPAGE_RANK_V2,U021913,Control,2026-06-28,2026-07-02,True
EXP_2026_HOMEPAGE_RANK_V2,U004929,Treatment,2026-06-10,2026-06-12,True
EXP_2026_HOMEPAGE_RANK_V2,U016330,Treatment,2026-04-26,2026-05-01,True
EXP_2026_HOMEPAGE_RANK_V2,U011629,Control,2026-05-12,2026-05-16,True
EXP_2026_HOMEPAGE_RANK_V2,U007465,Control,2026-06-05,2026-06-05,True
EXP_2026_HOMEPAGE_RANK_V2,U013590,Treatment,2026-06-09,2026-06-13,True
EXP_2026_HOMEPAGE_RANK_V2,U002232,Treatment,2026-06-22,2026-06-26,True
EXP_2026_HOMEPAGE_RANK_V2,U002161,Treatment,2026-05-19,2026-05-23,True
EXP_2026_HOMEPAGE_RANK_V2,U020707,Treatment,2026-06-10,2026-06-13,True
EXP_2026_HOMEPAGE_RANK_V2,U013680,Treatment,2026-07-05,2026-07-10,True
EXP_2026_HOMEPAGE_RANK_V2,U004125,Treatment,2026-05-28,2026-05-28,True
EXP_2026_HOMEPAGE_RANK_V2,U014699,Control,2026-05-18,2026-05-20,True
EXP_2026_HOMEPAGE_RANK_V2,U016129,Treatment,2026-04-24,2026-04-24,True
EXP_2026_HOMEPAGE_RANK_V2,U010794,Treatment,2026-04-23,2026-04-24,True
EXP_2026_HOMEPAGE_RANK_V2,U000883,Control,2026-05-15,2026-05-20,True
EXP_2026_HOMEPAGE_RANK_V2,U009683,Control,2026-05-23,2026-05-27,True
EXP_2026_HOMEPAGE_RANK_V2,U020612,Treatment,2026-06-01,2026-06-02,True
EXP_2026_HOMEPAGE_RANK_V2,U019967,Control,2026-06-11,2026-06-16,False
EXP_2026_HOMEPAGE_RANK_V2,U023956,Treatment,2026-05-07,2026-05-09,True
EXP_2026_HOMEPAGE_RANK_V2,U006813,Control,2026-06-18,2026-06-22,True
EXP_2026_HOMEPAGE_RANK_V2,U016552,Treatment,2026-05-18,2026-05-20,True
EXP_2026_HOMEPAGE_RANK_V2,U020392,Control,2026-05-29,2026-06-03,True
EXP_2026_HOMEPAGE_RANK_V2,U010886,Control,2026-04-18,2026-04-20,True
EXP_2026_HOMEPAGE_RANK_V2,U005639,Control,2026-05-17,2026-05-20,True
EXP_2026_HOMEPAGE_RANK_V2,U005449,Treatment,2026-06-04,2026-06-05,True
EXP_2026_HOMEPAGE_RANK_V2,U002398,Control,2026-06-12,2026-06-17,True
EXP_2026_HOMEPAGE_RANK_V2,U010964,Treatment,2026-06-19,2026-06-22,True
EXP_2026_HOMEPAGE_RANK_V2,U017692,Treatment,2026-05-07,2026-05-12,False
EXP_2026_HOMEPAGE_RANK_V2,U016621,Control,2026-05-01,2026-05-05,True
EXP_2026_HOMEPAGE_RANK_V2,U003590,Treatment,2026-06-26,2026-06-29,True
EXP_2026_HOMEPAGE_RANK_V2,U002308,Treatment,2026-05-05,2026-05-05,True
EXP_2026_HOMEPAGE_RANK_V2,U020200,Treatment,2026-07-06,2026-07-06,True
EXP_2026_HOMEPAGE_RANK_V2,U001715,Treatment,2026-05-05,2026-05-08,True
EXP_2026_HOMEPAGE_RANK_V2,U016331,Control,2026-05-18,2026-05-22,True
EXP_2026_HOMEPAGE_RANK_V2,U016577,Treatment,2026-04-25,2026-04-25,True
EXP_2026_HOMEPAGE_RANK_V2,U004471,Treatment,2026-05-27,2026-05-30,True
EXP_2026_HOMEPAGE_RANK_V2,U002739,Control,2026-05-10,2026-05-14,True
EXP_2026_HOMEPAGE_RANK_V2,U013695,Control,2026-04-29,2026-04-30,True
EXP_2026_HOMEPAGE_RANK_V2,U000403,Control,2026-05-09,2026-05-10,True
EXP_2026_HOMEPAGE_RANK_V2,U022052,Control,2026-07-04,2026-07-08,True
EXP_2026_HOMEPAGE_RANK_V2,U007049,Treatment,2026-05-23,2026-05-24,True
EXP_2026_HOMEPAGE_RANK_V2,U017318,Control,2026-06-08,2026-06-10,True
EXP_2026_HOMEPAGE_RANK_V2,U003781,Control,2026-04-21,2026-04-21,True
EXP_2026_HOMEPAGE_RANK_V2,U018417,Treatment,2026-05-16,2026-05-20,True
EXP_2026_HOMEPAGE_RANK_V2,U019834,Control,2026-05-04,2026-05-08,False
EXP_2026_HOMEPAGE_RANK_V2,U021519,Control,2026-05-21,2026-05-25,True
EXP_2026_HOMEPAGE_RANK_V2,U014849,Treatment,2026-06-10,2026-06-14,True
EXP_2026_HOMEPAGE_RANK_V2,U006615,Control,2026-06-10,2026-06-12,True
EXP_2026_HOMEPAGE_RANK_V2,U001945,Treatment,2026-05-03,2026-05-05,True
EXP_2026_HOMEPAGE_RANK_V2,U018372,Treatment,2026-07-03,2026-07-04,True
EXP_2026_HOMEPAGE_RANK_V2,U000991,Control,2026-05-02,2026-05-03,True
EXP_2026_HOMEPAGE_RANK_V2,U013804,Treatment,2026-06-16,2026-06-18,True
EXP_2026_HOMEPAGE_RANK_V2,U018151,Treatment,2026-04-18,2026-04-19,True
EXP_2026_HOMEPAGE_RANK_V2,U017715,Control,2026-05-29,2026-05-30,True
EXP_2026_HOMEPAGE_RANK_V2,U009100,Treatment,2026-07-08,2026-07-12,True
EXP_2026_HOMEPAGE_RANK_V2,U000835,Treatment,2026-07-06,2026-07-11,True
EXP_2026_HOMEPAGE_RANK_V2,U008176,Control,2026-05-16,2026-05-18,True
EXP_2026_HOMEPAGE_RANK_V2,U009045,Treatment,2026-07-09,2026-07-11,True
EXP_2026_HOMEPAGE_RANK_V2,U005389,Control,2026-04-24,2026-04-28,True
EXP_2026_HOMEPAGE_RANK_V2,U002478,Control,2026-07-10,2026-07-11,True
EXP_2026_HOMEPAGE_RANK_V2,U016720,Treatment,2026-06-28,2026-07-02,True
EXP_2026_HOMEPAGE_RANK_V2,U002129,Treatment,2026-06-29,2026-06-30,True
EXP_2026_HOMEPAGE_RANK_V2,U024483,Control,2026-06-26,2026-06-28,True
EXP_2026_HOMEPAGE_RANK_V2,U004199,Control,2026-04-21,2026-04-25,True
EXP_2026_HOMEPAGE_RANK_V2,U010240,Control,2026-06-28,2026-07-01,True
EXP_2026_HOMEPAGE_RANK_V2,U014172,Control,2026-06-10,2026-06-11,True
EXP_2026_HOMEPAGE_RANK_V2,U007133,Control,2026-06-19,2026-06-19,True
EXP_2026_HOMEPAGE_RANK_V2,U010059,Control,2026-05-26,2026-05-27,True
EXP_2026_HOMEPAGE_RANK_V2,U013316,Control,2026-05-06,2026-05-08,True
EXP_2026_HOMEPAGE_RANK_V2,U007099,Treatment,2026-05-16,2026-05-16,True
EXP_2026_HOMEPAGE_RANK_V2,U017354,Treatment,2026-06-03,2026-06-08,True
EXP_2026_HOMEPAGE_RANK_V2,U011457,Control,2026-06-16,2026-06-16,True
EXP_2026_HOMEPAGE_RANK_V2,U013834,Treatment,2026-06-13,2026-06-16,True
EXP_2026_HOMEPAGE_RANK_V2,U022565,Treatment,2026-06-19,2026-06-21,True
EXP_2026_HOMEPAGE_RANK_V2,U000118,Control,2026-06-28,2026-06-28,True
EXP_2026_HOMEPAGE_RANK_V2,U018616,Treatment,2026-05-18,2026-05-20,True
EXP_2026_HOMEPAGE_RANK_V2,U024346,Control,2026-04-20,2026-04-24,True
EXP_2026_HOMEPAGE_RANK_V2,U000336,Control,2026-05-17,2026-05-22,True
EXP_2026_HOMEPAGE_RANK_V2,U018953,Control,2026-04-18,2026-04-23,True
EXP_2026_HOMEPAGE_RANK_V2,U009779,Treatment,2026-05-13,2026-05-13,True
EXP_2026_HOMEPAGE_RANK_V2,U015543,Treatment,2026-06-14,2026-06-17,False
EXP_2026_HOMEPAGE_RANK_V2,U018017,Control,2026-06-16,2026-06-20,True
EXP_2026_HOMEPAGE_RANK_V2,U003225,Treatment,2026-04-28,2026-05-02,True
EXP_2026_HOMEPAGE_RANK_V2,U009186,Control,2026-05-16,2026-05-19,True
EXP_2026_HOMEPAGE_RANK_V2,U023304,Treatment,2026-06-25,2026-06-30,True
EXP_2026_HOMEPAGE_RANK_V2,U012173,Treatment,2026-05-26,2026-05-27,True
EXP_2026_HOMEPAGE_RANK_V2,U014552,Control,2026-05-10,2026-05-12,True
EXP_2026_HOMEPAGE_RANK_V2,U016453,Treatment,2026-05-07,2026-05-10,True
EXP_2026_HOMEPAGE_RANK_V2,U018266,Control,2026-05-28,2026-05-30,True
EXP_2026_HOMEPAGE_RANK_V2,U004176,Treatment,2026-07-07,2026-07-10,True
EXP_2026_HOMEPAGE_RANK_V2,U007528,Treatment,2026-07-06,2026-07-09,True
EXP_2026_HOMEPAGE_RANK_V2,U011766,Treatment,2026-05-14,2026-05-18,True
EXP_2026_HOMEPAGE_RANK_V2,U024788,Treatment,2026-06-16,2026-06-19,True
EXP_2026_HOMEPAGE_RANK_V2,U018675,Control,2026-06-28,2026-06-30,True
EXP_2026_HOMEPAGE_RANK_V2,U002293,Treatment,2026-06-12,2026-06-14,True
EXP_2026_HOMEPAGE_RANK_V2,U022251,Treatment,2026-05-21,2026-05-24,True
EXP_2026_HOMEPAGE_RANK_V2,U006275,Treatment,2026-06-11,2026-06-11,True
EXP_2026_HOMEPAGE_RANK_V2,U020321,Control,2026-06-19,2026-06-21,True
EXP_2026_HOMEPAGE_RANK_V2,U023635,Control,2026-06-11,2026-06-11,True
EXP_2026_HOMEPAGE_RANK_V2,U023925,Treatment,2026-07-01,2026-07-06,True
EXP_2026_HOMEPAGE_RANK_V2,U022838,Treatment,2026-07-04,2026-07-07,False
EXP_2026_HOMEPAGE_RANK_V2,U014373,Control,2026-05-24,2026-05-25,True
EXP_2026_HOMEPAGE_RANK_V2,U012224,Control,2026-06-07,2026-06-10,True
EXP_2026_HOMEPAGE_RANK_V2,U021593,Treatment,2026-05-26,2026-05-27,True
EXP_2026_HOMEPAGE_RANK_V2,U020571,Control,2026-06-11,2026-06-16,True
EXP_2026_HOMEPAGE_RANK_V2,U015283,Treatment,2026-04-23,2026-04-28,True
EXP_2026_HOMEPAGE_RANK_V2,U006202,Treatment,2026-04-27,2026-04-28,True
EXP_2026_HOMEPAGE_RANK_V2,U011225,Control,2026-05-22,2026-05-22,True
EXP_2026_HOMEPAGE_RANK_V2,U012100,Control,2026-07-07,2026-07-07,True
EXP_2026_HOMEPAGE_RANK_V2,U007702,Control,2026-06-18,2026-06-19,True
EXP_2026_HOMEPAGE_RANK_V2,U014298,Treatment,2026-06-19,2026-06-24,False
EXP_2026_HOMEPAGE_RANK_V2,U008476,Treatment,2026-06-01,2026-06-04,True
EXP_2026_HOMEPAGE_RANK_V2,U024087,Control,2026-06-28,2026-06-29,True
EXP_2026_HOMEPAGE_RANK_V2,U000244,Treatment,2026-07-10,2026-07-11,True
EXP_2026_HOMEPAGE_RANK_V2,U005490,Control,2026-06-10,2026-06-11,True
EXP_2026_HOMEPAGE_RANK_V2,U005501,Control,2026-06-26,2026-06-26,True
EXP_2026_HOMEPAGE_RANK_V2,U004216,Treatment,2026-06-15,2026-06-20,True
EXP_2026_HOMEPAGE_RANK_V2,U008927,Control,2026-05-07,2026-05-09,True
EXP_2026_HOMEPAGE_RANK_V2,U002835,Control,2026-04-22,2026-04-23,True
EXP_2026_HOMEPAGE_RANK_V2,U005362,Treatment,2026-06-05,2026-06-05,True
EXP_2026_HOMEPAGE_RANK_V2,U001135,Control,2026-05-11,2026-05-16,True
EXP_2026_HOMEPAGE_RANK_V2,U010105,Treatment,2026-06-05,2026-06-08,True
EXP_2026_HOMEPAGE_RANK_V2,U015370,Control,2026-06-01,2026-06-04,True
EXP_2026_HOMEPAGE_RANK_V2,U006343,Treatment,2026-05-10,2026-05-15,True
EXP_2026_HOMEPAGE_RANK_V2,U020104,Control,2026-04-22,2026-04-25,False
EXP_2026_HOMEPAGE_RANK_V2,U012918,Treatment,2026-05-10,2026-05-11,True
EXP_2026_HOMEPAGE_RANK_V2,U024952,Control,2026-06-02,2026-06-07,True
EXP_2026_HOMEPAGE_RANK_V2,U002098,Control,2026-05-31,2026-06-05,True
EXP_2026_HOMEPAGE_RANK_V2,U005662,Control,2026-05-01,2026-05-05,True
EXP_2026_HOMEPAGE_RANK_V2,U011771,Control,2026-05-09,2026-05-13,True
EXP_2026_HOMEPAGE_RANK_V2,U022538,Control,2026-05-26,2026-05-28,True
EXP_2026_HOMEPAGE_RANK_V2,U002698,Treatment,2026-05-25,2026-05-27,True
EXP_2026_HOMEPAGE_RANK_V2,U019782,Control,2026-05-10,2026-05-12,True
EXP_2026_HOMEPAGE_RANK_V2,U019497,Control,2026-06-16,2026-06-21,True
EXP_2026_HOMEPAGE_RANK_V2,U012091,Treatment,2026-05-18,2026-05-20,True
EXP_2026_HOMEPAGE_RANK_V2,U009512,Treatment,2026-05-14,2026-05-15,True
EXP_2026_HOMEPAGE_RANK_V2,U000341,Treatment,2026-05-01,2026-05-02,True
EXP_2026_HOMEPAGE_RANK_V2,U021043,Control,2026-06-27,2026-07-02,True
EXP_2026_HOMEPAGE_RANK_V2,U002819,Treatment,2026-05-16,2026-05-19,True
EXP_2026_HOMEPAGE_RANK_V2,U009405,Treatment,2026-06-12,2026-06-14,True
EXP_2026_HOMEPAGE_RANK_V2,U005627,Treatment,2026-04-29,2026-04-29,True
EXP_2026_HOMEPAGE_RANK_V2,U002716,Control,2026-06-09,2026-06-13,True
EXP_2026_HOMEPAGE_RANK_V2,U002623,Treatment,2026-06-26,2026-06-30,True
EXP_2026_HOMEPAGE_RANK_V2,U012045,Treatment,2026-06-07,2026-06-11,True
EXP_2026_HOMEPAGE_RANK_V2,U017037,Control,2026-05-04,2026-05-05,True
EXP_2026_HOMEPAGE_RANK_V2,U000309,Treatment,2026-04-25,2026-04-28,True
EXP_2026_HOMEPAGE_RANK_V2,U022388,Control,2026-07-09,2026-07-13,True
EXP_2026_HOMEPAGE_RANK_V2,U006109,Control,2026-05-15,2026-05-16,True
EXP_2026_HOMEPAGE_RANK_V2,U000822,Treatment,2026-05-04,2026-05-08,True
EXP_2026_HOMEPAGE_RANK_V2,U019159,Control,2026-05-09,2026-05-12,True
EXP_2026_HOMEPAGE_RANK_V2,U013622,Control,2026-06-09,2026-06-09,True
EXP_2026_HOMEPAGE_RANK_V2,U014877,Treatment,2026-04-18,2026-04-20,True
EXP_2026_HOMEPAGE_RANK_V2,U016403,Control,2026-05-07,2026-05-07,True
EXP_2026_HOMEPAGE_RANK_V2,U023294,Treatment,2026-06-22,2026-06-27,True
EXP_2026_HOMEPAGE_RANK_V2,U000119,Treatment,2026-06-27,2026-06-29,True
EXP_2026_HOMEPAGE_RANK_V2,U002993,Treatment,2026-05-22,2026-05-22,False
EXP_2026_HOMEPAGE_RANK_V2,U007141,Control,2026-07-02,2026-07-04,True
EXP_2026_HOMEPAGE_RANK_V2,U021545,Treatment,2026-06-25,2026-06-28,True
EXP_2026_HOMEPAGE_RANK_V2,U019455,Control,2026-07-08,2026-07-09,True
EXP_2026_HOMEPAGE_RANK_V2,U023028,Control,2026-04-23,2026-04-26,True
EXP_2026_HOMEPAGE_RANK_V2,U011418,Treatment,2026-05-10,2026-05-13,True
EXP_2026_HOMEPAGE_RANK_V2,U009208,Control,2026-06-20,2026-06-25,True
EXP_2026_HOMEPAGE_RANK_V2,U013761,Treatment,2026-06-08,2026-06-09,True
EXP_2026_HOMEPAGE_RANK_V2,U002806,Control,2026-04-25,2026-04-29,True
EXP_2026_HOMEPAGE_RANK_V2,U008570,Treatment,2026-06-29,2026-07-01,True
EXP_2026_HOMEPAGE_RANK_V2,U009938,Control,2026-07-02,2026-07-02,True
EXP_2026_HOMEPAGE_RANK_V2,U006938,Treatment,2026-05-16,2026-05-19,True
EXP_2026_HOMEPAGE_RANK_V2,U002902,Treatment,2026-05-07,2026-05-09,True
EXP_2026_HOMEPAGE_RANK_V2,U009325,Treatment,2026-05-30,2026-05-30,True
EXP_2026_HOMEPAGE_RANK_V2,U016379,Control,2026-05-04,2026-05-08,True
EXP_2026_HOMEPAGE_RANK_V2,U014469,Control,2026-05-08,2026-05-13,True
EXP_2026_HOMEPAGE_RANK_V2,U011484,Treatment,2026-04-26,2026-04-29,True
EXP_2026_HOMEPAGE_RANK_V2,U017575,Control,2026-05-31,2026-06-05,True
EXP_2026_HOMEPAGE_RANK_V2,U020811,Control,2026-07-04,2026-07-04,True
EXP_2026_HOMEPAGE_RANK_V2,U020046,Control,2026-04-18,2026-04-18,True
EXP_2026_HOMEPAGE_RANK_V2,U007676,Control,2026-05-27,2026-05-29,True
EXP_2026_HOMEPAGE_RANK_V2,U010029,Treatment,2026-05-11,2026-05-15,True
EXP_2026_HOMEPAGE_RANK_V2,U008944,Treatment,2026-05-25,2026-05-28,False
EXP_2026_HOMEPAGE_RANK_V2,U012335,Treatment,2026-05-10,2026-05-11,False
EXP_2026_HOMEPAGE_RANK_V2,U017322,Treatment,2026-04-25,2026-04-25,True
EXP_2026_HOMEPAGE_RANK_V2,U022681,Control,2026-06-13,2026-06-18,True
EXP_2026_HOMEPAGE_RANK_V2,U018502,Control,2026-05-28,2026-05-29,True
EXP_2026_HOMEPAGE_RANK_V2,U023238,Control,2026-05-15,2026-05-16,True
EXP_2026_HOMEPAGE_RANK_V2,U009156,Control,2026-05-19,2026-05-19,True
EXP_2026_HOMEPAGE_RANK_V2,U001549,Treatment,2026-04-19,2026-04-20,True
EXP_2026_HOMEPAGE_RANK_V2,U004504,Treatment,2026-05-09,2026-05-10,True
EXP_2026_HOMEPAGE_RANK_V2,U023814,Control,2026-07-07,2026-07-12,True
EXP_2026_HOMEPAGE_RANK_V2,U014584,Control,2026-07-10,2026-07-15,True
EXP_2026_HOMEPAGE_RANK_V2,U019259,Treatment,2026-04-27,2026-04-28,True
EXP_2026_HOMEPAGE_RANK_V2,U002022,Control,2026-05-12,2026-05-15,True
EXP_2026_HOMEPAGE_RANK_V2,U000694,Treatment,2026-06-15,2026-06-19,True
EXP_2026_HOMEPAGE_RANK_V2,U003347,Control,2026-07-04,2026-07-05,True
EXP_2026_HOMEPAGE_RANK_V2,U000009,Treatment,2026-06-11,2026-06-15,True
EXP_2026_HOMEPAGE_RANK_V2,U012757,Treatment,2026-04-19,2026-04-21,True
EXP_2026_HOMEPAGE_RANK_V2,U023024,Control,2026-05-17,2026-05-18,True
EXP_2026_HOMEPAGE_RANK_V2,U006769,Treatment,2026-05-07,2026-05-12,True
EXP_2026_HOMEPAGE_RANK_V2,U004675,Treatment,2026-06-11,2026-06-16,True
EXP_2026_HOMEPAGE_RANK_V2,U005460,Control,2026-04-30,2026-05-01,True
EXP_2026_HOMEPAGE_RANK_V2,U000101,Control,2026-05-22,2026-05-23,True
EXP_2026_HOMEPAGE_RANK_V2,U000319,Treatment,2026-05-15,2026-05-19,True
EXP_2026_HOMEPAGE_RANK_V2,U015802,Control,2026-06-09,2026-06-13,True
EXP_2026_HOMEPAGE_RANK_V2,U011552,Control,2026-06-09,2026-06-12,True
EXP_2026_HOMEPAGE_RANK_V2,U004561,Control,2026-04-27,2026-04-29,True
EXP_2026_HOMEPAGE_RANK_V2,U004087,Control,2026-06-12,2026-06-12,True
EXP_2026_HOMEPAGE_RANK_V2,U019008,Control,2026-05-30,2026-05-30,True
EXP_2026_HOMEPAGE_RANK_V2,U009430,Treatment,2026-05-14,2026-05-17,True
EXP_2026_HOMEPAGE_RANK_V2,U020068,Control,2026-04-22,2026-04-22,True
EXP_2026_HOMEPAGE_RANK_V2,U021697,Treatment,2026-04-25,2026-04-25,True
EXP_2026_HOMEPAGE_RANK_V2,U022224,Control,2026-07-10,2026-07-10,True
EXP_2026_HOMEPAGE_RANK_V2,U003236,Treatment,2026-04-22,2026-04-23,True
EXP_2026_HOMEPAGE_RANK_V2,U018751,Treatment,2026-05-07,2026-05-09,True
EXP_2026_HOMEPAGE_RANK_V2,U015923,Control,2026-05-09,2026-05-10,True
EXP_2026_HOMEPAGE_RANK_V2,U004679,Control,2026-04-24,2026-04-25,True
EXP_2026_HOMEPAGE_RANK_V2,U000284,Treatment,2026-05-10,2026-05-12,True
EXP_2026_HOMEPAGE_RANK_V2,U023326,Treatment,2026-06-02,2026-06-05,True
EXP_2026_HOMEPAGE_RANK_V2,U022975,Control,2026-04-28,2026-05-01,True
EXP_2026_HOMEPAGE_RANK_V2,U014287,Control,2026-05-14,2026-05-16,True
EXP_2026_HOMEPAGE_RANK_V2,U011868,Control,2026-05-11,2026-05-16,True
EXP_2026_HOMEPAGE_RANK_V2,U013784,Control,2026-05-12,2026-05-15,True
EXP_2026_HOMEPAGE_RANK_V2,U000898,Treatment,2026-06-29,2026-06-30,True
EXP_2026_HOMEPAGE_RANK_V2,U016149,Treatment,2026-06-13,2026-06-16,True
EXP_2026_HOMEPAGE_RANK_V2,U013765,Treatment,2026-06-27,2026-06-30,True
EXP_2026_HOMEPAGE_RANK_V2,U019256,Treatment,2026-06-30,2026-07-02,True
EXP_2026_HOMEPAGE_RANK_V2,U013902,Treatment,2026-06-16,2026-06-18,True
EXP_2026_HOMEPAGE_RANK_V2,U024211,Treatment,2026-06-17,2026-06-18,True
EXP_2026_HOMEPAGE_RANK_V2,U022659,Treatment,2026-06-27,2026-06-28,True
EXP_2026_HOMEPAGE_RANK_V2,U020504,Treatment,2026-06-08,2026-06-09,True
EXP_2026_HOMEPAGE_RANK_V2,U007129,Control,2026-07-01,2026-07-04,True
EXP_2026_HOMEPAGE_RANK_V2,U017257,Control,2026-05-14,2026-05-19,True
EXP_2026_HOMEPAGE_RANK_V2,U002472,Control,2026-07-04,2026-07-06,True
EXP_2026_HOMEPAGE_RANK_V2,U009250,Control,2026-05-05,2026-05-05,True
EXP_2026_HOMEPAGE_RANK_V2,U001503,Treatment,2026-07-02,2026-07-05,True
EXP_2026_HOMEPAGE_RANK_V2,U007941,Control,2026-06-18,2026-06-19,True
EXP_2026_HOMEPAGE_RANK_V2,U023264,Treatment,2026-05-13,2026-05-14,True
EXP_2026_HOMEPAGE_RANK_V2,U002420,Control,2026-07-10,2026-07-14,True
EXP_2026_HOMEPAGE_RANK_V2,U009447,Control,2026-07-09,2026-07-10,True
EXP_2026_HOMEPAGE_RANK_V2,U018357,Control,2026-06-25,2026-06-28,True
EXP_2026_HOMEPAGE_RANK_V2,U015554,Control,2026-05-09,2026-05-11,True
EXP_2026_HOMEPAGE_RANK_V2,U020447,Control,2026-07-09,2026-07-14,True
EXP_2026_HOMEPAGE_RANK_V2,U024277,Treatment,2026-05-13,2026-05-15,True
EXP_2026_HOMEPAGE_RANK_V2,U005159,Control,2026-06-25,2026-06-28,True
EXP_2026_HOMEPAGE_RANK_V2,U000377,Control,2026-05-13,2026-05-18,True
EXP_2026_HOMEPAGE_RANK_V2,U017210,Treatment,2026-06-16,2026-06-18,True
EXP_2026_HOMEPAGE_RANK_V2,U005786,Treatment,2026-04-26,2026-05-01,True
EXP_2026_HOMEPAGE_RANK_V2,U012613,Control,2026-05-21,2026-05-24,True
EXP_2026_HOMEPAGE_RANK_V2,U016547,Treatment,2026-06-26,2026-06-29,True
EXP_2026_HOMEPAGE_RANK_V2,U002963,Treatment,2026-07-03,2026-07-06,True
EXP_2026_HOMEPAGE_RANK_V2,U004489,Control,2026-04-27,2026-04-28,True
EXP_2026_HOMEPAGE_RANK_V2,U006124,Control,2026-06-23,2026-06-27,True
EXP_2026_HOMEPAGE_RANK_V2,U005286,Control,2026-06-20,2026-06-24,True
EXP_2026_HOMEPAGE_RANK_V2,U022040,Treatment,2026-06-25,2026-06-28,True
EXP_2026_HOMEPAGE_RANK_V2,U014891,Control,2026-05-31,2026-05-31,True
EXP_2026_HOMEPAGE_RANK_V2,U024482,Control,2026-06-16,2026-06-18,True
EXP_2026_HOMEPAGE_RANK_V2,U022906,Treatment,2026-06-17,2026-06-19,True
EXP_2026_HOMEPAGE_RANK_V2,U006453,Control,2026-04-19,2026-04-20,True
EXP_2026_HOMEPAGE_RANK_V2,U004219,Control,2026-07-10,2026-07-14,True
EXP_2026_HOMEPAGE_RANK_V2,U021787,Control,2026-07-11,2026-07-13,True
EXP_2026_HOMEPAGE_RANK_V2,U022554,Treatment,2026-06-11,2026-06-15,True
EXP_2026_HOMEPAGE_RANK_V2,U011880,Treatment,2026-06-05,2026-06-05,True
EXP_2026_HOMEPAGE_RANK_V2,U006439,Treatment,2026-07-07,2026-07-10,True
EXP_2026_HOMEPAGE_RANK_V2,U000120,Treatment,2026-04-24,2026-04-25,True
EXP_2026_HOMEPAGE_RANK_V2,U005077,Treatment,2026-05-27,2026-05-29,False
EXP_2026_HOMEPAGE_RANK_V2,U020871,Control,2026-05-29,2026-05-31,True
EXP_2026_HOMEPAGE_RANK_V2,U003799,Control,2026-06-02,2026-06-05,True
EXP_2026_HOMEPAGE_RANK_V2,U020364,Treatment,2026-04-30,2026-05-01,True
EXP_2026_HOMEPAGE_RANK_V2,U012579,Control,2026-06-18,2026-06-18,True
EXP_2026_HOMEPAGE_RANK_V2,U020742,Control,2026-04-18,2026-04-21,True
EXP_2026_HOMEPAGE_RANK_V2,U005844,Control,2026-05-15,2026-05-18,True
EXP_2026_HOMEPAGE_RANK_V2,U022972,Treatment,2026-06-18,2026-06-21,True
EXP_2026_HOMEPAGE_RANK_V2,U000921,Control,2026-05-23,2026-05-27,True
EXP_2026_HOMEPAGE_RANK_V2,U018647,Control,2026-06-07,2026-06-11,True
EXP_2026_HOMEPAGE_RANK_V2,U014811,Control,2026-04-24,2026-04-25,True
EXP_2026_HOMEPAGE_RANK_V2,U019666,Treatment,2026-06-16,2026-06-20,True
EXP_2026_HOMEPAGE_RANK_V2,U014502,Treatment,2026-04-23,2026-04-25,True
EXP_2026_HOMEPAGE_RANK_V2,U013867,Control,2026-05-17,2026-05-19,True
EXP_2026_HOMEPAGE_RANK_V2,U006832,Treatment,2026-05-30,2026-05-30,True
EXP_2026_HOMEPAGE_RANK_V2,U000395,Control,2026-06-06,2026-06-09,True
EXP_2026_HOMEPAGE_RANK_V2,U016826,Control,2026-06-28,2026-06-29,True
EXP_2026_HOMEPAGE_RANK_V2,U017823,Treatment,2026-05-19,2026-05-20,True
EXP_2026_HOMEPAGE_RANK_V2,U023200,Control,2026-05-02,2026-05-05,True
EXP_2026_HOMEPAGE_RANK_V2,U007018,Treatment,2026-07-09,2026-07-10,True
EXP_2026_HOMEPAGE_RANK_V2,U000506,Control,2026-07-08,2026-07-08,True
EXP_2026_HOMEPAGE_RANK_V2,U020788,Control,2026-05-31,2026-06-03,True
EXP_2026_HOMEPAGE_RANK_V2,U023907,Control,2026-06-26,2026-07-01,True
EXP_2026_HOMEPAGE_RANK_V2,U008662,Treatment,2026-04-23,2026-04-23,False
EXP_2026_HOMEPAGE_RANK_V2,U012931,Control,2026-06-27,2026-06-28,True
EXP_2026_HOMEPAGE_RANK_V2,U024777,Treatment,2026-04-24,2026-04-24,True
EXP_2026_HOMEPAGE_RANK_V2,U005010,Control,2026-07-10,2026-07-15,True
EXP_2026_HOMEPAGE_RANK_V2,U022188,Control,2026-05-30,2026-06-01,True
EXP_2026_HOMEPAGE_RANK_V2,U023402,Control,2026-04-26,2026-04-27,True
EXP_2026_HOMEPAGE_RANK_V2,U011988,Treatment,2026-04-24,2026-04-28,True
EXP_2026_HOMEPAGE_RANK_V2,U012037,Treatment,2026-05-08,2026-05-08,True
EXP_2026_HOMEPAGE_RANK_V2,U005181,Treatment,2026-05-24,2026-05-26,True
EXP_2026_HOMEPAGE_RANK_V2,U002741,Treatment,2026-07-09,2026-07-09,True
EXP_2026_HOMEPAGE_RANK_V2,U023607,Control,2026-05-12,2026-05-12,True
EXP_2026_HOMEPAGE_RANK_V2,U001469,Control,2026-06-25,2026-06-25,False
EXP_2026_HOMEPAGE_RANK_V2,U020546,Treatment,2026-04-30,2026-05-05,True
EXP_2026_HOMEPAGE_RANK_V2,U006755,Treatment,2026-06-14,2026-06-15,True
EXP_2026_HOMEPAGE_RANK_V2,U022666,Treatment,2026-06-09,2026-06-09,True
EXP_2026_HOMEPAGE_RANK_V2,U004733,Treatment,2026-05-25,2026-05-26,True
EXP_2026_HOMEPAGE_RANK_V2,U014351,Control,2026-07-08,2026-07-10,True
EXP_2026_HOMEPAGE_RANK_V2,U016112,Control,2026-06-09,2026-06-09,True
EXP_2026_HOMEPAGE_RANK_V2,U000530,Treatment,2026-07-09,2026-07-14,True
EXP_2026_HOMEPAGE_RANK_V2,U010875,Treatment,2026-05-20,2026-05-21,True
EXP_2026_HOMEPAGE_RANK_V2,U007946,Treatment,2026-05-21,2026-05-22,True
EXP_2026_HOMEPAGE_RANK_V2,U005873,Control,2026-05-27,2026-05-28,True
EXP_2026_HOMEPAGE_RANK_V2,U012475,Treatment,2026-05-21,2026-05-22,True
EXP_2026_HOMEPAGE_RANK_V2,U001622,Control,2026-07-06,2026-07-06,True
EXP_2026_HOMEPAGE_RANK_V2,U023849,Control,2026-04-21,2026-04-23,True
EXP_2026_HOMEPAGE_RANK_V2,U019054,Treatment,2026-06-16,2026-06-21,True
EXP_2026_HOMEPAGE_RANK_V2,U009286,Control,2026-07-06,2026-07-09,True
EXP_2026_HOMEPAGE_RANK_V2,U020139,Control,2026-07-06,2026-07-08,True
EXP_2026_HOMEPAGE_RANK_V2,U013447,Treatment,2026-05-06,2026-05-09,True
EXP_2026_HOMEPAGE_RANK_V2,U009389,Treatment,2026-06-28,2026-07-02,True
EXP_2026_HOMEPAGE_RANK_V2,U023948,Treatment,2026-05-30,2026-06-01,True
EXP_2026_HOMEPAGE_RANK_V2,U013385,Control,2026-05-03,2026-05-06,True
EXP_2026_HOMEPAGE_RANK_V2,U003871,Control,2026-06-28,2026-06-28,True
EXP_2026_HOMEPAGE_RANK_V2,U023043,Control,2026-05-28,2026-05-30,True
EXP_2026_HOMEPAGE_RANK_V2,U003436,Treatment,2026-06-01,2026-06-06,True
EXP_2026_HOMEPAGE_RANK_V2,U007401,Treatment,2026-06-23,2026-06-27,True
EXP_2026_HOMEPAGE_RANK_V2,U000029,Treatment,2026-06-21,2026-06-22,False
EXP_2026_HOMEPAGE_RANK_V2,U002278,Treatment,2026-04-20,2026-04-23,True
EXP_2026_HOMEPAGE_RANK_V2,U006201,Control,2026-05-14,2026-05-15,True
EXP_2026_HOMEPAGE_RANK_V2,U022564,Control,2026-06-29,2026-07-03,True
EXP_2026_HOMEPAGE_RANK_V2,U024772,Control,2026-06-15,2026-06-19,True
EXP_2026_HOMEPAGE_RANK_V2,U002805,Control,2026-04-20,2026-04-20,True
EXP_2026_HOMEPAGE_RANK_V2,U003136,Control,2026-04-22,2026-04-24,True
EXP_2026_HOMEPAGE_RANK_V2,U007406,Control,2026-05-30,2026-06-03,True
EXP_2026_HOMEPAGE_RANK_V2,U006910,Treatment,2026-06-25,2026-06-29,True
EXP_2026_HOMEPAGE_RANK_V2,U000221,Treatment,2026-06-15,2026-06-15,True
EXP_2026_HOMEPAGE_RANK_V2,U009271,Control,2026-04-18,2026-04-21,True
EXP_2026_HOMEPAGE_RANK_V2,U023167,Treatment,2026-07-08,2026-07-13,True
EXP_2026_HOMEPAGE_RANK_V2,U022014,Control,2026-05-20,2026-05-20,True
EXP_2026_HOMEPAGE_RANK_V2,U008226,Treatment,2026-05-31,2026-06-01,True
EXP_2026_HOMEPAGE_RANK_V2,U007522,Treatment,2026-06-07,2026-06-09,True
EXP_2026_HOMEPAGE_RANK_V2,U017505,Control,2026-06-23,2026-06-26,True
EXP_2026_HOMEPAGE_RANK_V2,U014643,Control,2026-05-02,2026-05-06,True
EXP_2026_HOMEPAGE_RANK_V2,U011489,Control,2026-06-12,2026-06-16,True
EXP_2026_HOMEPAGE_RANK_V2,U018402,Treatment,2026-06-12,2026-06-12,True
EXP_2026_HOMEPAGE_RANK_V2,U017396,Control,2026-07-11,2026-07-14,True
EXP_2026_HOMEPAGE_RANK_V2,U023103,Treatment,2026-05-28,2026-06-01,True
EXP_2026_HOMEPAGE_RANK_V2,U014418,Control,2026-05-09,2026-05-12,True
EXP_2026_HOMEPAGE_RANK_V2,U024957,Treatment,2026-05-23,2026-05-28,True
EXP_2026_HOMEPAGE_RANK_V2,U014655,Treatment,2026-04-30,2026-05-01,True
EXP_2026_HOMEPAGE_RANK_V2,U015704,Control,2026-04-25,2026-04-26,False
EXP_2026_HOMEPAGE_RANK_V2,U021699,Treatment,2026-07-11,2026-07-16,True
EXP_2026_HOMEPAGE_RANK_V2,U019568,Treatment,2026-06-04,2026-06-04,False
EXP_2026_HOMEPAGE_RANK_V2,U004121,Treatment,2026-05-11,2026-05-16,True
EXP_2026_HOMEPAGE_RANK_V2,U021131,Control,2026-07-04,2026-07-07,True
EXP_2026_HOMEPAGE_RANK_V2,U013024,Treatment,2026-05-29,2026-05-30,True
EXP_2026_HOMEPAGE_RANK_V2,U010171,Treatment,2026-06-27,2026-06-27,True
EXP_2026_HOMEPAGE_RANK_V2,U006306,Treatment,2026-04-19,2026-04-22,True
EXP_2026_HOMEPAGE_RANK_V2,U014381,Control,2026-05-02,2026-05-06,True
EXP_2026_HOMEPAGE_RANK_V2,U014969,Treatment,2026-06-24,2026-06-28,True
EXP_2026_HOMEPAGE_RANK_V2,U020558,Control,2026-04-23,2026-04-25,True
EXP_2026_HOMEPAGE_RANK_V2,U014697,Control,2026-06-24,2026-06-24,True
EXP_2026_HOMEPAGE_RANK_V2,U002432,Control,2026-05-06,2026-05-11,True
EXP_2026_HOMEPAGE_RANK_V2,U015369,Treatment,2026-04-26,2026-05-01,True
EXP_2026_HOMEPAGE_RANK_V2,U016609,Treatment,2026-04-23,2026-04-25,True
EXP_2026_HOMEPAGE_RANK_V2,U011903,Treatment,2026-06-30,2026-07-05,False
EXP_2026_HOMEPAGE_RANK_V2,U011945,Control,2026-05-15,2026-05-15,True
EXP_2026_HOMEPAGE_RANK_V2,U020254,Treatment,2026-07-06,2026-07-07,True
EXP_2026_HOMEPAGE_RANK_V2,U001176,Control,2026-04-19,2026-04-21,True
EXP_2026_HOMEPAGE_RANK_V2,U011157,Treatment,2026-05-10,2026-05-11,True
EXP_2026_HOMEPAGE_RANK_V2,U000942,Treatment,2026-06-19,2026-06-19,True
EXP_2026_HOMEPAGE_RANK_V2,U008284,Control,2026-06-29,2026-07-03,False
EXP_2026_HOMEPAGE_RANK_V2,U023244,Treatment,2026-05-29,2026-05-31,True
EXP_2026_HOMEPAGE_RANK_V2,U020211,Control,2026-06-02,2026-06-07,True
EXP_2026_HOMEPAGE_RANK_V2,U012151,Control,2026-05-27,2026-05-30,True
EXP_2026_HOMEPAGE_RANK_V2,U021072,Treatment,2026-04-19,2026-04-23,True
EXP_2026_HOMEPAGE_RANK_V2,U024037,Treatment,2026-05-22,2026-05-24,True
EXP_2026_HOMEPAGE_RANK_V2,U013872,Treatment,2026-06-10,2026-06-14,True
EXP_2026_HOMEPAGE_RANK_V2,U020785,Control,2026-06-05,2026-06-07,True
EXP_2026_HOMEPAGE_RANK_V2,U007237,Control,2026-05-21,2026-05-22,True
EXP_2026_HOMEPAGE_RANK_V2,U001910,Control,2026-05-06,2026-05-10,True
EXP_2026_HOMEPAGE_RANK_V2,U018503,Treatment,2026-05-25,2026-05-27,True
EXP_2026_HOMEPAGE_RANK_V2,U009292,Treatment,2026-06-10,2026-06-11,True
EXP_2026_HOMEPAGE_RANK_V2,U005375,Treatment,2026-06-07,2026-06-11,True
EXP_2026_HOMEPAGE_RANK_V2,U002487,Control,2026-06-01,2026-06-02,True
EXP_2026_HOMEPAGE_RANK_V2,U023426,Treatment,2026-05-13,2026-05-17,True
EXP_2026_HOMEPAGE_RANK_V2,U010008,Control,2026-05-23,2026-05-24,True
EXP_2026_HOMEPAGE_RANK_V2,U015229,Control,2026-05-22,2026-05-25,True
EXP_2026_HOMEPAGE_RANK_V2,U019250,Control,2026-04-23,2026-04-28,True
EXP_2026_HOMEPAGE_RANK_V2,U017611,Treatment,2026-06-02,2026-06-06,True
EXP_2026_HOMEPAGE_RANK_V2,U018660,Treatment,2026-07-10,2026-07-12,True
EXP_2026_HOMEPAGE_RANK_V2,U001568,Control,2026-06-27,2026-06-28,False
EXP_2026_HOMEPAGE_RANK_V2,U018635,Control,2026-04-21,2026-04-25,True
EXP_2026_HOMEPAGE_RANK_V2,U004825,Treatment,2026-04-18,2026-04-19,True
EXP_2026_HOMEPAGE_RANK_V2,U014793,Control,2026-05-22,2026-05-23,True
EXP_2026_HOMEPAGE_RANK_V2,U004791,Treatment,2026-05-20,2026-05-20,True
EXP_2026_HOMEPAGE_RANK_V2,U017917,Control,2026-07-01,2026-07-03,True
EXP_2026_HOMEPAGE_RANK_V2,U015432,Control,2026-05-01,2026-05-03,True
EXP_2026_HOMEPAGE_RANK_V2,U020765,Control,2026-07-03,2026-07-08,False
EXP_2026_HOMEPAGE_RANK_V2,U023877,Control,2026-05-03,2026-05-08,True
EXP_2026_HOMEPAGE_RANK_V2,U024680,Control,2026-06-04,2026-06-06,True
EXP_2026_HOMEPAGE_RANK_V2,U015049,Control,2026-04-24,2026-04-26,True
EXP_2026_HOMEPAGE_RANK_V2,U010722,Treatment,2026-05-29,2026-05-31,True
EXP_2026_HOMEPAGE_RANK_V2,U013329,Control,2026-07-09,2026-07-12,True
EXP_2026_HOMEPAGE_RANK_V2,U001904,Control,2026-07-03,2026-07-03,True
EXP_2026_HOMEPAGE_RANK_V2,U019100,Control,2026-06-08,2026-06-13,True
EXP_2026_HOMEPAGE_RANK_V2,U020908,Treatment,2026-07-06,2026-07-07,True
EXP_2026_HOMEPAGE_RANK_V2,U022718,Treatment,2026-04-24,2026-04-29,True
EXP_2026_HOMEPAGE_RANK_V2,U020999,Treatment,2026-05-09,2026-05-11,True
EXP_2026_HOMEPAGE_RANK_V2,U020789,Control,2026-06-03,2026-06-08,True
EXP_2026_HOMEPAGE_RANK_V2,U001581,Treatment,2026-05-21,2026-05-25,True
EXP_2026_HOMEPAGE_RANK_V2,U008111,Control,2026-05-09,2026-05-12,True
EXP_2026_HOMEPAGE_RANK_V2,U023066,Treatment,2026-06-14,2026-06-15,True
EXP_2026_HOMEPAGE_RANK_V2,U021712,Treatment,2026-05-19,2026-05-19,True
EXP_2026_HOMEPAGE_RANK_V2,U023019,Treatment,2026-06-06,2026-06-10,True
EXP_2026_HOMEPAGE_RANK_V2,U017912,Control,2026-06-10,2026-06-12,True
EXP_2026_HOMEPAGE_RANK_V2,U020919,Treatment,2026-06-27,2026-06-28,True
EXP_2026_HOMEPAGE_RANK_V2,U003410,Control,2026-04-24,2026-04-29,True
EXP_2026_HOMEPAGE_RANK_V2,U024677,Control,2026-05-18,2026-05-23,True
EXP_2026_HOMEPAGE_RANK_V2,U013480,Treatment,2026-05-16,2026-05-19,True
EXP_2026_HOMEPAGE_RANK_V2,U004064,Treatment,2026-05-16,2026-05-17,True
EXP_2026_HOMEPAGE_RANK_V2,U010587,Control,2026-06-02,2026-06-07,True
EXP_2026_HOMEPAGE_RANK_V2,U013625,Treatment,2026-07-09,2026-07-09,True
EXP_2026_HOMEPAGE_RANK_V2,U019845,Treatment,2026-06-29,2026-07-02,True
EXP_2026_HOMEPAGE_RANK_V2,U005794,Treatment,2026-05-20,2026-05-20,True
EXP_2026_HOMEPAGE_RANK_V2,U015669,Control,2026-06-02,2026-06-05,True
EXP_2026_HOMEPAGE_RANK_V2,U006025,Treatment,2026-05-09,2026-05-09,True
EXP_2026_HOMEPAGE_RANK_V2,U013363,Treatment,2026-07-02,2026-07-03,True
EXP_2026_HOMEPAGE_RANK_V2,U006738,Control,2026-06-16,2026-06-21,True
EXP_2026_HOMEPAGE_RANK_V2,U009233,Treatment,2026-06-03,2026-06-06,True
EXP_2026_HOMEPAGE_RANK_V2,U021168,Control,2026-06-10,2026-06-13,True
EXP_2026_HOMEPAGE_RANK_V2,U005287,Treatment,2026-06-06,2026-06-09,True
EXP_2026_HOMEPAGE_RANK_V2,U022750,Treatment,2026-05-10,2026-05-10,True
EXP_2026_HOMEPAGE_RANK_V2,U024791,Control,2026-05-31,2026-06-02,True
EXP_2026_HOMEPAGE_RANK_V2,U003362,Treatment,2026-05-11,2026-05-13,True
EXP_2026_HOMEPAGE_RANK_V2,U022164,Control,2026-06-10,2026-06-15,True
EXP_2026_HOMEPAGE_RANK_V2,U022076,Control,2026-04-20,2026-04-20,True
EXP_2026_HOMEPAGE_RANK_V2,U023149,Treatment,2026-06-11,2026-06-11,True
EXP_2026_HOMEPAGE_RANK_V2,U019804,Treatment,2026-06-05,2026-06-06,True
EXP_2026_HOMEPAGE_RANK_V2,U016341,Control,2026-04-23,2026-04-27,True
EXP_2026_HOMEPAGE_RANK_V2,U004958,Treatment,2026-06-11,2026-06-11,True
EXP_2026_HOMEPAGE_RANK_V2,U015958,Treatment,2026-06-22,2026-06-22,True
EXP_2026_HOMEPAGE_RANK_V2,U018073,Control,2026-05-07,2026-05-09,True
EXP_2026_HOMEPAGE_RANK_V2,U000559,Control,2026-06-22,2026-06-22,True
EXP_2026_HOMEPAGE_RANK_V2,U015445,Control,2026-05-26,2026-05-29,True
EXP_2026_HOMEPAGE_RANK_V2,U017999,Treatment,2026-05-16,2026-05-21,True
EXP_2026_HOMEPAGE_RANK_V2,U010274,Treatment,2026-06-14,2026-06-15,True
EXP_2026_HOMEPAGE_RANK_V2,U010237,Treatment,2026-06-01,2026-06-01,True
EXP_2026_HOMEPAGE_RANK_V2,U002268,Treatment,2026-06-02,2026-06-07,True
EXP_2026_HOMEPAGE_RANK_V2,U011555,Treatment,2026-04-27,2026-04-27,True
EXP_2026_HOMEPAGE_RANK_V2,U020768,Control,2026-05-21,2026-05-24,True
EXP_2026_HOMEPAGE_RANK_V2,U005723,Control,2026-05-14,2026-05-18,True
EXP_2026_HOMEPAGE_RANK_V2,U005036,Treatment,2026-06-13,2026-06-14,True
EXP_2026_HOMEPAGE_RANK_V2,U010488,Control,2026-04-19,2026-04-23,True
EXP_2026_HOMEPAGE_RANK_V2,U015411,Treatment,2026-06-18,2026-06-19,False
EXP_2026_HOMEPAGE_RANK_V2,U022890,Control,2026-05-26,2026-05-27,True
EXP_2026_HOMEPAGE_RANK_V2,U014274,Control,2026-06-12,2026-06-12,False
EXP_2026_HOMEPAGE_RANK_V2,U023261,Control,2026-04-24,2026-04-28,True
EXP_2026_HOMEPAGE_RANK_V2,U005755,Treatment,2026-05-25,2026-05-26,True
EXP_2026_HOMEPAGE_RANK_V2,U017800,Control,2026-07-10,2026-07-14,True
EXP_2026_HOMEPAGE_RANK_V2,U000969,Control,2026-04-30,2026-05-03,True
EXP_2026_HOMEPAGE_RANK_V2,U014200,Control,2026-04-30,2026-05-05,True
EXP_2026_HOMEPAGE_RANK_V2,U018186,Treatment,2026-05-08,2026-05-11,True
EXP_2026_HOMEPAGE_RANK_V2,U015459,Treatment,2026-04-25,2026-04-28,True
EXP_2026_HOMEPAGE_RANK_V2,U007641,Control,2026-06-10,2026-06-10,False
EXP_2026_HOMEPAGE_RANK_V2,U000983,Control,2026-05-19,2026-05-24,True
EXP_2026_HOMEPAGE_RANK_V2,U020787,Treatment,2026-05-30,2026-06-03,False
EXP_2026_HOMEPAGE_RANK_V2,U002456,Treatment,2026-06-28,2026-06-28,True
EXP_2026_HOMEPAGE_RANK_V2,U010125,Control,2026-06-04,2026-06-08,True
EXP_2026_HOMEPAGE_RANK_V2,U024622,Control,2026-04-29,2026-05-04,True
EXP_2026_HOMEPAGE_RANK_V2,U005483,Treatment,2026-04-18,2026-04-19,True
EXP_2026_HOMEPAGE_RANK_V2,U019963,Control,2026-07-09,2026-07-12,True
EXP_2026_HOMEPAGE_RANK_V2,U015947,Control,2026-07-10,2026-07-13,True
EXP_2026_HOMEPAGE_RANK_V2,U024362,Treatment,2026-07-01,2026-07-02,True
EXP_2026_HOMEPAGE_RANK_V2,U005750,Treatment,2026-04-22,2026-04-22,True
EXP_2026_HOMEPAGE_RANK_V2,U020551,Treatment,2026-07-06,2026-07-11,True
EXP_2026_HOMEPAGE_RANK_V2,U017763,Control,2026-04-27,2026-04-28,True
EXP_2026_HOMEPAGE_RANK_V2,U008709,Control,2026-07-09,2026-07-09,True
EXP_2026_HOMEPAGE_RANK_V2,U000067,Control,2026-05-29,2026-05-31,True
EXP_2026_HOMEPAGE_RANK_V2,U011317,Treatment,2026-04-21,2026-04-24,True
EXP_2026_HOMEPAGE_RANK_V2,U001170,Control,2026-06-04,2026-06-05,True
EXP_2026_HOMEPAGE_RANK_V2,U003328,Treatment,2026-06-26,2026-06-30,True
EXP_2026_HOMEPAGE_RANK_V2,U014807,Treatment,2026-05-04,2026-05-09,True
EXP_2026_HOMEPAGE_RANK_V2,U000081,Control,2026-06-25,2026-06-28,True
EXP_2026_HOMEPAGE_RANK_V2,U021708,Control,2026-05-20,2026-05-21,True
EXP_2026_HOMEPAGE_RANK_V2,U019868,Control,2026-05-09,2026-05-09,True
EXP_2026_HOMEPAGE_RANK_V2,U001358,Control,2026-05-30,2026-06-01,True
EXP_2026_HOMEPAGE_RANK_V2,U024491,Control,2026-05-10,2026-05-14,True
EXP_2026_HOMEPAGE_RANK_V2,U008799,Control,2026-07-04,2026-07-08,True
EXP_2026_HOMEPAGE_RANK_V2,U018373,Treatment,2026-05-27,2026-05-31,True
EXP_2026_HOMEPAGE_RANK_V2,U022473,Control,2026-04-19,2026-04-23,True
EXP_2026_HOMEPAGE_RANK_V2,U003661,Control,2026-04-30,2026-04-30,True
EXP_2026_HOMEPAGE_RANK_V2,U019121,Treatment,2026-07-02,2026-07-07,True
EXP_2026_HOMEPAGE_RANK_V2,U015420,Control,2026-06-25,2026-06-29,True
EXP_2026_HOMEPAGE_RANK_V2,U014840,Treatment,2026-04-24,2026-04-26,True
EXP_2026_HOMEPAGE_RANK_V2,U019912,Control,2026-07-06,2026-07-09,True
EXP_2026_HOMEPAGE_RANK_V2,U015659,Control,2026-05-05,2026-05-07,True
EXP_2026_HOMEPAGE_RANK_V2,U013043,Treatment,2026-06-27,2026-07-02,True
EXP_2026_HOMEPAGE_RANK_V2,U002428,Treatment,2026-06-03,2026-06-06,True
EXP_2026_HOMEPAGE_RANK_V2,U009023,Control,2026-06-30,2026-07-05,True
EXP_2026_HOMEPAGE_RANK_V2,U012752,Control,2026-06-09,2026-06-10,False
EXP_2026_HOMEPAGE_RANK_V2,U020935,Treatment,2026-05-11,2026-05-13,True
EXP_2026_HOMEPAGE_RANK_V2,U024018,Control,2026-06-29,2026-06-30,False
EXP_2026_HOMEPAGE_RANK_V2,U006383,Control,2026-07-09,2026-07-12,True
EXP_2026_HOMEPAGE_RANK_V2,U023529,Treatment,2026-04-27,2026-04-29,True
EXP_2026_HOMEPAGE_RANK_V2,U006702,Control,2026-04-20,2026-04-25,True
EXP_2026_HOMEPAGE_RANK_V2,U013128,Treatment,2026-06-14,2026-06-17,True
EXP_2026_HOMEPAGE_RANK_V2,U022477,Treatment,2026-04-22,2026-04-27,True
EXP_2026_HOMEPAGE_RANK_V2,U020705,Control,2026-06-22,2026-06-25,True
EXP_2026_HOMEPAGE_RANK_V2,U008104,Control,2026-06-18,2026-06-21,True
EXP_2026_HOMEPAGE_RANK_V2,U005743,Control,2026-06-29,2026-07-02,True
EXP_2026_HOMEPAGE_RANK_V2,U000777,Treatment,2026-05-11,2026-05-11,True
EXP_2026_HOMEPAGE_RANK_V2,U007788,Control,2026-04-28,2026-04-29,True
EXP_2026_HOMEPAGE_RANK_V2,U020156,Treatment,2026-06-12,2026-06-13,True
EXP_2026_HOMEPAGE_RANK_V2,U001665,Control,2026-05-27,2026-05-29,True
EXP_2026_HOMEPAGE_RANK_V2,U021224,Treatment,2026-06-29,2026-06-29,True
EXP_2026_HOMEPAGE_RANK_V2,U010002,Treatment,2026-06-09,2026-06-13,True
EXP_2026_HOMEPAGE_RANK_V2,U004398,Control,2026-06-13,2026-06-17,True
EXP_2026_HOMEPAGE_RANK_V2,U008623,Treatment,2026-04-29,2026-05-04,True
EXP_2026_HOMEPAGE_RANK_V2,U003834,Control,2026-06-14,2026-06-17,True
EXP_2026_HOMEPAGE_RANK_V2,U007328,Control,2026-04-19,2026-04-22,True
EXP_2026_HOMEPAGE_RANK_V2,U004317,Treatment,2026-05-16,2026-05-16,True
EXP_2026_HOMEPAGE_RANK_V2,U021561,Control,2026-06-18,2026-06-18,True
EXP_2026_HOMEPAGE_RANK_V2,U020201,Control,2026-05-23,2026-05-24,True
EXP_2026_HOMEPAGE_RANK_V2,U005616,Control,2026-05-28,2026-05-30,True
EXP_2026_HOMEPAGE_RANK_V2,U016074,Treatment,2026-05-01,2026-05-05,True
EXP_2026_HOMEPAGE_RANK_V2,U003443,Control,2026-04-19,2026-04-19,True
EXP_2026_HOMEPAGE_RANK_V2,U011753,Treatment,2026-06-02,2026-06-02,True
EXP_2026_HOMEPAGE_RANK_V2,U016220,Treatment,2026-07-06,2026-07-06,True
EXP_2026_HOMEPAGE_RANK_V2,U023343,Control,2026-06-10,2026-06-14,True
EXP_2026_HOMEPAGE_RANK_V2,U016265,Treatment,2026-06-17,2026-06-22,True
EXP_2026_HOMEPAGE_RANK_V2,U016814,Control,2026-06-30,2026-07-05,False
EXP_2026_HOMEPAGE_RANK_V2,U002447,Control,2026-04-24,2026-04-28,True
EXP_2026_HOMEPAGE_RANK_V2,U016289,Control,2026-04-20,2026-04-21,True
EXP_2026_HOMEPAGE_RANK_V2,U010822,Control,2026-07-10,2026-07-10,True
EXP_2026_HOMEPAGE_RANK_V2,U022917,Control,2026-05-29,2026-05-31,False
EXP_2026_HOMEPAGE_RANK_V2,U003297,Treatment,2026-05-20,2026-05-24,True
EXP_2026_HOMEPAGE_RANK_V2,U022644,Control,2026-05-31,2026-06-05,True
EXP_2026_HOMEPAGE_RANK_V2,U017847,Treatment,2026-06-24,2026-06-28,True
EXP_2026_HOMEPAGE_RANK_V2,U023918,Control,2026-07-10,2026-07-12,True
EXP_2026_HOMEPAGE_RANK_V2,U015783,Treatment,2026-06-23,2026-06-27,True
EXP_2026_HOMEPAGE_RANK_V2,U008769,Control,2026-05-28,2026-05-30,True
EXP_2026_HOMEPAGE_RANK_V2,U001520,Treatment,2026-06-15,2026-06-20,True
EXP_2026_HOMEPAGE_RANK_V2,U023262,Treatment,2026-06-06,2026-06-06,True
EXP_2026_HOMEPAGE_RANK_V2,U006690,Treatment,2026-06-20,2026-06-22,True
EXP_2026_HOMEPAGE_RANK_V2,U020554,Control,2026-04-20,2026-04-21,True
EXP_2026_HOMEPAGE_RANK_V2,U021756,Treatment,2026-06-21,2026-06-21,True
EXP_2026_HOMEPAGE_RANK_V2,U000431,Treatment,2026-04-20,2026-04-25,True
EXP_2026_HOMEPAGE_RANK_V2,U022311,Treatment,2026-06-02,2026-06-04,True
EXP_2026_HOMEPAGE_RANK_V2,U001484,Control,2026-04-18,2026-04-20,True
EXP_2026_HOMEPAGE_RANK_V2,U004568,Control,2026-06-10,2026-06-15,True
EXP_2026_HOMEPAGE_RANK_V2,U022958,Control,2026-06-15,2026-06-18,True
EXP_2026_HOMEPAGE_RANK_V2,U019492,Treatment,2026-06-08,2026-06-09,True
EXP_2026_HOMEPAGE_RANK_V2,U001678,Treatment,2026-06-22,2026-06-25,True
EXP_2026_HOMEPAGE_RANK_V2,U010157,Treatment,2026-06-18,2026-06-19,True
EXP_2026_HOMEPAGE_RANK_V2,U000384,Treatment,2026-06-19,2026-06-21,True
EXP_2026_HOMEPAGE_RANK_V2,U017896,Control,2026-06-22,2026-06-26,True
EXP_2026_HOMEPAGE_RANK_V2,U001069,Control,2026-05-19,2026-05-24,True
EXP_2026_HOMEPAGE_RANK_V2,U009212,Control,2026-05-23,2026-05-23,True
EXP_2026_HOMEPAGE_RANK_V2,U004661,Treatment,2026-04-18,2026-04-20,True
EXP_2026_HOMEPAGE_RANK_V2,U022269,Control,2026-05-16,2026-05-17,True
EXP_2026_HOMEPAGE_RANK_V2,U018582,Control,2026-05-23,2026-05-23,True
EXP_2026_HOMEPAGE_RANK_V2,U006338,Treatment,2026-05-17,2026-05-19,True
EXP_2026_HOMEPAGE_RANK_V2,U012003,Treatment,2026-06-07,2026-06-08,True
EXP_2026_HOMEPAGE_RANK_V2,U003953,Treatment,2026-06-18,2026-06-19,True
EXP_2026_HOMEPAGE_RANK_V2,U008795,Treatment,2026-05-05,2026-05-06,True
EXP_2026_HOMEPAGE_RANK_V2,U005104,Control,2026-05-04,2026-05-07,True
EXP_2026_HOMEPAGE_RANK_V2,U015282,Treatment,2026-06-02,2026-06-03,True
EXP_2026_HOMEPAGE_RANK_V2,U008677,Control,2026-05-16,2026-05-20,True
EXP_2026_HOMEPAGE_RANK_V2,U000856,Control,2026-05-14,2026-05-19,True
EXP_2026_HOMEPAGE_RANK_V2,U002912,Control,2026-06-02,2026-06-04,False
EXP_2026_HOMEPAGE_RANK_V2,U001450,Control,2026-07-03,2026-07-04,True
EXP_2026_HOMEPAGE_RANK_V2,U002738,Treatment,2026-06-30,2026-06-30,True
EXP_2026_HOMEPAGE_RANK_V2,U004480,Treatment,2026-05-29,2026-06-01,True
EXP_2026_HOMEPAGE_RANK_V2,U016999,Treatment,2026-05-05,2026-05-09,True
EXP_2026_HOMEPAGE_RANK_V2,U007349,Control,2026-06-26,2026-06-26,True
EXP_2026_HOMEPAGE_RANK_V2,U022933,Treatment,2026-06-30,2026-07-03,True
EXP_2026_HOMEPAGE_RANK_V2,U000798,Treatment,2026-06-25,2026-06-27,True
EXP_2026_HOMEPAGE_RANK_V2,U001114,Treatment,2026-06-06,2026-06-10,True
EXP_2026_HOMEPAGE_RANK_V2,U005694,Control,2026-04-29,2026-05-04,True
EXP_2026_HOMEPAGE_RANK_V2,U014264,Control,2026-05-27,2026-05-30,True
EXP_2026_HOMEPAGE_RANK_V2,U023022,Control,2026-04-26,2026-04-26,True
EXP_2026_HOMEPAGE_RANK_V2,U022727,Treatment,2026-06-02,2026-06-05,True
EXP_2026_HOMEPAGE_RANK_V2,U014340,Treatment,2026-06-10,2026-06-14,True
EXP_2026_HOMEPAGE_RANK_V2,U010712,Control,2026-06-11,2026-06-16,True
EXP_2026_HOMEPAGE_RANK_V2,U000339,Treatment,2026-05-28,2026-06-02,True
EXP_2026_HOMEPAGE_RANK_V2,U013687,Treatment,2026-06-19,2026-06-24,True
EXP_2026_HOMEPAGE_RANK_V2,U017097,Control,2026-05-28,2026-05-29,True
EXP_2026_HOMEPAGE_RANK_V2,U010120,Treatment,2026-05-31,2026-06-04,True
EXP_2026_HOMEPAGE_RANK_V2,U007295,Treatment,2026-07-08,2026-07-12,True
EXP_2026_HOMEPAGE_RANK_V2,U009629,Treatment,2026-06-10,2026-06-10,True
EXP_2026_HOMEPAGE_RANK_V2,U012420,Treatment,2026-05-18,2026-05-22,True
EXP_2026_HOMEPAGE_RANK_V2,U014383,Control,2026-06-05,2026-06-06,True
EXP_2026_HOMEPAGE_RANK_V2,U002150,Control,2026-06-25,2026-06-26,True
EXP_2026_HOMEPAGE_RANK_V2,U022642,Treatment,2026-05-21,2026-05-23,True
EXP_2026_HOMEPAGE_RANK_V2,U000340,Treatment,2026-06-16,2026-06-16,True
EXP_2026_HOMEPAGE_RANK_V2,U019466,Control,2026-04-23,2026-04-27,True
EXP_2026_HOMEPAGE_RANK_V2,U003809,Treatment,2026-06-25,2026-06-30,True
EXP_2026_HOMEPAGE_RANK_V2,U024323,Control,2026-05-18,2026-05-21,True
EXP_2026_HOMEPAGE_RANK_V2,U012581,Control,2026-05-09,2026-05-14,True
EXP_2026_HOMEPAGE_RANK_V2,U015892,Control,2026-06-17,2026-06-19,True
EXP_2026_HOMEPAGE_RANK_V2,U024401,Treatment,2026-04-28,2026-04-29,True
EXP_2026_HOMEPAGE_RANK_V2,U017707,Control,2026-04-19,2026-04-23,True
EXP_2026_HOMEPAGE_RANK_V2,U003489,Treatment,2026-06-30,2026-07-01,True
EXP_2026_HOMEPAGE_RANK_V2,U015573,Control,2026-04-30,2026-05-01,True
EXP_2026_HOMEPAGE_RANK_V2,U003296,Control,2026-06-16,2026-06-18,True
EXP_2026_HOMEPAGE_RANK_V2,U003973,Control,2026-07-03,2026-07-07,False
EXP_2026_HOMEPAGE_RANK_V2,U011239,Treatment,2026-07-11,2026-07-16,True
EXP_2026_HOMEPAGE_RANK_V2,U012499,Treatment,2026-07-08,2026-07-13,True
EXP_2026_HOMEPAGE_RANK_V2,U006641,Control,2026-06-22,2026-06-23,True
EXP_2026_HOMEPAGE_RANK_V2,U021348,Treatment,2026-05-25,2026-05-26,True
EXP_2026_HOMEPAGE_RANK_V2,U018195,Control,2026-05-13,2026-05-17,True
EXP_2026_HOMEPAGE_RANK_V2,U008425,Control,2026-06-17,2026-06-21,True
EXP_2026_HOMEPAGE_RANK_V2,U021895,Control,2026-05-20,2026-05-21,True
EXP_2026_HOMEPAGE_RANK_V2,U005759,Treatment,2026-05-20,2026-05-21,True
EXP_2026_HOMEPAGE_RANK_V2,U006883,Treatment,2026-05-14,2026-05-15,True
EXP_2026_HOMEPAGE_RANK_V2,U002557,Treatment,2026-06-27,2026-07-02,True
EXP_2026_HOMEPAGE_RANK_V2,U005304,Treatment,2026-05-03,2026-05-03,True
EXP_2026_HOMEPAGE_RANK_V2,U005544,Control,2026-06-12,2026-06-17,True
EXP_2026_HOMEPAGE_RANK_V2,U014794,Treatment,2026-06-16,2026-06-17,True
EXP_2026_HOMEPAGE_RANK_V2,U012915,Control,2026-07-07,2026-07-11,True
EXP_2026_HOMEPAGE_RANK_V2,U024102,Control,2026-06-03,2026-06-05,True
EXP_2026_HOMEPAGE_RANK_V2,U014950,Treatment,2026-04-28,2026-05-03,True
EXP_2026_HOMEPAGE_RANK_V2,U009865,Treatment,2026-06-11,2026-06-12,True
EXP_2026_HOMEPAGE_RANK_V2,U024057,Treatment,2026-05-11,2026-05-15,True
EXP_2026_HOMEPAGE_RANK_V2,U010327,Treatment,2026-04-26,2026-04-26,True
EXP_2026_HOMEPAGE_RANK_V2,U011191,Control,2026-06-12,2026-06-12,True
EXP_2026_HOMEPAGE_RANK_V2,U007436,Control,2026-05-04,2026-05-06,True
EXP_2026_HOMEPAGE_RANK_V2,U016327,Control,2026-05-20,2026-05-21,True
EXP_2026_HOMEPAGE_RANK_V2,U023030,Treatment,2026-04-27,2026-04-28,True
EXP_2026_HOMEPAGE_RANK_V2,U002474,Treatment,2026-06-14,2026-06-15,True
EXP_2026_HOMEPAGE_RANK_V2,U002836,Control,2026-06-27,2026-06-28,True
EXP_2026_HOMEPAGE_RANK_V2,U006315,Treatment,2026-07-07,2026-07-11,True
EXP_2026_HOMEPAGE_RANK_V2,U015767,Treatment,2026-04-30,2026-05-04,True
EXP_2026_HOMEPAGE_RANK_V2,U019410,Treatment,2026-06-06,2026-06-10,True
EXP_2026_HOMEPAGE_RANK_V2,U014527,Treatment,2026-04-28,2026-05-01,True
EXP_2026_HOMEPAGE_RANK_V2,U001522,Control,2026-05-01,2026-05-05,True
EXP_2026_HOMEPAGE_RANK_V2,U005610,Control,2026-05-06,2026-05-08,True
EXP_2026_HOMEPAGE_RANK_V2,U016950,Treatment,2026-06-16,2026-06-16,True
EXP_2026_HOMEPAGE_RANK_V2,U015680,Treatment,2026-06-22,2026-06-25,True
EXP_2026_HOMEPAGE_RANK_V2,U023053,Control,2026-06-11,2026-06-11,True
EXP_2026_HOMEPAGE_RANK_V2,U019415,Control,2026-05-02,2026-05-06,True
EXP_2026_HOMEPAGE_RANK_V2,U018474,Treatment,2026-04-18,2026-04-22,True
EXP_2026_HOMEPAGE_RANK_V2,U022136,Control,2026-05-29,2026-06-03,True
EXP_2026_HOMEPAGE_RANK_V2,U009999,Treatment,2026-04-19,2026-04-22,True
EXP_2026_HOMEPAGE_RANK_V2,U020264,Control,2026-06-22,2026-06-23,True
EXP_2026_HOMEPAGE_RANK_V2,U000653,Control,2026-06-06,2026-06-11,True
EXP_2026_HOMEPAGE_RANK_V2,U015151,Treatment,2026-06-28,2026-06-30,True
EXP_2026_HOMEPAGE_RANK_V2,U004887,Treatment,2026-05-23,2026-05-27,True
EXP_2026_HOMEPAGE_RANK_V2,U011246,Treatment,2026-05-23,2026-05-27,True
EXP_2026_HOMEPAGE_RANK_V2,U021975,Treatment,2026-05-12,2026-05-14,True
EXP_2026_HOMEPAGE_RANK_V2,U005371,Control,2026-06-13,2026-06-16,True
EXP_2026_HOMEPAGE_RANK_V2,U011169,Treatment,2026-07-11,2026-07-16,False
EXP_2026_HOMEPAGE_RANK_V2,U023513,Treatment,2026-06-03,2026-06-04,True
EXP_2026_HOMEPAGE_RANK_V2,U004580,Control,2026-07-06,2026-07-10,True
EXP_2026_HOMEPAGE_RANK_V2,U000712,Treatment,2026-05-28,2026-06-01,True
EXP_2026_HOMEPAGE_RANK_V2,U008757,Control,2026-04-20,2026-04-25,True
EXP_2026_HOMEPAGE_RANK_V2,U024339,Control,2026-07-02,2026-07-04,True
EXP_2026_HOMEPAGE_RANK_V2,U013454,Treatment,2026-07-02,2026-07-07,True
EXP_2026_HOMEPAGE_RANK_V2,U014495,Treatment,2026-06-09,2026-06-09,True
EXP_2026_HOMEPAGE_RANK_V2,U004643,Control,2026-06-20,2026-06-25,True
EXP_2026_HOMEPAGE_RANK_V2,U000390,Treatment,2026-05-21,2026-05-25,True
EXP_2026_HOMEPAGE_RANK_V2,U005310,Control,2026-05-24,2026-05-25,True
EXP_2026_HOMEPAGE_RANK_V2,U017219,Control,2026-07-02,2026-07-06,True
EXP_2026_HOMEPAGE_RANK_V2,U015347,Control,2026-05-29,2026-06-01,True
EXP_2026_HOMEPAGE_RANK_V2,U003550,Treatment,2026-04-25,2026-04-25,True
EXP_2026_HOMEPAGE_RANK_V2,U024989,Treatment,2026-07-02,2026-07-03,True
EXP_2026_HOMEPAGE_RANK_V2,U018159,Control,2026-07-11,2026-07-12,True
EXP_2026_HOMEPAGE_RANK_V2,U007990,Treatment,2026-04-29,2026-05-01,True
EXP_2026_HOMEPAGE_RANK_V2,U012282,Treatment,2026-04-23,2026-04-23,True
EXP_2026_HOMEPAGE_RANK_V2,U007020,Treatment,2026-06-14,2026-06-18,True
EXP_2026_HOMEPAGE_RANK_V2,U013688,Treatment,2026-07-06,2026-07-07,False
EXP_2026_HOMEPAGE_RANK_V2,U008998,Treatment,2026-06-13,2026-06-14,True
EXP_2026_HOMEPAGE_RANK_V2,U013794,Treatment,2026-05-22,2026-05-23,True
EXP_2026_HOMEPAGE_RANK_V2,U022345,Treatment,2026-04-18,2026-04-23,True
EXP_2026_HOMEPAGE_RANK_V2,U023604,Control,2026-04-25,2026-04-29,True
EXP_2026_HOMEPAGE_RANK_V2,U012769,Treatment,2026-05-08,2026-05-13,True
EXP_2026_HOMEPAGE_RANK_V2,U005886,Control,2026-04-23,2026-04-24,True
EXP_2026_HOMEPAGE_RANK_V2,U015870,Control,2026-06-24,2026-06-28,True
EXP_2026_HOMEPAGE_RANK_V2,U018668,Treatment,2026-07-10,2026-07-13,False
EXP_2026_HOMEPAGE_RANK_V2,U012485,Treatment,2026-05-23,2026-05-23,True
EXP_2026_HOMEPAGE_RANK_V2,U024119,Control,2026-06-18,2026-06-20,True
EXP_2026_HOMEPAGE_RANK_V2,U000876,Control,2026-05-01,2026-05-05,True
EXP_2026_HOMEPAGE_RANK_V2,U010749,Treatment,2026-06-16,2026-06-16,True
EXP_2026_HOMEPAGE_RANK_V2,U024932,Treatment,2026-05-02,2026-05-07,True
EXP_2026_HOMEPAGE_RANK_V2,U018570,Control,2026-05-04,2026-05-09,True
EXP_2026_HOMEPAGE_RANK_V2,U022784,Treatment,2026-06-07,2026-06-07,True
EXP_2026_HOMEPAGE_RANK_V2,U021926,Treatment,2026-06-16,2026-06-20,True
EXP_2026_HOMEPAGE_RANK_V2,U006062,Control,2026-05-14,2026-05-16,True
EXP_2026_HOMEPAGE_RANK_V2,U023045,Control,2026-05-02,2026-05-02,True
EXP_2026_HOMEPAGE_RANK_V2,U003923,Treatment,2026-06-05,2026-06-07,True
EXP_2026_HOMEPAGE_RANK_V2,U003635,Treatment,2026-07-02,2026-07-06,True
EXP_2026_HOMEPAGE_RANK_V2,U024410,Treatment,2026-06-30,2026-07-02,True
EXP_2026_HOMEPAGE_RANK_V2,U018132,Treatment,2026-04-20,2026-04-25,True
EXP_2026_HOMEPAGE_RANK_V2,U005590,Control,2026-05-28,2026-05-28,True
EXP_2026_HOMEPAGE_RANK_V2,U024749,Treatment,2026-05-01,2026-05-06,True
EXP_2026_HOMEPAGE_RANK_V2,U009895,Control,2026-05-25,2026-05-30,True
EXP_2026_HOMEPAGE_RANK_V2,U007731,Control,2026-06-16,2026-06-21,True
EXP_2026_HOMEPAGE_RANK_V2,U019867,Control,2026-05-29,2026-06-02,True
EXP_2026_HOMEPAGE_RANK_V2,U020943,Control,2026-06-12,2026-06-12,True
EXP_2026_HOMEPAGE_RANK_V2,U002216,Treatment,2026-05-27,2026-05-28,True
EXP_2026_HOMEPAGE_RANK_V2,U008986,Treatment,2026-04-25,2026-04-29,True
EXP_2026_HOMEPAGE_RANK_V2,U006235,Treatment,2026-04-25,2026-04-30,True
EXP_2026_HOMEPAGE_RANK_V2,U005683,Control,2026-07-04,2026-07-06,True
EXP_2026_HOMEPAGE_RANK_V2,U011075,Treatment,2026-05-31,2026-06-02,True
EXP_2026_HOMEPAGE_RANK_V2,U006490,Treatment,2026-05-15,2026-05-15,True
EXP_2026_HOMEPAGE_RANK_V2,U011541,Treatment,2026-06-08,2026-06-08,True
EXP_2026_HOMEPAGE_RANK_V2,U000270,Treatment,2026-05-15,2026-05-19,True
EXP_2026_HOMEPAGE_RANK_V2,U017878,Control,2026-05-04,2026-05-05,False
EXP_2026_HOMEPAGE_RANK_V2,U022239,Treatment,2026-06-05,2026-06-10,True
EXP_2026_HOMEPAGE_RANK_V2,U018996,Treatment,2026-04-25,2026-04-30,True
EXP_2026_HOMEPAGE_RANK_V2,U001868,Control,2026-05-26,2026-05-31,True
EXP_2026_HOMEPAGE_RANK_V2,U009502,Control,2026-05-09,2026-05-11,True
EXP_2026_HOMEPAGE_RANK_V2,U013141,Control,2026-06-25,2026-06-25,True
EXP_2026_HOMEPAGE_RANK_V2,U023981,Control,2026-05-05,2026-05-09,True
EXP_2026_HOMEPAGE_RANK_V2,U003954,Treatment,2026-04-19,2026-04-24,True
EXP_2026_HOMEPAGE_RANK_V2,U004101,Treatment,2026-06-05,2026-06-08,True
EXP_2026_HOMEPAGE_RANK_V2,U008851,Treatment,2026-06-18,2026-06-19,True
EXP_2026_HOMEPAGE_RANK_V2,U001958,Control,2026-07-09,2026-07-13,True
EXP_2026_HOMEPAGE_RANK_V2,U006452,Treatment,2026-04-29,2026-05-04,True
EXP_2026_HOMEPAGE_RANK_V2,U019399,Treatment,2026-05-27,2026-05-31,True
EXP_2026_HOMEPAGE_RANK_V2,U017340,Control,2026-05-31,2026-06-01,True
EXP_2026_HOMEPAGE_RANK_V2,U006863,Control,2026-07-02,2026-07-05,True
EXP_2026_HOMEPAGE_RANK_V2,U006789,Treatment,2026-05-21,2026-05-21,True
EXP_2026_HOMEPAGE_RANK_V2,U009611,Treatment,2026-04-28,2026-04-30,True
EXP_2026_HOMEPAGE_RANK_V2,U024672,Treatment,2026-07-07,2026-07-07,True
EXP_2026_HOMEPAGE_RANK_V2,U024169,Treatment,2026-05-18,2026-05-18,True
EXP_2026_HOMEPAGE_RANK_V2,U009452,Treatment,2026-05-25,2026-05-28,True
EXP_2026_HOMEPAGE_RANK_V2,U000724,Control,2026-07-05,2026-07-08,True
EXP_2026_HOMEPAGE_RANK_V2,U014894,Treatment,2026-06-05,2026-06-09,True
EXP_2026_HOMEPAGE_RANK_V2,U017836,Treatment,2026-05-25,2026-05-25,True
EXP_2026_HOMEPAGE_RANK_V2,U024402,Treatment,2026-06-19,2026-06-21,True
EXP_2026_HOMEPAGE_RANK_V2,U008995,Control,2026-04-18,2026-04-20,True
EXP_2026_HOMEPAGE_RANK_V2,U006138,Treatment,2026-05-11,2026-05-13,True
EXP_2026_HOMEPAGE_RANK_V2,U024853,Control,2026-06-24,2026-06-28,True
EXP_2026_HOMEPAGE_RANK_V2,U006393,Treatment,2026-05-16,2026-05-18,True
EXP_2026_HOMEPAGE_RANK_V2,U012137,Treatment,2026-04-28,2026-04-29,False
EXP_2026_HOMEPAGE_RANK_V2,U019419,Treatment,2026-06-28,2026-06-30,True
EXP_2026_HOMEPAGE_RANK_V2,U000594,Treatment,2026-06-12,2026-06-16,True
EXP_2026_HOMEPAGE_RANK_V2,U010621,Treatment,2026-06-01,2026-06-03,False
EXP_2026_HOMEPAGE_RANK_V2,U014411,Treatment,2026-07-06,2026-07-06,True
EXP_2026_HOMEPAGE_RANK_V2,U017468,Treatment,2026-04-29,2026-05-03,True
EXP_2026_HOMEPAGE_RANK_V2,U003931,Treatment,2026-06-23,2026-06-27,True
EXP_2026_HOMEPAGE_RANK_V2,U019200,Treatment,2026-05-30,2026-06-03,True
EXP_2026_HOMEPAGE_RANK_V2,U006018,Control,2026-04-29,2026-05-02,True
EXP_2026_HOMEPAGE_RANK_V2,U015043,Treatment,2026-05-06,2026-05-11,True
EXP_2026_HOMEPAGE_RANK_V2,U004592,Control,2026-05-09,2026-05-13,True
EXP_2026_HOMEPAGE_RANK_V2,U020337,Control,2026-06-18,2026-06-20,True
EXP_2026_HOMEPAGE_RANK_V2,U005678,Treatment,2026-05-30,2026-06-02,True
EXP_2026_HOMEPAGE_RANK_V2,U021587,Treatment,2026-05-30,2026-05-30,True
EXP_2026_HOMEPAGE_RANK_V2,U011356,Control,2026-06-23,2026-06-28,True
EXP_2026_HOMEPAGE_RANK_V2,U019462,Control,2026-05-18,2026-05-23,False
EXP_2026_HOMEPAGE_RANK_V2,U007451,Treatment,2026-04-26,2026-04-26,True
EXP_2026_HOMEPAGE_RANK_V2,U001029,Treatment,2026-05-30,2026-05-31,True
EXP_2026_HOMEPAGE_RANK_V2,U024602,Control,2026-06-15,2026-06-17,True
EXP_2026_HOMEPAGE_RANK_V2,U004503,Treatment,2026-06-27,2026-07-02,True
EXP_2026_HOMEPAGE_RANK_V2,U018374,Treatment,2026-05-27,2026-05-27,True
EXP_2026_HOMEPAGE_RANK_V2,U011408,Control,2026-05-10,2026-05-12,True
EXP_2026_HOMEPAGE_RANK_V2,U020415,Control,2026-04-21,2026-04-25,True
EXP_2026_HOMEPAGE_RANK_V2,U019856,Treatment,2026-05-31,2026-06-02,True
EXP_2026_HOMEPAGE_RANK_V2,U007571,Control,2026-06-30,2026-07-05,False
EXP_2026_HOMEPAGE_RANK_V2,U011091,Control,2026-05-31,2026-06-03,True
EXP_2026_HOMEPAGE_RANK_V2,U021352,Treatment,2026-05-20,2026-05-22,True
EXP_2026_HOMEPAGE_RANK_V2,U006758,Control,2026-04-20,2026-04-25,True
EXP_2026_HOMEPAGE_RANK_V2,U023217,Control,2026-06-19,2026-06-23,True
EXP_2026_HOMEPAGE_RANK_V2,U008690,Treatment,2026-06-10,2026-06-13,True
EXP_2026_HOMEPAGE_RANK_V2,U009072,Control,2026-07-10,2026-07-10,True
EXP_2026_HOMEPAGE_RANK_V2,U021583,Control,2026-05-20,2026-05-21,True
EXP_2026_HOMEPAGE_RANK_V2,U018371,Control,2026-06-14,2026-06-19,True
EXP_2026_HOMEPAGE_RANK_V2,U007579,Control,2026-05-15,2026-05-17,True
EXP_2026_HOMEPAGE_RANK_V2,U021467,Control,2026-05-20,2026-05-22,True
EXP_2026_HOMEPAGE_RANK_V2,U017972,Control,2026-06-05,2026-06-05,True
EXP_2026_HOMEPAGE_RANK_V2,U016661,Control,2026-07-09,2026-07-14,True
EXP_2026_HOMEPAGE_RANK_V2,U001771,Treatment,2026-06-17,2026-06-20,True
EXP_2026_HOMEPAGE_RANK_V2,U005240,Control,2026-05-02,2026-05-06,True
EXP_2026_HOMEPAGE_RANK_V2,U022720,Treatment,2026-06-07,2026-06-08,True
EXP_2026_HOMEPAGE_RANK_V2,U014561,Treatment,2026-04-18,2026-04-20,True
EXP_2026_HOMEPAGE_RANK_V2,U008411,Treatment,2026-04-26,2026-05-01,True
EXP_2026_HOMEPAGE_RANK_V2,U015674,Treatment,2026-06-22,2026-06-25,True
EXP_2026_HOMEPAGE_RANK_V2,U004415,Treatment,2026-05-02,2026-05-02,True
EXP_2026_HOMEPAGE_RANK_V2,U016855,Treatment,2026-06-07,2026-06-07,True
EXP_2026_HOMEPAGE_RANK_V2,U010813,Treatment,2026-06-09,2026-06-09,True
EXP_2026_HOMEPAGE_RANK_V2,U009581,Treatment,2026-06-12,2026-06-15,False
EXP_2026_HOMEPAGE_RANK_V2,U022053,Treatment,2026-04-25,2026-04-30,True
EXP_2026_HOMEPAGE_RANK_V2,U017062,Treatment,2026-05-02,2026-05-04,True
EXP_2026_HOMEPAGE_RANK_V2,U001130,Control,2026-06-29,2026-06-29,True
EXP_2026_HOMEPAGE_RANK_V2,U004805,Control,2026-05-14,2026-05-15,True
EXP_2026_HOMEPAGE_RANK_V2,U013942,Control,2026-06-23,2026-06-25,True
EXP_2026_HOMEPAGE_RANK_V2,U009043,Treatment,2026-05-13,2026-05-18,True
EXP_2026_HOMEPAGE_RANK_V2,U003788,Control,2026-04-27,2026-04-30,True
EXP_2026_HOMEPAGE_RANK_V2,U022640,Control,2026-06-05,2026-06-06,True
EXP_2026_HOMEPAGE_RANK_V2,U001039,Treatment,2026-05-08,2026-05-13,True
EXP_2026_HOMEPAGE_RANK_V2,U004655,Control,2026-06-07,2026-06-09,True
EXP_2026_HOMEPAGE_RANK_V2,U005780,Control,2026-05-18,2026-05-21,True
EXP_2026_HOMEPAGE_RANK_V2,U021996,Control,2026-06-19,2026-06-21,True
EXP_2026_HOMEPAGE_RANK_V2,U003080,Treatment,2026-05-25,2026-05-30,True
EXP_2026_HOMEPAGE_RANK_V2,U008924,Treatment,2026-04-20,2026-04-20,True
EXP_2026_HOMEPAGE_RANK_V2,U015025,Control,2026-06-03,2026-06-04,True
EXP_2026_HOMEPAGE_RANK_V2,U003657,Treatment,2026-06-08,2026-06-11,True
EXP_2026_HOMEPAGE_RANK_V2,U010997,Control,2026-06-07,2026-06-10,True
EXP_2026_HOMEPAGE_RANK_V2,U004353,Treatment,2026-05-18,2026-05-18,True
EXP_2026_HOMEPAGE_RANK_V2,U001299,Treatment,2026-04-26,2026-04-29,True
EXP_2026_HOMEPAGE_RANK_V2,U017710,Control,2026-05-20,2026-05-24,True
EXP_2026_HOMEPAGE_RANK_V2,U004666,Treatment,2026-05-23,2026-05-26,False
EXP_2026_HOMEPAGE_RANK_V2,U006987,Control,2026-05-10,2026-05-13,True
EXP_2026_HOMEPAGE_RANK_V2,U022815,Control,2026-05-29,2026-05-30,True
EXP_2026_HOMEPAGE_RANK_V2,U015448,Treatment,2026-06-18,2026-06-21,True
EXP_2026_HOMEPAGE_RANK_V2,U015162,Treatment,2026-07-02,2026-07-03,True
EXP_2026_HOMEPAGE_RANK_V2,U000173,Control,2026-07-04,2026-07-08,True
EXP_2026_HOMEPAGE_RANK_V2,U000655,Treatment,2026-06-17,2026-06-19,True
EXP_2026_HOMEPAGE_RANK_V2,U020116,Treatment,2026-07-05,2026-07-05,True
EXP_2026_HOMEPAGE_RANK_V2,U014243,Treatment,2026-04-20,2026-04-20,True
EXP_2026_HOMEPAGE_RANK_V2,U001941,Control,2026-05-08,2026-05-11,True
EXP_2026_HOMEPAGE_RANK_V2,U016712,Control,2026-04-30,2026-05-01,True
EXP_2026_HOMEPAGE_RANK_V2,U015778,Treatment,2026-05-12,2026-05-16,True
EXP_2026_HOMEPAGE_RANK_V2,U022175,Control,2026-05-07,2026-05-12,True
EXP_2026_HOMEPAGE_RANK_V2,U014931,Treatment,2026-06-30,2026-07-02,True
EXP_2026_HOMEPAGE_RANK_V2,U001492,Treatment,2026-05-16,2026-05-21,True
EXP_2026_HOMEPAGE_RANK_V2,U007300,Control,2026-06-18,2026-06-18,False
EXP_2026_HOMEPAGE_RANK_V2,U007572,Control,2026-06-19,2026-06-23,True
EXP_2026_HOMEPAGE_RANK_V2,U005893,Treatment,2026-05-22,2026-05-25,True
EXP_2026_HOMEPAGE_RANK_V2,U015138,Treatment,2026-07-10,2026-07-14,True
EXP_2026_HOMEPAGE_RANK_V2,U005773,Treatment,2026-05-09,2026-05-12,True
EXP_2026_HOMEPAGE_RANK_V2,U012402,Treatment,2026-05-09,2026-05-12,True
EXP_2026_HOMEPAGE_RANK_V2,U024368,Treatment,2026-04-18,2026-04-23,True
EXP_2026_HOMEPAGE_RANK_V2,U004963,Control,2026-06-03,2026-06-08,True
EXP_2026_HOMEPAGE_RANK_V2,U014751,Treatment,2026-06-05,2026-06-10,True
EXP_2026_HOMEPAGE_RANK_V2,U022176,Treatment,2026-04-23,2026-04-23,True
EXP_2026_HOMEPAGE_RANK_V2,U008041,Treatment,2026-06-11,2026-06-12,True
EXP_2026_HOMEPAGE_RANK_V2,U005781,Treatment,2026-06-29,2026-07-01,True
EXP_2026_HOMEPAGE_RANK_V2,U021457,Treatment,2026-07-03,2026-07-06,True
EXP_2026_HOMEPAGE_RANK_V2,U010324,Control,2026-04-21,2026-04-21,True
EXP_2026_HOMEPAGE_RANK_V2,U020740,Control,2026-07-06,2026-07-07,True
EXP_2026_HOMEPAGE_RANK_V2,U020206,Treatment,2026-06-07,2026-06-11,True
EXP_2026_HOMEPAGE_RANK_V2,U005322,Control,2026-05-18,2026-05-20,True
EXP_2026_HOMEPAGE_RANK_V2,U006442,Treatment,2026-06-15,2026-06-17,True
EXP_2026_HOMEPAGE_RANK_V2,U019715,Treatment,2026-06-07,2026-06-07,True
EXP_2026_HOMEPAGE_RANK_V2,U023716,Control,2026-06-10,2026-06-12,True
EXP_2026_HOMEPAGE_RANK_V2,U024759,Control,2026-07-05,2026-07-08,True
EXP_2026_HOMEPAGE_RANK_V2,U010784,Control,2026-06-23,2026-06-24,True
EXP_2026_HOMEPAGE_RANK_V2,U014457,Control,2026-05-23,2026-05-23,True
EXP_2026_HOMEPAGE_RANK_V2,U002566,Treatment,2026-04-20,2026-04-20,True
EXP_2026_HOMEPAGE_RANK_V2,U015021,Treatment,2026-04-20,2026-04-20,True
EXP_2026_HOMEPAGE_RANK_V2,U008274,Treatment,2026-05-22,2026-05-23,True
EXP_2026_HOMEPAGE_RANK_V2,U009543,Control,2026-05-03,2026-05-04,True
EXP_2026_HOMEPAGE_RANK_V2,U005734,Control,2026-04-26,2026-04-26,True
EXP_2026_HOMEPAGE_RANK_V2,U014857,Control,2026-06-10,2026-06-14,True
EXP_2026_HOMEPAGE_RANK_V2,U023037,Control,2026-06-12,2026-06-17,True
EXP_2026_HOMEPAGE_RANK_V2,U005167,Control,2026-07-08,2026-07-11,True
EXP_2026_HOMEPAGE_RANK_V2,U005771,Treatment,2026-04-30,2026-05-04,True
EXP_2026_HOMEPAGE_RANK_V2,U009988,Treatment,2026-05-23,2026-05-23,True
EXP_2026_HOMEPAGE_RANK_V2,U020920,Treatment,2026-07-02,2026-07-04,True
EXP_2026_HOMEPAGE_RANK_V2,U001773,Treatment,2026-05-22,2026-05-22,True
EXP_2026_HOMEPAGE_RANK_V2,U008897,Control,2026-07-03,2026-07-05,True
EXP_2026_HOMEPAGE_RANK_V2,U015764,Control,2026-05-12,2026-05-17,True
EXP_2026_HOMEPAGE_RANK_V2,U007308,Control,2026-07-05,2026-07-09,True
EXP_2026_HOMEPAGE_RANK_V2,U022090,Treatment,2026-05-28,2026-05-30,True
EXP_2026_HOMEPAGE_RANK_V2,U006965,Treatment,2026-04-18,2026-04-23,True
EXP_2026_HOMEPAGE_RANK_V2,U007960,Treatment,2026-05-30,2026-06-04,True
EXP_2026_HOMEPAGE_RANK_V2,U020897,Treatment,2026-07-01,2026-07-03,True
EXP_2026_HOMEPAGE_RANK_V2,U009296,Treatment,2026-05-31,2026-06-05,True
EXP_2026_HOMEPAGE_RANK_V2,U002790,Treatment,2026-05-26,2026-05-26,True
EXP_2026_HOMEPAGE_RANK_V2,U002693,Control,2026-05-19,2026-05-20,True
EXP_2026_HOMEPAGE_RANK_V2,U016361,Treatment,2026-05-08,2026-05-13,True
EXP_2026_HOMEPAGE_RANK_V2,U024796,Treatment,2026-07-10,2026-07-13,True
EXP_2026_HOMEPAGE_RANK_V2,U017895,Control,2026-05-30,2026-06-01,True
EXP_2026_HOMEPAGE_RANK_V2,U012663,Control,2026-06-27,2026-06-27,True
EXP_2026_HOMEPAGE_RANK_V2,U011469,Treatment,2026-06-07,2026-06-07,True
EXP_2026_HOMEPAGE_RANK_V2,U016003,Control,2026-04-24,2026-04-27,True
EXP_2026_HOMEPAGE_RANK_V2,U015060,Control,2026-05-09,2026-05-13,True
EXP_2026_HOMEPAGE_RANK_V2,U001045,Treatment,2026-06-13,2026-06-18,True
EXP_2026_HOMEPAGE_RANK_V2,U021897,Control,2026-06-30,2026-07-03,True
EXP_2026_HOMEPAGE_RANK_V2,U009008,Treatment,2026-07-05,2026-07-08,True
EXP_2026_HOMEPAGE_RANK_V2,U021765,Control,2026-07-01,2026-07-05,True
EXP_2026_HOMEPAGE_RANK_V2,U022431,Treatment,2026-06-03,2026-06-07,True
EXP_2026_HOMEPAGE_RANK_V2,U021557,Treatment,2026-05-14,2026-05-19,True
EXP_2026_HOMEPAGE_RANK_V2,U009912,Control,2026-07-03,2026-07-08,True
EXP_2026_HOMEPAGE_RANK_V2,U018395,Control,2026-06-04,2026-06-07,True
EXP_2026_HOMEPAGE_RANK_V2,U024073,Treatment,2026-06-08,2026-06-12,True
EXP_2026_HOMEPAGE_RANK_V2,U018426,Control,2026-06-28,2026-06-30,True
EXP_2026_HOMEPAGE_RANK_V2,U018161,Control,2026-06-10,2026-06-15,True
EXP_2026_HOMEPAGE_RANK_V2,U022454,Treatment,2026-05-07,2026-05-08,True
EXP_2026_HOMEPAGE_RANK_V2,U004784,Control,2026-06-14,2026-06-17,True
EXP_2026_HOMEPAGE_RANK_V2,U002679,Control,2026-05-02,2026-05-04,True
EXP_2026_HOMEPAGE_RANK_V2,U018697,Treatment,2026-06-04,2026-06-09,True
EXP_2026_HOMEPAGE_RANK_V2,U022392,Control,2026-04-25,2026-04-29,True
EXP_2026_HOMEPAGE_RANK_V2,U007212,Treatment,2026-06-09,2026-06-11,True
EXP_2026_HOMEPAGE_RANK_V2,U010978,Control,2026-06-08,2026-06-13,True
EXP_2026_HOMEPAGE_RANK_V2,U015337,Control,2026-06-22,2026-06-23,True
EXP_2026_HOMEPAGE_RANK_V2,U006263,Treatment,2026-04-25,2026-04-26,True
EXP_2026_HOMEPAGE_RANK_V2,U004986,Treatment,2026-05-26,2026-05-27,True
EXP_2026_HOMEPAGE_RANK_V2,U012034,Treatment,2026-06-12,2026-06-12,True
EXP_2026_HOMEPAGE_RANK_V2,U007542,Treatment,2026-05-09,2026-05-12,True
EXP_2026_HOMEPAGE_RANK_V2,U006400,Control,2026-06-12,2026-06-16,True
EXP_2026_HOMEPAGE_RANK_V2,U004487,Treatment,2026-05-15,2026-05-19,True
EXP_2026_HOMEPAGE_RANK_V2,U013286,Control,2026-05-11,2026-05-11,True
EXP_2026_HOMEPAGE_RANK_V2,U002187,Control,2026-05-09,2026-05-09,True
EXP_2026_HOMEPAGE_RANK_V2,U012113,Treatment,2026-06-03,2026-06-07,True
EXP_2026_HOMEPAGE_RANK_V2,U008400,Treatment,2026-06-11,2026-06-11,True
EXP_2026_HOMEPAGE_RANK_V2,U017622,Control,2026-05-27,2026-06-01,False
EXP_2026_HOMEPAGE_RANK_V2,U011775,Control,2026-05-13,2026-05-13,True
EXP_2026_HOMEPAGE_RANK_V2,U015287,Control,2026-07-05,2026-07-09,True
EXP_2026_HOMEPAGE_RANK_V2,U005914,Control,2026-05-19,2026-05-21,True
EXP_2026_HOMEPAGE_RANK_V2,U022810,Control,2026-07-10,2026-07-15,True
EXP_2026_HOMEPAGE_RANK_V2,U020422,Control,2026-05-12,2026-05-12,True
EXP_2026_HOMEPAGE_RANK_V2,U015989,Treatment,2026-05-25,2026-05-25,True
EXP_2026_HOMEPAGE_RANK_V2,U023721,Control,2026-05-29,2026-05-30,True
EXP_2026_HOMEPAGE_RANK_V2,U003518,Control,2026-06-23,2026-06-25,True
EXP_2026_HOMEPAGE_RANK_V2,U008699,Treatment,2026-04-23,2026-04-26,True
EXP_2026_HOMEPAGE_RANK_V2,U000382,Treatment,2026-07-09,2026-07-12,True
EXP_2026_HOMEPAGE_RANK_V2,U001600,Treatment,2026-06-25,2026-06-27,True
EXP_2026_HOMEPAGE_RANK_V2,U008196,Treatment,2026-05-03,2026-05-06,True
EXP_2026_HOMEPAGE_RANK_V2,U023926,Control,2026-05-13,2026-05-17,True
EXP_2026_HOMEPAGE_RANK_V2,U022966,Control,2026-06-05,2026-06-08,True
EXP_2026_HOMEPAGE_RANK_V2,U011215,Treatment,2026-05-11,2026-05-15,True
EXP_2026_HOMEPAGE_RANK_V2,U012465,Control,2026-06-28,2026-07-03,True
EXP_2026_HOMEPAGE_RANK_V2,U002132,Control,2026-05-01,2026-05-01,True
EXP_2026_HOMEPAGE_RANK_V2,U007121,Control,2026-05-04,2026-05-09,True
EXP_2026_HOMEPAGE_RANK_V2,U003595,Treatment,2026-06-17,2026-06-20,True
EXP_2026_HOMEPAGE_RANK_V2,U023851,Control,2026-06-29,2026-07-04,True
EXP_2026_HOMEPAGE_RANK_V2,U000860,Treatment,2026-05-29,2026-05-30,True
EXP_2026_HOMEPAGE_RANK_V2,U004788,Treatment,2026-04-25,2026-04-26,True
EXP_2026_HOMEPAGE_RANK_V2,U003350,Control,2026-06-07,2026-06-08,True
EXP_2026_HOMEPAGE_RANK_V2,U015038,Treatment,2026-05-05,2026-05-06,True
EXP_2026_HOMEPAGE_RANK_V2,U007727,Control,2026-05-03,2026-05-07,True
EXP_2026_HOMEPAGE_RANK_V2,U024603,Treatment,2026-06-08,2026-06-11,True
EXP_2026_HOMEPAGE_RANK_V2,U008854,Control,2026-07-05,2026-07-09,True
EXP_2026_HOMEPAGE_RANK_V2,U024878,Control,2026-06-26,2026-06-27,True
EXP_2026_HOMEPAGE_RANK_V2,U021507,Control,2026-05-14,2026-05-15,True
EXP_2026_HOMEPAGE_RANK_V2,U000449,Treatment,2026-06-22,2026-06-26,True
EXP_2026_HOMEPAGE_RANK_V2,U021567,Treatment,2026-06-16,2026-06-19,True
EXP_2026_HOMEPAGE_RANK_V2,U017563,Control,2026-04-28,2026-04-28,True
EXP_2026_HOMEPAGE_RANK_V2,U000445,Control,2026-06-07,2026-06-12,True
EXP_2026_HOMEPAGE_RANK_V2,U022479,Control,2026-06-07,2026-06-12,True
EXP_2026_HOMEPAGE_RANK_V2,U016869,Control,2026-07-10,2026-07-10,False
EXP_2026_HOMEPAGE_RANK_V2,U014988,Treatment,2026-05-01,2026-05-05,True
EXP_2026_HOMEPAGE_RANK_V2,U014231,Treatment,2026-06-21,2026-06-25,True
EXP_2026_HOMEPAGE_RANK_V2,U012261,Treatment,2026-07-05,2026-07-09,True
EXP_2026_HOMEPAGE_RANK_V2,U001224,Treatment,2026-05-14,2026-05-16,True
EXP_2026_HOMEPAGE_RANK_V2,U007710,Treatment,2026-05-10,2026-05-14,True
EXP_2026_HOMEPAGE_RANK_V2,U021902,Control,2026-04-19,2026-04-23,True
EXP_2026_HOMEPAGE_RANK_V2,U020962,Control,2026-05-24,2026-05-28,False
EXP_2026_HOMEPAGE_RANK_V2,U011837,Control,2026-05-26,2026-05-27,True
EXP_2026_HOMEPAGE_RANK_V2,U010623,Control,2026-05-23,2026-05-23,True
EXP_2026_HOMEPAGE_RANK_V2,U022084,Control,2026-07-08,2026-07-09,True
EXP_2026_HOMEPAGE_RANK_V2,U011280,Treatment,2026-06-09,2026-06-11,True
EXP_2026_HOMEPAGE_RANK_V2,U014481,Treatment,2026-06-10,2026-06-13,True
EXP_2026_HOMEPAGE_RANK_V2,U002858,Control,2026-06-11,2026-06-12,True
EXP_2026_HOMEPAGE_RANK_V2,U024412,Treatment,2026-04-23,2026-04-25,True
EXP_2026_HOMEPAGE_RANK_V2,U017889,Treatment,2026-06-10,2026-06-10,True
EXP_2026_HOMEPAGE_RANK_V2,U000965,Treatment,2026-06-09,2026-06-13,True
EXP_2026_HOMEPAGE_RANK_V2,U007059,Treatment,2026-06-19,2026-06-19,True
EXP_2026_HOMEPAGE_RANK_V2,U021911,Treatment,2026-05-30,2026-06-04,True
EXP_2026_HOMEPAGE_RANK_V2,U008192,Treatment,2026-04-29,2026-04-29,True
EXP_2026_HOMEPAGE_RANK_V2,U019021,Treatment,2026-05-04,2026-05-06,True
EXP_2026_HOMEPAGE_RANK_V2,U014497,Control,2026-06-25,2026-06-29,True
EXP_2026_HOMEPAGE_RANK_V2,U017884,Control,2026-07-10,2026-07-15,True
EXP_2026_HOMEPAGE_RANK_V2,U018257,Treatment,2026-05-25,2026-05-28,True
EXP_2026_HOMEPAGE_RANK_V2,U000922,Treatment,2026-07-11,2026-07-15,True
EXP_2026_HOMEPAGE_RANK_V2,U020791,Control,2026-05-22,2026-05-23,True
EXP_2026_HOMEPAGE_RANK_V2,U021656,Control,2026-06-25,2026-06-30,True
EXP_2026_HOMEPAGE_RANK_V2,U006746,Control,2026-04-29,2026-04-30,True
EXP_2026_HOMEPAGE_RANK_V2,U022761,Control,2026-04-28,2026-05-02,True
EXP_2026_HOMEPAGE_RANK_V2,U022949,Treatment,2026-05-05,2026-05-08,True
EXP_2026_HOMEPAGE_RANK_V2,U011549,Control,2026-07-07,2026-07-08,True
EXP_2026_HOMEPAGE_RANK_V2,U002525,Control,2026-05-01,2026-05-05,True
EXP_2026_HOMEPAGE_RANK_V2,U021172,Control,2026-06-29,2026-06-29,True
EXP_2026_HOMEPAGE_RANK_V2,U023775,Control,2026-07-06,2026-07-09,True
EXP_2026_HOMEPAGE_RANK_V2,U005412,Control,2026-06-17,2026-06-20,True
EXP_2026_HOMEPAGE_RANK_V2,U010927,Control,2026-06-22,2026-06-27,True
EXP_2026_HOMEPAGE_RANK_V2,U003500,Treatment,2026-05-30,2026-06-03,True
EXP_2026_HOMEPAGE_RANK_V2,U004884,Treatment,2026-06-17,2026-06-18,True
EXP_2026_HOMEPAGE_RANK_V2,U003479,Control,2026-04-30,2026-05-02,True
EXP_2026_HOMEPAGE_RANK_V2,U012258,Control,2026-05-07,2026-05-08,True
EXP_2026_HOMEPAGE_RANK_V2,U008900,Control,2026-04-28,2026-05-02,True
EXP_2026_HOMEPAGE_RANK_V2,U020722,Control,2026-05-11,2026-05-14,True
EXP_2026_HOMEPAGE_RANK_V2,U014878,Treatment,2026-07-01,2026-07-05,True
EXP_2026_HOMEPAGE_RANK_V2,U013220,Treatment,2026-05-25,2026-05-29,True
EXP_2026_HOMEPAGE_RANK_V2,U011919,Control,2026-04-24,2026-04-27,True
EXP_2026_HOMEPAGE_RANK_V2,U020197,Control,2026-05-01,2026-05-06,True
EXP_2026_HOMEPAGE_RANK_V2,U015525,Control,2026-06-24,2026-06-29,True
EXP_2026_HOMEPAGE_RANK_V2,U013953,Control,2026-05-14,2026-05-15,True
EXP_2026_HOMEPAGE_RANK_V2,U004181,Control,2026-05-10,2026-05-13,True
EXP_2026_HOMEPAGE_RANK_V2,U003949,Control,2026-05-05,2026-05-08,True
EXP_2026_HOMEPAGE_RANK_V2,U011826,Control,2026-05-25,2026-05-28,True
EXP_2026_HOMEPAGE_RANK_V2,U011685,Treatment,2026-06-16,2026-06-16,True
EXP_2026_HOMEPAGE_RANK_V2,U001883,Treatment,2026-05-04,2026-05-07,True
EXP_2026_HOMEPAGE_RANK_V2,U010887,Treatment,2026-04-22,2026-04-23,True
EXP_2026_HOMEPAGE_RANK_V2,U009560,Control,2026-06-25,2026-06-26,True
EXP_2026_HOMEPAGE_RANK_V2,U010559,Control,2026-06-03,2026-06-04,True
EXP_2026_HOMEPAGE_RANK_V2,U002575,Treatment,2026-06-13,2026-06-18,True
EXP_2026_HOMEPAGE_RANK_V2,U000661,Treatment,2026-05-20,2026-05-22,True
EXP_2026_HOMEPAGE_RANK_V2,U016780,Control,2026-07-09,2026-07-10,True
EXP_2026_HOMEPAGE_RANK_V2,U017875,Treatment,2026-05-19,2026-05-21,True
EXP_2026_HOMEPAGE_RANK_V2,U009834,Treatment,2026-05-03,2026-05-03,True
EXP_2026_HOMEPAGE_RANK_V2,U002845,Treatment,2026-06-30,2026-07-05,True
EXP_2026_HOMEPAGE_RANK_V2,U017320,Treatment,2026-07-09,2026-07-14,True
EXP_2026_HOMEPAGE_RANK_V2,U002155,Treatment,2026-07-02,2026-07-04,True
EXP_2026_HOMEPAGE_RANK_V2,U008061,Control,2026-05-27,2026-05-28,True
EXP_2026_HOMEPAGE_RANK_V2,U010038,Control,2026-05-25,2026-05-27,True
EXP_2026_HOMEPAGE_RANK_V2,U010252,Treatment,2026-06-25,2026-06-27,True
EXP_2026_HOMEPAGE_RANK_V2,U019747,Control,2026-05-26,2026-05-30,True
EXP_2026_HOMEPAGE_RANK_V2,U020810,Control,2026-05-14,2026-05-14,True
EXP_2026_HOMEPAGE_RANK_V2,U023058,Treatment,2026-06-02,2026-06-03,True
EXP_2026_HOMEPAGE_RANK_V2,U003112,Treatment,2026-05-15,2026-05-16,True
EXP_2026_HOMEPAGE_RANK_V2,U006925,Control,2026-04-29,2026-05-01,True
EXP_2026_HOMEPAGE_RANK_V2,U016867,Control,2026-07-08,2026-07-11,True
EXP_2026_HOMEPAGE_RANK_V2,U017239,Control,2026-07-05,2026-07-09,True
EXP_2026_HOMEPAGE_RANK_V2,U016348,Control,2026-05-24,2026-05-26,True
EXP_2026_HOMEPAGE_RANK_V2,U005649,Control,2026-06-24,2026-06-26,True
EXP_2026_HOMEPAGE_RANK_V2,U018068,Treatment,2026-06-10,2026-06-12,True
EXP_2026_HOMEPAGE_RANK_V2,U022765,Treatment,2026-06-14,2026-06-16,True
EXP_2026_HOMEPAGE_RANK_V2,U007117,Treatment,2026-06-15,2026-06-15,True
EXP_2026_HOMEPAGE_RANK_V2,U005354,Treatment,2026-05-13,2026-05-14,True
EXP_2026_HOMEPAGE_RANK_V2,U013075,Treatment,2026-04-30,2026-05-05,True
EXP_2026_HOMEPAGE_RANK_V2,U013173,Treatment,2026-05-12,2026-05-12,True
EXP_2026_HOMEPAGE_RANK_V2,U020475,Control,2026-07-10,2026-07-11,True
EXP_2026_HOMEPAGE_RANK_V2,U021879,Control,2026-05-16,2026-05-16,True
EXP_2026_HOMEPAGE_RANK_V2,U013348,Treatment,2026-05-12,2026-05-16,True
EXP_2026_HOMEPAGE_RANK_V2,U002933,Control,2026-06-04,2026-06-06,True
EXP_2026_HOMEPAGE_RANK_V2,U020120,Treatment,2026-06-21,2026-06-26,True
EXP_2026_HOMEPAGE_RANK_V2,U012195,Control,2026-06-15,2026-06-17,True
EXP_2026_HOMEPAGE_RANK_V2,U017915,Treatment,2026-06-23,2026-06-25,True
EXP_2026_HOMEPAGE_RANK_V2,U008678,Control,2026-07-03,2026-07-05,False
EXP_2026_HOMEPAGE_RANK_V2,U014754,Treatment,2026-07-09,2026-07-10,True
EXP_2026_HOMEPAGE_RANK_V2,U009218,Treatment,2026-06-07,2026-06-10,True
EXP_2026_HOMEPAGE_RANK_V2,U012209,Treatment,2026-06-14,2026-06-19,True
EXP_2026_HOMEPAGE_RANK_V2,U017914,Control,2026-05-02,2026-05-02,True
EXP_2026_HOMEPAGE_RANK_V2,U001804,Control,2026-06-16,2026-06-21,True
EXP_2026_HOMEPAGE_RANK_V2,U014594,Control,2026-06-13,2026-06-18,True
EXP_2026_HOMEPAGE_RANK_V2,U008915,Control,2026-05-23,2026-05-24,True
EXP_2026_HOMEPAGE_RANK_V2,U010196,Control,2026-06-12,2026-06-16,True
EXP_2026_HOMEPAGE_RANK_V2,U008007,Control,2026-06-14,2026-06-14,True
EXP_2026_HOMEPAGE_RANK_V2,U008670,Treatment,2026-04-27,2026-04-28,True
EXP_2026_HOMEPAGE_RANK_V2,U015942,Treatment,2026-06-26,2026-07-01,True
EXP_2026_HOMEPAGE_RANK_V2,U017424,Treatment,2026-05-24,2026-05-28,True
EXP_2026_HOMEPAGE_RANK_V2,U013679,Treatment,2026-05-16,2026-05-21,True
EXP_2026_HOMEPAGE_RANK_V2,U009307,Control,2026-05-09,2026-05-09,False
EXP_2026_HOMEPAGE_RANK_V2,U012774,Control,2026-05-27,2026-05-29,True
EXP_2026_HOMEPAGE_RANK_V2,U010726,Control,2026-06-11,2026-06-12,True
EXP_2026_HOMEPAGE_RANK_V2,U006285,Treatment,2026-07-05,2026-07-10,True
EXP_2026_HOMEPAGE_RANK_V2,U003079,Treatment,2026-05-14,2026-05-14,True
EXP_2026_HOMEPAGE_RANK_V2,U009411,Treatment,2026-06-30,2026-07-02,True
EXP_2026_HOMEPAGE_RANK_V2,U016948,Control,2026-06-12,2026-06-16,True
EXP_2026_HOMEPAGE_RANK_V2,U020988,Control,2026-05-31,2026-05-31,True
EXP_2026_HOMEPAGE_RANK_V2,U024663,Treatment,2026-05-09,2026-05-09,True
EXP_2026_HOMEPAGE_RANK_V2,U008784,Control,2026-07-02,2026-07-04,True
EXP_2026_HOMEPAGE_RANK_V2,U020373,Control,2026-05-16,2026-05-20,True
EXP_2026_HOMEPAGE_RANK_V2,U003532,Control,2026-06-11,2026-06-13,True
EXP_2026_HOMEPAGE_RANK_V2,U014980,Treatment,2026-06-13,2026-06-16,True
EXP_2026_HOMEPAGE_RANK_V2,U018142,Control,2026-05-16,2026-05-18,True
EXP_2026_HOMEPAGE_RANK_V2,U016781,Control,2026-07-01,2026-07-01,True
EXP_2026_HOMEPAGE_RANK_V2,U015508,Control,2026-07-11,2026-07-14,True
EXP_2026_HOMEPAGE_RANK_V2,U022885,Control,2026-07-01,2026-07-02,True
EXP_2026_HOMEPAGE_RANK_V2,U018160,Control,2026-06-19,2026-06-19,True
EXP_2026_HOMEPAGE_RANK_V2,U012314,Control,2026-07-08,2026-07-10,True
EXP_2026_HOMEPAGE_RANK_V2,U005821,Control,2026-05-18,2026-05-22,True
EXP_2026_HOMEPAGE_RANK_V2,U018078,Treatment,2026-06-29,2026-06-29,True
EXP_2026_HOMEPAGE_RANK_V2,U016282,Control,2026-04-19,2026-04-22,True
EXP_2026_HOMEPAGE_RANK_V2,U011849,Control,2026-06-05,2026-06-10,True
EXP_2026_HOMEPAGE_RANK_V2,U008775,Control,2026-04-30,2026-05-05,True
EXP_2026_HOMEPAGE_RANK_V2,U003390,Treatment,2026-06-06,2026-06-11,True
EXP_2026_HOMEPAGE_RANK_V2,U021084,Control,2026-04-29,2026-05-04,True
EXP_2026_HOMEPAGE_RANK_V2,U019930,Treatment,2026-05-02,2026-05-03,True
EXP_2026_HOMEPAGE_RANK_V2,U009562,Treatment,2026-04-28,2026-04-30,True
EXP_2026_HOMEPAGE_RANK_V2,U016305,Treatment,2026-05-16,2026-05-18,True
EXP_2026_HOMEPAGE_RANK_V2,U019190,Control,2026-05-04,2026-05-06,True
EXP_2026_HOMEPAGE_RANK_V2,U024070,Treatment,2026-06-18,2026-06-20,True
EXP_2026_HOMEPAGE_RANK_V2,U007261,Treatment,2026-06-07,2026-06-11,True
EXP_2026_HOMEPAGE_RANK_V2,U022927,Control,2026-04-19,2026-04-23,True
EXP_2026_HOMEPAGE_RANK_V2,U021445,Treatment,2026-06-22,2026-06-26,True
EXP_2026_HOMEPAGE_RANK_V2,U009817,Treatment,2026-05-24,2026-05-26,True
EXP_2026_HOMEPAGE_RANK_V2,U021894,Treatment,2026-06-08,2026-06-09,True
EXP_2026_HOMEPAGE_RANK_V2,U005008,Treatment,2026-05-05,2026-05-05,False
EXP_2026_HOMEPAGE_RANK_V2,U015271,Treatment,2026-06-30,2026-07-03,True
EXP_2026_HOMEPAGE_RANK_V2,U023439,Control,2026-05-13,2026-05-14,True
EXP_2026_HOMEPAGE_RANK_V2,U003281,Treatment,2026-05-22,2026-05-23,True
EXP_2026_HOMEPAGE_RANK_V2,U018267,Treatment,2026-06-26,2026-06-30,True
EXP_2026_HOMEPAGE_RANK_V2,U015217,Control,2026-04-24,2026-04-27,True
EXP_2026_HOMEPAGE_RANK_V2,U014919,Treatment,2026-07-01,2026-07-04,True
EXP_2026_HOMEPAGE_RANK_V2,U018256,Treatment,2026-06-09,2026-06-14,True
EXP_2026_HOMEPAGE_RANK_V2,U020385,Treatment,2026-05-26,2026-05-28,True
EXP_2026_HOMEPAGE_RANK_V2,U015883,Treatment,2026-06-10,2026-06-15,True
EXP_2026_HOMEPAGE_RANK_V2,U005934,Treatment,2026-04-25,2026-04-26,True
EXP_2026_HOMEPAGE_RANK_V2,U002734,Treatment,2026-05-07,2026-05-11,True
EXP_2026_HOMEPAGE_RANK_V2,U002518,Control,2026-05-29,2026-06-01,True
EXP_2026_HOMEPAGE_RANK_V2,U016860,Treatment,2026-05-15,2026-05-18,True
EXP_2026_HOMEPAGE_RANK_V2,U018989,Treatment,2026-05-14,2026-05-16,True
EXP_2026_HOMEPAGE_RANK_V2,U016666,Treatment,2026-04-28,2026-04-28,True
EXP_2026_HOMEPAGE_RANK_V2,U008805,Treatment,2026-05-07,2026-05-09,True
EXP_2026_HOMEPAGE_RANK_V2,U023838,Control,2026-05-22,2026-05-26,False
EXP_2026_HOMEPAGE_RANK_V2,U010777,Control,2026-05-22,2026-05-24,True
EXP_2026_HOMEPAGE_RANK_V2,U020720,Control,2026-05-30,2026-05-30,True
EXP_2026_HOMEPAGE_RANK_V2,U013261,Treatment,2026-04-20,2026-04-22,True
EXP_2026_HOMEPAGE_RANK_V2,U020576,Control,2026-05-09,2026-05-10,True
EXP_2026_HOMEPAGE_RANK_V2,U002945,Treatment,2026-06-26,2026-06-30,True
EXP_2026_HOMEPAGE_RANK_V2,U022026,Control,2026-05-27,2026-06-01,True
EXP_2026_HOMEPAGE_RANK_V2,U014370,Control,2026-06-06,2026-06-06,True
EXP_2026_HOMEPAGE_RANK_V2,U016934,Treatment,2026-04-30,2026-05-03,True
EXP_2026_HOMEPAGE_RANK_V2,U012440,Treatment,2026-04-28,2026-05-02,True
EXP_2026_HOMEPAGE_RANK_V2,U003098,Control,2026-05-13,2026-05-18,True
EXP_2026_HOMEPAGE_RANK_V2,U005175,Treatment,2026-06-27,2026-06-29,True
EXP_2026_HOMEPAGE_RANK_V2,U013168,Treatment,2026-05-09,2026-05-13,True
EXP_2026_HOMEPAGE_RANK_V2,U007706,Control,2026-05-07,2026-05-10,True
EXP_2026_HOMEPAGE_RANK_V2,U015875,Treatment,2026-05-16,2026-05-18,True
EXP_2026_HOMEPAGE_RANK_V2,U022189,Control,2026-05-19,2026-05-20,False
